path,filename,class_name,extension,sha256,is_duplicate,duplicate_group,include_in_modelling,exclusion_reason,split
data\NEU-CLS\train\train\images\crazing_10.jpg,crazing_10.jpg,images,.jpg,522352a6c3532d45a64184b7b1435a74e8cdb732ebdc8e062ced67fa737cf63c,False,,True,,development
data\NEU-CLS\train\train\images\crazing_100.jpg,crazing_100.jpg,images,.jpg,9d0d09aec1914e8bdc876052f357c8d898acfe38d1f9eae835944e5de432f969,False,,True,,test
data\NEU-CLS\train\train\images\crazing_101.jpg,crazing_101.jpg,images,.jpg,0c4ccbfd539aa9d0a151f25b3e798fbad36d2a3532218bcc5c313f06c2c1dda4,False,,True,,development
data\NEU-CLS\train\train\images\crazing_102.jpg,crazing_102.jpg,images,.jpg,b4e276eb131f61b44084d0c06640b00cbaecbffb48d3a8f3120d7aaa5cc84a53,False,,True,,development
data\NEU-CLS\train\train\images\crazing_103.jpg,crazing_103.jpg,images,.jpg,244204c49439f6b663a277e2e8c65344e0f2e51b5c3c763fa02a3ae925933f64,False,,True,,development
data\NEU-CLS\train\train\images\crazing_104.jpg,crazing_104.jpg,images,.jpg,1b60cd12649d9a695a693be42c29b1b3837fe81788b923a37546f6505b4e221c,False,,True,,development
data\NEU-CLS\train\train\images\crazing_105.jpg,crazing_105.jpg,images,.jpg,1163a4f6e0a9f9fc950748e1abe52b6c6fc6d8253d13fb36af3c90e78aaee884,False,,True,,development
data\NEU-CLS\train\train\images\crazing_106.jpg,crazing_106.jpg,images,.jpg,1dc8951b8ea88596d00487e98772e8c2a5403940e94772ae5ee7363e4718a287,False,,True,,development
data\NEU-CLS\train\train\images\crazing_107.jpg,crazing_107.jpg,images,.jpg,e1bddbbe0200853e17a71649a61eb6867286847f6a532e270769d4f345e183ed,False,,True,,test
data\NEU-CLS\train\train\images\crazing_108.jpg,crazing_108.jpg,images,.jpg,f3fa6a34aecaa1af2e1e31c2359b1d730f450c166377a622ef29f85848c26c54,False,,True,,development
data\NEU-CLS\train\train\images\crazing_109.jpg,crazing_109.jpg,images,.jpg,798ada3a99c5c1d694902dbe04a9b74f834f9b21f1c7477eeefede49256dce06,False,,True,,development
data\NEU-CLS\train\train\images\crazing_11.jpg,crazing_11.jpg,images,.jpg,dd961ee1c4139335b50ffa9ba2c6b8d366d92c82107b3fc0b8ed6f3957db6f3c,False,,True,,development
data\NEU-CLS\train\train\images\crazing_110.jpg,crazing_110.jpg,images,.jpg,7ee07aebfe8997bd5c57f958e494b9468fd788b10a73a7f390e777e7602f938d,False,,True,,development
data\NEU-CLS\train\train\images\crazing_111.jpg,crazing_111.jpg,images,.jpg,28e8357c2731740ea42757c69d52e9308119cda379da601a8fbd63bb83b68962,False,,True,,test
data\NEU-CLS\train\train\images\crazing_112.jpg,crazing_112.jpg,images,.jpg,851ad33e391aae4854136029058467881d156d4318714c60542f5d2acc4cfcec,False,,True,,test
data\NEU-CLS\train\train\images\crazing_113.jpg,crazing_113.jpg,images,.jpg,d3b215c4e9bdac856fce33b9c59029583439010135c26d9e75adc24744594d32,False,,True,,development
data\NEU-CLS\train\train\images\crazing_114.jpg,crazing_114.jpg,images,.jpg,bfbf237d5d9cdd29527db2d4c2a7d825d3cbcf8a188977f812917b6b49519781,False,,True,,development
data\NEU-CLS\train\train\images\crazing_115.jpg,crazing_115.jpg,images,.jpg,778fb5214ca3559c563dc5f7e498f51285f45fa4fae0e04db78206b3b9c4304d,False,,True,,development
data\NEU-CLS\train\train\images\crazing_116.jpg,crazing_116.jpg,images,.jpg,941e6bd4be28f83dc5892c69fbca178867d385d6088d0310c942ebdefb9f8b59,False,,True,,development
data\NEU-CLS\train\train\images\crazing_117.jpg,crazing_117.jpg,images,.jpg,20db791a37ebb26f078cf8575568a3b147256ba5477fed59fb9755db7e9ca3c4,False,,True,,development
data\NEU-CLS\train\train\images\crazing_118.jpg,crazing_118.jpg,images,.jpg,f9c42b5730267693e831f3286b900e8df2eca14441380c75975e0e1ac10ffcd9,False,,True,,test
data\NEU-CLS\train\train\images\crazing_119.jpg,crazing_119.jpg,images,.jpg,812c159da60d62e21e3c1e56b720385cd0b0a2c5dbdd19503612b355915e433e,False,,True,,test
data\NEU-CLS\train\train\images\crazing_12.jpg,crazing_12.jpg,images,.jpg,13311f667aec82e20670265337866b50a4a546dd6845f3700fda088c0172afeb,False,,True,,development
data\NEU-CLS\train\train\images\crazing_120.jpg,crazing_120.jpg,images,.jpg,9e88d467b31b526f0cf3732264d72af070365a87edfcbcccbe0f9a3845a30974,False,,True,,development
data\NEU-CLS\train\train\images\crazing_121.jpg,crazing_121.jpg,images,.jpg,e8a92b1981daca6071464cad61b03a41cabe33e921d01d4c12ccc767576457c0,False,,True,,development
data\NEU-CLS\train\train\images\crazing_122.jpg,crazing_122.jpg,images,.jpg,1e6cb35c14532fa7d1a47012c2a6c0b5117eaf6f8ece0870a12b4d0a7b3e2bee,False,,True,,development
data\NEU-CLS\train\train\images\crazing_123.jpg,crazing_123.jpg,images,.jpg,bb2020c554decdfbc6a8499e2d9179781e2aa3427f31d48c626a3da367abb15e,False,,True,,test
data\NEU-CLS\train\train\images\crazing_124.jpg,crazing_124.jpg,images,.jpg,25e1b0b087e53166451ae14ea9f8c46959c156f0560cdb253abddf6c9eedace7,False,,True,,development
data\NEU-CLS\train\train\images\crazing_125.jpg,crazing_125.jpg,images,.jpg,efb63be3add2d88ca121a33a77e39955b14f3ab32917896a98a8923f3c838dbd,False,,True,,development
data\NEU-CLS\train\train\images\crazing_126.jpg,crazing_126.jpg,images,.jpg,16db7a20320de7c04fd4d40701bee6caca636d7d436bc642075d07b38dd43f29,False,,True,,development
data\NEU-CLS\train\train\images\crazing_127.jpg,crazing_127.jpg,images,.jpg,a223d7201459a1206bec6a6ddedaa5297d2e0ce54ac31659b394cba23352e98f,False,,True,,development
data\NEU-CLS\train\train\images\crazing_128.jpg,crazing_128.jpg,images,.jpg,6c9f506429318b9eda3235d4fdbb150fbf81c5cca42fd2213ca9a88a01377402,False,,True,,development
data\NEU-CLS\train\train\images\crazing_129.jpg,crazing_129.jpg,images,.jpg,a466019aae3e0d4a5324e0bd2a9c1d8298eb113b7792f90354ee400a59574a7c,False,,True,,development
data\NEU-CLS\train\train\images\crazing_13.jpg,crazing_13.jpg,images,.jpg,428a5d25cf2fa0487cf9737d637ad160008c0b3ca84e7dab89c0f93dae83c7a2,False,,True,,development
data\NEU-CLS\train\train\images\crazing_130.jpg,crazing_130.jpg,images,.jpg,79cef251160019422e3e4fec09c37bb0376574018990d604c505188f50e879c3,False,,True,,test
data\NEU-CLS\train\train\images\crazing_131.jpg,crazing_131.jpg,images,.jpg,d5d3daf656fa4d7c7a66cdccbe90b7b1eed94725446f6b228f02620deabeb64a,False,,True,,development
data\NEU-CLS\train\train\images\crazing_132.jpg,crazing_132.jpg,images,.jpg,311f5cb186dcaa5163d470088ede7e45948c0b0a2ee6be5d6711cf32e61639b2,False,,True,,development
data\NEU-CLS\train\train\images\crazing_133.jpg,crazing_133.jpg,images,.jpg,81511a77a5cd85d208c411bd87242168bc80b652706e07461071b5596bb459b6,False,,True,,test
data\NEU-CLS\train\train\images\crazing_134.jpg,crazing_134.jpg,images,.jpg,35fa0a639b596f8fb7be7e69b10bd3369913d7a3ccab83a5871da2ab32709747,False,,True,,development
data\NEU-CLS\train\train\images\crazing_135.jpg,crazing_135.jpg,images,.jpg,6173b9bd597a0b8cf594b5e257a1c4912568f786966dae96e59dd5ebc1821ff5,False,,True,,development
data\NEU-CLS\train\train\images\crazing_136.jpg,crazing_136.jpg,images,.jpg,e21ec9cc6273ca4729a58a991368b5b66c6cd7b05b945bb1d0725fb48987a2e7,False,,True,,test
data\NEU-CLS\train\train\images\crazing_137.jpg,crazing_137.jpg,images,.jpg,cf573f466bc44d4cb0316eb3c661b8bc44776fe186ba237bdfbc4e5011cadd2a,False,,True,,development
data\NEU-CLS\train\train\images\crazing_138.jpg,crazing_138.jpg,images,.jpg,b30b127032406ef0d87df5e1c227ec9b37074254ae9dede42dda31a94ebf8565,False,,True,,development
data\NEU-CLS\train\train\images\crazing_139.jpg,crazing_139.jpg,images,.jpg,b73e2cec62b9478c3ad32b6081d7a87c7dd5da7d8b5a44b2d0f29cd7ceba2ed7,False,,True,,development
data\NEU-CLS\train\train\images\crazing_14.jpg,crazing_14.jpg,images,.jpg,97c5efc6fcc1e2ff1279718c15554e2a3681b95c8f70ad6603f6264f6ea5e660,False,,True,,development
data\NEU-CLS\train\train\images\crazing_140.jpg,crazing_140.jpg,images,.jpg,e93030abf5c2b941529e6b105767aa0a6edd92b18c96792a2ef07865c39d7253,False,,True,,development
data\NEU-CLS\train\train\images\crazing_141.jpg,crazing_141.jpg,images,.jpg,57fc38c627bf90303f8a6463748416de11212a5d0b5914e68403da487755269c,False,,True,,development
data\NEU-CLS\train\train\images\crazing_142.jpg,crazing_142.jpg,images,.jpg,9dcca212ac2d94a88e9a5ad3131ffd21ce83d27a5942af15890c0fabcb8c7d1a,False,,True,,development
data\NEU-CLS\train\train\images\crazing_143.jpg,crazing_143.jpg,images,.jpg,eb154bae7ada35115e9bb8d2c2a8f9e4d87ab5c9d2b48aaa331814aa62eca3a5,False,,True,,development
data\NEU-CLS\train\train\images\crazing_144.jpg,crazing_144.jpg,images,.jpg,e4a2071037607429d8d859c4b0f3b81141e5e6a450d33831f4a83d5fb240e66b,False,,True,,development
data\NEU-CLS\train\train\images\crazing_145.jpg,crazing_145.jpg,images,.jpg,c91b2e3ee3b1a86d955389405bb97e16922d410df54f3fbddb5cf5f4a8bdb16b,False,,True,,development
data\NEU-CLS\train\train\images\crazing_146.jpg,crazing_146.jpg,images,.jpg,4bb4d14eeb2ab476b79177cc7bbc57436daf376a3d4ce0f098107e5efb111ee4,False,,True,,development
data\NEU-CLS\train\train\images\crazing_147.jpg,crazing_147.jpg,images,.jpg,bff0d186bc10a8a65572e9239920d7efa4a39addccf0f3451b59abb35b1a23d7,False,,True,,development
data\NEU-CLS\train\train\images\crazing_148.jpg,crazing_148.jpg,images,.jpg,0f4369b2b9aaea4e843cf4c6a169aa6fadff8fba16abe3e9a1c109a7e2ec7071,False,,True,,test
data\NEU-CLS\train\train\images\crazing_149.jpg,crazing_149.jpg,images,.jpg,de6c4056279bc72e580ebdc50ade0d28fa020272b1be34f77588425071f8f0bd,False,,True,,development
data\NEU-CLS\train\train\images\crazing_15.jpg,crazing_15.jpg,images,.jpg,466fc481bd3e6d378058b4aa9a4a4612e27da31a6a1844fe9d863e85ab47a5e8,False,,True,,development
data\NEU-CLS\train\train\images\crazing_150.jpg,crazing_150.jpg,images,.jpg,78bad28f4e809d41a679584659abb94911736b7a86bec2ebbfda83492965a818,False,,True,,development
data\NEU-CLS\train\train\images\crazing_151.jpg,crazing_151.jpg,images,.jpg,2f0f486f51c31a7c7e5f1f5b0755537f18372c61c55b0a09bc7dadc8971262b8,False,,True,,development
data\NEU-CLS\train\train\images\crazing_152.jpg,crazing_152.jpg,images,.jpg,7e68d49434009772b394535968ea15d8f1c9707c945d99e47a00eeeaace46960,False,,True,,development
data\NEU-CLS\train\train\images\crazing_153.jpg,crazing_153.jpg,images,.jpg,9568a72ddc882108a6defe0f6bb2600e22e278f2e684716b9c563dc810b33bac,False,,True,,development
data\NEU-CLS\train\train\images\crazing_154.jpg,crazing_154.jpg,images,.jpg,dcda48b1fa04518744e30db7a378702fbc77baebc2db6c03e4d9c4f9ecb14565,False,,True,,development
data\NEU-CLS\train\train\images\crazing_155.jpg,crazing_155.jpg,images,.jpg,af9f0321f3acedf982a652f5f2e9310a783d3ec890c80e4228a66646e9afced4,False,,True,,development
data\NEU-CLS\train\train\images\crazing_156.jpg,crazing_156.jpg,images,.jpg,ce6c5cb055c2710fc0169e3ac58c54985b176f0da300b60c00e08ae8f3a9dd1b,False,,True,,development
data\NEU-CLS\train\train\images\crazing_157.jpg,crazing_157.jpg,images,.jpg,c50b115700ed6408936e788e261d4243480380e3793a2fd0d25c2a91419a2b23,False,,True,,development
data\NEU-CLS\train\train\images\crazing_158.jpg,crazing_158.jpg,images,.jpg,525d70534373c48ced12e1bc6d8923488f5a7db80a925f98d9afbb34cff5d507,False,,True,,test
data\NEU-CLS\train\train\images\crazing_159.jpg,crazing_159.jpg,images,.jpg,d9bef22fa9c71d22b0eb2e89176dac41d604361e3756b1dd2882bad1563c7723,False,,True,,development
data\NEU-CLS\train\train\images\crazing_16.jpg,crazing_16.jpg,images,.jpg,4fecf9b0e5c9fe781c51277884fa930ab02ebe3c28af636567dd5d52a6f807a6,False,,True,,development
data\NEU-CLS\train\train\images\crazing_160.jpg,crazing_160.jpg,images,.jpg,7481e41a90a324d1a6cbde8ea0d1a3996d4a295be5d876f6a14dbe0f3fa6e02b,False,,True,,development
data\NEU-CLS\train\train\images\crazing_161.jpg,crazing_161.jpg,images,.jpg,e79aae5302ce4fbe38f7b2e5c32af5f6125a6dd141861e3ed54cc2e407d49673,False,,True,,development
data\NEU-CLS\train\train\images\crazing_162.jpg,crazing_162.jpg,images,.jpg,1f6e7bea3a7748605249b5f149910ec71a20d0db43b774c0d5047421f4a71d23,False,,True,,development
data\NEU-CLS\train\train\images\crazing_163.jpg,crazing_163.jpg,images,.jpg,12f84f78d5e9f8d8490e5a8842be619cf54b9b477f81e94156aed833958e49cf,False,,True,,development
data\NEU-CLS\train\train\images\crazing_164.jpg,crazing_164.jpg,images,.jpg,01c1ce5196958f543a8fd3039eb0e3b66157f8ffb125cc3e1f500bc0548f1913,False,,True,,development
data\NEU-CLS\train\train\images\crazing_165.jpg,crazing_165.jpg,images,.jpg,840c450bc6c1a69bdb48e59abc822db5f23e2cd8997b7b0695d49d6117a95b1b,False,,True,,development
data\NEU-CLS\train\train\images\crazing_166.jpg,crazing_166.jpg,images,.jpg,bebbae671824925d0537d8c3306120c58e1f2dad688fbe8c2057d32ae5eae13d,False,,True,,development
data\NEU-CLS\train\train\images\crazing_167.jpg,crazing_167.jpg,images,.jpg,e2587baf277081662a2034d5204589da064b6151e0a49c77a05592b6022d5e0d,False,,True,,development
data\NEU-CLS\train\train\images\crazing_168.jpg,crazing_168.jpg,images,.jpg,caacd794d43649ca3788087be60e16b024c611c66832d4d0aff2364428919b33,False,,True,,development
data\NEU-CLS\train\train\images\crazing_169.jpg,crazing_169.jpg,images,.jpg,84a1bd8144ad8b9b280400ec22d2ae1ca09012108b24a90a9599235f1a01f313,False,,True,,development
data\NEU-CLS\train\train\images\crazing_17.jpg,crazing_17.jpg,images,.jpg,c811854bc098b5524d3de6c31c21ccbb2dfde665309317a8d92cc59137263e0e,False,,True,,development
data\NEU-CLS\train\train\images\crazing_170.jpg,crazing_170.jpg,images,.jpg,ec427bca7b07023ad943e750070bf9caccc054ccd313bc4875d0727816f1ed43,False,,True,,development
data\NEU-CLS\train\train\images\crazing_171.jpg,crazing_171.jpg,images,.jpg,1d3046dfd62c8bb7d4f3bed64d8f0dd1df21523c1261faa8c09e10d76f29cfda,False,,True,,development
data\NEU-CLS\train\train\images\crazing_172.jpg,crazing_172.jpg,images,.jpg,3374f8f27498b03a8a815a28d4e63a5a745549f6baa38a6ad93c489ee664f492,False,,True,,development
data\NEU-CLS\train\train\images\crazing_173.jpg,crazing_173.jpg,images,.jpg,7b44afee9a0978d37328b34ce12909dff980856ffb97fab7fb71ef5d25eafe23,False,,True,,development
data\NEU-CLS\train\train\images\crazing_174.jpg,crazing_174.jpg,images,.jpg,8acd00d4737b9aa6817b2961c82d2d10ff8dae8a0687996b71b158af0c08c3b6,False,,True,,development
data\NEU-CLS\train\train\images\crazing_175.jpg,crazing_175.jpg,images,.jpg,6be1274fe64d462318296583b601eb7cbe4dc9d2cd81e407f8f380ca53eed7fe,False,,True,,development
data\NEU-CLS\train\train\images\crazing_176.jpg,crazing_176.jpg,images,.jpg,20e375fe90ecf726ed1d482c0db90f7aaf7b166f595a65b7a592cc38a401216c,False,,True,,development
data\NEU-CLS\train\train\images\crazing_177.jpg,crazing_177.jpg,images,.jpg,7cfad80ed8df45124dce13a24dce66949b774750fe13ab9f3a29ae7ecf32d4ef,False,,True,,development
data\NEU-CLS\train\train\images\crazing_178.jpg,crazing_178.jpg,images,.jpg,6a867904651264bedc9470410bb5e1d7125e0bbe15f70ac5b9f50434be9b90d5,False,,True,,development
data\NEU-CLS\train\train\images\crazing_179.jpg,crazing_179.jpg,images,.jpg,a796d606ae9c573d722bdec9d282c53cd543006e1d49e4a5152072fe61505d08,False,,True,,test
data\NEU-CLS\train\train\images\crazing_18.jpg,crazing_18.jpg,images,.jpg,56b79f6438ea95ae5219c47ed4b7186a1c3cba37d5eeabce21f5e647aba6dc10,False,,True,,development
data\NEU-CLS\train\train\images\crazing_180.jpg,crazing_180.jpg,images,.jpg,7b42c2cfe2071328ae4f5c33fedc31ff5aa5a81600ea3c165a8eb223548886ae,False,,True,,development
data\NEU-CLS\train\train\images\crazing_181.jpg,crazing_181.jpg,images,.jpg,4dc33b6795a8cea10123e21134a63b0fb8bd79308f8aa53de62ea407d2f0dc4e,False,,True,,development
data\NEU-CLS\train\train\images\crazing_182.jpg,crazing_182.jpg,images,.jpg,2fc9cab35c3683874721070262c4b6d0185653b68866173d47fadf51c152b07c,False,,True,,test
data\NEU-CLS\train\train\images\crazing_183.jpg,crazing_183.jpg,images,.jpg,235d4d003fcd9444e789cd5e0e1ba547049c7ce1b1e309fa6f8c839697683157,False,,True,,development
data\NEU-CLS\train\train\images\crazing_184.jpg,crazing_184.jpg,images,.jpg,8f8338544c1af240c972cb9b65364ccf940fa99a9b49031600eeffeea8e162e7,False,,True,,development
data\NEU-CLS\train\train\images\crazing_185.jpg,crazing_185.jpg,images,.jpg,2ecd30de32c5fcaeadedbd7b97efe6910e037a88b7d4a1d82800d5b837977c2e,False,,True,,development
data\NEU-CLS\train\train\images\crazing_186.jpg,crazing_186.jpg,images,.jpg,323876549bcf8a22d791d2bccd4f4e227f6338eb5aa3e810b1a57ce470a4260b,False,,True,,test
data\NEU-CLS\train\train\images\crazing_187.jpg,crazing_187.jpg,images,.jpg,bf302c6472f4fe52779500515f03789f10533b6a285047bb1248981ca2bf05bc,False,,True,,development
data\NEU-CLS\train\train\images\crazing_188.jpg,crazing_188.jpg,images,.jpg,45670819395294b3d2f7ddf0fa702b4a5573f447aecc9b699926e27fb24f66b1,False,,True,,development
data\NEU-CLS\train\train\images\crazing_189.jpg,crazing_189.jpg,images,.jpg,8064bef326ab2f1e88f8bdca2b1486f267fe505e5faeed78d6963dae21129ea0,False,,True,,test
data\NEU-CLS\train\train\images\crazing_19.jpg,crazing_19.jpg,images,.jpg,9301e1cf2e515a61190106315cd09b2014e912b7c25d7f59bef1953ced7a5cf7,False,,True,,development
data\NEU-CLS\train\train\images\crazing_190.jpg,crazing_190.jpg,images,.jpg,2cc88396c55f661fb52bf4cd17c6175a25c079596352986cc030cdb46c77f3a6,False,,True,,development
data\NEU-CLS\train\train\images\crazing_191.jpg,crazing_191.jpg,images,.jpg,69a87d220c2665f465cc70fcfb4ffc703e15181df1d5e916f425958d7fa78bfc,False,,True,,development
data\NEU-CLS\train\train\images\crazing_192.jpg,crazing_192.jpg,images,.jpg,695a2adff6f47c44e7d0b46efe27b39e935006e261eb773d634f9e3bc2d69b77,False,,True,,development
data\NEU-CLS\train\train\images\crazing_193.jpg,crazing_193.jpg,images,.jpg,ad8b326145b04c0e36e738451b010691094b1213792a64d911c093f3a3310c17,False,,True,,test
data\NEU-CLS\train\train\images\crazing_194.jpg,crazing_194.jpg,images,.jpg,abdec7a1f84a30c28709f0e373a165c912a18f15aa8e7c992d4b5b0314fc0038,False,,True,,development
data\NEU-CLS\train\train\images\crazing_195.jpg,crazing_195.jpg,images,.jpg,1795a0947d87383d2923f69d179e74f532e0f6aa777dafcde7162e445cbde91e,False,,True,,development
data\NEU-CLS\train\train\images\crazing_196.jpg,crazing_196.jpg,images,.jpg,ccb1cfb869dfc39ecec28cf20e6f6e3df0fc5739bbbea41a1f487ebe607ff45d,False,,True,,development
data\NEU-CLS\train\train\images\crazing_197.jpg,crazing_197.jpg,images,.jpg,4a621bcec1670cf3afbb75ddc98d45a8c5575cf0753c66ef406cd09546a1baec,False,,True,,development
data\NEU-CLS\train\train\images\crazing_198.jpg,crazing_198.jpg,images,.jpg,f158dd46f2c647afd928affd30218434d91a54f15678c3b38a103e70f2c3fb82,False,,True,,development
data\NEU-CLS\train\train\images\crazing_199.jpg,crazing_199.jpg,images,.jpg,045dd7295bb1c32e3d180ab5092618fd4015852c747a667a67c5b53048c0fd2a,False,,True,,development
data\NEU-CLS\train\train\images\crazing_20.jpg,crazing_20.jpg,images,.jpg,c81fdfa4f7e457c21bbe7dca824ffcdb602dadf60aa59f6aeaf4ddc71054386c,False,,True,,development
data\NEU-CLS\train\train\images\crazing_200.jpg,crazing_200.jpg,images,.jpg,2a2ab581557322cb12c8916a6a3b74c81ccd788aea7bc0950918f89c0dae701e,False,,True,,development
data\NEU-CLS\train\train\images\crazing_201.jpg,crazing_201.jpg,images,.jpg,20ae74412c2c5e1271d975356217412b3a2f8c1c68ced06c5175028fa74566d9,False,,True,,test
data\NEU-CLS\train\train\images\crazing_202.jpg,crazing_202.jpg,images,.jpg,0c9e4a2a4ace6ececf47b659f9f3babf48dba32b4bf6d7bf26e0b579893b01a0,False,,True,,development
data\NEU-CLS\train\train\images\crazing_203.jpg,crazing_203.jpg,images,.jpg,b8cc3d4cf816a1f02b5844c5f7344667db80947581b57f86e3a3363734620fd4,False,,True,,development
data\NEU-CLS\train\train\images\crazing_204.jpg,crazing_204.jpg,images,.jpg,b2f9e0689212c067d3dd36923e753371114697911d9e5533dd51f2a775ddef0d,False,,True,,development
data\NEU-CLS\train\train\images\crazing_205.jpg,crazing_205.jpg,images,.jpg,893f11bee876f47786e05acecf0acd3007e78908329bdf3eaae7203b13d3dc7b,False,,True,,development
data\NEU-CLS\train\train\images\crazing_206.jpg,crazing_206.jpg,images,.jpg,40bbb613dd990d44eb4cf2f8c0b9620ae47d556c041b7555baa52d4d94480d46,False,,True,,development
data\NEU-CLS\train\train\images\crazing_207.jpg,crazing_207.jpg,images,.jpg,27f77016ee364560e53e2c3083bd9f47d9d205340714efbe57462bd8365c252b,False,,True,,development
data\NEU-CLS\train\train\images\crazing_208.jpg,crazing_208.jpg,images,.jpg,2ecfe579cfe9d6105a160f6d005ca6bcaa3cc6b04131ece0c909a50803a33ad0,False,,True,,development
data\NEU-CLS\train\train\images\crazing_209.jpg,crazing_209.jpg,images,.jpg,77e8903891d20e2997a793c3789823ff8133e909b404ce8ffdbd4bb7cc470d64,False,,True,,development
data\NEU-CLS\train\train\images\crazing_21.jpg,crazing_21.jpg,images,.jpg,299bdf591092a9582b866d295173c77278b5e2e5adfc82880eea3427dac8d413,False,,True,,test
data\NEU-CLS\train\train\images\crazing_210.jpg,crazing_210.jpg,images,.jpg,0eb758928ba3664ebce598e52f122e973ac1f7e8de648bb20c3f54c30e35d2b0,False,,True,,test
data\NEU-CLS\train\train\images\crazing_211.jpg,crazing_211.jpg,images,.jpg,36bc59a5854fbe928a35b2b41478f37456721a5d8b5aa723be04a3e5fe6c3bbb,False,,True,,development
data\NEU-CLS\train\train\images\crazing_212.jpg,crazing_212.jpg,images,.jpg,a7ce3566d8246d17290452bd22d8e4c8c526d2703204d0491a15fe1d31628fe7,False,,True,,development
data\NEU-CLS\train\train\images\crazing_213.jpg,crazing_213.jpg,images,.jpg,ecbcc17281d66963b480397632d6dc90be81cab2d69340d6b379d2f416cf3602,False,,True,,development
data\NEU-CLS\train\train\images\crazing_214.jpg,crazing_214.jpg,images,.jpg,0046405b60f2f012edc86c68264e839d574b20bf77777df10cc61acb763de3fa,False,,True,,development
data\NEU-CLS\train\train\images\crazing_215.jpg,crazing_215.jpg,images,.jpg,2598ee75cb31b6717eadeedb5f7039893ea8b4fb08417212332f7fe3b7bd7b09,False,,True,,development
data\NEU-CLS\train\train\images\crazing_216.jpg,crazing_216.jpg,images,.jpg,23d057d6150dddcf0e0a83e75d2fee86af4a52ce801e454539301431ad2d12fe,False,,True,,development
data\NEU-CLS\train\train\images\crazing_217.jpg,crazing_217.jpg,images,.jpg,dd0e2f8a2c6901cc540c53aa7194af40fa2e8ed38a0825608e1b56c846fcf01e,False,,True,,development
data\NEU-CLS\train\train\images\crazing_218.jpg,crazing_218.jpg,images,.jpg,0391916cc44a7dbfebd764dd85759974cd636da8208b3a3a47df2d73538ee6fb,False,,True,,test
data\NEU-CLS\train\train\images\crazing_219.jpg,crazing_219.jpg,images,.jpg,11e62a880f9d69352c265469c3e6d49783125880a3f2ce31e0a8bdc8f410e258,False,,True,,development
data\NEU-CLS\train\train\images\crazing_22.jpg,crazing_22.jpg,images,.jpg,feca81a11578690771b14f50dd53d6a4656bc18a7a80aaab8ad19d48b78a8f39,False,,True,,development
data\NEU-CLS\train\train\images\crazing_220.jpg,crazing_220.jpg,images,.jpg,ee6d32c95f87d6489f177f035f4464b5c78e919b72800c33ec029d2292988c89,False,,True,,development
data\NEU-CLS\train\train\images\crazing_221.jpg,crazing_221.jpg,images,.jpg,ebdc18e201d36b0c1d68ed71fbdaf0954b04acfc69224b19f51e7fe2b919e77c,False,,True,,test
data\NEU-CLS\train\train\images\crazing_222.jpg,crazing_222.jpg,images,.jpg,90521f05d4c3c2fc3f15475e8d00a7af52111db2f8884cc8befd9aeb14b661ed,False,,True,,development
data\NEU-CLS\train\train\images\crazing_223.jpg,crazing_223.jpg,images,.jpg,62753656212be7a89c7a882a18e589bf51effc711f9b01bb15fdbeb67a5f80fd,False,,True,,development
data\NEU-CLS\train\train\images\crazing_224.jpg,crazing_224.jpg,images,.jpg,420d84308e801c4d24c125c8b2b0b15f53fa7dc7a1c0e51e129a25b428224e37,False,,True,,development
data\NEU-CLS\train\train\images\crazing_225.jpg,crazing_225.jpg,images,.jpg,cf6c9fb4f506098d208ad0e77fd60da60eebb7f483eae9a5a56876157f39a428,False,,True,,development
data\NEU-CLS\train\train\images\crazing_226.jpg,crazing_226.jpg,images,.jpg,cf59e7a9b758c9af450503774af88a65ce22546907fe59a73ca5533e96c70a75,False,,True,,development
data\NEU-CLS\train\train\images\crazing_227.jpg,crazing_227.jpg,images,.jpg,67499dd21306030c383b07abf5c7a7d597313d24d8420e16a46d797fba6d1195,False,,True,,development
data\NEU-CLS\train\train\images\crazing_228.jpg,crazing_228.jpg,images,.jpg,acaf388126e0a346c5f5a76920cefcab08ef6121a8edffb1ac4da56fd0a95188,False,,True,,development
data\NEU-CLS\train\train\images\crazing_229.jpg,crazing_229.jpg,images,.jpg,f837bf055e053b796928091851c0b848c1c0646de7e458b43df3107ac16db285,False,,True,,development
data\NEU-CLS\train\train\images\crazing_23.jpg,crazing_23.jpg,images,.jpg,a395ac78920129571f89635111d30b50ad88b593fe44856d586c7c4adf8f24e5,False,,True,,test
data\NEU-CLS\train\train\images\crazing_230.jpg,crazing_230.jpg,images,.jpg,ed6f3c3c49fa25742c0b87379e9e05ca950adcc4d734a15e941b2d13aefbafc0,False,,True,,development
data\NEU-CLS\train\train\images\crazing_231.jpg,crazing_231.jpg,images,.jpg,89526e779b3ef99fe1a115262f58d9ad2e7f0012e62a8f86b59ab7c3f770e2d4,False,,True,,development
data\NEU-CLS\train\train\images\crazing_232.jpg,crazing_232.jpg,images,.jpg,783748168663bbb816334df63cdc72f8802944e4ad3dd318bcc74ca9b8829ab2,False,,True,,test
data\NEU-CLS\train\train\images\crazing_233.jpg,crazing_233.jpg,images,.jpg,6d36474a8491a431c9965b54c53a51538c4bba96752c9af72bd3d82b3f4a85ef,False,,True,,development
data\NEU-CLS\train\train\images\crazing_234.jpg,crazing_234.jpg,images,.jpg,3beefc152c0661038c722d0ffb4e2242ca6180a7bb88d196b3683287d92a2efc,False,,True,,development
data\NEU-CLS\train\train\images\crazing_235.jpg,crazing_235.jpg,images,.jpg,2f70c13563551d283461a163bc2f6deced9c678740118db144404bf4b9ad61e0,False,,True,,development
data\NEU-CLS\train\train\images\crazing_236.jpg,crazing_236.jpg,images,.jpg,6326aa9e8a757535553482e8d99d75f8995f39705b0bf355749dc3ef65427bef,False,,True,,test
data\NEU-CLS\train\train\images\crazing_237.jpg,crazing_237.jpg,images,.jpg,18f8b0bcf9692da645238c25dcd17a8f29d9119ec6f84079f9b97bd93d9557cf,False,,True,,test
data\NEU-CLS\train\train\images\crazing_238.jpg,crazing_238.jpg,images,.jpg,8eee0652524255e28c455d460e04389c38c6e8ad8ef6bcf60f6e9ca1110aabf2,False,,True,,test
data\NEU-CLS\train\train\images\crazing_239.jpg,crazing_239.jpg,images,.jpg,c2c86495e80860b742b5deb1ef96f8a9a6d2fbbbda9cf8ab8f20a675e4800eab,False,,True,,development
data\NEU-CLS\train\train\images\crazing_24.jpg,crazing_24.jpg,images,.jpg,26341b60aa1ce81a0f2c000942a9c71deb7eac2de9b58f3bd21b6dd54d1ad4d7,False,,True,,development
data\NEU-CLS\train\train\images\crazing_240.jpg,crazing_240.jpg,images,.jpg,81e5ca1b935489de16db4808ec37b4f8525b493d7d3f65f913b5a95696ae8a81,False,,True,,development
data\NEU-CLS\train\train\images\crazing_241.jpg,crazing_241.jpg,images,.jpg,1d65ef27eaa9bf27608d954dfe57b40e401fc1aed435884400f35e8000bbf98d,False,,True,,development
data\NEU-CLS\train\train\images\crazing_242.jpg,crazing_242.jpg,images,.jpg,6471b0b8300f5b0c809ff9802c4a1c7f747c0738929a952b30ced6d0e65f61f3,False,,True,,development
data\NEU-CLS\train\train\images\crazing_243.jpg,crazing_243.jpg,images,.jpg,94e839f26e6b51d8dee5d8a8c3ffc0d4f820015f18e7bcb5fef9582a2df2b295,False,,True,,development
data\NEU-CLS\train\train\images\crazing_244.jpg,crazing_244.jpg,images,.jpg,fa3d0c5d7a23b82da1533df61a39a7056a21b021f879da6426f6dc6326abd0a1,False,,True,,development
data\NEU-CLS\train\train\images\crazing_245.jpg,crazing_245.jpg,images,.jpg,933abef72d56ca78e0398d4da001d51df4070e4d796af398359b843eaaea4d90,False,,True,,test
data\NEU-CLS\train\train\images\crazing_246.jpg,crazing_246.jpg,images,.jpg,0018b62c07b5dfd379d0563721fe46d15d72bf3bdbc1e39d7f8e081692c0266d,False,,True,,test
data\NEU-CLS\train\train\images\crazing_247.jpg,crazing_247.jpg,images,.jpg,8f41f3d185b0de0fe9197e70631c7fa148180067ddd8d95e87ca1aa2ecd1807f,False,,True,,development
data\NEU-CLS\train\train\images\crazing_248.jpg,crazing_248.jpg,images,.jpg,461c41b74f61f2b38c1110194b783f7652edf89784c69b4a79f521fd7117079b,False,,True,,development
data\NEU-CLS\train\train\images\crazing_249.jpg,crazing_249.jpg,images,.jpg,e8a366fe396aaaea124716a1baad189f43971bf78b88e4a4c4c8bbd3ceb849a9,False,,True,,development
data\NEU-CLS\train\train\images\crazing_25.jpg,crazing_25.jpg,images,.jpg,0357ebe4e802a34427d3a5c1c2ccd7c3674f690bf8fce4dd0d622d79a29ca1d8,False,,True,,development
data\NEU-CLS\train\train\images\crazing_250.jpg,crazing_250.jpg,images,.jpg,811d2e1f215e2d4eecba1dff15b08f138187626e34f57b3c1bb334f45e25e4a2,False,,True,,test
data\NEU-CLS\train\train\images\crazing_251.jpg,crazing_251.jpg,images,.jpg,d5a8082d1ffe47364d9d09bec23d5ff6bee3e1e69f8f50016d7e7ae3e486f97b,False,,True,,development
data\NEU-CLS\train\train\images\crazing_252.jpg,crazing_252.jpg,images,.jpg,0e7db66e291981d959158176443d58c2d54491bb9c804db19b7e6a2529ff29bb,False,,True,,development
data\NEU-CLS\train\train\images\crazing_253.jpg,crazing_253.jpg,images,.jpg,1b4d78036b2313669f4cdfbf4a77619998c68f0807d1e655cbf3edcc70158f80,False,,True,,development
data\NEU-CLS\train\train\images\crazing_254.jpg,crazing_254.jpg,images,.jpg,eca94052417c7982259fce8aa9a6aca1693ea34570d9dee9b46374dda8094154,False,,True,,development
data\NEU-CLS\train\train\images\crazing_255.jpg,crazing_255.jpg,images,.jpg,a96b1fd4135862349a69a761e76dfbb3af6faccdc3efb97e0d4e52a1f605076d,False,,True,,development
data\NEU-CLS\train\train\images\crazing_256.jpg,crazing_256.jpg,images,.jpg,c609f66d29dcff487eaaf6c43e4b7410792a9f07974ed085eaf508c593fa9a2e,False,,True,,development
data\NEU-CLS\train\train\images\crazing_257.jpg,crazing_257.jpg,images,.jpg,f4e5cf14e8e352b89da12ed84a98de3d5b7e7e402694d64ecaed9acb7efe9454,False,,True,,development
data\NEU-CLS\train\train\images\crazing_258.jpg,crazing_258.jpg,images,.jpg,714900c25988c034626be50863b7e570430d1d3f2009c5a2e01784a7678f7aae,False,,True,,development
data\NEU-CLS\train\train\images\crazing_259.jpg,crazing_259.jpg,images,.jpg,a877fc65b57470befe6d482650fc613d2cda028b55df0eb86d25fffd0dba781a,False,,True,,development
data\NEU-CLS\train\train\images\crazing_26.jpg,crazing_26.jpg,images,.jpg,6c24d211a06a25d7b1ab80038402f9cebd3932cdc73b348b7871fb690047f0d3,False,,True,,development
data\NEU-CLS\train\train\images\crazing_260.jpg,crazing_260.jpg,images,.jpg,f8f182527157c5fad4a77848f79231a203f2366ed8cee3eb7d0dee516d3f1143,False,,True,,development
data\NEU-CLS\train\train\images\crazing_261.jpg,crazing_261.jpg,images,.jpg,3f8df47b873cf6e2ade7b42ad3d18d361dbf504e0f1921bfab3dc7a207499e92,False,,True,,development
data\NEU-CLS\train\train\images\crazing_262.jpg,crazing_262.jpg,images,.jpg,abc6b2581de60b19137ef9cb68e4b237a1b5a1302820df4809506b5454d02c19,False,,True,,development
data\NEU-CLS\train\train\images\crazing_263.jpg,crazing_263.jpg,images,.jpg,1e232e717c44df26f4700547935f55a177ff78ff3187179cf94321471fc93298,False,,True,,development
data\NEU-CLS\train\train\images\crazing_264.jpg,crazing_264.jpg,images,.jpg,b69102d4b251f77872eef741bd0e8dcc342bf2ab59d90e8a45dd8c5535265477,False,,True,,development
data\NEU-CLS\train\train\images\crazing_265.jpg,crazing_265.jpg,images,.jpg,707d4e141e42dfb3c41fd09764e62423913a54d844b3e851fb9b5ea68cc3181c,False,,True,,development
data\NEU-CLS\train\train\images\crazing_266.jpg,crazing_266.jpg,images,.jpg,a59b97cf9671a0ca80101ca67291e977a172f5223f295edc1c8760b7224762e4,False,,True,,development
data\NEU-CLS\train\train\images\crazing_267.jpg,crazing_267.jpg,images,.jpg,e2e8e6f90ca2b9d2135613801ef954565e81881938917b241b5c7ffa89ea02b2,False,,True,,development
data\NEU-CLS\train\train\images\crazing_268.jpg,crazing_268.jpg,images,.jpg,35cc3d2e7ad513f2bd1fd22d105e2eb68106df4609f4f727a71fb7ce5b9b48ce,False,,True,,development
data\NEU-CLS\train\train\images\crazing_269.jpg,crazing_269.jpg,images,.jpg,4cac3f7a6ef724ab817f6e4c0fe8f80117880efb5a80fdbae565a5edc70b32d4,False,,True,,test
data\NEU-CLS\train\train\images\crazing_27.jpg,crazing_27.jpg,images,.jpg,10626e2b51d15ee8d30e107d3f92b4d02017ef40188f029ebb7c64d77bace16b,False,,True,,test
data\NEU-CLS\train\train\images\crazing_270.jpg,crazing_270.jpg,images,.jpg,4c67250c57703f8fabb6d97cc0ad72000b690e8412c071f0a63fc5a03bb2a5b7,False,,True,,development
data\NEU-CLS\train\train\images\crazing_271.jpg,crazing_271.jpg,images,.jpg,2227d033081e4b5d83589d4dea528b0af45d94d22c2a916e1204bf00b372a6fe,False,,True,,test
data\NEU-CLS\train\train\images\crazing_272.jpg,crazing_272.jpg,images,.jpg,e57ac6b9b586284ae7d07cf487540d03092daa569d6f949f67db398d23cfa439,False,,True,,development
data\NEU-CLS\train\train\images\crazing_273.jpg,crazing_273.jpg,images,.jpg,b67c916c81548576bf226c07c29c081f2fe0a73d2c2b37be5b762bffdb605810,False,,True,,development
data\NEU-CLS\train\train\images\crazing_274.jpg,crazing_274.jpg,images,.jpg,7666107c448d2234f43fcf14541e7bf958d41583e7ca38449f59547e030a5f6c,False,,True,,development
data\NEU-CLS\train\train\images\crazing_275.jpg,crazing_275.jpg,images,.jpg,6ae4426aaf22b79d3eacb74fc03893ccf3a2ff1f489fd37bd1a402a78a8d5949,False,,True,,development
data\NEU-CLS\train\train\images\crazing_276.jpg,crazing_276.jpg,images,.jpg,8440b30fbde2cb5f3d254648340dbc2e4094df6ace47089511ec685f953a2bf8,False,,True,,development
data\NEU-CLS\train\train\images\crazing_277.jpg,crazing_277.jpg,images,.jpg,41dee519ca65f342c25b91f0e8a6fa82c0bf90fb36be8ed47360ab57f72b7d82,False,,True,,development
data\NEU-CLS\train\train\images\crazing_278.jpg,crazing_278.jpg,images,.jpg,8aa0adc94ab37ba8bc08f828343a938e0a8e24ea459e0eb5ed93a65ab0fbabdc,False,,True,,development
data\NEU-CLS\train\train\images\crazing_279.jpg,crazing_279.jpg,images,.jpg,edb42fccfd1f9754fdd6866a0517c1550a46775f004618d3f6747229ba7f1b67,False,,True,,test
data\NEU-CLS\train\train\images\crazing_28.jpg,crazing_28.jpg,images,.jpg,933e2ddde52372191f1c211d8750a719f656ce6f8c82a0b381e57a7945b02341,False,,True,,development
data\NEU-CLS\train\train\images\crazing_280.jpg,crazing_280.jpg,images,.jpg,f67462e22e7e025d07a09854282b519ad30a5bd802d79ae3c4fb17c609fdb570,False,,True,,development
data\NEU-CLS\train\train\images\crazing_281.jpg,crazing_281.jpg,images,.jpg,72c1c814e984a539b879e0a03bd81fc0a1e5146b7d95bd12aea2db9a73d3a846,False,,True,,test
data\NEU-CLS\train\train\images\crazing_282.jpg,crazing_282.jpg,images,.jpg,541ea674fef6a8964b6485fd3f14ee79c2a2cd24ab9d03f80e6e669d29e8378d,False,,True,,test
data\NEU-CLS\train\train\images\crazing_283.jpg,crazing_283.jpg,images,.jpg,09ec881115d4ea3652342ea63a1bb225cfaf4c9624ed13838208b1477f611ded,False,,True,,test
data\NEU-CLS\train\train\images\crazing_284.jpg,crazing_284.jpg,images,.jpg,7e298fc6d48cd74212b6e50c7cbd5c193f91c6ce5ea3b5787804a8cdae3870ea,False,,True,,development
data\NEU-CLS\train\train\images\crazing_285.jpg,crazing_285.jpg,images,.jpg,f93b867670dc0f2ac94cf98db4fa8abcaec09bd2b3a22098bc46a20cdea1c891,False,,True,,development
data\NEU-CLS\train\train\images\crazing_286.jpg,crazing_286.jpg,images,.jpg,590a7b94145bc859adbf27001833c28dcdc58d8bc67e5f0dd1e3eb978d99b571,False,,True,,test
data\NEU-CLS\train\train\images\crazing_287.jpg,crazing_287.jpg,images,.jpg,793aa8808f567cd6552258c01904817b28d481c5224cce86c6b78bdd2721d42f,False,,True,,test
data\NEU-CLS\train\train\images\crazing_288.jpg,crazing_288.jpg,images,.jpg,48efd269655d26e04df4dda98d72deac85963a3bee9390be7b26f81889a64bea,False,,True,,test
data\NEU-CLS\train\train\images\crazing_289.jpg,crazing_289.jpg,images,.jpg,e8a4eb437e3586cdedf11bbca2fc2698cfbfeabcb8df251c80696b9b7780318c,False,,True,,development
data\NEU-CLS\train\train\images\crazing_29.jpg,crazing_29.jpg,images,.jpg,9718f45776957ad8492f896067db6783e448911992b49564f29b0342e5ad02b5,False,,True,,development
data\NEU-CLS\train\train\images\crazing_290.jpg,crazing_290.jpg,images,.jpg,adcb1bb45c8e9a837bde4b39b3979eabf08a2ad921bb2b660b3d61a17c6c8800,False,,True,,development
data\NEU-CLS\train\train\images\crazing_291.jpg,crazing_291.jpg,images,.jpg,f08ee4fd02d4b59f72263bc8b11bf3af8561d7527be9c5636f1eb4f7398534ea,False,,True,,development
data\NEU-CLS\train\train\images\crazing_292.jpg,crazing_292.jpg,images,.jpg,091518252229e30c7a01b80f32aa02a9f1c576b1649deaa7bca26bc4b2b67203,False,,True,,development
data\NEU-CLS\train\train\images\crazing_293.jpg,crazing_293.jpg,images,.jpg,d2ba33bf399dabc564bd17c2a3b104d832decf6eaf585ae09e3d3a3eec1911d3,False,,True,,development
data\NEU-CLS\train\train\images\crazing_294.jpg,crazing_294.jpg,images,.jpg,067a4d6dd8fbae0a53fe3ed2242c7ceb0cabd778003db32a25205a45ca9f1230,False,,True,,development
data\NEU-CLS\train\train\images\crazing_295.jpg,crazing_295.jpg,images,.jpg,baf96b62005b06f8f3e14fd87e5b9748b52f0f8e1598c26d10cff50692bfc6b6,False,,True,,development
data\NEU-CLS\train\train\images\crazing_296.jpg,crazing_296.jpg,images,.jpg,92a1d48c1f1b08a495abbc40d999e54f6a2fdb910ecf40cc9675aeb917db3b5e,False,,True,,test
data\NEU-CLS\train\train\images\crazing_297.jpg,crazing_297.jpg,images,.jpg,f747b0d994279d4e000f854793f762f3592becb5909afb704d512b9e74f2dbd4,False,,True,,development
data\NEU-CLS\train\train\images\crazing_298.jpg,crazing_298.jpg,images,.jpg,767ef7b4c31afd770cd2dfd17341af33ca3eec6a0018ad9cf9ef6c69c13c97a0,False,,True,,development
data\NEU-CLS\train\train\images\crazing_299.jpg,crazing_299.jpg,images,.jpg,37cb5a5f9ffcf7226ac5a1963823da5b918c26750897d1926c9bc90b0eb7ec67,False,,True,,test
data\NEU-CLS\train\train\images\crazing_30.jpg,crazing_30.jpg,images,.jpg,81aff6312a4ceae245855ced6e56719e7e8e3d0911345317d2bb9f8ebbb9847e,False,,True,,development
data\NEU-CLS\train\train\images\crazing_300.jpg,crazing_300.jpg,images,.jpg,87595c05d2a5f7792c219dfa245dce2cfc26784e165a5172fecaab73eaee288d,False,,True,,development
data\NEU-CLS\train\train\images\crazing_31.jpg,crazing_31.jpg,images,.jpg,11811c52e18ce0f75735982d56a593e8c7d55ce91acbbb276e716d921de03c6c,False,,True,,development
data\NEU-CLS\train\train\images\crazing_32.jpg,crazing_32.jpg,images,.jpg,f57a1208c7883891c0bea1879d9d6e45df7d5640a47caccc0df53615f87b5533,False,,True,,development
data\NEU-CLS\train\train\images\crazing_33.jpg,crazing_33.jpg,images,.jpg,448d39af4c31bc49221dbaaca70522b51a5c9b000499f395db8292f421788931,False,,True,,development
data\NEU-CLS\train\train\images\crazing_34.jpg,crazing_34.jpg,images,.jpg,fdee1c20f4c0476d35b7348d2325e4a933b8992465ed2fb409435cde08f0197e,False,,True,,test
data\NEU-CLS\train\train\images\crazing_35.jpg,crazing_35.jpg,images,.jpg,744ed04f33da9d31c23f0c1b1d97157c96e39fb5e8b38a5f98f97473b86baff9,False,,True,,development
data\NEU-CLS\train\train\images\crazing_36.jpg,crazing_36.jpg,images,.jpg,84294a46d3ecfbaab1882f992230e73a56852ce3778d0187e8f6ed352e763103,False,,True,,development
data\NEU-CLS\train\train\images\crazing_37.jpg,crazing_37.jpg,images,.jpg,4ffcf91ed3cf1fdd3f2d840553b6cb569e4ca1ab0eece4db7810082a7fa7026d,False,,True,,development
data\NEU-CLS\train\train\images\crazing_38.jpg,crazing_38.jpg,images,.jpg,5e16cb2c52345acb8e71cf29e98082a6e52074a8e823452ea59705e482b8c4c2,False,,True,,test
data\NEU-CLS\train\train\images\crazing_39.jpg,crazing_39.jpg,images,.jpg,4a2b97c587ee93b2ca5ba820ce2c09c4d25fe95a731fce3bd96d6fe91d04f594,False,,True,,test
data\NEU-CLS\train\train\images\crazing_40.jpg,crazing_40.jpg,images,.jpg,5af42f7b29116f3a377435738a7cada23e573e81998b6a34b1c3f8e137f18dbc,False,,True,,development
data\NEU-CLS\train\train\images\crazing_41.jpg,crazing_41.jpg,images,.jpg,53b23674f9756ffbee2d8e24d622ab80c797f9380b881734a62d8f8383bd1f49,False,,True,,development
data\NEU-CLS\train\train\images\crazing_42.jpg,crazing_42.jpg,images,.jpg,9381527988faf21bd1241ad42d0dc85f53bc54e0c83c8b5bfdf3b4a0f430b640,False,,True,,development
data\NEU-CLS\train\train\images\crazing_43.jpg,crazing_43.jpg,images,.jpg,0e3fae3fea8ac95c28d5d5f791418a967b76ab1f73512677ca13a9148874150e,False,,True,,development
data\NEU-CLS\train\train\images\crazing_44.jpg,crazing_44.jpg,images,.jpg,4b95e1f850b1cf16c6117525ffee5cd0669bd8211ef9ad58507d7b3f3c423b9a,False,,True,,development
data\NEU-CLS\train\train\images\crazing_45.jpg,crazing_45.jpg,images,.jpg,d3dce85fea7604f681e3da01982c40842e1fb564242c1a755fac59355816df56,False,,True,,development
data\NEU-CLS\train\train\images\crazing_46.jpg,crazing_46.jpg,images,.jpg,ebbb23464a4c5be52235fd3088e89930c60802de487a1fa1c608bee259a48526,False,,True,,development
data\NEU-CLS\train\train\images\crazing_47.jpg,crazing_47.jpg,images,.jpg,d77ee250330fd1743874dadec8bedd898266c285e810be192742fe470aeec688,False,,True,,development
data\NEU-CLS\train\train\images\crazing_48.jpg,crazing_48.jpg,images,.jpg,d79b1cf76ffa81315a8e1a870e374076bdcc01196e4eb9796c8d43297ca4d8cc,False,,True,,development
data\NEU-CLS\train\train\images\crazing_49.jpg,crazing_49.jpg,images,.jpg,d9beeff73a60926ebf5a2763df3f02c22275f0d9164b81204d30a4926a1ebcce,False,,True,,development
data\NEU-CLS\train\train\images\crazing_50.jpg,crazing_50.jpg,images,.jpg,a7a11fa9737a118af9703e8ea983bee26d5db78ba2c6fe067d536cc200366323,False,,True,,test
data\NEU-CLS\train\train\images\crazing_51.jpg,crazing_51.jpg,images,.jpg,185daa31428cf2467d48f9f57ff582575d07a796cd26d77f3e05537bae681503,False,,True,,development
data\NEU-CLS\train\train\images\crazing_52.jpg,crazing_52.jpg,images,.jpg,055986e899fafa4a46e80fe01e5dad5255a5158b55e77325bed3b1c9bdc5b9c9,False,,True,,development
data\NEU-CLS\train\train\images\crazing_53.jpg,crazing_53.jpg,images,.jpg,a16828a58ab03f0c6cd5947f4a7015eef72febf6e5528b49fb165539046b53fa,False,,True,,development
data\NEU-CLS\train\train\images\crazing_54.jpg,crazing_54.jpg,images,.jpg,1bb2a0b5f536370e8565466ec3d6147071fe5a17925ef706b5166bca8f1dd1f9,False,,True,,development
data\NEU-CLS\train\train\images\crazing_55.jpg,crazing_55.jpg,images,.jpg,ef625b79fbd0636ce5a4af56e0ff832f5ab3c1b25dc7c0e648b20fbcadf1a798,False,,True,,test
data\NEU-CLS\train\train\images\crazing_56.jpg,crazing_56.jpg,images,.jpg,f0db4ea8f3b579799fac33d14d621dc7de2e0c56c0bf83bf2539c56cac1ac3f5,False,,True,,development
data\NEU-CLS\train\train\images\crazing_57.jpg,crazing_57.jpg,images,.jpg,d962440b85f1a1b6a3fbfc38562dd10fba994c3e8b269ae34b28f2f44b0edff0,False,,True,,development
data\NEU-CLS\train\train\images\crazing_58.jpg,crazing_58.jpg,images,.jpg,b65f1e18d496df96231807c74aab701d680a5d529be56ad97497f6f52443d977,False,,True,,development
data\NEU-CLS\train\train\images\crazing_59.jpg,crazing_59.jpg,images,.jpg,a00621e2838535650cc053346039c394cb920e4166eb08785c68b8cc8e65bbec,False,,True,,development
data\NEU-CLS\train\train\images\crazing_6.jpg,crazing_6.jpg,images,.jpg,34646d48f4e27f58a044ddac5e893c3208e855676e724a33f9d8e588bc78b2bd,False,,True,,development
data\NEU-CLS\train\train\images\crazing_60.jpg,crazing_60.jpg,images,.jpg,564d10bccbc68f4c7e1983493469c7adb25dc89ab37456c748c3e70acf232f57,False,,True,,test
data\NEU-CLS\train\train\images\crazing_61.jpg,crazing_61.jpg,images,.jpg,d0e4e13c6a2680da14861607445dec73092103187163bcd0d677d8f43028ef10,False,,True,,test
data\NEU-CLS\train\train\images\crazing_62.jpg,crazing_62.jpg,images,.jpg,8abc2a5ba3bb3c562fddf2c815f0803f4ae32d6a05c83ffd424465011e55769e,False,,True,,development
data\NEU-CLS\train\train\images\crazing_63.jpg,crazing_63.jpg,images,.jpg,b6870a0cc504de5913c485b462c538bcc6242771cf4fe3f2cb22ba37cae0483a,False,,True,,development
data\NEU-CLS\train\train\images\crazing_64.jpg,crazing_64.jpg,images,.jpg,41f29f1de1be87c832619d28a4e30515b2efec24b9b29560efe1957b01ac49a3,False,,True,,development
data\NEU-CLS\train\train\images\crazing_65.jpg,crazing_65.jpg,images,.jpg,a35f3d67bd8f90728ff701ab77e49073085bc8ad2fa3ba4bf7ef8599140f1a08,False,,True,,development
data\NEU-CLS\train\train\images\crazing_66.jpg,crazing_66.jpg,images,.jpg,c905e814bfb7385132197f1f8efd5b7b76414398c1534dd90114681b3d2a6144,False,,True,,development
data\NEU-CLS\train\train\images\crazing_67.jpg,crazing_67.jpg,images,.jpg,c4f1027db43a4cc746e12b1dda42f5d1728ecc093ee73bbb2ec8961e4aaa72cb,False,,True,,development
data\NEU-CLS\train\train\images\crazing_68.jpg,crazing_68.jpg,images,.jpg,cc1a491bafa45b321edbd4e82a147279093824fa258a74e942be76f0cc6ed3e2,False,,True,,development
data\NEU-CLS\train\train\images\crazing_69.jpg,crazing_69.jpg,images,.jpg,f83a0b7c191f807566e02550ca6d8c3a530c0bf225a50fd68c0da84aaa1b86bd,False,,True,,development
data\NEU-CLS\train\train\images\crazing_7.jpg,crazing_7.jpg,images,.jpg,cc919de8775d5528872dc90d26ef796a64e73bfc04310d1a993455ce7a3a9f39,False,,True,,test
data\NEU-CLS\train\train\images\crazing_70.jpg,crazing_70.jpg,images,.jpg,2c4a6204c48c5a072726320d3cefbf94a8667580a52b88800bc72997a4b4b653,False,,True,,development
data\NEU-CLS\train\train\images\crazing_71.jpg,crazing_71.jpg,images,.jpg,a73890705e7a0d3e52254d0aec000ed0307968450e10f860a7b7e45fe9e085db,False,,True,,development
data\NEU-CLS\train\train\images\crazing_72.jpg,crazing_72.jpg,images,.jpg,8477e24640fb56d2644a2460b57c3e653e259d8eb768d87d7342983389c5d4fb,False,,True,,development
data\NEU-CLS\train\train\images\crazing_73.jpg,crazing_73.jpg,images,.jpg,01da434c490153c66593c10ec70ab8a776a68d6468c7a28894fe09a5a81b50e7,False,,True,,development
data\NEU-CLS\train\train\images\crazing_74.jpg,crazing_74.jpg,images,.jpg,93458f9a74b514a0e88a19b98cdba20ecf2a085d0847b2320133b3765501ed57,False,,True,,development
data\NEU-CLS\train\train\images\crazing_75.jpg,crazing_75.jpg,images,.jpg,06eb9b9386adbe1416941871e2f20ac2de1396c623e783ca78252f8549b11008,False,,True,,development
data\NEU-CLS\train\train\images\crazing_76.jpg,crazing_76.jpg,images,.jpg,8e670b781eb7113474cc63d5cf47b58070206ac5aeb4b82b6890097e212b4250,False,,True,,test
data\NEU-CLS\train\train\images\crazing_77.jpg,crazing_77.jpg,images,.jpg,055ee2a21ea7f1edb8034df061a2a9867048640c4f3993e46c28bb92dba6a9a4,False,,True,,development
data\NEU-CLS\train\train\images\crazing_78.jpg,crazing_78.jpg,images,.jpg,89bf4eaf2c246bbb9cd378c6231fe2b188b1ded2e6648f89b5bbe7e4d1f01342,False,,True,,development
data\NEU-CLS\train\train\images\crazing_79.jpg,crazing_79.jpg,images,.jpg,05ea42b4023df81cdcab5da55b25f800345152c6a55d62f0d8d413209c8cf0bd,False,,True,,development
data\NEU-CLS\train\train\images\crazing_8.jpg,crazing_8.jpg,images,.jpg,641e7ed94550b4f44709faa8d5ccb5b206c82abe81e298e18c4db6f0d29d6df1,False,,True,,development
data\NEU-CLS\train\train\images\crazing_80.jpg,crazing_80.jpg,images,.jpg,ce76e8ff95c334621fd7c603b101abdca5ac945e3766967268332831ba41417a,False,,True,,development
data\NEU-CLS\train\train\images\crazing_81.jpg,crazing_81.jpg,images,.jpg,79bef32f8309a3e38a5c96e56a1e54bfd5057b58d4b000e08a5815a28bcffaef,False,,True,,development
data\NEU-CLS\train\train\images\crazing_82.jpg,crazing_82.jpg,images,.jpg,70ba79d6bd7962c5b1130db39351a223dcd3f5bafd7820c30ab66573e3d4a159,False,,True,,test
data\NEU-CLS\train\train\images\crazing_83.jpg,crazing_83.jpg,images,.jpg,b44de873cabd306c7fd31edebcedde3c8b6aebd35ee4d22304324da5db5b6e01,False,,True,,development
data\NEU-CLS\train\train\images\crazing_84.jpg,crazing_84.jpg,images,.jpg,c5669030d7526877ac547e46b9bfe8cedcc6e6e0e4f7bb481c8c52706215ae0e,False,,True,,development
data\NEU-CLS\train\train\images\crazing_85.jpg,crazing_85.jpg,images,.jpg,2b8c862c81366fe5c8e7d3600216f7d5b80c1b10aa55b1540d18d5eb60461ccc,False,,True,,test
data\NEU-CLS\train\train\images\crazing_86.jpg,crazing_86.jpg,images,.jpg,bdfee0b1201604e89f9ed8953bea9f820375c70335c109fe7a434c326868f9b4,False,,True,,development
data\NEU-CLS\train\train\images\crazing_87.jpg,crazing_87.jpg,images,.jpg,b8d2d75a4a252c9b8735931f45c6dd576219ba514823cf41e40076b685023958,False,,True,,development
data\NEU-CLS\train\train\images\crazing_88.jpg,crazing_88.jpg,images,.jpg,9519c11fd80a47c30c9b46f2820a57a967d0cf74d9db0b2b06345c7af3194751,False,,True,,development
data\NEU-CLS\train\train\images\crazing_89.jpg,crazing_89.jpg,images,.jpg,b74f577a82e82a76db9450526b2fc5863ecc761cfb6d243fef8907559711afb5,False,,True,,test
data\NEU-CLS\train\train\images\crazing_9.jpg,crazing_9.jpg,images,.jpg,77fa42b142e72ebaadeb44516b791bddcf511db1a4448655e4c16180012a263d,False,,True,,development
data\NEU-CLS\train\train\images\crazing_90.jpg,crazing_90.jpg,images,.jpg,d0ffb5df9fa35be28448d4f9b9efc5fd881868fcbd989a66981adee52b061f1e,False,,True,,development
data\NEU-CLS\train\train\images\crazing_91.jpg,crazing_91.jpg,images,.jpg,f7b2c16c4506a6c7b3cb97f5a5c7db6ae55d3dcdcea66828866ad2aba7b029c1,False,,True,,development
data\NEU-CLS\train\train\images\crazing_92.jpg,crazing_92.jpg,images,.jpg,6d73bee0a96f6225aa34bef31b62743b657c1254023eeebf604d7bad83142deb,False,,True,,development
data\NEU-CLS\train\train\images\crazing_93.jpg,crazing_93.jpg,images,.jpg,2585ec106fb28318a0b6ddc3e5b80f3f80876bd0cd3bdd4f6a99f5d7daac44df,False,,True,,test
data\NEU-CLS\train\train\images\crazing_94.jpg,crazing_94.jpg,images,.jpg,d33a7c76a9097cbd713eaad36560aa59a825710de6b4e1f11ff7b3050bee602f,False,,True,,development
data\NEU-CLS\train\train\images\crazing_95.jpg,crazing_95.jpg,images,.jpg,b12e69d530b6835b738cd918273ba8689b4eb12b931771e3a729571a8f0eaed6,False,,True,,development
data\NEU-CLS\train\train\images\crazing_96.jpg,crazing_96.jpg,images,.jpg,a678a984ad795c63e8db2587831755f6d8bad4b5116361ab48a1d93a12479c9f,False,,True,,development
data\NEU-CLS\train\train\images\crazing_97.jpg,crazing_97.jpg,images,.jpg,a613d4150cdcc04fae34a4e95814a877e1cccc939851343b46f8e11386190b68,False,,True,,development
data\NEU-CLS\train\train\images\crazing_98.jpg,crazing_98.jpg,images,.jpg,8bad4ff0ef7fd0b090e649037db185543ef3db586b3f52e00fd7a1b13516092f,False,,True,,test
data\NEU-CLS\train\train\images\crazing_99.jpg,crazing_99.jpg,images,.jpg,2fdc9b193fd36431552fab516805c037a5f6e972ef61f6e0d95ab0892925d96d,False,,True,,development
data\NEU-CLS\train\train\images\inclusion_10.jpg,inclusion_10.jpg,images,.jpg,67a9e66628070a2508aced5103bb920ba0a48c8e1897d0ee5058647bc0f67f02,False,,True,,test
data\NEU-CLS\train\train\images\inclusion_100.jpg,inclusion_100.jpg,images,.jpg,4a204bd8c11a28973c0f7abd57439cc1116af08aa4e7e1e1dd36eae887c9dec7,False,,True,,development
data\NEU-CLS\train\train\images\inclusion_101.jpg,inclusion_101.jpg,images,.jpg,314b71b87c87fe49edd16b947d7161546fdbacc2655c7695da041a31c7026d7a,False,,True,,development
data\NEU-CLS\train\train\images\inclusion_102.jpg,inclusion_102.jpg,images,.jpg,0b60560ad9252b5c0f1187c7b5a6a9ec732157ac79b0bd11493cc3b6d44bd3e3,False,,True,,development
data\NEU-CLS\train\train\images\inclusion_103.jpg,inclusion_103.jpg,images,.jpg,2dcc3bb7d8c5ac7f3ef0821f9d4bd3a35a7964be1628a80a534ba0bf4646f3fc,False,,True,,development
data\NEU-CLS\train\train\images\inclusion_104.jpg,inclusion_104.jpg,images,.jpg,f6d1f086d618e7898841c26ad7f6d1016ed53d61bf472c63f6dad11bd290d5f2,False,,True,,development
data\NEU-CLS\train\train\images\inclusion_105.jpg,inclusion_105.jpg,images,.jpg,b017cecce1ed22826088c567cf600c2d7925e2e002b69a0b6abf7f494d8cde86,False,,True,,development
data\NEU-CLS\train\train\images\inclusion_106.jpg,inclusion_106.jpg,images,.jpg,daa14864329dffb7423a3bebb1d09e135caa573e059f888b0df8ed73e277b6b2,False,,True,,development
data\NEU-CLS\train\train\images\inclusion_107.jpg,inclusion_107.jpg,images,.jpg,e4e9f9a990f83be32b5c034ceb0c4221773b990ac3e16b1f50a4b9198928c931,False,,True,,development
data\NEU-CLS\train\train\images\inclusion_108.jpg,inclusion_108.jpg,images,.jpg,bfcdd7d31d4dd71195b20d5ee0ef212776706c1aade4741cb105ce9206bc23cf,False,,True,,development
data\NEU-CLS\train\train\images\inclusion_109.jpg,inclusion_109.jpg,images,.jpg,8056fae340d0cf22cc6abf3ab0ca43dc32e22fb75f423acb3a59fe0f6c389e15,False,,True,,development
data\NEU-CLS\train\train\images\inclusion_11.jpg,inclusion_11.jpg,images,.jpg,26f65a8837796443967138e5addc16cc21d481795dbdf63da8baf6579d4bbf5b,False,,True,,development
data\NEU-CLS\train\train\images\inclusion_110.jpg,inclusion_110.jpg,images,.jpg,ec3ab6724ba7ed34889aceee6de8c9776905df1ad2224ef6c104fa54c0fefbe5,False,,True,,development
data\NEU-CLS\train\train\images\inclusion_111.jpg,inclusion_111.jpg,images,.jpg,78c04620e339ecb660b05e50fb3e51dc92ac9bc0e41e4ec4c6fbef9431db04d8,False,,True,,development
data\NEU-CLS\train\train\images\inclusion_112.jpg,inclusion_112.jpg,images,.jpg,1d54cf98773f6ed810b6958ec7ea873e2b44311d38c40ee02feb794def78fddc,False,,True,,development
data\NEU-CLS\train\train\images\inclusion_113.jpg,inclusion_113.jpg,images,.jpg,a2659ec4b2525f131436db9793d8771c00580577ad002d410e106600f42fa1b4,False,,True,,development
data\NEU-CLS\train\train\images\inclusion_114.jpg,inclusion_114.jpg,images,.jpg,c91a9bd5ce5a0afad4c1d879dfec669d1aa5252477921d115bd16c2aff034efa,False,,True,,development
data\NEU-CLS\train\train\images\inclusion_115.jpg,inclusion_115.jpg,images,.jpg,e3f6a03fb6aa11cba667ab45b03671dcd4108b183bbac71ef28e620d9864cc89,False,,True,,development
data\NEU-CLS\train\train\images\inclusion_116.jpg,inclusion_116.jpg,images,.jpg,17297ed59542a7be793813baf3c7441e2f74e5f79636101c669171e91f0e927e,False,,True,,development
data\NEU-CLS\train\train\images\inclusion_117.jpg,inclusion_117.jpg,images,.jpg,84a71148648b705f3697197e5660b36a7e0319acf77300015aafe78d0d555ef6,False,,True,,development
data\NEU-CLS\train\train\images\inclusion_118.jpg,inclusion_118.jpg,images,.jpg,033306a176d01d3ed5f0c6ab29b5842ac44e4a52a63e28a852628056cf0cf66c,False,,True,,test
data\NEU-CLS\train\train\images\inclusion_119.jpg,inclusion_119.jpg,images,.jpg,f4562ead6fe00c0051cee44830c0c654dbb48b9f198e24d1baf26429aa814256,False,,True,,development
data\NEU-CLS\train\train\images\inclusion_12.jpg,inclusion_12.jpg,images,.jpg,399c512883d199635f6233e27e7a7a3d5bed3eb7aab15083dc5bf9f265d2baa6,False,,True,,test
data\NEU-CLS\train\train\images\inclusion_120.jpg,inclusion_120.jpg,images,.jpg,9deed64441fc84ee4d040cc532076cb2b68f2c227cf011c10f3ce43b9ee57ff6,False,,True,,development
data\NEU-CLS\train\train\images\inclusion_121.jpg,inclusion_121.jpg,images,.jpg,8a441bf016f67aaa0f21112bfbd35a032f157df1869f5b97154063f527891151,False,,True,,development
data\NEU-CLS\train\train\images\inclusion_122.jpg,inclusion_122.jpg,images,.jpg,be11bdbb46072c78e354a3531e4370efb39780b56bc59cbe1b776f3986832919,False,,True,,development
data\NEU-CLS\train\train\images\inclusion_123.jpg,inclusion_123.jpg,images,.jpg,e5aa3842ea4186e83d97099d5c413fa7ce27296b1cacc374976547412f0d8f10,False,,True,,development
data\NEU-CLS\train\train\images\inclusion_124.jpg,inclusion_124.jpg,images,.jpg,97fa15032df6ad2d76d39216b2ffc67f672cb9d84d1dd1d5c8375565e75f4b02,False,,True,,development
data\NEU-CLS\train\train\images\inclusion_125.jpg,inclusion_125.jpg,images,.jpg,155cf4ea1d3586310a12fcfe9ed6df92b7bb7f02ed9b83434b65243d6d1eb24a,False,,True,,development
data\NEU-CLS\train\train\images\inclusion_126.jpg,inclusion_126.jpg,images,.jpg,8d4fd5282bca4cdcf7ba5996fa44924a89742990cbdbf7dfdc5056344dbfb2c1,False,,True,,development
data\NEU-CLS\train\train\images\inclusion_127.jpg,inclusion_127.jpg,images,.jpg,f5491face05957d5c441d52295f15e0d9b917ac2500cd84d8baa0f2d2c39f75f,False,,True,,development
data\NEU-CLS\train\train\images\inclusion_128.jpg,inclusion_128.jpg,images,.jpg,679ef3b3bbd5634a8083ec6e29530980d52bf139d98e2cea973f9ebe714272d8,False,,True,,development
data\NEU-CLS\train\train\images\inclusion_129.jpg,inclusion_129.jpg,images,.jpg,26b493e2bc04505e128c9a3d1f1b5ab4d248ffc9b50739848fa389cf07643b0b,False,,True,,development
data\NEU-CLS\train\train\images\inclusion_13.jpg,inclusion_13.jpg,images,.jpg,b7a8d1df8c1325f4d62076db47c1e08e42a38a7e19e4bf79a38bc98edffb8312,False,,True,,development
data\NEU-CLS\train\train\images\inclusion_130.jpg,inclusion_130.jpg,images,.jpg,7d1a7e9f9c8d77814ed0e7f1c64afdeb930f4107556ec754654ab679b28995c4,False,,True,,development
data\NEU-CLS\train\train\images\inclusion_131.jpg,inclusion_131.jpg,images,.jpg,121102528272c406ef04d6ed35dc09445581465c39bb3280d15dc9ef837b1fa0,False,,True,,test
data\NEU-CLS\train\train\images\inclusion_132.jpg,inclusion_132.jpg,images,.jpg,a999cd13bff0c4a30a879391da70c8f0a39894ae18ce905e3df58a28ae99468a,False,,True,,development
data\NEU-CLS\train\train\images\inclusion_133.jpg,inclusion_133.jpg,images,.jpg,5304fe6f94b65fa9ee8871e9b3f6d7cc279de4c3dc4802f8e314a0df60139d86,False,,True,,development
data\NEU-CLS\train\train\images\inclusion_134.jpg,inclusion_134.jpg,images,.jpg,56268a1aca392a04bb1a27cd6180614baa5bbcfe2cebbdd9f8e8dce64af9643f,False,,True,,development
data\NEU-CLS\train\train\images\inclusion_135.jpg,inclusion_135.jpg,images,.jpg,96a0fd79d5c8d6eab03b09e2331e258b931fd1b4523668b5b49f8ab69075ce67,False,,True,,development
data\NEU-CLS\train\train\images\inclusion_136.jpg,inclusion_136.jpg,images,.jpg,e3f794540ebe533da72cf1066ed395705d0d46013911015619477d01a5123aa6,False,,True,,development
data\NEU-CLS\train\train\images\inclusion_137.jpg,inclusion_137.jpg,images,.jpg,83e36ce6a0c6c52df50800121a1f786b0b5006a0af5034bcbb64f76feb3a1a02,False,,True,,development
data\NEU-CLS\train\train\images\inclusion_138.jpg,inclusion_138.jpg,images,.jpg,adba4d9671f1e57d2360ac94f566fce3c56c531ea69921530d71c251a643ee6e,False,,True,,test
data\NEU-CLS\train\train\images\inclusion_139.jpg,inclusion_139.jpg,images,.jpg,916b7498706c9af4adfdaf71e8c10a0611699328cfa2d44003fc089c38385b5b,False,,True,,development
data\NEU-CLS\train\train\images\inclusion_14.jpg,inclusion_14.jpg,images,.jpg,3e5d44a4bd16a2674b3365eab98670cbce42be701f6215e13e32cc2d1dd74b66,False,,True,,development
data\NEU-CLS\train\train\images\inclusion_140.jpg,inclusion_140.jpg,images,.jpg,39b0022061709787cf48658c6fb8dd15731e66c4610fe9d75712366d74a2a7ae,False,,True,,development
data\NEU-CLS\train\train\images\inclusion_141.jpg,inclusion_141.jpg,images,.jpg,84a06d731f725be3d828a132c4a5af91d30a4c04e9ba1ab1129d44fef35066c9,False,,True,,development
data\NEU-CLS\train\train\images\inclusion_142.jpg,inclusion_142.jpg,images,.jpg,3ea22fcbc9559df0c49efd5c847dc1b8e2bac974845996bcfdca20013aa22572,False,,True,,development
data\NEU-CLS\train\train\images\inclusion_143.jpg,inclusion_143.jpg,images,.jpg,32e8bd39347f2d1d039aec781076f7a096afd5a80df15958abfbfa59e40cefaf,False,,True,,test
data\NEU-CLS\train\train\images\inclusion_144.jpg,inclusion_144.jpg,images,.jpg,8aa78a39a516fda6f89c9ff12162e9eac95f09f2e308436b84c561ad64579f52,False,,True,,development
data\NEU-CLS\train\train\images\inclusion_145.jpg,inclusion_145.jpg,images,.jpg,bd928a997d31ef67da19b3fb130b504e198e0687dd5ab5adaf5f1d888f2b9f95,False,,True,,test
data\NEU-CLS\train\train\images\inclusion_146.jpg,inclusion_146.jpg,images,.jpg,a6df6483c6af20b75a4833e3727863820153949d6c9a9a85903846571925ca00,False,,True,,development
data\NEU-CLS\train\train\images\inclusion_147.jpg,inclusion_147.jpg,images,.jpg,87066da067983f42d34b65bcf8daf90f8a88081805eb83190cefffd587e55528,False,,True,,development
data\NEU-CLS\train\train\images\inclusion_148.jpg,inclusion_148.jpg,images,.jpg,08fadc55bbfc38e5b1bfb98edf6647e8071a03b440d905a4b5a075ea8e20c7ec,False,,True,,development
data\NEU-CLS\train\train\images\inclusion_149.jpg,inclusion_149.jpg,images,.jpg,ce474a3f31f2970dbe9c0ffdca8450df075601d75043a5f3443be5b8eb35f907,False,,True,,development
data\NEU-CLS\train\train\images\inclusion_15.jpg,inclusion_15.jpg,images,.jpg,d97cf69a0e573de757e2eaaaa35451f9121242ce528a872b6e38927feb537fb8,False,,True,,development
data\NEU-CLS\train\train\images\inclusion_150.jpg,inclusion_150.jpg,images,.jpg,d1c6327a8e25505b2fc0d78a7a4acfd6a178d33bd57153c4ad19cde34151b073,False,,True,,development
data\NEU-CLS\train\train\images\inclusion_151.jpg,inclusion_151.jpg,images,.jpg,2f54b0fd9e6dc52ffcc99a6b21a9ea87ea2c2f87bdc1004cb65f9a6ec4fe9fe8,False,,True,,development
data\NEU-CLS\train\train\images\inclusion_152.jpg,inclusion_152.jpg,images,.jpg,b001742d109eaca3abdbcda69c81e660f07eb26b687e98f13cafda10656d5b49,False,,True,,development
data\NEU-CLS\train\train\images\inclusion_153.jpg,inclusion_153.jpg,images,.jpg,45d7514244ee1334c276973371a33bf1d5791ba3ee8548a19ed996ecc4279bf5,False,,True,,development
data\NEU-CLS\train\train\images\inclusion_154.jpg,inclusion_154.jpg,images,.jpg,93ced17f4532f10811fe84d12c5b7c366e778f5f1cde4da0923be991d10a2305,False,,True,,development
data\NEU-CLS\train\train\images\inclusion_155.jpg,inclusion_155.jpg,images,.jpg,c5858265ba4571fe22ec933cb3e43d91742f98e57d39a2a7c36734b1a140ff5e,False,,True,,development
data\NEU-CLS\train\train\images\inclusion_156.jpg,inclusion_156.jpg,images,.jpg,ff382e577013e3c6ed9c2edb09ca4a2fa01c9dc7b2c6926577136b72bd0f8f31,False,,True,,development
data\NEU-CLS\train\train\images\inclusion_157.jpg,inclusion_157.jpg,images,.jpg,43a920eaf92b342c118b81d1cb5d9996dc73bb2ecbcad3ad2ea69c7f61c8d271,False,,True,,development
data\NEU-CLS\train\train\images\inclusion_158.jpg,inclusion_158.jpg,images,.jpg,1708c782c65037a4e1002c179ec593782fcd4f0b086a5cac0ffd573ef58dc7a4,False,,True,,development
data\NEU-CLS\train\train\images\inclusion_159.jpg,inclusion_159.jpg,images,.jpg,334f175f1c20608fe83aca78b84d5e5e174f0faf0e2f0d573a94a58b7978734f,False,,True,,development
data\NEU-CLS\train\train\images\inclusion_16.jpg,inclusion_16.jpg,images,.jpg,1ff85f67c5d902bf00a37895e4ea86ca2a49bb1c452fa9fc44d0431f154a3940,False,,True,,development
data\NEU-CLS\train\train\images\inclusion_160.jpg,inclusion_160.jpg,images,.jpg,1d313b57bc9d79f93550317dbd2a783a94c718c5a59e60953430655b8a2804f7,False,,True,,development
data\NEU-CLS\train\train\images\inclusion_161.jpg,inclusion_161.jpg,images,.jpg,a4cd53d1d2e625c7af5487dfe0710b0b731e5fa84a4f32e2942b2db49286c02a,False,,True,,development
data\NEU-CLS\train\train\images\inclusion_162.jpg,inclusion_162.jpg,images,.jpg,f759a7280dbeb3ac000845c90d2f5d9d0324330c543dcfe23771fa3ff550fe69,False,,True,,development
data\NEU-CLS\train\train\images\inclusion_163.jpg,inclusion_163.jpg,images,.jpg,0c18abd9ca29890c846e8f8515ea5b676f927333169180b02c83cfe0fd258d00,False,,True,,development
data\NEU-CLS\train\train\images\inclusion_164.jpg,inclusion_164.jpg,images,.jpg,99bca7b247dbf186658ebcf83f5746b579a48b6c80ac6dcc2e9abdb38cc6ae7c,False,,True,,development
data\NEU-CLS\train\train\images\inclusion_165.jpg,inclusion_165.jpg,images,.jpg,c58092575544dd1697cbe20f5b87b7e45bb1234a5cceb7d0b3399aa786272d72,False,,True,,development
data\NEU-CLS\train\train\images\inclusion_166.jpg,inclusion_166.jpg,images,.jpg,6ab19736190e97e57643404649b0ed3d2cb75ab6bc66f1c2bece67d888458573,False,,True,,development
data\NEU-CLS\train\train\images\inclusion_167.jpg,inclusion_167.jpg,images,.jpg,5010d4ddf544bbf92f607d8d52659978e1d4c9aab299a222304ce8a5807c3fa1,False,,True,,development
data\NEU-CLS\train\train\images\inclusion_168.jpg,inclusion_168.jpg,images,.jpg,993844e1b0fc263877c6b0be51967d55e3f58dfab3774cdc4fa4576e811e0001,False,,True,,development
data\NEU-CLS\train\train\images\inclusion_169.jpg,inclusion_169.jpg,images,.jpg,e4936ff375f3bc21a1b7e43c9a0ecce642b1e603ee33d53231b065b458c77d0b,False,,True,,development
data\NEU-CLS\train\train\images\inclusion_17.jpg,inclusion_17.jpg,images,.jpg,87581da8b895c19669fe724b00b2180dd183fec337a3af9e0b88d574dba7e66f,False,,True,,development
data\NEU-CLS\train\train\images\inclusion_170.jpg,inclusion_170.jpg,images,.jpg,257c47ee8cb4152c4541ba6bad002a52f9de6cd65f20de0d6067fe55ff18b853,False,,True,,development
data\NEU-CLS\train\train\images\inclusion_171.jpg,inclusion_171.jpg,images,.jpg,abdc50d7591e7dcdb26660803594aa3dcf81c48fbf52b5b8f46a3c2250e2f276,False,,True,,development
data\NEU-CLS\train\train\images\inclusion_172.jpg,inclusion_172.jpg,images,.jpg,aa18ffe8e33f56dddfd1b88fd54e89aeeff1983c71b9f325c6baa021320c185c,False,,True,,development
data\NEU-CLS\train\train\images\inclusion_173.jpg,inclusion_173.jpg,images,.jpg,709e3ad3e08c8b75d794df22678327ed67c1683eb2d66d88342621cb6df3a871,False,,True,,development
data\NEU-CLS\train\train\images\inclusion_174.jpg,inclusion_174.jpg,images,.jpg,e7904a51bc0734dfb82dbe02ad4deb759942fe04dc918de1d1decde464a7e367,False,,True,,development
data\NEU-CLS\train\train\images\inclusion_175.jpg,inclusion_175.jpg,images,.jpg,f57dca12b473803c71d29d3450367083fa6b7da91370a3bea73b951d6914a3c8,False,,True,,test
data\NEU-CLS\train\train\images\inclusion_176.jpg,inclusion_176.jpg,images,.jpg,27dbfca58b88c6317b60ffac4c27d61c14e8a3d6b78aca99ed4045009ba4ef9b,False,,True,,test
data\NEU-CLS\train\train\images\inclusion_177.jpg,inclusion_177.jpg,images,.jpg,bfe34c1cf0883fb91bbb6c8f91c39f0fa174e3f3f566b6ddee04786764f546d2,False,,True,,development
data\NEU-CLS\train\train\images\inclusion_178.jpg,inclusion_178.jpg,images,.jpg,bf168cf60edf6b98da2946fea9f2eae33c8a3d8f7c1127bd0b83fe01b1e703e2,False,,True,,development
data\NEU-CLS\train\train\images\inclusion_179.jpg,inclusion_179.jpg,images,.jpg,d2332e2fe067d2143cd44ea60dd023bf5311a74617b761eaa197096cbe0479b3,False,,True,,development
data\NEU-CLS\train\train\images\inclusion_18.jpg,inclusion_18.jpg,images,.jpg,c1c54814ecaf2bf4f6d84aaf5c744fb648dc3c8323c3b0cfe1bd9f55df20788b,False,,True,,development
data\NEU-CLS\train\train\images\inclusion_180.jpg,inclusion_180.jpg,images,.jpg,d3c5b0f3abcf8c4b8ac9e2ebb5b32dfa2fe9e1f588ffb71562a73492901902b8,False,,True,,test
data\NEU-CLS\train\train\images\inclusion_181.jpg,inclusion_181.jpg,images,.jpg,0aaf882e14c80680751a9dee49bc7120a1e78bd270b797535275dd4f40d0e075,False,,True,,test
data\NEU-CLS\train\train\images\inclusion_182.jpg,inclusion_182.jpg,images,.jpg,63a2bac652e184372820aa13360ec1595ac8e4ea3ae9242f75ddac79f395c582,False,,True,,development
data\NEU-CLS\train\train\images\inclusion_183.jpg,inclusion_183.jpg,images,.jpg,a757f09c4119e5429c9b17381e528a6c52a094856387ea26a7249b0dac43eef6,False,,True,,test
data\NEU-CLS\train\train\images\inclusion_184.jpg,inclusion_184.jpg,images,.jpg,bd12f5787eea047e32b3873e3b0dda4cc12bdfef9a9fee6c4086cde1acfabbb7,False,,True,,development
data\NEU-CLS\train\train\images\inclusion_185.jpg,inclusion_185.jpg,images,.jpg,044e6041678c98a6ea41fdb7da1eadd75fd29ced0c8f538b43a663d42910f10b,False,,True,,development
data\NEU-CLS\train\train\images\inclusion_186.jpg,inclusion_186.jpg,images,.jpg,01d2800e361e3ac79a3a8b07647fe17813559b47f40235c6d12ab29596e6d35d,False,,True,,development
data\NEU-CLS\train\train\images\inclusion_187.jpg,inclusion_187.jpg,images,.jpg,b50fde7cffeeb0d207aa54bbab64f3a22c387042392c25a4c3a24b5d47c6b6a2,False,,True,,test
data\NEU-CLS\train\train\images\inclusion_188.jpg,inclusion_188.jpg,images,.jpg,15bf876da4e1fab29aef9ec5509c8a35a2d6db00f025a061fc33d1baaa460721,False,,True,,test
data\NEU-CLS\train\train\images\inclusion_189.jpg,inclusion_189.jpg,images,.jpg,be2f6c38b05bcb93ada47d50aa0abe2ff4d0cf9ddb7b9a0eb60310ee2cae51d6,False,,True,,development
data\NEU-CLS\train\train\images\inclusion_19.jpg,inclusion_19.jpg,images,.jpg,616a573f0334ba53b23e18b7861df0e7017c2a28492b368f46ad1ffa39f1fd57,False,,True,,development
data\NEU-CLS\train\train\images\inclusion_190.jpg,inclusion_190.jpg,images,.jpg,9b6a8769184e5b4fee387653ec7c2843b3fba233059c1914a0746fbcc1d9e5bb,False,,True,,development
data\NEU-CLS\train\train\images\inclusion_191.jpg,inclusion_191.jpg,images,.jpg,e9ecee694c4e4f78c234679f04f199bf2711599a59a22efc4b87af4ce7962e7c,False,,True,,development
data\NEU-CLS\train\train\images\inclusion_192.jpg,inclusion_192.jpg,images,.jpg,150a6917674ff35cc2bae745a3275a26839178074323a08d0ef0bc7360688463,False,,True,,test
data\NEU-CLS\train\train\images\inclusion_193.jpg,inclusion_193.jpg,images,.jpg,12f915d6f44c1366132a023c00ed8d932320f8777301705087f784ed2b5c8fa7,False,,True,,development
data\NEU-CLS\train\train\images\inclusion_194.jpg,inclusion_194.jpg,images,.jpg,55073f4ed8e7f803cb1412ad27e998fc4c59ccc5476597114703ee9210cc994f,False,,True,,development
data\NEU-CLS\train\train\images\inclusion_195.jpg,inclusion_195.jpg,images,.jpg,788bea257894ff1be02820f29d5b4d71b8618189615a989db9122c64cf14fb07,False,,True,,test
data\NEU-CLS\train\train\images\inclusion_196.jpg,inclusion_196.jpg,images,.jpg,3065bc0d2a74672b529bd3862b08d598bbc2e40c08842db33df83d6c5f72d215,False,,True,,test
data\NEU-CLS\train\train\images\inclusion_197.jpg,inclusion_197.jpg,images,.jpg,38d33f3610b6897a49b7f2277689fc1a92619f25d621c31808decb08848ff2f1,False,,True,,test
data\NEU-CLS\train\train\images\inclusion_198.jpg,inclusion_198.jpg,images,.jpg,6da68748488c972257aed5deffb37c06845808490dee0c92d0c3b680a7d0e850,False,,True,,test
data\NEU-CLS\train\train\images\inclusion_199.jpg,inclusion_199.jpg,images,.jpg,1a94db598829589f75908a2dffd07030d76f3304606dfe7794e7204926384949,False,,True,,development
data\NEU-CLS\train\train\images\inclusion_20.jpg,inclusion_20.jpg,images,.jpg,ded73e4967cc83fb26ceb01b84eeb6cd27157029a82cec6ac96014ed802167d8,False,,True,,development
data\NEU-CLS\train\train\images\inclusion_200.jpg,inclusion_200.jpg,images,.jpg,25ff4fddec2e56e41ec1589fee3739f0b9166c858a1eb33ac51090d75b352bce,False,,True,,test
data\NEU-CLS\train\train\images\inclusion_201.jpg,inclusion_201.jpg,images,.jpg,1d7ffba898128163002177abf22766d368700f6504f4273db2481835d247bd14,False,,True,,development
data\NEU-CLS\train\train\images\inclusion_202.jpg,inclusion_202.jpg,images,.jpg,c9ae789533f168d6d93ff866072d605e6612915396ef56aa6e9c77876a3a102e,False,,True,,development
data\NEU-CLS\train\train\images\inclusion_203.jpg,inclusion_203.jpg,images,.jpg,b840d901af6bf20738486500037931a6c0e8b331f0a8022bf3fa846570aa116c,False,,True,,development
data\NEU-CLS\train\train\images\inclusion_204.jpg,inclusion_204.jpg,images,.jpg,16effdf1bcb08b21d5bea1d9d5a659d905951fb721b16e65261ca7d64a2d40b9,False,,True,,development
data\NEU-CLS\train\train\images\inclusion_205.jpg,inclusion_205.jpg,images,.jpg,e5b195d4dae57206a538f2213c1cb94a6bcb5ddd66790b39ae03391eaf8f8fbc,False,,True,,development
data\NEU-CLS\train\train\images\inclusion_206.jpg,inclusion_206.jpg,images,.jpg,e925ccd5afe370eae3a6513a3e6e3f8c6ee11c43d8e5c8c4a00c8fda09e1d512,False,,True,,development
data\NEU-CLS\train\train\images\inclusion_207.jpg,inclusion_207.jpg,images,.jpg,7512debcf6fc4857fcb2d42326c6787e227e59f819425dfd50dcb2fba37d37cc,False,,True,,development
data\NEU-CLS\train\train\images\inclusion_208.jpg,inclusion_208.jpg,images,.jpg,8dac05de84c8383bbf18eccd6e4434d12d0a924e58eb74cb8650141fde74d599,False,,True,,development
data\NEU-CLS\train\train\images\inclusion_209.jpg,inclusion_209.jpg,images,.jpg,208c94c15ca21363b31067979f1a7e215262ffa61bf45374aa1683c8dd939083,False,,True,,development
data\NEU-CLS\train\train\images\inclusion_21.jpg,inclusion_21.jpg,images,.jpg,fc3d9a98b5a93305aa7ffb438c6de65e66e4f34e81020944cd90328a4d712090,False,,True,,development
data\NEU-CLS\train\train\images\inclusion_210.jpg,inclusion_210.jpg,images,.jpg,722df1d6a537db019f7bc0cbf839edda12fa08f9debec9e81e37df0b4496ce65,False,,True,,development
data\NEU-CLS\train\train\images\inclusion_211.jpg,inclusion_211.jpg,images,.jpg,1500a2dd882ede87ee5c3e0b48ec03f247d6072d51ead9924d63a10ad25cf03f,False,,True,,test
data\NEU-CLS\train\train\images\inclusion_212.jpg,inclusion_212.jpg,images,.jpg,3b7e5c4031b950e6f198321c3746895dc30ba0442c0bcea34a7e257ae56b2987,False,,True,,development
data\NEU-CLS\train\train\images\inclusion_213.jpg,inclusion_213.jpg,images,.jpg,4a3e4b850316da72a5aed186b33c93305740253df78f830c16aebe44e0e16e9b,False,,True,,development
data\NEU-CLS\train\train\images\inclusion_214.jpg,inclusion_214.jpg,images,.jpg,900b3af488116eb8dc24da60180598a497c4338fd72d1b0065b8ce8194ef5988,False,,True,,development
data\NEU-CLS\train\train\images\inclusion_215.jpg,inclusion_215.jpg,images,.jpg,a5fe8af5a90c4ed816914375bf77ee49b4a2840022523cbe59f15e045f3acdf3,False,,True,,development
data\NEU-CLS\train\train\images\inclusion_216.jpg,inclusion_216.jpg,images,.jpg,8e5dd324e45046e19a7db5111b54ff15510161f288f6b996d15bf2eb28b00e73,False,,True,,development
data\NEU-CLS\train\train\images\inclusion_217.jpg,inclusion_217.jpg,images,.jpg,e40821c51a341286572663cbba1159e7efe8a7cd729c763a5c439d851e6a9c77,False,,True,,development
data\NEU-CLS\train\train\images\inclusion_218.jpg,inclusion_218.jpg,images,.jpg,26a96e68851c910ba49738157d5e5ac8b5ab6c1fe776de2647f443e8e36f88d7,False,,True,,development
data\NEU-CLS\train\train\images\inclusion_219.jpg,inclusion_219.jpg,images,.jpg,50cf3517b529e47d4c1dd74921d6ec9bd7c6530e0afdaf70ccd05c29b90a5f49,False,,True,,development
data\NEU-CLS\train\train\images\inclusion_22.jpg,inclusion_22.jpg,images,.jpg,9879e0ccbe89389e88f8b8ed320f5f7b20ad0eeaa817a55431dd4e55db1902d7,False,,True,,development
data\NEU-CLS\train\train\images\inclusion_220.jpg,inclusion_220.jpg,images,.jpg,d84460af1a06a7ecf8761192044de1ec0723dee2143bc5dd9a1e64171b2d14f8,False,,True,,development
data\NEU-CLS\train\train\images\inclusion_221.jpg,inclusion_221.jpg,images,.jpg,20f3b47345589e838fa0c942b95fd8f75ece7b1be6909acb3c4cd58edfbc368e,False,,True,,development
data\NEU-CLS\train\train\images\inclusion_222.jpg,inclusion_222.jpg,images,.jpg,d589f433204f5f9bc298a210a9473a5c87eee136d15b493dfb61e185f389fd7d,False,,True,,development
data\NEU-CLS\train\train\images\inclusion_223.jpg,inclusion_223.jpg,images,.jpg,a3491c40b1182bfa8e0584efefc0a4513814dd8169f79fb054ca3e77818c8f25,False,,True,,development
data\NEU-CLS\train\train\images\inclusion_224.jpg,inclusion_224.jpg,images,.jpg,6058d7ef1984735335046fa8c73fd9c4d9bef0b680e5c66b6ff0419ec0c7ccd1,False,,True,,development
data\NEU-CLS\train\train\images\inclusion_225.jpg,inclusion_225.jpg,images,.jpg,0b3e713521a07d8074214175c96692a61e5f29e10c8d150e6095a48b2da271f9,False,,True,,development
data\NEU-CLS\train\train\images\inclusion_226.jpg,inclusion_226.jpg,images,.jpg,c638b74f0dbc79994f93a558c9fa716dc8d6c5e05881553060f6b7efaf39eed2,False,,True,,development
data\NEU-CLS\train\train\images\inclusion_227.jpg,inclusion_227.jpg,images,.jpg,0eb6e04979f48f5e325633dee54162a4a724f5fe6d4ffca9edff000917b615ca,False,,True,,development
data\NEU-CLS\train\train\images\inclusion_228.jpg,inclusion_228.jpg,images,.jpg,b4113a4f6c021f81f12f160a617273c98ab3a5d45046f2185de11632d7dd9c83,False,,True,,development
data\NEU-CLS\train\train\images\inclusion_229.jpg,inclusion_229.jpg,images,.jpg,ca68d1569d0181418d9abd00a3568db2a8cbf7af1813b5beccc99f432f8db560,False,,True,,test
data\NEU-CLS\train\train\images\inclusion_23.jpg,inclusion_23.jpg,images,.jpg,0488dd21d5ea64366bf55529ed2cf05ede3b19821d82c6903f3a1bfc863792df,False,,True,,development
data\NEU-CLS\train\train\images\inclusion_230.jpg,inclusion_230.jpg,images,.jpg,6e55505a3c2d7e044fcd9c1592fdcc1260ad213f916afa551a8625c99d886b58,False,,True,,development
data\NEU-CLS\train\train\images\inclusion_231.jpg,inclusion_231.jpg,images,.jpg,c0be442399f4699c3923f943958dbbdddd43f5c2a667f83da79c0b0652bd79e4,False,,True,,development
data\NEU-CLS\train\train\images\inclusion_232.jpg,inclusion_232.jpg,images,.jpg,53eec1389bb21d3630924236f200c8a3a0600763a34ef69bd4f92bd0c4e45b51,False,,True,,test
data\NEU-CLS\train\train\images\inclusion_233.jpg,inclusion_233.jpg,images,.jpg,b623a1f88d2a7437eee86af7bd73b27456056775b4394694d6ebc331fe5f02bf,False,,True,,development
data\NEU-CLS\train\train\images\inclusion_234.jpg,inclusion_234.jpg,images,.jpg,c1ece08822cb134c2bdc981d2ab3b79ebc4fc06108877fdbc0bb9e6ef4bcaa2b,False,,True,,development
data\NEU-CLS\train\train\images\inclusion_235.jpg,inclusion_235.jpg,images,.jpg,25a0ae931457ddc495dacbc038fee25b864c3edd07cce19f13674f2bbe14623b,False,,True,,development
data\NEU-CLS\train\train\images\inclusion_236.jpg,inclusion_236.jpg,images,.jpg,fbfbacb788ef4f9f954bdc1da938c3fae6ecf9ab973f9bbb7f2eb20b0b282a0b,False,,True,,development
data\NEU-CLS\train\train\images\inclusion_237.jpg,inclusion_237.jpg,images,.jpg,301e2a0bc4c7b465bbd4dcc282c4053f5433bd56e1f63166fc752a217978ba26,False,,True,,development
data\NEU-CLS\train\train\images\inclusion_238.jpg,inclusion_238.jpg,images,.jpg,8a04962fa7fa2fab2ee030691eabe58abfd1a949a62cb94d1668027eebabfbb5,False,,True,,development
data\NEU-CLS\train\train\images\inclusion_239.jpg,inclusion_239.jpg,images,.jpg,321b16bf72aa45ae7ff393757ed1b4b608e1a71be81ad34bbd92af46bc8e059a,False,,True,,development
data\NEU-CLS\train\train\images\inclusion_24.jpg,inclusion_24.jpg,images,.jpg,bee1ef7420c6f45fdc2a6e20d96a6ab30a8c22e158c7113d251c31cab436d336,False,,True,,development
data\NEU-CLS\train\train\images\inclusion_240.jpg,inclusion_240.jpg,images,.jpg,f9f4b2365d0af5b80cc7e4ff3db9209e599884c89aa70d789618578a90244ff3,False,,True,,development
data\NEU-CLS\train\train\images\inclusion_241.jpg,inclusion_241.jpg,images,.jpg,5af978330766fcf9acd3823e99bcac51352dcb5315f0e2d9d39109120c60ddc8,False,,True,,development
data\NEU-CLS\train\train\images\inclusion_242.jpg,inclusion_242.jpg,images,.jpg,2e604be637f1bebbbb211ebf72e04feb17c14fda5e5135fb7e2e6fc5cf96d1d0,False,,True,,test
data\NEU-CLS\train\train\images\inclusion_243.jpg,inclusion_243.jpg,images,.jpg,bc912fa169b782795d9cca21f50b8e9c991147d964fed06a146cf6a07e056a4b,False,,True,,development
data\NEU-CLS\train\train\images\inclusion_244.jpg,inclusion_244.jpg,images,.jpg,5e648e4d5c5c8f4bd19bfb7b0304addcf2ac408c9478601509fee08eb4561972,False,,True,,development
data\NEU-CLS\train\train\images\inclusion_245.jpg,inclusion_245.jpg,images,.jpg,5b0acd8274705c0c8a79c57d3465b7c97e263f4e0f5715d92a001c6ce7092900,False,,True,,test
data\NEU-CLS\train\train\images\inclusion_246.jpg,inclusion_246.jpg,images,.jpg,5da6a636813c7b68b0d740874ca6bc7ea03124b6e69c7a4f4b09df51361c16cb,False,,True,,development
data\NEU-CLS\train\train\images\inclusion_247.jpg,inclusion_247.jpg,images,.jpg,5cc7d9256d647c16830ee1ddc4fc57c2fc0b90ed259961da7ebe2ba219252e84,False,,True,,development
data\NEU-CLS\train\train\images\inclusion_248.jpg,inclusion_248.jpg,images,.jpg,bdc1619098be2940f365b1ebd7da6a1ce81983c5840be386ae15d00fc77ee89a,False,,True,,development
data\NEU-CLS\train\train\images\inclusion_249.jpg,inclusion_249.jpg,images,.jpg,9dc3e60e59bf1db44db73f55031bc44c97dc663241b343dfb4109d15f40247a2,False,,True,,test
data\NEU-CLS\train\train\images\inclusion_25.jpg,inclusion_25.jpg,images,.jpg,12364ff0521a417eb27bb5504a6698849a5e45810d5a60055368d69034c6122c,False,,True,,development
data\NEU-CLS\train\train\images\inclusion_250.jpg,inclusion_250.jpg,images,.jpg,5ef5d6fccd6032f3ca4d2026eb0b98199436f7e280b58e95b5b1a5fff4f2288a,False,,True,,development
data\NEU-CLS\train\train\images\inclusion_251.jpg,inclusion_251.jpg,images,.jpg,34ff2376988c4f420ecf434de2b2c3d98f2c23ebbda0ba87c87797f64bfa3a66,False,,True,,development
data\NEU-CLS\train\train\images\inclusion_252.jpg,inclusion_252.jpg,images,.jpg,bf6d4b109becbcdb13b22dbde18ebceba0082e58227bb671c65e40e71c087a65,False,,True,,test
data\NEU-CLS\train\train\images\inclusion_253.jpg,inclusion_253.jpg,images,.jpg,78720df6afaf5d771b71cabdb7009856de535560351867d55380e69ab8cf5749,False,,True,,development
data\NEU-CLS\train\train\images\inclusion_254.jpg,inclusion_254.jpg,images,.jpg,236100869b6ec735343d8044489064f9f30e82bc0d07408c3923fbcc7de6c254,False,,True,,development
data\NEU-CLS\train\train\images\inclusion_255.jpg,inclusion_255.jpg,images,.jpg,aa1149e239a31e679e30cc8b54cb5e7891f110ad1befdf8530cef58a206d4188,False,,True,,test
data\NEU-CLS\train\train\images\inclusion_256.jpg,inclusion_256.jpg,images,.jpg,f6a08b773749caf1435416d99fe25457a4cb1fb2a1baf6cd2ba63fe05c616b3c,False,,True,,development
data\NEU-CLS\train\train\images\inclusion_257.jpg,inclusion_257.jpg,images,.jpg,e276da9fa99083be544b0ac21a958e1754e3ef80598c0f5756dcd7d3786c4745,False,,True,,development
data\NEU-CLS\train\train\images\inclusion_258.jpg,inclusion_258.jpg,images,.jpg,207faafef30696c821b5e605cf299f4a75d8d9f0adc8d03c3de9140c04a6da08,False,,True,,test
data\NEU-CLS\train\train\images\inclusion_259.jpg,inclusion_259.jpg,images,.jpg,fa31cbdd9952ac4f904db477f5ee7e173c3238b2bd064cfe15c9eb003f69fb43,False,,True,,development
data\NEU-CLS\train\train\images\inclusion_26.jpg,inclusion_26.jpg,images,.jpg,ed21ac756ad80d8649b7c1ffe8be98c9a9a309d6d21bd036e87e7e7c34c93443,False,,True,,development
data\NEU-CLS\train\train\images\inclusion_260.jpg,inclusion_260.jpg,images,.jpg,f78638a524ae537623c5ebfb32f8499c55088720bf0054cf7de495441f40d423,False,,True,,test
data\NEU-CLS\train\train\images\inclusion_261.jpg,inclusion_261.jpg,images,.jpg,efe10fb4f77ce8af5093e941097b9473201b7b797bbdd40a96ee8fba4f715724,False,,True,,development
data\NEU-CLS\train\train\images\inclusion_262.jpg,inclusion_262.jpg,images,.jpg,a7ce7f9929c6a524442a6e6373580912b8d0193b0609c965553898606052fdff,False,,True,,test
data\NEU-CLS\train\train\images\inclusion_263.jpg,inclusion_263.jpg,images,.jpg,f3c2363177cccfc7bce51d78484f54ae42db54a2ad878b1479c5d0d0e2960872,False,,True,,development
data\NEU-CLS\train\train\images\inclusion_264.jpg,inclusion_264.jpg,images,.jpg,73e0e76bef45d9cacef8485f13c73dd2aecaaf04685bbac11646583ee769825d,False,,True,,development
data\NEU-CLS\train\train\images\inclusion_265.jpg,inclusion_265.jpg,images,.jpg,d1b022534e4ec2c3c12fc86ed3120a39510845ebd12212d8a31abfc56ede086c,False,,True,,development
data\NEU-CLS\train\train\images\inclusion_266.jpg,inclusion_266.jpg,images,.jpg,cbecbb02e9949bb63a03e790317c872f30ec5f8e37db6ab8ca96c9d23faabd47,False,,True,,development
data\NEU-CLS\train\train\images\inclusion_267.jpg,inclusion_267.jpg,images,.jpg,6cfdc2541251da0ce97c64abdfba7fa7934d4f6b572bb4d98782abb5765864c4,False,,True,,development
data\NEU-CLS\train\train\images\inclusion_268.jpg,inclusion_268.jpg,images,.jpg,a84b3716b2f7effc2243206de8dafa6874fd19f56b451773aef371c76e6f3a28,False,,True,,development
data\NEU-CLS\train\train\images\inclusion_269.jpg,inclusion_269.jpg,images,.jpg,4b1084c0834d5b10be64fedf6e6b61cbc8673b8a8f8d420eadd6c116fcdf463a,False,,True,,development
data\NEU-CLS\train\train\images\inclusion_27.jpg,inclusion_27.jpg,images,.jpg,15baf7fe4860f24a2dab40d16fec6d9ad7ab44b17d87859726323969dd631dd9,False,,True,,development
data\NEU-CLS\train\train\images\inclusion_270.jpg,inclusion_270.jpg,images,.jpg,3c3e1d109a401b6cb4abeaa4da07bf3d621794041c8b02e80768282614f5073a,False,,True,,development
data\NEU-CLS\train\train\images\inclusion_271.jpg,inclusion_271.jpg,images,.jpg,48487d8742cb496db2f311a7e71f64c295977a62f329faa9720e7a73d5585375,False,,True,,test
data\NEU-CLS\train\train\images\inclusion_272.jpg,inclusion_272.jpg,images,.jpg,c15071996140e92cf42aedc58a27e178a20c3f592dbbf62f9bcc18a9ebdfdbdc,False,,True,,development
data\NEU-CLS\train\train\images\inclusion_273.jpg,inclusion_273.jpg,images,.jpg,e913ec752513deb8cbe6d87432e9314b2a5d41aef881c909180a8f6fc353d1ce,False,,True,,development
data\NEU-CLS\train\train\images\inclusion_274.jpg,inclusion_274.jpg,images,.jpg,b5b5718577b5522fedde36f8e22811226cb305fab86541b391b551068998608c,False,,True,,development
data\NEU-CLS\train\train\images\inclusion_275.jpg,inclusion_275.jpg,images,.jpg,6c466e7953b1c97b20163b6d69b1e895b92f050219e7d1653ac30b86230f1d1f,False,,True,,test
data\NEU-CLS\train\train\images\inclusion_276.jpg,inclusion_276.jpg,images,.jpg,45ed75a4a0b57ccc34b0e27282153a856920353ae075168aea91ff2c5103c26d,False,,True,,development
data\NEU-CLS\train\train\images\inclusion_277.jpg,inclusion_277.jpg,images,.jpg,ccb16c05fb1c4e6bacd347363e37a7abdbde9d19542f3f25366631ec0380ee36,False,,True,,development
data\NEU-CLS\train\train\images\inclusion_278.jpg,inclusion_278.jpg,images,.jpg,c8e8a4a7e4f73be0dc85a31a112b09e953f98a2760f0fa60ccabeffb1b5006d8,False,,True,,development
data\NEU-CLS\train\train\images\inclusion_279.jpg,inclusion_279.jpg,images,.jpg,94a38ea1934412a178570519e0d1c42f7bd5e848c46be510c52e4accaad9c2dd,False,,True,,test
data\NEU-CLS\train\train\images\inclusion_28.jpg,inclusion_28.jpg,images,.jpg,38bc145c261f094ce9af5c51a8126645b75584f768fc1d6ecfce63f4bf6aad04,False,,True,,development
data\NEU-CLS\train\train\images\inclusion_280.jpg,inclusion_280.jpg,images,.jpg,d12b66004f348638474b6cf7b299494e263963d9639cf250ac0f3fce96c6d437,False,,True,,development
data\NEU-CLS\train\train\images\inclusion_281.jpg,inclusion_281.jpg,images,.jpg,8ea45458a7691285a0c197399d2f2b19f1111cb7a3a7336c5dfc02c222fc5825,False,,True,,development
data\NEU-CLS\train\train\images\inclusion_282.jpg,inclusion_282.jpg,images,.jpg,7baa41a3a61051f22e5e99400ae072f8a9a359d41bc47dc6172ec3b76e9f7ca6,False,,True,,development
data\NEU-CLS\train\train\images\inclusion_283.jpg,inclusion_283.jpg,images,.jpg,20ab6fc6330d683b417404eb49dbc8b6932dcd159a9037c69cd130c12d75ee04,False,,True,,development
data\NEU-CLS\train\train\images\inclusion_284.jpg,inclusion_284.jpg,images,.jpg,4bd59750b701df9dcf8b7380309ef5fcb94d896aae4891b53abfcc1942df8ca2,False,,True,,development
data\NEU-CLS\train\train\images\inclusion_285.jpg,inclusion_285.jpg,images,.jpg,7e4866042e496e3e7af263172c498ff5a3d75584797ce827e4ad3dd869de43ea,False,,True,,development
data\NEU-CLS\train\train\images\inclusion_286.jpg,inclusion_286.jpg,images,.jpg,62525a1b2cae83b20f3a4b8c05ed577086492454adf18609e7fae5668551b87a,False,,True,,development
data\NEU-CLS\train\train\images\inclusion_287.jpg,inclusion_287.jpg,images,.jpg,aa4a04bfc65ad081a4165644e442ef1ce050501215dd1b83219ff2481b1a23e9,False,,True,,development
data\NEU-CLS\train\train\images\inclusion_288.jpg,inclusion_288.jpg,images,.jpg,6d738aa8d938af3847e17d260b5626e85152a55572dd2d2bfa3774e7e8a1a5a9,False,,True,,test
data\NEU-CLS\train\train\images\inclusion_289.jpg,inclusion_289.jpg,images,.jpg,ab9e9667fd3cd58c3b532936c69b4dbb117d5671334e5bcbaacb3722a22162ea,False,,True,,development
data\NEU-CLS\train\train\images\inclusion_29.jpg,inclusion_29.jpg,images,.jpg,818b2deae9ccf07d41c876d0b7372ca892a9813d331aedfa3e6e34ef693d6ba8,False,,True,,development
data\NEU-CLS\train\train\images\inclusion_290.jpg,inclusion_290.jpg,images,.jpg,f965707a2b7f4645df819d433fa24ed2e5affcb4e492b6b7154505fbb5136c8c,False,,True,,development
data\NEU-CLS\train\train\images\inclusion_291.jpg,inclusion_291.jpg,images,.jpg,ba590ecd26f874380ca45fd7e6f5bb9d5e9f135acec0745d69111b382d887f88,False,,True,,development
data\NEU-CLS\train\train\images\inclusion_292.jpg,inclusion_292.jpg,images,.jpg,7a688ec367df776ee3b1142d281f6abed8c81ea49bea2bd3d01f9c9ebc1ab993,False,,True,,development
data\NEU-CLS\train\train\images\inclusion_293.jpg,inclusion_293.jpg,images,.jpg,5cfae097f87a05dc4b1a6de558aa305f1820f75143e20bf286efb7128ae6342d,False,,True,,test
data\NEU-CLS\train\train\images\inclusion_294.jpg,inclusion_294.jpg,images,.jpg,cdf27f9337292c89f59b2e48c79ff16c1767df3864490a42b41d6f6aa32efe26,False,,True,,test
data\NEU-CLS\train\train\images\inclusion_295.jpg,inclusion_295.jpg,images,.jpg,c1233156b17a5bbaefc9700881b44fb512cc4ba12bf00b8718af00addb34f6b2,False,,True,,test
data\NEU-CLS\train\train\images\inclusion_296.jpg,inclusion_296.jpg,images,.jpg,b47270b2b088b4934f9e6b4a5f26de8805860d695deab4fdf5d437ee8c1a0b28,False,,True,,development
data\NEU-CLS\train\train\images\inclusion_297.jpg,inclusion_297.jpg,images,.jpg,cb9c3d5c69cb4c566781d0263b40e1290c44ddfb951a02b58a7945f956166390,False,,True,,development
data\NEU-CLS\train\train\images\inclusion_298.jpg,inclusion_298.jpg,images,.jpg,8b05aaa4648d3760f79e9d6805e2070c332f9648a9df7415533adcc17d9ecf3e,False,,True,,development
data\NEU-CLS\train\train\images\inclusion_299.jpg,inclusion_299.jpg,images,.jpg,c7e999cc03a2e6dcd3ba42fc9a21e3592bfa9f21f4cec7c4f602dd1d417f6a5c,False,,True,,development
data\NEU-CLS\train\train\images\inclusion_30.jpg,inclusion_30.jpg,images,.jpg,6472211d35f109b7697637359174f97800ecbaa0990a77f674bcd78a662b212f,False,,True,,development
data\NEU-CLS\train\train\images\inclusion_300.jpg,inclusion_300.jpg,images,.jpg,0aa52d34c0e0baf7e5288f54cb48307c5c76492081ba736cbbdea1edfb94c47b,False,,True,,development
data\NEU-CLS\train\train\images\inclusion_31.jpg,inclusion_31.jpg,images,.jpg,139571bd8aa1d6ccde3e7435a23440cf4641a68684a354b1fc7afbe540bcac24,False,,True,,development
data\NEU-CLS\train\train\images\inclusion_32.jpg,inclusion_32.jpg,images,.jpg,0dc574a58f0e017fdb612bfad855a50cea451a50b5ca15960f8b5e37fa40abb7,False,,True,,development
data\NEU-CLS\train\train\images\inclusion_33.jpg,inclusion_33.jpg,images,.jpg,38e21661768ed76f443f3ecfcfc009dfa3297870e30731bb1c3a16ee6babfabe,False,,True,,development
data\NEU-CLS\train\train\images\inclusion_34.jpg,inclusion_34.jpg,images,.jpg,82b8711bbdbd0339337db43a5964b53a522ba31c8b766941dca9299755c8f190,False,,True,,test
data\NEU-CLS\train\train\images\inclusion_35.jpg,inclusion_35.jpg,images,.jpg,10eac5c3d002ca0b4ae0955d6003da0226e73b0b9cf12b3d54a8153b8732d284,False,,True,,development
data\NEU-CLS\train\train\images\inclusion_36.jpg,inclusion_36.jpg,images,.jpg,03d0c7947ba20593012275692691070501daf9609168f2eaec15dae935dd5adf,False,,True,,development
data\NEU-CLS\train\train\images\inclusion_37.jpg,inclusion_37.jpg,images,.jpg,3af4243d7ebdcd2c2f7ab6c11abc1529395bbd9a1878a13f545c83df276f90a4,False,,True,,development
data\NEU-CLS\train\train\images\inclusion_38.jpg,inclusion_38.jpg,images,.jpg,6ed3dd061cc183e90d3fe15fa0045855f24e0027a028a1b25750fb530cea0cb1,False,,True,,test
data\NEU-CLS\train\train\images\inclusion_39.jpg,inclusion_39.jpg,images,.jpg,4ee5e42f34d3976b193484ec7a8b16a0b16f7303bcc774b795cd6fa31b95abbf,False,,True,,development
data\NEU-CLS\train\train\images\inclusion_40.jpg,inclusion_40.jpg,images,.jpg,7d184ad36e7785f3af0eeef6749f8bb23418fd1132b8c14090e351dbde9e9798,False,,True,,development
data\NEU-CLS\train\train\images\inclusion_41.jpg,inclusion_41.jpg,images,.jpg,28612ab5241da32535d450c8f68a632551f8c26e391e8766e592a288ebd3507e,False,,True,,development
data\NEU-CLS\train\train\images\inclusion_42.jpg,inclusion_42.jpg,images,.jpg,af1f43f4066ce205fc2551daecd5fbc5113222bc11886c69272ee0a2754d9c76,False,,True,,development
data\NEU-CLS\train\train\images\inclusion_43.jpg,inclusion_43.jpg,images,.jpg,a8d41006cce96894094a5fa1a294fefa063840dbbfe2e7b0d9734aaff22184c2,False,,True,,development
data\NEU-CLS\train\train\images\inclusion_44.jpg,inclusion_44.jpg,images,.jpg,b9fed34b03b2f459b7f11b7957585fa6624326bfb7284d5ab284a0234cc33172,False,,True,,development
data\NEU-CLS\train\train\images\inclusion_45.jpg,inclusion_45.jpg,images,.jpg,162307be7f8060a0f4b83762ebd23cb7e73e2b80659226f598b0ce899568723e,False,,True,,development
data\NEU-CLS\train\train\images\inclusion_46.jpg,inclusion_46.jpg,images,.jpg,d23590d9155e0f3fd1460c8b5b89f1d41bdd74bbe8b2ebddf91fa94df122369a,False,,True,,development
data\NEU-CLS\train\train\images\inclusion_47.jpg,inclusion_47.jpg,images,.jpg,30e0f1e631a3e102c3470971257e2713cfcb7ab8eb202c2c3ae5e13670e79334,False,,True,,development
data\NEU-CLS\train\train\images\inclusion_48.jpg,inclusion_48.jpg,images,.jpg,2dc77674ad9a14b32fcad2c9405d8d2d92fdd8b3ff7b98ada46a6f1558cd80db,False,,True,,development
data\NEU-CLS\train\train\images\inclusion_49.jpg,inclusion_49.jpg,images,.jpg,2f73b68667c43d84a593cab12432b333c62d4d67236d6d578071f8141fd78ae0,False,,True,,development
data\NEU-CLS\train\train\images\inclusion_50.jpg,inclusion_50.jpg,images,.jpg,ad278704f51eb28d6c62da130d27563dd5ec248aec8df771545e4cf11652dfb2,False,,True,,development
data\NEU-CLS\train\train\images\inclusion_51.jpg,inclusion_51.jpg,images,.jpg,6b3c673e82e489f1e49482bb5173a76dfb477ad006c39c773de5719e8ab6ff60,False,,True,,development
data\NEU-CLS\train\train\images\inclusion_52.jpg,inclusion_52.jpg,images,.jpg,25be1de5f930c94e4b146bfe20b87a9bc2fa6c8fd4b456f1f7d764fb4c1bfcd0,False,,True,,development
data\NEU-CLS\train\train\images\inclusion_53.jpg,inclusion_53.jpg,images,.jpg,cfcbeda713cbbdebc17a0a9847bbd0a9e9e7171500dea6d7e763b8b8a03e4398,False,,True,,development
data\NEU-CLS\train\train\images\inclusion_54.jpg,inclusion_54.jpg,images,.jpg,10b35f5da4a3ff79ed9af7cf75abb84f2535d809023c51b7b1e3badaa38a7390,False,,True,,test
data\NEU-CLS\train\train\images\inclusion_55.jpg,inclusion_55.jpg,images,.jpg,4c209b20eb9a0cf81dd831e226daa7521b348412956749b0859267b021b46508,False,,True,,development
data\NEU-CLS\train\train\images\inclusion_56.jpg,inclusion_56.jpg,images,.jpg,d31ace34a9b85472eea0169cc2243653756cc3fc71c512dd794927274a7a6f16,False,,True,,development
data\NEU-CLS\train\train\images\inclusion_57.jpg,inclusion_57.jpg,images,.jpg,f51b7b9c213b8584377c251fd29b0d49087ac1bd2433bdfc69195e8cde481b00,False,,True,,development
data\NEU-CLS\train\train\images\inclusion_58.jpg,inclusion_58.jpg,images,.jpg,aa7779ddbe6690026ad73c6d12f24f573e5b3be527edc064c10344d5837a8d22,False,,True,,development
data\NEU-CLS\train\train\images\inclusion_59.jpg,inclusion_59.jpg,images,.jpg,8852c6966fd374fe4072b1c9b7ac1e36e3b922b57409e37e8f914d9b4803aaec,False,,True,,development
data\NEU-CLS\train\train\images\inclusion_6.jpg,inclusion_6.jpg,images,.jpg,c3e8d16676654a022b58559e9879e882476a25c57be200044140b0e08ce73a11,False,,True,,development
data\NEU-CLS\train\train\images\inclusion_60.jpg,inclusion_60.jpg,images,.jpg,36abe20b2d92bf520ef3a2929ac42f12d220317b05d7ec43b6cb43dae5ec5370,False,,True,,development
data\NEU-CLS\train\train\images\inclusion_61.jpg,inclusion_61.jpg,images,.jpg,064eb68a6d22169cc6816daaab8b4cafdecd9c2cb82b5b4fb6318fad99e5c3a4,False,,True,,development
data\NEU-CLS\train\train\images\inclusion_62.jpg,inclusion_62.jpg,images,.jpg,8e0054f0340926877170c7b74183e76334ac73b213e45f8c19cb49f1fa1c0d08,False,,True,,development
data\NEU-CLS\train\train\images\inclusion_63.jpg,inclusion_63.jpg,images,.jpg,549aa383a27d057e88120683adf0ebdf912a22ec26ed52a383fdda64f8685764,False,,True,,test
data\NEU-CLS\train\train\images\inclusion_64.jpg,inclusion_64.jpg,images,.jpg,08a995fddf11e95c56b6db06ccb6c36dd2f2340dc0edac8544d6c5354efae52d,False,,True,,development
data\NEU-CLS\train\train\images\inclusion_65.jpg,inclusion_65.jpg,images,.jpg,e59317cb276342730a6b07328219fc8b8461fa62d53afca6f921d0c5787651d4,False,,True,,development
data\NEU-CLS\train\train\images\inclusion_66.jpg,inclusion_66.jpg,images,.jpg,30f324e65df6f93a5b9b59cb5df7af34cc4c05412c685c58d888077606863acf,False,,True,,development
data\NEU-CLS\train\train\images\inclusion_67.jpg,inclusion_67.jpg,images,.jpg,2847607777c2a4e5f9f406cfccfbdd97f4f7c9cbedae33b6c6cb4ec819de9481,False,,True,,development
data\NEU-CLS\train\train\images\inclusion_68.jpg,inclusion_68.jpg,images,.jpg,9e237565781dcb4535fd8213a959ff2a5a57b9303bc3edf504c7651e9a46517f,False,,True,,development
data\NEU-CLS\train\train\images\inclusion_69.jpg,inclusion_69.jpg,images,.jpg,8ec63b200162284c686649b438a7db5b47b89b092ea52e5bf7e65c733ebe961b,False,,True,,test
data\NEU-CLS\train\train\images\inclusion_7.jpg,inclusion_7.jpg,images,.jpg,267f327e8898fc186132dd385ffdc8a75c954e09c9046c9456629e24c4e7f032,False,,True,,development
data\NEU-CLS\train\train\images\inclusion_70.jpg,inclusion_70.jpg,images,.jpg,a4501360a85494ce2d302663c0baed512eb1778dbefaa937e0b7aff440641814,False,,True,,development
data\NEU-CLS\train\train\images\inclusion_71.jpg,inclusion_71.jpg,images,.jpg,7a244787ebbf3a69dd5fc5cff3eb5e176fda798149284e8e58ec4bd00d3cc64c,False,,True,,development
data\NEU-CLS\train\train\images\inclusion_72.jpg,inclusion_72.jpg,images,.jpg,39da29b48daf4aa2dd6a38bcbf744bf6981004eba96c2494f2e91f73d331807b,False,,True,,development
data\NEU-CLS\train\train\images\inclusion_73.jpg,inclusion_73.jpg,images,.jpg,3d0b1faa0d49f2eca6d707d0ded89df614aef91c15a8bf301ec0ee6824a312b2,False,,True,,development
data\NEU-CLS\train\train\images\inclusion_74.jpg,inclusion_74.jpg,images,.jpg,cb58115fe0d97b8a6fdaf3b800a1b8a98f1eaa9b1771f85b2f50454ef828310d,False,,True,,test
data\NEU-CLS\train\train\images\inclusion_75.jpg,inclusion_75.jpg,images,.jpg,a98b7c77c5cb906f24bc2e49e485895dde8d93b8424b0ba9a2934f0f44491f8f,False,,True,,test
data\NEU-CLS\train\train\images\inclusion_76.jpg,inclusion_76.jpg,images,.jpg,e17afff1b887a22390e1f348be5bec04655313549a76cbbae5bebb06a8d79fba,False,,True,,test
data\NEU-CLS\train\train\images\inclusion_77.jpg,inclusion_77.jpg,images,.jpg,1a7653ee84dd218bdced6d380aef4d394af046e49a5283e7d82d8fb1d73a973b,False,,True,,test
data\NEU-CLS\train\train\images\inclusion_78.jpg,inclusion_78.jpg,images,.jpg,4b5f5b95bc5c489e8bb75338e700a31d2f9a540638d803878940a2a5effada48,False,,True,,development
data\NEU-CLS\train\train\images\inclusion_79.jpg,inclusion_79.jpg,images,.jpg,215300cb10dfde212df06fe9d7588842b2f13d8e9cf1a1857ac4bc46a6480fde,False,,True,,development
data\NEU-CLS\train\train\images\inclusion_8.jpg,inclusion_8.jpg,images,.jpg,f31ffb71c6f63d083e12971694a3fad2ca07a457cece221b681c665a0f4ce44c,False,,True,,development
data\NEU-CLS\train\train\images\inclusion_80.jpg,inclusion_80.jpg,images,.jpg,064fecb66f3a7262a587a42d57b7d10cfd4ae48efd738cae62766b7225f9effa,False,,True,,development
data\NEU-CLS\train\train\images\inclusion_81.jpg,inclusion_81.jpg,images,.jpg,72c30eecc2beb38a31b41b25ca26c8e380924d2036bda0bf5b6d5f99f5cbb967,False,,True,,development
data\NEU-CLS\train\train\images\inclusion_82.jpg,inclusion_82.jpg,images,.jpg,c392db16cf6ba4967cde4e61b1f02d64d396b09c4d4a11784fddf940c0a41743,False,,True,,development
data\NEU-CLS\train\train\images\inclusion_83.jpg,inclusion_83.jpg,images,.jpg,39ec6bf215bf2a37f3b91bb2316bdfe85ac3728d507056f81fdbf943dc91fb7e,False,,True,,development
data\NEU-CLS\train\train\images\inclusion_84.jpg,inclusion_84.jpg,images,.jpg,99d400c5192164cf65246de5d2c91e54e6a5312655288503487946d573efa0a0,False,,True,,development
data\NEU-CLS\train\train\images\inclusion_85.jpg,inclusion_85.jpg,images,.jpg,c4fae55bfccaab43a3abf47d43f6fbc70c564c90430ec5e9754621082b43429a,False,,True,,development
data\NEU-CLS\train\train\images\inclusion_86.jpg,inclusion_86.jpg,images,.jpg,f85cf375f7bdb7c8e448f8ee1515507a4b13336f1a5cdf455b9a3d769c6c4d04,False,,True,,development
data\NEU-CLS\train\train\images\inclusion_87.jpg,inclusion_87.jpg,images,.jpg,5a168b205040383a97855ecd837708b184ebd83dddf1dff0ef30c4c39c96e55a,False,,True,,development
data\NEU-CLS\train\train\images\inclusion_88.jpg,inclusion_88.jpg,images,.jpg,6c88492f949b2bcc2dc1ebc282bcafb272b5fa892c236e606ba9bcd6b95319ad,False,,True,,test
data\NEU-CLS\train\train\images\inclusion_89.jpg,inclusion_89.jpg,images,.jpg,832126474eb86a0afb051ed85288fd51e00dcc7c094498787d2736519150c334,False,,True,,development
data\NEU-CLS\train\train\images\inclusion_9.jpg,inclusion_9.jpg,images,.jpg,20c34b61ab678832629c6ee8bce155710e520bbbe1435aeb138ea91c9ab6ab22,False,,True,,development
data\NEU-CLS\train\train\images\inclusion_90.jpg,inclusion_90.jpg,images,.jpg,421ac2ff62979abd1611571dabdbf69ca673add5f2802c550ef5da347ef4a012,False,,True,,development
data\NEU-CLS\train\train\images\inclusion_91.jpg,inclusion_91.jpg,images,.jpg,1610fec2851ec5993a9f543d61afd553e94cdd3a98ef851790984a6e5aaf799c,False,,True,,development
data\NEU-CLS\train\train\images\inclusion_92.jpg,inclusion_92.jpg,images,.jpg,1d15666484061bd44fbec995ac395b12dcfd345f977dc066bf9f4cf3ef4db3c1,False,,True,,development
data\NEU-CLS\train\train\images\inclusion_93.jpg,inclusion_93.jpg,images,.jpg,448b313e89c52ae512117e2b3d522264d51b6f5d487e5b0d1f60bd8fd0fe2ea8,False,,True,,development
data\NEU-CLS\train\train\images\inclusion_94.jpg,inclusion_94.jpg,images,.jpg,0e10df466f922c4d03d7aac46b83afcb99f1198f6775be9eda4223e65a142c9e,False,,True,,development
data\NEU-CLS\train\train\images\inclusion_95.jpg,inclusion_95.jpg,images,.jpg,17cda79fc127b80d5d4649103b8debeac0a0b6603fa61da5bcb6ea1a4b696415,False,,True,,development
data\NEU-CLS\train\train\images\inclusion_96.jpg,inclusion_96.jpg,images,.jpg,c084ace8c2a494cd70ee68a90facb0676d4cf340584204f9d9867380c5e1fd37,False,,True,,test
data\NEU-CLS\train\train\images\inclusion_97.jpg,inclusion_97.jpg,images,.jpg,6d4ac443d14c9f7481edc7da94be06b9dda1b43c05dfe036d218d920f3debc41,False,,True,,development
data\NEU-CLS\train\train\images\inclusion_98.jpg,inclusion_98.jpg,images,.jpg,4b5f7c03e5a26c7390067318e8ab9131d0171048190ae7913b1af3d81d58d3d1,False,,True,,development
data\NEU-CLS\train\train\images\inclusion_99.jpg,inclusion_99.jpg,images,.jpg,671e5f187e7db6b692b2b812ffad0cda7b22d61e008f12cdaf2ca45a099c77ff,False,,True,,development
data\NEU-CLS\train\train\images\patches_10.jpg,patches_10.jpg,images,.jpg,0bce06415796cabe1187dd00329893d46ea1f71f07f5c795b16a4629ce71249c,False,,True,,development
data\NEU-CLS\train\train\images\patches_100.jpg,patches_100.jpg,images,.jpg,71b3e853711967d5e74010510cfebe9d2793022986a08d4e6f6b456a3a7d1fcc,False,,True,,development
data\NEU-CLS\train\train\images\patches_101.jpg,patches_101.jpg,images,.jpg,4d2de82731b86cdbc7a66f2a9bfb01074bb4cb65e47bccf06b66470d53857071,True,1,True,canonical duplicate retained,test
data\NEU-CLS\train\train\images\patches_102.jpg,patches_102.jpg,images,.jpg,5705722086f38f4ead84fd0d1e8a7aa3df1bf2590bbaed73d4b656d4c6d8e07d,False,,True,,development
data\NEU-CLS\train\train\images\patches_103.jpg,patches_103.jpg,images,.jpg,17467d85b47cc880050c304ec54f014801980084b7db8cce7303e2a125368f81,False,,True,,development
data\NEU-CLS\train\train\images\patches_104.jpg,patches_104.jpg,images,.jpg,6e501cb64c6075180ec65230eb5d60b98a565532a3c6367efd2bded8f30e8eb3,False,,True,,development
data\NEU-CLS\train\train\images\patches_105.jpg,patches_105.jpg,images,.jpg,4d2de82731b86cdbc7a66f2a9bfb01074bb4cb65e47bccf06b66470d53857071,True,1,False,redundant exact duplicate excluded,excluded
data\NEU-CLS\train\train\images\patches_106.jpg,patches_106.jpg,images,.jpg,ba7f35d15202c401a79ac9e675b178716c86f55b1ae1d945c9ba1ea7162d4e3a,False,,True,,development
data\NEU-CLS\train\train\images\patches_107.jpg,patches_107.jpg,images,.jpg,a15c056f9104659fd5cbfd086cf0b82318eb4fd1391938bc28c69600b396a6fd,False,,True,,development
data\NEU-CLS\train\train\images\patches_108.jpg,patches_108.jpg,images,.jpg,c3ae0b7be45e7ba18a9f8de098a03076f9e7aedabf9be697bcac139b5013a9cc,False,,True,,development
data\NEU-CLS\train\train\images\patches_109.jpg,patches_109.jpg,images,.jpg,425fde38df51d513d0aa0b4c5a1587fefb270a876aee1e8d8d3da37b3ad71a70,False,,True,,development
data\NEU-CLS\train\train\images\patches_11.jpg,patches_11.jpg,images,.jpg,1cb3c476f073744d7c44ef552384d57344dfddb5fd41ed4609df09b5ae8c3a6e,False,,True,,test
data\NEU-CLS\train\train\images\patches_110.jpg,patches_110.jpg,images,.jpg,030250f554661a749b7e832fc5b6a3fc336e94b7e25d5da9ce87ecd50c3b106f,False,,True,,development
data\NEU-CLS\train\train\images\patches_111.jpg,patches_111.jpg,images,.jpg,e928a260968ef82b0767cbb1d3e3115ace8935854db15d712e4b3c49c0c48aec,False,,True,,development
data\NEU-CLS\train\train\images\patches_112.jpg,patches_112.jpg,images,.jpg,2e51c9ed34997d6c6d1992a7ee15988a45cf36a0013a67f222f1a9633f2c7219,False,,True,,development
data\NEU-CLS\train\train\images\patches_113.jpg,patches_113.jpg,images,.jpg,96512debedaa44f6fc462336bc99c9eb082da86cdb149331a8880beff8aa60b1,False,,True,,development
data\NEU-CLS\train\train\images\patches_114.jpg,patches_114.jpg,images,.jpg,69799974db41d6809f6d1cdb01417cc6409ed6dd0b7723ace455ee548df43d05,False,,True,,development
data\NEU-CLS\train\train\images\patches_115.jpg,patches_115.jpg,images,.jpg,d717a70aeca510536d423aab3e1880179593f24ff9fb1874af4ac4b1e33504eb,False,,True,,development
data\NEU-CLS\train\train\images\patches_116.jpg,patches_116.jpg,images,.jpg,14e65853add379636cb1daceda84748089b203bbc6b9af4bca8ec5e6860a5853,False,,True,,development
data\NEU-CLS\train\train\images\patches_117.jpg,patches_117.jpg,images,.jpg,3ee20e280ec039613a1ce9190d80f6366cef69cc045e53c47dcb788dfab13210,False,,True,,test
data\NEU-CLS\train\train\images\patches_118.jpg,patches_118.jpg,images,.jpg,c138ff00ac535bc21ff492590b04a5c9df13bba39bda6f47dd91cb88d980186e,False,,True,,development
data\NEU-CLS\train\train\images\patches_119.jpg,patches_119.jpg,images,.jpg,b996e8bb0019ebd447a9eeb03a7c0af31d36dd38081f02f35172778cdb7134fd,False,,True,,development
data\NEU-CLS\train\train\images\patches_12.jpg,patches_12.jpg,images,.jpg,261a55f5fe66d2b3dbb601907e1c455b9c3eac1f271bf5abde92e8891928bfab,False,,True,,development
data\NEU-CLS\train\train\images\patches_120.jpg,patches_120.jpg,images,.jpg,ff83258b9529bc80bb6c6114e052611fa238ff45bdc6715087441529c7ebc2ba,False,,True,,test
data\NEU-CLS\train\train\images\patches_121.jpg,patches_121.jpg,images,.jpg,efbaee1c2678ff433374df25f385927a5b106c8ba3ad9e675e3ca7948e9eafab,False,,True,,development
data\NEU-CLS\train\train\images\patches_122.jpg,patches_122.jpg,images,.jpg,d2297aedb4dadf11a6d5963cb4b70d26e68a141252a5044eace2aa9bc6d6725a,False,,True,,development
data\NEU-CLS\train\train\images\patches_123.jpg,patches_123.jpg,images,.jpg,f1238c00892079e77ef914d636ab8e9116bfcc92ac12b63783fc0163e72037ec,False,,True,,development
data\NEU-CLS\train\train\images\patches_124.jpg,patches_124.jpg,images,.jpg,8e75daa3148fa90158d2a4edfaa9e96b521ba9d07021316a14fce3c112beb91d,False,,True,,development
data\NEU-CLS\train\train\images\patches_125.jpg,patches_125.jpg,images,.jpg,9701bd8d49cae20363e0c31f68985ea237b9eb02cdad5e1c5d599802e7d102e3,False,,True,,development
data\NEU-CLS\train\train\images\patches_126.jpg,patches_126.jpg,images,.jpg,03b7774e99ebcf4349bd01a904bbb61d9c89427972bb8a70acc910c6942a41bf,False,,True,,development
data\NEU-CLS\train\train\images\patches_127.jpg,patches_127.jpg,images,.jpg,e9adce592ef3d885eb5eec4da6264b5008f12540aa5268d407100104c6a6d695,False,,True,,development
data\NEU-CLS\train\train\images\patches_128.jpg,patches_128.jpg,images,.jpg,97ce3a3141e7e881568430940663b53b5fc4829a717ede85aa22034fc9db68b4,False,,True,,development
data\NEU-CLS\train\train\images\patches_129.jpg,patches_129.jpg,images,.jpg,3fa248c8bf726361accefdae301ee11602d1ef0489e414cde5b711a991927bcd,False,,True,,development
data\NEU-CLS\train\train\images\patches_13.jpg,patches_13.jpg,images,.jpg,58cdb77cc09feab192ebdefd3b3ba6dca322cf73e907f02ab301306a3f671e44,False,,True,,development
data\NEU-CLS\train\train\images\patches_130.jpg,patches_130.jpg,images,.jpg,8253ad2fc03f6a9eb468759ad0aef69cb9a7925be41c160fd65b9355c3b69adf,False,,True,,test
data\NEU-CLS\train\train\images\patches_131.jpg,patches_131.jpg,images,.jpg,6c4bb69ad9a47caef8712455c5b63b6a4096b1134e5d5898f09cf1a482d14dc6,False,,True,,development
data\NEU-CLS\train\train\images\patches_132.jpg,patches_132.jpg,images,.jpg,f9e12ac424ba0e9d72834084fbfaa1a746b0ce109ac3fe28fde658008aa33b78,False,,True,,development
data\NEU-CLS\train\train\images\patches_133.jpg,patches_133.jpg,images,.jpg,b2da2199a39655b0a56bbb4aef03f0b1e26ae8a6fd699399c3017899e546f68f,False,,True,,development
data\NEU-CLS\train\train\images\patches_134.jpg,patches_134.jpg,images,.jpg,608d8747650080d180c34c1f5ec90b4c593d9c22c46796c90df03b504d3dc485,False,,True,,test
data\NEU-CLS\train\train\images\patches_135.jpg,patches_135.jpg,images,.jpg,0d29b05f6ed3fff32332f948e29f439851afd6d27dc713b2785538cd12f69b8a,False,,True,,development
data\NEU-CLS\train\train\images\patches_136.jpg,patches_136.jpg,images,.jpg,6f92bad92f5ed2e838d27f3ee181301b0125f215eb9bcc856abec4e79973cd44,False,,True,,development
data\NEU-CLS\train\train\images\patches_137.jpg,patches_137.jpg,images,.jpg,82fb6d832a93ab370a235ad1da788e4c00e869995829f368f4d58225d416b365,False,,True,,development
data\NEU-CLS\train\train\images\patches_138.jpg,patches_138.jpg,images,.jpg,74330d6f6ea62facd45209ab8ae61bc1d41b87dd69a03e810ff7991757048231,False,,True,,development
data\NEU-CLS\train\train\images\patches_139.jpg,patches_139.jpg,images,.jpg,91906ca766ab2d87b9d96983d688d067d627d70cb0feb0a951833df4f7c2a61f,False,,True,,test
data\NEU-CLS\train\train\images\patches_14.jpg,patches_14.jpg,images,.jpg,1417658bcd2219ee87f67881268f12d96951db240e26b357a7c0a1905b969d45,False,,True,,development
data\NEU-CLS\train\train\images\patches_140.jpg,patches_140.jpg,images,.jpg,9232201956ead5b82110289d25fe4d0964b9d9cc0d62b1c75fa72da1d5755730,False,,True,,development
data\NEU-CLS\train\train\images\patches_141.jpg,patches_141.jpg,images,.jpg,9c6d455aee8bb4dd474750ba5e8b862e978e82bad024de6b2b5849cd3b4883b1,False,,True,,development
data\NEU-CLS\train\train\images\patches_142.jpg,patches_142.jpg,images,.jpg,07108895b311000a2e6f221bb5fadcde41d8908f9442a557372a7a6e147e78ec,False,,True,,development
data\NEU-CLS\train\train\images\patches_143.jpg,patches_143.jpg,images,.jpg,214303d47c642dfa9f4f85cd3e166709381120ae46e7ef47c5a7b0571daa713a,False,,True,,development
data\NEU-CLS\train\train\images\patches_144.jpg,patches_144.jpg,images,.jpg,a9d39b0ac5c7dea33ab007660ee75de56cd14e26f7eac49690fd72dc6419b02d,False,,True,,development
data\NEU-CLS\train\train\images\patches_145.jpg,patches_145.jpg,images,.jpg,6fb38c29252478274769ad1377696796b812be1ea4e32b5335f9680ce823feb7,False,,True,,test
data\NEU-CLS\train\train\images\patches_146.jpg,patches_146.jpg,images,.jpg,68a75502eb09f2fce11bafa903976e6ebd301cf882c9fec5d17b14f8a2f99778,False,,True,,test
data\NEU-CLS\train\train\images\patches_147.jpg,patches_147.jpg,images,.jpg,3e8572520292a452158735853befe42a089db883b04a173ae5434adffca05bfb,False,,True,,test
data\NEU-CLS\train\train\images\patches_148.jpg,patches_148.jpg,images,.jpg,636b01e783962322125e76a6dba37f396899268e68109a1f667443058da6d3b7,False,,True,,test
data\NEU-CLS\train\train\images\patches_149.jpg,patches_149.jpg,images,.jpg,1cea8bc35e67216b1c1343e3231418c52c05dd7b370bdab3e79d3e67d0135090,False,,True,,development
data\NEU-CLS\train\train\images\patches_15.jpg,patches_15.jpg,images,.jpg,3757b1e2dcdf1b980cadc5732dda2265a2ef7605321a1da6cdcd7b702e57450e,False,,True,,development
data\NEU-CLS\train\train\images\patches_150.jpg,patches_150.jpg,images,.jpg,4056930ab385cf2283b3434af3b07bceb143d0b8915c0e2a7b6d0d2013ccb35a,False,,True,,test
data\NEU-CLS\train\train\images\patches_151.jpg,patches_151.jpg,images,.jpg,d97b9899a36deefd9754c2874b026b3f30233cf3a69ca94f021622527585107e,False,,True,,test
data\NEU-CLS\train\train\images\patches_152.jpg,patches_152.jpg,images,.jpg,d2f30341e0189fdd3c47b4ef3b94b381fcc9d43f4b3b4efb3df1722a203db58e,False,,True,,test
data\NEU-CLS\train\train\images\patches_153.jpg,patches_153.jpg,images,.jpg,0d25cee992679e08246be6763ef5cc97be495c201c3a16013f077484d3e2b836,False,,True,,test
data\NEU-CLS\train\train\images\patches_154.jpg,patches_154.jpg,images,.jpg,6d1d6467b07e33d7d826dadbf27bcc6a428f65a9f116ad9b8f5464cf517d4331,False,,True,,development
data\NEU-CLS\train\train\images\patches_155.jpg,patches_155.jpg,images,.jpg,b87f28bf0895ebcb1273e5d707c40243f1fcdb132ed63eabca253e1c67ae34d7,False,,True,,development
data\NEU-CLS\train\train\images\patches_156.jpg,patches_156.jpg,images,.jpg,9961f0ffde85a40516f54262b3fa74eb35cee24fc87a54d4fe8f07b7e7fb2ec2,False,,True,,development
data\NEU-CLS\train\train\images\patches_157.jpg,patches_157.jpg,images,.jpg,302db455ade32145d76a587ba113c0a82e56311226f313c4b451410b5402c67d,False,,True,,development
data\NEU-CLS\train\train\images\patches_158.jpg,patches_158.jpg,images,.jpg,e0c59d0cf887cbed94ec56da824eee7e347ae2a7b10ea3488d833a3058a8a62f,False,,True,,development
data\NEU-CLS\train\train\images\patches_159.jpg,patches_159.jpg,images,.jpg,caa276f56de3cb2c828f36062786f7f3826fcc14b7d6be57bb1fd43929633415,False,,True,,development
data\NEU-CLS\train\train\images\patches_16.jpg,patches_16.jpg,images,.jpg,745dccd9dde8538337e406c42870463fd31123cc5925d0c13791b48fa22ad8cf,False,,True,,development
data\NEU-CLS\train\train\images\patches_160.jpg,patches_160.jpg,images,.jpg,7163a072ecd14c36764803d154fb8b98684fb56f3bfcbf6fd1d4417aee2ab6e5,False,,True,,development
data\NEU-CLS\train\train\images\patches_161.jpg,patches_161.jpg,images,.jpg,bd202f91ddd89c3727996d411e6330301df47bfbce8627e909dcf5cd3ab12636,False,,True,,development
data\NEU-CLS\train\train\images\patches_162.jpg,patches_162.jpg,images,.jpg,3239ed10b8c553328b57ed770aeb95e389b78e6c4c0ee3154002ba3754115e75,False,,True,,development
data\NEU-CLS\train\train\images\patches_163.jpg,patches_163.jpg,images,.jpg,58a58110791d4f674b52db9086fc1f0c49ccb0eb6283a90a94a6a32f5ac87b1b,False,,True,,test
data\NEU-CLS\train\train\images\patches_164.jpg,patches_164.jpg,images,.jpg,87c1b46a01c796c71030ee72ca51ae732fb2e4e8a39117e483e5b42fa55a9b8e,False,,True,,development
data\NEU-CLS\train\train\images\patches_165.jpg,patches_165.jpg,images,.jpg,320921e15b7b47236fb08cb0244b81b326a66cd3e79d0fc4459b98a30f38f3cc,False,,True,,development
data\NEU-CLS\train\train\images\patches_166.jpg,patches_166.jpg,images,.jpg,49869b28925cfe2db006ab2784edeb1a817ed11bc7f11763b8c3d5227d059b30,False,,True,,development
data\NEU-CLS\train\train\images\patches_167.jpg,patches_167.jpg,images,.jpg,631d3384882fbb9935daa7032092688d3bc9d716c12175bc59e2c5767289a205,False,,True,,test
data\NEU-CLS\train\train\images\patches_168.jpg,patches_168.jpg,images,.jpg,11551ae1e03110fd3c21ff836b7da31727ac9c53d146735e61854d12850484ba,False,,True,,development
data\NEU-CLS\train\train\images\patches_169.jpg,patches_169.jpg,images,.jpg,6f4636871b1447810cccee23d7c432d19595069555d9c5af2940a987e6223d78,False,,True,,development
data\NEU-CLS\train\train\images\patches_17.jpg,patches_17.jpg,images,.jpg,5321e25088da9adf11b3455da3a3435ab7a81a5302c46fdb987f6521e65f4f07,False,,True,,development
data\NEU-CLS\train\train\images\patches_170.jpg,patches_170.jpg,images,.jpg,15a49a3f74f4cb2dfdd291069afff4a4ce5fef99ee2f83f4bdfa5ec828d6d8e7,False,,True,,development
data\NEU-CLS\train\train\images\patches_171.jpg,patches_171.jpg,images,.jpg,e741626eb4750d162a040183755e1403e1ba9af7bc1e93a3f528ba4be929cd11,False,,True,,development
data\NEU-CLS\train\train\images\patches_172.jpg,patches_172.jpg,images,.jpg,1cb7032729d52c8d051f73c6be8ad61c3e8a4599f37b554fd43d7652cdb94d4d,False,,True,,development
data\NEU-CLS\train\train\images\patches_173.jpg,patches_173.jpg,images,.jpg,5cfabcb4e299b09666c2ddd5e586c9f5705fb8c1fb9b628473465722d42cfd43,False,,True,,development
data\NEU-CLS\train\train\images\patches_174.jpg,patches_174.jpg,images,.jpg,58a7540a7be07aebcd8a5a96f9f58bc4322141ab414487160c8b78127093fecf,False,,True,,development
data\NEU-CLS\train\train\images\patches_175.jpg,patches_175.jpg,images,.jpg,a531077af118c640daf5c1897d90d194ca9e594de8e21ba19d45254f2ea3e37c,False,,True,,development
data\NEU-CLS\train\train\images\patches_176.jpg,patches_176.jpg,images,.jpg,6e86fd9aa036ece2f4827477eb4f06973189e59aa1bbd67644dde85ae51cf17f,False,,True,,development
data\NEU-CLS\train\train\images\patches_177.jpg,patches_177.jpg,images,.jpg,8296704a80a15a59e806394db76485fbaf9160ac55f745dcda03da054edb1bb7,False,,True,,development
data\NEU-CLS\train\train\images\patches_178.jpg,patches_178.jpg,images,.jpg,81c0eddd3ff44319baf7b1747aa0f4a6761763810fd8b6059137bd3eabfb0f08,False,,True,,development
data\NEU-CLS\train\train\images\patches_179.jpg,patches_179.jpg,images,.jpg,c960357bb6f0c3f85b124fbf91f5a53acc730cad0a86b39bc531024bf51fb8ce,False,,True,,development
data\NEU-CLS\train\train\images\patches_18.jpg,patches_18.jpg,images,.jpg,58b730ff89fd4558ab7dcfa5686d3c9f6da0bb6428dde3c6e941c826211ca711,False,,True,,development
data\NEU-CLS\train\train\images\patches_180.jpg,patches_180.jpg,images,.jpg,11ee2ca3f59b50c11feee7fa223814abe34e7977c6a1183fd42062e95af522e1,False,,True,,development
data\NEU-CLS\train\train\images\patches_181.jpg,patches_181.jpg,images,.jpg,fcebed354c17ff4339ab57196c75f7e7d12c77f03a38f0819e22aa2656083634,False,,True,,development
data\NEU-CLS\train\train\images\patches_182.jpg,patches_182.jpg,images,.jpg,4495fb8e282aa3a7dd211f72aaadf61b96e79ee9190d2d951630410decccc39f,False,,True,,development
data\NEU-CLS\train\train\images\patches_183.jpg,patches_183.jpg,images,.jpg,334b6e74e2b54a6fec042f33d78615e89ab4212d5c6cd83ba808529eb85a5cda,False,,True,,test
data\NEU-CLS\train\train\images\patches_184.jpg,patches_184.jpg,images,.jpg,b08da27dbdb393b157c42e014b712358edfcc210a17b78e8b993ed0e6186f1fd,False,,True,,development
data\NEU-CLS\train\train\images\patches_185.jpg,patches_185.jpg,images,.jpg,fa83293ba81f4aae52ff4e395c98d6aa81596624f19c2f4539d9d8e3493bae1b,False,,True,,test
data\NEU-CLS\train\train\images\patches_186.jpg,patches_186.jpg,images,.jpg,e4be79405f21c621732e4317499f0efa703e78c84f2ff3b597031181e8c72216,False,,True,,development
data\NEU-CLS\train\train\images\patches_187.jpg,patches_187.jpg,images,.jpg,da4406453e637084645096a60120392739e6b2057d6db8b5820cdaf301b19d0a,False,,True,,development
data\NEU-CLS\train\train\images\patches_188.jpg,patches_188.jpg,images,.jpg,8909063db7f0d72cf2c014a73e164b97eeca2b42c6276867b853cf5a51dba8fb,False,,True,,test
data\NEU-CLS\train\train\images\patches_189.jpg,patches_189.jpg,images,.jpg,12d65f261844bc8d215a9091d6452c88654faf6d36e9e8203a5c07a0c0b24296,False,,True,,test
data\NEU-CLS\train\train\images\patches_19.jpg,patches_19.jpg,images,.jpg,9fddc984d5c02565fd12b248572bed264d11f810f51c15cc071272837db29ed4,False,,True,,development
data\NEU-CLS\train\train\images\patches_190.jpg,patches_190.jpg,images,.jpg,8c96de37135dee7e58a35bd60a623262817fc4e0e9c00d80846546a751f77dcb,False,,True,,development
data\NEU-CLS\train\train\images\patches_191.jpg,patches_191.jpg,images,.jpg,389fa2692a890ace1610695cf8046dd9886bdcac29fa485c072e26fecf58599f,False,,True,,development
data\NEU-CLS\train\train\images\patches_192.jpg,patches_192.jpg,images,.jpg,7140772ba97405dbf146e15a3edd9a0068f2200a76cfffbd22a023462f18e149,False,,True,,development
data\NEU-CLS\train\train\images\patches_193.jpg,patches_193.jpg,images,.jpg,9fcc65087f61af456d62d8fabea419e6eb99faf1b66f92f532a54dbd5ccc63dc,False,,True,,development
data\NEU-CLS\train\train\images\patches_194.jpg,patches_194.jpg,images,.jpg,bdbb493f9ce0d7776902e07437977a0abdfe0481abcee3358c989d744be198be,False,,True,,development
data\NEU-CLS\train\train\images\patches_195.jpg,patches_195.jpg,images,.jpg,016b5b6f235e54cdd6dca76d0d03087e5d25da7e36c018ff1dfa240c4b8fabc2,False,,True,,development
data\NEU-CLS\train\train\images\patches_196.jpg,patches_196.jpg,images,.jpg,6c8ff326e64496001a154cb0f4ffdaae45d077fc86624ded60ace3b00a943ceb,False,,True,,development
data\NEU-CLS\train\train\images\patches_197.jpg,patches_197.jpg,images,.jpg,7248fa223902c1398f6d82f8de387d8a795be6ca9f1dc2a33fc0f379b61f6dc6,False,,True,,development
data\NEU-CLS\train\train\images\patches_198.jpg,patches_198.jpg,images,.jpg,92ef61aa98bdcda4173603a3dbcec573ff0fd754915f7463103464e105c58c16,False,,True,,development
data\NEU-CLS\train\train\images\patches_199.jpg,patches_199.jpg,images,.jpg,06071e67ada2d39202ab845f44317165233135a24aa83ac519b998c25e488adb,False,,True,,test
data\NEU-CLS\train\train\images\patches_20.jpg,patches_20.jpg,images,.jpg,0f894cdac195e33088bf23e665ee018ec79b9904a9d1e55c5d66de95928f952b,False,,True,,test
data\NEU-CLS\train\train\images\patches_200.jpg,patches_200.jpg,images,.jpg,f4fea54ba383909b5e71c25f1d327425d5e102fb4619e590aa94933044d828a1,False,,True,,development
data\NEU-CLS\train\train\images\patches_201.jpg,patches_201.jpg,images,.jpg,3096d28045ca41280028e716d6c64c9d65a70f3c171a98686f4772c99c7620a6,False,,True,,development
data\NEU-CLS\train\train\images\patches_202.jpg,patches_202.jpg,images,.jpg,53117ada4199b82ff4b331c1b8373d67fc5c8868b7923996ac44ee4fe465734e,False,,True,,test
data\NEU-CLS\train\train\images\patches_203.jpg,patches_203.jpg,images,.jpg,0d40be789f7cffcdf9914b712b1b4c157f80d2c44a58679dcba1cfb09ba0fc3e,False,,True,,development
data\NEU-CLS\train\train\images\patches_204.jpg,patches_204.jpg,images,.jpg,3b78a9f47fd2d1881216ba5c9764e38f1948518a2f73f76e15feabb430c8fbd9,False,,True,,development
data\NEU-CLS\train\train\images\patches_205.jpg,patches_205.jpg,images,.jpg,391a1343e891e8b84111d341ad039a8a43375ad6910e16d2692d5dd93662624e,False,,True,,development
data\NEU-CLS\train\train\images\patches_206.jpg,patches_206.jpg,images,.jpg,8a610809a1ab93c4ccf80fad3c868d5edafa6fb7ff01d97b1026c3b969401614,False,,True,,development
data\NEU-CLS\train\train\images\patches_207.jpg,patches_207.jpg,images,.jpg,82caa9f13416c4039b5e928be14cc48e0709506d895d8d1642f0718043ef5bef,False,,True,,development
data\NEU-CLS\train\train\images\patches_208.jpg,patches_208.jpg,images,.jpg,8ba753aca9c53c268cd20bec32d93046316436aae748756b11f5dda4074379e3,False,,True,,development
data\NEU-CLS\train\train\images\patches_209.jpg,patches_209.jpg,images,.jpg,4f98a185024e14cb67f9eca63ee70982a240328c139c80ae670f550754398c7d,False,,True,,test
data\NEU-CLS\train\train\images\patches_21.jpg,patches_21.jpg,images,.jpg,e9766ef04b4726ab89fa3872716a99f3fc761f080f1b00095b7b8e2245ad3950,False,,True,,development
data\NEU-CLS\train\train\images\patches_210.jpg,patches_210.jpg,images,.jpg,8e0b0c93ba4d6f0e07b76908399ffc17791bad48b0cbb01721fc3f7e6df311c0,False,,True,,development
data\NEU-CLS\train\train\images\patches_211.jpg,patches_211.jpg,images,.jpg,f988631bac3b31eac7be7a1f56e118d14d3327989ce4b454370761c5c8700305,False,,True,,development
data\NEU-CLS\train\train\images\patches_212.jpg,patches_212.jpg,images,.jpg,856463e6892bdd866ea1d73e5a95d2a0423df43e16fb57f40d078f59d824794c,False,,True,,development
data\NEU-CLS\train\train\images\patches_213.jpg,patches_213.jpg,images,.jpg,6a4b08214c314135518585256f952cef50c514d5137ab1244e7842cee7167c6d,False,,True,,development
data\NEU-CLS\train\train\images\patches_214.jpg,patches_214.jpg,images,.jpg,7a72f8abc4e0b3def00afe8bac2df18c494da501b3de3566fd8542d65853b62d,False,,True,,development
data\NEU-CLS\train\train\images\patches_215.jpg,patches_215.jpg,images,.jpg,5a901625c47393f44918ccc9dbafa5bcf716d9edf6138d9eec5d5f1a04180583,False,,True,,development
data\NEU-CLS\train\train\images\patches_216.jpg,patches_216.jpg,images,.jpg,b23b9b600ab5718db7201a36cbca183b053060b47ef3052a3749f33cbfc609ac,False,,True,,development
data\NEU-CLS\train\train\images\patches_217.jpg,patches_217.jpg,images,.jpg,71285ecc73ee77e281e1edd71a31fba5fbfc123dc4e120910ac9a0696568db47,False,,True,,development
data\NEU-CLS\train\train\images\patches_218.jpg,patches_218.jpg,images,.jpg,bdc8d32308a3eaaa7153b16c4ebd6e56ad346377708fedd172da28de464dbee8,False,,True,,test
data\NEU-CLS\train\train\images\patches_219.jpg,patches_219.jpg,images,.jpg,8fa718c52b5d4b920510fb65720cfcf0ee9e6ff736229849c59b6154b9af24a7,False,,True,,development
data\NEU-CLS\train\train\images\patches_22.jpg,patches_22.jpg,images,.jpg,7c0f0b709bea9e06f13e75228b06366187e92d119650bf2f017fa34acc126223,False,,True,,development
data\NEU-CLS\train\train\images\patches_220.jpg,patches_220.jpg,images,.jpg,40ae61cd45e6826404c5ae044df70997a18e14248d051c1e75c6c3397b6c79cc,False,,True,,development
data\NEU-CLS\train\train\images\patches_221.jpg,patches_221.jpg,images,.jpg,4dc6536f2e2175fdcc8346933636a0c2fe22535431a4d41de41d03ad0b4e53fd,False,,True,,development
data\NEU-CLS\train\train\images\patches_222.jpg,patches_222.jpg,images,.jpg,a284f947f7707d7c2a31e6a816e22c1b2e18934253a0b70df7b126b4e311f577,False,,True,,development
data\NEU-CLS\train\train\images\patches_223.jpg,patches_223.jpg,images,.jpg,dc6d186a0f02199210d97007ee503cd663fd82d6aea1499d9af4fa8e4da82b63,False,,True,,test
data\NEU-CLS\train\train\images\patches_224.jpg,patches_224.jpg,images,.jpg,af9fac336367e2b8b4e7314d428fc1fb3390401a1670787a3419940157727388,False,,True,,development
data\NEU-CLS\train\train\images\patches_225.jpg,patches_225.jpg,images,.jpg,3554340b5a48b23c97a194f7b7bf1776a625cc789d77a0b835ad07052b679eda,False,,True,,development
data\NEU-CLS\train\train\images\patches_226.jpg,patches_226.jpg,images,.jpg,7a187942009565b63b6cc73c5bdd7481261e565e1d9981f7ddc7b436077da17c,False,,True,,development
data\NEU-CLS\train\train\images\patches_227.jpg,patches_227.jpg,images,.jpg,6e4c68ebe62d2fd805a614a0394a7700a792d5e6d09379122a1b945f75d665c0,False,,True,,test
data\NEU-CLS\train\train\images\patches_228.jpg,patches_228.jpg,images,.jpg,a9d5c1daaaeb00a1819b3b9ef87bc8f5fbaabb37e3e2e1320ac344ba61b606ca,False,,True,,development
data\NEU-CLS\train\train\images\patches_229.jpg,patches_229.jpg,images,.jpg,e78a97001d6da623401ef5aaa794e710fb2884ae3e9ee20e023a6307a48c80f4,False,,True,,development
data\NEU-CLS\train\train\images\patches_23.jpg,patches_23.jpg,images,.jpg,dd1db0ac511a64489da2ef322ada61ea20fe7798488cacd8342cff5462951cfa,False,,True,,development
data\NEU-CLS\train\train\images\patches_230.jpg,patches_230.jpg,images,.jpg,f9875ed804f7a3595505650f60bd511262c904e4ddbdbd9aa4a27450c9237e39,False,,True,,development
data\NEU-CLS\train\train\images\patches_231.jpg,patches_231.jpg,images,.jpg,6d24d04a14ecb962be8849befa4bc9eb527ac27f711866ca297a4328c5477c93,False,,True,,development
data\NEU-CLS\train\train\images\patches_232.jpg,patches_232.jpg,images,.jpg,0b5208b4c5d357165541c510e2b6dc7f35f3601a25db6550854727991fe92cd5,False,,True,,development
data\NEU-CLS\train\train\images\patches_233.jpg,patches_233.jpg,images,.jpg,d8d82af5475004befe8aad2d33fa125d4f25a9d133a25f689bd6e434f1dcf1b5,False,,True,,development
data\NEU-CLS\train\train\images\patches_234.jpg,patches_234.jpg,images,.jpg,d9094210db614a288863a4d96cc69430ec80189b77ba5a489eb89010d27ff11e,False,,True,,development
data\NEU-CLS\train\train\images\patches_235.jpg,patches_235.jpg,images,.jpg,920d6955b3eec2d8777af6b97c21782822c2596c278d57d84a213db9d45ca58b,False,,True,,development
data\NEU-CLS\train\train\images\patches_236.jpg,patches_236.jpg,images,.jpg,414ea0d44b8a8694ec810f8773c5318a863ccc30cbbbd0fa98c8c67687d189d6,False,,True,,development
data\NEU-CLS\train\train\images\patches_237.jpg,patches_237.jpg,images,.jpg,a4c20056a61539628ff0da81d83a2cdc799136fba97ac8d641525abad293198b,False,,True,,development
data\NEU-CLS\train\train\images\patches_238.jpg,patches_238.jpg,images,.jpg,3280a9e88f44688005a0c7b4f3ae7b8593e2791f8168568dd63a229de7598dcf,False,,True,,development
data\NEU-CLS\train\train\images\patches_239.jpg,patches_239.jpg,images,.jpg,3231f7b287e4856079b3825f0c8da1c7f73715325bb411f792d40465274350cb,False,,True,,test
data\NEU-CLS\train\train\images\patches_24.jpg,patches_24.jpg,images,.jpg,896839c104be92dd6dcd7d1ba13dabca2e2592f3d486e67398e6a536bbaab2a0,False,,True,,development
data\NEU-CLS\train\train\images\patches_240.jpg,patches_240.jpg,images,.jpg,98ed6658cdb71e6b6fee8de73e6c203633be44162a80bad806c0092f3f029ef5,False,,True,,development
data\NEU-CLS\train\train\images\patches_241.jpg,patches_241.jpg,images,.jpg,d8ee841afe3d24b39a3f1f5656780b75ce9b1e1b6bb11cb6953a99d0cbaaffde,False,,True,,development
data\NEU-CLS\train\train\images\patches_242.jpg,patches_242.jpg,images,.jpg,2df3804d5f3d14eff1a21de3e6a348b09739d358ea31bf658a8cb3481d41ba3c,False,,True,,development
data\NEU-CLS\train\train\images\patches_243.jpg,patches_243.jpg,images,.jpg,8e8fcd54563e51cb9d72bf739bf1ead8bfee6ec5c39fd6c9134ce0dd5ed714c0,False,,True,,test
data\NEU-CLS\train\train\images\patches_244.jpg,patches_244.jpg,images,.jpg,315c904e5d70da210481d8a3d0353a46f3f7b7f10791140e74c0d5b5f32d0c10,False,,True,,test
data\NEU-CLS\train\train\images\patches_245.jpg,patches_245.jpg,images,.jpg,aafd4d10099294256277db55a2e7931b10f04c5e55040e2f1a448cb3dbea9dfb,False,,True,,test
data\NEU-CLS\train\train\images\patches_246.jpg,patches_246.jpg,images,.jpg,7f45995002795476b698d414a272a5e742e89098d6d15fe633cc6fa36d87f6a7,False,,True,,development
data\NEU-CLS\train\train\images\patches_247.jpg,patches_247.jpg,images,.jpg,855c94193ef337063103964b1a6be05681eb08db3892b778fd43e1da58c1da0e,False,,True,,test
data\NEU-CLS\train\train\images\patches_248.jpg,patches_248.jpg,images,.jpg,3d2c26ea976d8fffbf4c12713fa5ae9739cdb86702ec99a293fa22e932a32abe,False,,True,,development
data\NEU-CLS\train\train\images\patches_249.jpg,patches_249.jpg,images,.jpg,2dc3453e4d6fbfa651d2625258f5b6bfbf234b13c294f82bc66b39b75c0318e4,False,,True,,development
data\NEU-CLS\train\train\images\patches_25.jpg,patches_25.jpg,images,.jpg,3c2cc3eff5489f7b63d2dff96f4def2fd2f3a645e30a6f3446e3e0b51c61f67f,False,,True,,development
data\NEU-CLS\train\train\images\patches_250.jpg,patches_250.jpg,images,.jpg,fcac664c792126f8bbe6f91e68c0a0dcb0d54cd224def3be7bf49936d7359c04,False,,True,,development
data\NEU-CLS\train\train\images\patches_251.jpg,patches_251.jpg,images,.jpg,6efbb6c7d45b29f759993305699138358ed942ea479e3b11b397a8b08a5452ae,False,,True,,development
data\NEU-CLS\train\train\images\patches_252.jpg,patches_252.jpg,images,.jpg,9e58a22421d0be152d754b40c490a34a3bc28a997f78dc7a51854c2409364513,False,,True,,development
data\NEU-CLS\train\train\images\patches_253.jpg,patches_253.jpg,images,.jpg,b89d0a8707dc655037dccecb89adc179432b22a72f14c962241f30fc1d6eb6dd,False,,True,,development
data\NEU-CLS\train\train\images\patches_254.jpg,patches_254.jpg,images,.jpg,59a375029c861f4a9ce59ca6df2ee257c0020aa4c1f2463f12bdb433c1fc4d9d,False,,True,,development
data\NEU-CLS\train\train\images\patches_255.jpg,patches_255.jpg,images,.jpg,877905b79e570196b42d6e2befd56a28578a93caaa1ad87adcc64c6e7e2d887a,False,,True,,development
data\NEU-CLS\train\train\images\patches_256.jpg,patches_256.jpg,images,.jpg,9b269fb885009d472b311b800460b1dcd0b7b6fdefc07b2588b4dc4bec23a12b,False,,True,,development
data\NEU-CLS\train\train\images\patches_257.jpg,patches_257.jpg,images,.jpg,0a3c01f45ef41e5d16a39722fa4f1211cfd2d2e8d9ad17ff1170e491cbc973a7,False,,True,,development
data\NEU-CLS\train\train\images\patches_258.jpg,patches_258.jpg,images,.jpg,c84926f3e184c145c36499809377afbfed5f87bebd5ff9d22dbba28291690ffe,False,,True,,test
data\NEU-CLS\train\train\images\patches_259.jpg,patches_259.jpg,images,.jpg,19c9a24f2b5aa8b4a8e5b703aa7fb58af80c6b2f9d7d6342add68fe34c1ef3d1,False,,True,,development
data\NEU-CLS\train\train\images\patches_26.jpg,patches_26.jpg,images,.jpg,662afb41b7d1c5bde0b9349ce2f5d76fb5d3aee3068b84b6ee03bad8811e69d9,False,,True,,development
data\NEU-CLS\train\train\images\patches_260.jpg,patches_260.jpg,images,.jpg,66abc4550e371062fe3fe5eeb1ad4362dfd3a8cf3e53d568ec8bfd5e772f900e,False,,True,,test
data\NEU-CLS\train\train\images\patches_261.jpg,patches_261.jpg,images,.jpg,e8a474c5aa2c24719e4409edde2f0b3b78c26f4da3e38cac5b1e1e39ea3c3f03,False,,True,,development
data\NEU-CLS\train\train\images\patches_262.jpg,patches_262.jpg,images,.jpg,c89368f86ab398317eb89d1b0f0619206b5d9e5ad94e172b1b7c4fe39c66b23d,False,,True,,development
data\NEU-CLS\train\train\images\patches_263.jpg,patches_263.jpg,images,.jpg,6b17042244a90f5fb4c1c95875e3153e136a8def40b32aeeace7b5a50a7c01a6,False,,True,,test
data\NEU-CLS\train\train\images\patches_264.jpg,patches_264.jpg,images,.jpg,87bd41d2156623b33e07da6540a4b26df2f36d2469b3d935d33489f2198edd61,False,,True,,development
data\NEU-CLS\train\train\images\patches_265.jpg,patches_265.jpg,images,.jpg,41100b9bd8340832ffd683c0d3a8d7f4885af68c3615d7851776430c75a17fb5,False,,True,,development
data\NEU-CLS\train\train\images\patches_266.jpg,patches_266.jpg,images,.jpg,8b1bb04fc57972f8392a18c373d260441c819a650c2c0319f1304078c3146019,False,,True,,development
data\NEU-CLS\train\train\images\patches_267.jpg,patches_267.jpg,images,.jpg,4c42e1f62c262d8f6019cb78f446b6e353fbb213dba084c4e9f58eb97af38dfc,False,,True,,development
data\NEU-CLS\train\train\images\patches_268.jpg,patches_268.jpg,images,.jpg,79c04ddd57264674600662ec8941aaed6ca0d6f82aa4c595b1ae2b8af1eaf2dd,False,,True,,development
data\NEU-CLS\train\train\images\patches_269.jpg,patches_269.jpg,images,.jpg,a92362a8674b188bbe4340c7fc47d839110a479cfd52479ce2c3e1db4556edcf,False,,True,,test
data\NEU-CLS\train\train\images\patches_27.jpg,patches_27.jpg,images,.jpg,363f4cb0b22d52149a43b469283da65a8ec36bbae23def2ee677db23f9aa0f89,False,,True,,test
data\NEU-CLS\train\train\images\patches_270.jpg,patches_270.jpg,images,.jpg,839e441d971b5032b74387b4c6ad73e4a763066ae091e72d34ff2d8f33b5ccda,False,,True,,development
data\NEU-CLS\train\train\images\patches_271.jpg,patches_271.jpg,images,.jpg,c156a7fb1638744378b3a1d6cb8bdeefabb794c1b5a8cc7631b8fd71a54d3d8e,False,,True,,development
data\NEU-CLS\train\train\images\patches_272.jpg,patches_272.jpg,images,.jpg,fab6bccd498ba53f8a27bede2ec0effa53d3b30c05f2a1df1923ab9dd6417db9,False,,True,,test
data\NEU-CLS\train\train\images\patches_273.jpg,patches_273.jpg,images,.jpg,5d0b9c47b6f64c3bf47a139fd53ac2c23111f036d4a61312c57897434ec766f3,False,,True,,development
data\NEU-CLS\train\train\images\patches_274.jpg,patches_274.jpg,images,.jpg,5dc9bf890f7261dc1c9a66d6eab3c7de7914d1b8778c67e98a6609fc2febf151,False,,True,,development
data\NEU-CLS\train\train\images\patches_275.jpg,patches_275.jpg,images,.jpg,4e9f0be2c1b30d73fcc31215266a98e2fd3977c32d55757da1923170467c5fd4,False,,True,,development
data\NEU-CLS\train\train\images\patches_276.jpg,patches_276.jpg,images,.jpg,dd3ed2d74c829c9318b0cef6166dfd146dc8d0853a6d8fe7bd60a0dc69a4969c,False,,True,,development
data\NEU-CLS\train\train\images\patches_277.jpg,patches_277.jpg,images,.jpg,dc994b40ea8acfc0083506ff7b2e5b4d8be5691a3cd655e73180349dd0d2a7e7,False,,True,,development
data\NEU-CLS\train\train\images\patches_278.jpg,patches_278.jpg,images,.jpg,b7cb46c7b9496613084079842e4b895ec1f69769d6d0d60ec3e051572e85d52d,False,,True,,development
data\NEU-CLS\train\train\images\patches_279.jpg,patches_279.jpg,images,.jpg,d2bf11e2a6293675454996b47c2247a4a6dfe992fa9e6890900f47ebbbadbfaa,False,,True,,development
data\NEU-CLS\train\train\images\patches_28.jpg,patches_28.jpg,images,.jpg,16e62ede3ef06e13473d5833fe4c43702325e86f6d34855465a35c43fcaf78f8,False,,True,,development
data\NEU-CLS\train\train\images\patches_280.jpg,patches_280.jpg,images,.jpg,0c2f7d48bd413351cc0c50b71e806f82d1c54fcee9db74dc99aac2fb927941bc,False,,True,,development
data\NEU-CLS\train\train\images\patches_281.jpg,patches_281.jpg,images,.jpg,7a9cee7c60897f04d1e777e760ede9846be68aaa74bc2e870929f46d035eb9bd,False,,True,,development
data\NEU-CLS\train\train\images\patches_282.jpg,patches_282.jpg,images,.jpg,d31139e157f9d1b8f7021dac0124019d63847626960bcdc49d98caccd9233e74,False,,True,,development
data\NEU-CLS\train\train\images\patches_283.jpg,patches_283.jpg,images,.jpg,65c3ac9d8c00ed212ce359f057e9978a4824d32bd4c06021e6afcca1d8ba231d,False,,True,,test
data\NEU-CLS\train\train\images\patches_284.jpg,patches_284.jpg,images,.jpg,bdb2d8ecf644a70e53933064656ee0a272d4b72783c190925b52d2154f26bd20,False,,True,,development
data\NEU-CLS\train\train\images\patches_285.jpg,patches_285.jpg,images,.jpg,7def0954602b375c6d4a4c57ddf5a78851549f58f91f4b5e6370343815b029ba,False,,True,,development
data\NEU-CLS\train\train\images\patches_286.jpg,patches_286.jpg,images,.jpg,a7076ebb0a338b718a02a4428f4e04d614832513d838e23e01449f6377fc0d01,False,,True,,test
data\NEU-CLS\train\train\images\patches_287.jpg,patches_287.jpg,images,.jpg,5261d0b7ee9c4ca06e32cb1b4888d139beb9acbd009ac4eadcb859dda106b5ac,False,,True,,test
data\NEU-CLS\train\train\images\patches_288.jpg,patches_288.jpg,images,.jpg,6da34fabd707f6b8fc2bcc8ee164fd53fa881a8276089179e8abecbf95490856,False,,True,,development
data\NEU-CLS\train\train\images\patches_289.jpg,patches_289.jpg,images,.jpg,d9a2f0f14640326213f17616892c3e94d22d32ee6d4673f440cf43ab2d5fae89,False,,True,,test
data\NEU-CLS\train\train\images\patches_29.jpg,patches_29.jpg,images,.jpg,9751d8cee90dba22e1218cfb50df1942184096520fe2a15f372eec27f8e44b0a,False,,True,,development
data\NEU-CLS\train\train\images\patches_290.jpg,patches_290.jpg,images,.jpg,3a3ef9ad75e44d1feafeb60e4e8054e04f226db4f45c8598d5ed75216878e14d,False,,True,,development
data\NEU-CLS\train\train\images\patches_291.jpg,patches_291.jpg,images,.jpg,9afa3a077dcf17d80cb2aa4d82dd8ef9d04a9993fa28678214ac4b52aa1266fb,False,,True,,test
data\NEU-CLS\train\train\images\patches_292.jpg,patches_292.jpg,images,.jpg,7aa94f790e2e69fcb4acf2e7a7ddc81ac63cb7f8ef9105ab87c9c20e605fb8ed,False,,True,,development
data\NEU-CLS\train\train\images\patches_293.jpg,patches_293.jpg,images,.jpg,79c65389caf2906135bc9968e7dfaeeda1067adb821e70765a7e2ad8454b3974,False,,True,,development
data\NEU-CLS\train\train\images\patches_294.jpg,patches_294.jpg,images,.jpg,28260a8973c0988bbb15e731191937f8aa06ff8f76b9f637cdd87a3573bae8bb,False,,True,,development
data\NEU-CLS\train\train\images\patches_295.jpg,patches_295.jpg,images,.jpg,f3daada7e1852c8bf08f769c940a832e1c0ec514bc5b08a059814b47e87c011c,False,,True,,test
data\NEU-CLS\train\train\images\patches_296.jpg,patches_296.jpg,images,.jpg,b80f700f2871cde38bff5a8f0c5adee3731e86116b3e4b1e2eadcfaa1966dd3f,False,,True,,test
data\NEU-CLS\train\train\images\patches_297.jpg,patches_297.jpg,images,.jpg,0cec0be4c4130819995d9d766998f08826e433d561619c8f0f635a933c75cf01,False,,True,,development
data\NEU-CLS\train\train\images\patches_298.jpg,patches_298.jpg,images,.jpg,7f1193eb62c98ca54123cc9b92cecc4486a79cdb3f489f7f863836ef09ea4a38,False,,True,,development
data\NEU-CLS\train\train\images\patches_299.jpg,patches_299.jpg,images,.jpg,249e1897dcc805e311d4ba9ef5b4d57429f0dfc2d9dbcb52fc19928813676adb,False,,True,,development
data\NEU-CLS\train\train\images\patches_30.jpg,patches_30.jpg,images,.jpg,7592e6e7afadf98080f4dbe6eccf15f9b1cb1e39afbd4e0c1fdc355c9bc721a3,False,,True,,development
data\NEU-CLS\train\train\images\patches_300.jpg,patches_300.jpg,images,.jpg,c97e4426198ad6989ddf6c2cf1449e6231b1a6d05cc75443398c4ccc77c51d08,False,,True,,development
data\NEU-CLS\train\train\images\patches_31.jpg,patches_31.jpg,images,.jpg,76f02e8cb7ba6f0981006abc3f964838a998cf94470918cce1a525be5c9e85cb,False,,True,,development
data\NEU-CLS\train\train\images\patches_32.jpg,patches_32.jpg,images,.jpg,f1cc2da29bceb16f3845896cbfb025a48bbf86e14b38773042a8f3355cbf9ee0,False,,True,,development
data\NEU-CLS\train\train\images\patches_33.jpg,patches_33.jpg,images,.jpg,48f16d365f49ec5ae025add65e89951206ac60a74583332fd45cfb541e0c35c4,False,,True,,development
data\NEU-CLS\train\train\images\patches_34.jpg,patches_34.jpg,images,.jpg,dbe4aca05a9d06d4a3bd854f5e957943f09d6fc1995c92b4f1022f046dbfe742,False,,True,,development
data\NEU-CLS\train\train\images\patches_35.jpg,patches_35.jpg,images,.jpg,82432820198842702516c67da59c853b45a0fcdcc99b7bd4d4067305e563f5be,False,,True,,test
data\NEU-CLS\train\train\images\patches_36.jpg,patches_36.jpg,images,.jpg,16d9d374ef799b83365d544152aa4612e6d8aaa2584c2c9ccdbc5ecddca00752,False,,True,,development
data\NEU-CLS\train\train\images\patches_37.jpg,patches_37.jpg,images,.jpg,652274f82d438b3e630a15f574eef99e8699daffbf36b0c295269658981777a2,False,,True,,development
data\NEU-CLS\train\train\images\patches_38.jpg,patches_38.jpg,images,.jpg,850630a905233629d96e499f95cc288025add64fa216273b81fa0894ca4f4997,False,,True,,development
data\NEU-CLS\train\train\images\patches_39.jpg,patches_39.jpg,images,.jpg,7147f20f064932b1608dc0e061836d9432882204b4b8ec8a122932dd30175800,False,,True,,development
data\NEU-CLS\train\train\images\patches_40.jpg,patches_40.jpg,images,.jpg,f53035ba73bae155171b5f00e97bc030b5c0588a3a29f5ff86129f485908fa37,False,,True,,development
data\NEU-CLS\train\train\images\patches_41.jpg,patches_41.jpg,images,.jpg,47fa240620b53d3e904860c9233616ffa07714e76b2bb0570973d42a356acae5,False,,True,,test
data\NEU-CLS\train\train\images\patches_42.jpg,patches_42.jpg,images,.jpg,0dfc1c73fd895bfffe2a6d86840b8c44ff8ef4cb5d13e18a0f4cb01664b6e3a8,False,,True,,development
data\NEU-CLS\train\train\images\patches_43.jpg,patches_43.jpg,images,.jpg,f39a7c42ad27fbeb5d7b5bc1bcf9db36b63eabdbeecae52aa5e30b8e17d43558,False,,True,,development
data\NEU-CLS\train\train\images\patches_44.jpg,patches_44.jpg,images,.jpg,2b73682bf43d2fae72f41b3d0303b83f44dfadcc43d57d9c93dcf66ad316cdc7,False,,True,,development
data\NEU-CLS\train\train\images\patches_45.jpg,patches_45.jpg,images,.jpg,1ecc9523532c76a310d26978323a052d086d6b7382673a6544b5bba6589e9516,False,,True,,development
data\NEU-CLS\train\train\images\patches_46.jpg,patches_46.jpg,images,.jpg,2bc773158b38f9b4dea792a10311f8ba9eb81222454f6a347e500c8d7b3ebb9d,False,,True,,development
data\NEU-CLS\train\train\images\patches_47.jpg,patches_47.jpg,images,.jpg,9480bc5ebd5e144c249be8f41e9cc08f11ceeb38b00f21c535e7f7d249ebfe6b,False,,True,,development
data\NEU-CLS\train\train\images\patches_48.jpg,patches_48.jpg,images,.jpg,0d04cbafb4f85f684c20c7c2121d29b89f259d1e90c7c35acc6178e86dc41833,False,,True,,development
data\NEU-CLS\train\train\images\patches_49.jpg,patches_49.jpg,images,.jpg,813fd3fe142c2c6a82a3c4d9f0752f7ea0a12e3c051fbc5c6e47417d3d097a1f,False,,True,,development
data\NEU-CLS\train\train\images\patches_50.jpg,patches_50.jpg,images,.jpg,bd1d51aab6e085e53bbd0511cccbeeebe4a410bbbf6fc2d06c87be776e8e2490,False,,True,,development
data\NEU-CLS\train\train\images\patches_51.jpg,patches_51.jpg,images,.jpg,18d85c3b688f740fd42f09990f12327ad9d97238da066489ed8eb8ace4bad2b4,False,,True,,test
data\NEU-CLS\train\train\images\patches_52.jpg,patches_52.jpg,images,.jpg,6c63d879043e0bf5a0e514c6205e15bb05cfe5932fb6e6e4e0cf35e899bf410d,False,,True,,development
data\NEU-CLS\train\train\images\patches_53.jpg,patches_53.jpg,images,.jpg,e6ae7b224dda86e2217a8ad3695a46a68ba5e0588ad3e535632fa8fab51b9482,False,,True,,development
data\NEU-CLS\train\train\images\patches_54.jpg,patches_54.jpg,images,.jpg,3917f309e0b449e00fb619f7f8e4cfa216181ff0a5fcd774b78b874847884760,False,,True,,development
data\NEU-CLS\train\train\images\patches_55.jpg,patches_55.jpg,images,.jpg,09e0a0eb4007c107add4c1826438419a80ee03a859cd9878964f6a1e2138d3b9,False,,True,,test
data\NEU-CLS\train\train\images\patches_56.jpg,patches_56.jpg,images,.jpg,2eb8a2241f30fe57dba0d3a3e399acdf081a7dc94722e6326defe7de8c28f384,False,,True,,development
data\NEU-CLS\train\train\images\patches_57.jpg,patches_57.jpg,images,.jpg,ad85bc58b5b85587725a3d43f80689aed3a6559750a9177ff7cae7424a5831e2,False,,True,,development
data\NEU-CLS\train\train\images\patches_58.jpg,patches_58.jpg,images,.jpg,00b535f833b0da0a11d89737458d619d9cb2adcc6f0d0991d17194b3145ecbd0,False,,True,,development
data\NEU-CLS\train\train\images\patches_59.jpg,patches_59.jpg,images,.jpg,971381029c915999dd1f6c4773980467ec5188a0c662d438fcb98b8fd25fbff8,False,,True,,development
data\NEU-CLS\train\train\images\patches_6.jpg,patches_6.jpg,images,.jpg,3292e041757d375f967dd817e9927477220057e29b61f514d3fba6e6bb867432,False,,True,,test
data\NEU-CLS\train\train\images\patches_60.jpg,patches_60.jpg,images,.jpg,1fc9b5946cfd859f68e4c41b2b75171e36db8f6a3ead99d45ac4db7f4548170a,False,,True,,development
data\NEU-CLS\train\train\images\patches_61.jpg,patches_61.jpg,images,.jpg,04fbf0f1dc088c1187e0c79ebec84cc1722cf47b27f2f1f6ae072e81c106e6b2,False,,True,,development
data\NEU-CLS\train\train\images\patches_62.jpg,patches_62.jpg,images,.jpg,32817a5ff56d28a9ae23dfb54c66af057532e185301f6a9d220f26b39b69a436,False,,True,,development
data\NEU-CLS\train\train\images\patches_63.jpg,patches_63.jpg,images,.jpg,f0f766eddccb3418241198b22811f720ac110e3dcc84802afa9ade0c7bd49ece,False,,True,,development
data\NEU-CLS\train\train\images\patches_64.jpg,patches_64.jpg,images,.jpg,75ac452389f59bd725c6bf68f4521ba1471a556d30adbcfb5b29d1fa64fe023e,False,,True,,development
data\NEU-CLS\train\train\images\patches_65.jpg,patches_65.jpg,images,.jpg,9bc86e5dba604d4f670bd6eb4517e936549eedf56e598af740845de5c7dd306f,False,,True,,development
data\NEU-CLS\train\train\images\patches_66.jpg,patches_66.jpg,images,.jpg,c8f5da2d277d603369ac8288683add214cb7976ab9d2b05cfce59cbabe8a54f9,False,,True,,development
data\NEU-CLS\train\train\images\patches_67.jpg,patches_67.jpg,images,.jpg,65273259d3645fe141523228332b96bcc3b5a14a053204a4043287970f7a3b4d,False,,True,,development
data\NEU-CLS\train\train\images\patches_68.jpg,patches_68.jpg,images,.jpg,b321a0330bef26b422cb79a39196151b783bc28760ecc1dbe3f9efcf5d51b69d,False,,True,,development
data\NEU-CLS\train\train\images\patches_69.jpg,patches_69.jpg,images,.jpg,cb53b10f2f667f4e050dabad2aafb14e1cb930abc6618f4ec52cfca6fb615901,False,,True,,development
data\NEU-CLS\train\train\images\patches_7.jpg,patches_7.jpg,images,.jpg,45b4388e53fc01bd3c4a19b6febf047e0741c9ff5b592014978666c73df072ee,False,,True,,development
data\NEU-CLS\train\train\images\patches_70.jpg,patches_70.jpg,images,.jpg,3c7de7e24fbb1a48d6a302b7f81a1939560708b244193706851e985daa27cfe8,False,,True,,development
data\NEU-CLS\train\train\images\patches_71.jpg,patches_71.jpg,images,.jpg,260ebd8bea08ad0fff2b1aaf6d1353f474112c294438f3ced6bdbf5179393475,False,,True,,development
data\NEU-CLS\train\train\images\patches_72.jpg,patches_72.jpg,images,.jpg,6d6bed66ce3e74b682388888f50979c7ab563fdd636651b1e3b16ee4d3be34e7,False,,True,,test
data\NEU-CLS\train\train\images\patches_73.jpg,patches_73.jpg,images,.jpg,d9be27423d716b677d8a2bbcbc025bb34a076e172622a595a093e074bdcf925b,False,,True,,development
data\NEU-CLS\train\train\images\patches_74.jpg,patches_74.jpg,images,.jpg,83e61428e26252fe1f9d4c8d2f0f88b192744a8ff274501b9a27ab5c3444ba09,False,,True,,test
data\NEU-CLS\train\train\images\patches_75.jpg,patches_75.jpg,images,.jpg,4182308eccb755fbd7d58861f8662bc6e07234a5894e5dbf7c05fb3fe273e11c,False,,True,,development
data\NEU-CLS\train\train\images\patches_76.jpg,patches_76.jpg,images,.jpg,330bdf47b236f1e6f798999556beeb3325c19fffddd8173ef8aa9941f0af86ac,False,,True,,development
data\NEU-CLS\train\train\images\patches_77.jpg,patches_77.jpg,images,.jpg,916ccd6be14fd6c8677038281576b6ac0910f5a71f5db3b860e44e06d5edcdb6,False,,True,,development
data\NEU-CLS\train\train\images\patches_78.jpg,patches_78.jpg,images,.jpg,e13974fc75cf9fc1af00d028e2a7d7a8f79c4b41ead19a3d64242daf2946d941,False,,True,,test
data\NEU-CLS\train\train\images\patches_79.jpg,patches_79.jpg,images,.jpg,a067a12a0a6c2211bfb7a6f65a107bc5c247a47f420208d4504f14d68d456aef,False,,True,,development
data\NEU-CLS\train\train\images\patches_8.jpg,patches_8.jpg,images,.jpg,9de6dd8f908d03729a7030de8584eb3018c5509b1fabda27e9312b1cec901cb7,False,,True,,development
data\NEU-CLS\train\train\images\patches_80.jpg,patches_80.jpg,images,.jpg,31fe70de9d9bd5a348f84e7523682106f3cbac1a8fe2603421ae4792c98f1623,False,,True,,test
data\NEU-CLS\train\train\images\patches_81.jpg,patches_81.jpg,images,.jpg,166d260252071650251d0a7ae8ba380fc33005e882799871fe60074b61da1e30,False,,True,,development
data\NEU-CLS\train\train\images\patches_82.jpg,patches_82.jpg,images,.jpg,ef939b0e5fde664b7e4f703004b2227c81800c99aec3ac64aa97b26ee2f12664,False,,True,,development
data\NEU-CLS\train\train\images\patches_83.jpg,patches_83.jpg,images,.jpg,bff8b23555a6654dd5a240992aee08df5e9b3fe8c688fefa37cf17bc9c2b6a3f,False,,True,,development
data\NEU-CLS\train\train\images\patches_84.jpg,patches_84.jpg,images,.jpg,d0af1504ae045b785a8bfba9ede764ad8cb37122b544979d88beec7e82ce1819,False,,True,,development
data\NEU-CLS\train\train\images\patches_85.jpg,patches_85.jpg,images,.jpg,763fb3e085fc251574ac8c8891df7fc1df858adef7bf6af4533e4b8b052c628a,False,,True,,development
data\NEU-CLS\train\train\images\patches_86.jpg,patches_86.jpg,images,.jpg,2d3a44b12063dccbfb06c6efff8687bd7223450399e00c1ddcdaa8898699034f,False,,True,,development
data\NEU-CLS\train\train\images\patches_87.jpg,patches_87.jpg,images,.jpg,1e5af4ebaacd3bcaf9f1cdb5c446052192c78a2d6a5552d530a1187930e58d76,False,,True,,test
data\NEU-CLS\train\train\images\patches_88.jpg,patches_88.jpg,images,.jpg,611437ac025ff97ed6aa321aa504daee4f400921a1149a6ccc9eafe7e227ce29,False,,True,,test
data\NEU-CLS\train\train\images\patches_89.jpg,patches_89.jpg,images,.jpg,9d66c91aec906d8be6a0296ffd1fb2fb337b6804bf684adce43229bdd664570c,False,,True,,development
data\NEU-CLS\train\train\images\patches_9.jpg,patches_9.jpg,images,.jpg,48158c47d557ab7b499a34dbc2ba4955754a2235db290c5cc3c4a1266111494a,False,,True,,development
data\NEU-CLS\train\train\images\patches_90.jpg,patches_90.jpg,images,.jpg,65704f810f46a2dd58e1ff24c78f75e2c46678266e1f76b927da7a340f24eff8,False,,True,,development
data\NEU-CLS\train\train\images\patches_91.jpg,patches_91.jpg,images,.jpg,1443c2233065e7d99f7e24135b088e762f5ce1c09ac2662dbd2cb650490023d7,False,,True,,development
data\NEU-CLS\train\train\images\patches_92.jpg,patches_92.jpg,images,.jpg,8b3a734f92577c089878018dcf563cfd73eb93fe0c2c3e4be60749f4c3d29dfd,False,,True,,development
data\NEU-CLS\train\train\images\patches_93.jpg,patches_93.jpg,images,.jpg,1a7d1dbbb35ef9f8e44672cac1cf2018b00f61fd7547c3bd0283c7336fc7d9f7,False,,True,,test
data\NEU-CLS\train\train\images\patches_94.jpg,patches_94.jpg,images,.jpg,be4e2ca0cad95d9dc7effb02b1a10318235767391674217a8b59437730708ea6,False,,True,,test
data\NEU-CLS\train\train\images\patches_95.jpg,patches_95.jpg,images,.jpg,88c7fb7274a3d5d18a71143bb3c9fdc6acd0217d715300bd9195ce8eaf85874e,False,,True,,development
data\NEU-CLS\train\train\images\patches_96.jpg,patches_96.jpg,images,.jpg,25744eeaf0aac9ecd72d030ca47085843891b2d6e3b1c0971f02bd0eb43b6ba3,False,,True,,test
data\NEU-CLS\train\train\images\patches_97.jpg,patches_97.jpg,images,.jpg,9c08845910fa4492a657eaacb89a80890fd83010e79c94223dc38a6f4d6534b4,False,,True,,development
data\NEU-CLS\train\train\images\patches_98.jpg,patches_98.jpg,images,.jpg,e366ca0d4ab2d15235a71ada431c48963cbac46c44d730364afd6413648c7edf,False,,True,,development
data\NEU-CLS\train\train\images\patches_99.jpg,patches_99.jpg,images,.jpg,032e85df219d8d28b260d21b4171114711cab98cf525b8f61d832efd483723dc,False,,True,,test
data\NEU-CLS\train\train\images\pitted_surface_10.jpg,pitted_surface_10.jpg,images,.jpg,bd2c587072010df78e39b36790392ad28b6a0353b8d78a10afa56a25998a515c,False,,True,,development
data\NEU-CLS\train\train\images\pitted_surface_100.jpg,pitted_surface_100.jpg,images,.jpg,df878735886705a5cf3e8d4024cd8d2729fd16cbb8696a289a7252b1854e7f0a,False,,True,,development
data\NEU-CLS\train\train\images\pitted_surface_101.jpg,pitted_surface_101.jpg,images,.jpg,7df40e532413e8125e874e0d93467862e9b2aeba436d7e78f9fb93419e68a6eb,False,,True,,development
data\NEU-CLS\train\train\images\pitted_surface_102.jpg,pitted_surface_102.jpg,images,.jpg,04cb6afe5cb2b4026f4546a742fb8d19840269e963a684d30c7ab54e576800e4,False,,True,,development
data\NEU-CLS\train\train\images\pitted_surface_103.jpg,pitted_surface_103.jpg,images,.jpg,18a3a8a97ca9bb7b323dbba23ad48f391793626f8e1508b132ea3587e125a730,False,,True,,development
data\NEU-CLS\train\train\images\pitted_surface_104.jpg,pitted_surface_104.jpg,images,.jpg,38fd5d9f816505acfbdc0bd52255fc6a0a50db2b408fd42aa8b0384115fefe81,False,,True,,development
data\NEU-CLS\train\train\images\pitted_surface_105.jpg,pitted_surface_105.jpg,images,.jpg,dff0501d7a09a474271930b63e051e3a15613ab10d169c39d6c0453de23b3a59,False,,True,,development
data\NEU-CLS\train\train\images\pitted_surface_106.jpg,pitted_surface_106.jpg,images,.jpg,d0809bf74c816873f48e5690a3d7edb590821f7f7294594af6b29100066fc76f,False,,True,,test
data\NEU-CLS\train\train\images\pitted_surface_107.jpg,pitted_surface_107.jpg,images,.jpg,a1f9797208b18976c3ac2d9c80c9783dc747a812c47a40f1b6d72d92d78abf8c,False,,True,,development
data\NEU-CLS\train\train\images\pitted_surface_108.jpg,pitted_surface_108.jpg,images,.jpg,78a9395980390808492e802391815b49696c0fd0bc8ed2e2315e82f64b3a27d3,False,,True,,development
data\NEU-CLS\train\train\images\pitted_surface_109.jpg,pitted_surface_109.jpg,images,.jpg,dffb4f12feb3be5600277854c58ffe6b1579a5575a1d570838b0991280936c3d,False,,True,,development
data\NEU-CLS\train\train\images\pitted_surface_11.jpg,pitted_surface_11.jpg,images,.jpg,64dbfff0db96f94c0b52a4354c93b6196df3e5bb962e22116988d5e0b0eae195,False,,True,,development
data\NEU-CLS\train\train\images\pitted_surface_110.jpg,pitted_surface_110.jpg,images,.jpg,603b67f60855f5e5b99be81814987015fc24d8573390ea3995ac316e3739f43c,False,,True,,test
data\NEU-CLS\train\train\images\pitted_surface_111.jpg,pitted_surface_111.jpg,images,.jpg,08a6412fd55add10e1547133fde43b852ba20c4ddac317c950ffa05b2647c10d,False,,True,,test
data\NEU-CLS\train\train\images\pitted_surface_112.jpg,pitted_surface_112.jpg,images,.jpg,0c88b32244e8952c33367fbc895808513e4c7fc2396579ec0eb8a298777d5d2d,False,,True,,development
data\NEU-CLS\train\train\images\pitted_surface_113.jpg,pitted_surface_113.jpg,images,.jpg,85988f6cae7b26bbb95668ae57ba731cd733d700631f1072a41a1c511c7b133b,False,,True,,development
data\NEU-CLS\train\train\images\pitted_surface_114.jpg,pitted_surface_114.jpg,images,.jpg,f3baaa7f791f671bad4dd95f528746aaf40e677b8b5a371bc9e954559c5e1c13,False,,True,,development
data\NEU-CLS\train\train\images\pitted_surface_115.jpg,pitted_surface_115.jpg,images,.jpg,f1bc1a620c2c46140f68b20fd1d74d1d6f16f0317f9c052ead9c4291550bed3e,False,,True,,development
data\NEU-CLS\train\train\images\pitted_surface_116.jpg,pitted_surface_116.jpg,images,.jpg,65e9f60b8ed02f4891ae1b7759c57aa2295a67d5d8008aece4dfe6a925dc8c28,False,,True,,development
data\NEU-CLS\train\train\images\pitted_surface_117.jpg,pitted_surface_117.jpg,images,.jpg,0ba87e5908b2d654e157dee81160a2f5a711d6b631c9a95f65203c1d39a02998,False,,True,,development
data\NEU-CLS\train\train\images\pitted_surface_118.jpg,pitted_surface_118.jpg,images,.jpg,8fcda1c9f6a355a80e5411b5f88edbaf3069161bcba432fd9e4a529585d6156a,False,,True,,development
data\NEU-CLS\train\train\images\pitted_surface_119.jpg,pitted_surface_119.jpg,images,.jpg,22b00840d783585bee690a1be5e7ac194a8fa627e25573252cfff23002ea3444,False,,True,,development
data\NEU-CLS\train\train\images\pitted_surface_12.jpg,pitted_surface_12.jpg,images,.jpg,0c0f06d3952f180bb6723d619b50a5ff1c676fe14bfffe037397019f92e4b71e,False,,True,,development
data\NEU-CLS\train\train\images\pitted_surface_120.jpg,pitted_surface_120.jpg,images,.jpg,297ec1a0a369123845e17c413587e5ca71563008ceb91c5355162f3b9d7c5938,False,,True,,development
data\NEU-CLS\train\train\images\pitted_surface_121.jpg,pitted_surface_121.jpg,images,.jpg,edf9240aa7fe76ecfc0384e64000c24d59e38cbeab699f7c3a80bc908f5564a9,False,,True,,development
data\NEU-CLS\train\train\images\pitted_surface_122.jpg,pitted_surface_122.jpg,images,.jpg,5934e4cc5c6bbadc1cea805fe707cbf4180c0b7a1cf341cf79c6788ab87c7bf2,False,,True,,development
data\NEU-CLS\train\train\images\pitted_surface_123.jpg,pitted_surface_123.jpg,images,.jpg,cc953c4f1eac4e85ceef824bc68763ce0ab18af51799b5a19a0e258b868c6b62,False,,True,,development
data\NEU-CLS\train\train\images\pitted_surface_124.jpg,pitted_surface_124.jpg,images,.jpg,dac1e12ff8fd41f06d5275d1244f7c5b67c98d14bc3b053da947f94cdd76ac90,False,,True,,development
data\NEU-CLS\train\train\images\pitted_surface_125.jpg,pitted_surface_125.jpg,images,.jpg,a55b9e4172cde4c6441feb878a394c202b269bda1e9f4a7a61b41da7ac4fe85d,False,,True,,development
data\NEU-CLS\train\train\images\pitted_surface_126.jpg,pitted_surface_126.jpg,images,.jpg,51179378d603a639c6a7158107977d2e58c7072c1be248366f3debde1b5066cc,False,,True,,test
data\NEU-CLS\train\train\images\pitted_surface_127.jpg,pitted_surface_127.jpg,images,.jpg,f3e3485b985b6fc1bb6dd33232cd7140f25afc90fc8d3e3ac83d81571d847520,False,,True,,development
data\NEU-CLS\train\train\images\pitted_surface_128.jpg,pitted_surface_128.jpg,images,.jpg,11cad42985c50774cdfc37f6f91f625e86c73c8f10563c15a0e8bf73130ce945,False,,True,,development
data\NEU-CLS\train\train\images\pitted_surface_129.jpg,pitted_surface_129.jpg,images,.jpg,970f912b65572015c6be924332a361bc9033bbed55f7cfba4c9c48151b93cb3c,False,,True,,development
data\NEU-CLS\train\train\images\pitted_surface_13.jpg,pitted_surface_13.jpg,images,.jpg,c58dcd3efefdf6a427b95b49035a7b40e952c63be773efd56bdc2163a4db5679,False,,True,,development
data\NEU-CLS\train\train\images\pitted_surface_130.jpg,pitted_surface_130.jpg,images,.jpg,0d4d2589783dbf9ac9c1650c0134d14bac51c6e2f1e5308a82e8c4a132d83ec2,False,,True,,development
data\NEU-CLS\train\train\images\pitted_surface_131.jpg,pitted_surface_131.jpg,images,.jpg,0a83aa10ba7b994ff4f43e7a2253b1085ff9837f7879136edd37886a6cf16f23,False,,True,,development
data\NEU-CLS\train\train\images\pitted_surface_132.jpg,pitted_surface_132.jpg,images,.jpg,5f7a8aff9dc8874ed44837c96fdff07bb59e12d7db218ba92f46a9cf1017c570,False,,True,,development
data\NEU-CLS\train\train\images\pitted_surface_133.jpg,pitted_surface_133.jpg,images,.jpg,8d13fd79bbee3c0bce2ad1a50c361e50c172f7e59dfe26eeb5f41b25b096fb20,False,,True,,development
data\NEU-CLS\train\train\images\pitted_surface_134.jpg,pitted_surface_134.jpg,images,.jpg,4e77b73c0c3869eb8b9a94495c6296374f79976bfc68c2c83874e19371558831,False,,True,,development
data\NEU-CLS\train\train\images\pitted_surface_135.jpg,pitted_surface_135.jpg,images,.jpg,edfbf2614088b45c122de369f0ede6d4cf513b2dbb5e0a2aedc37e912d2ca15e,False,,True,,development
data\NEU-CLS\train\train\images\pitted_surface_136.jpg,pitted_surface_136.jpg,images,.jpg,be2dd28519b9d2e35420dab94db63adb8f1a0f5ff3012a75f69ef770c1b9e2c4,False,,True,,development
data\NEU-CLS\train\train\images\pitted_surface_137.jpg,pitted_surface_137.jpg,images,.jpg,db701df4413c5913f0f67f7374ffe50b52931b46afe0cf9a276df742983e44b6,False,,True,,development
data\NEU-CLS\train\train\images\pitted_surface_138.jpg,pitted_surface_138.jpg,images,.jpg,bec8cea242698b86eb179223494c7dba93a12e6e92c673623ce2148edc628b47,False,,True,,development
data\NEU-CLS\train\train\images\pitted_surface_139.jpg,pitted_surface_139.jpg,images,.jpg,3959b69b3cb5d73ca2aeacda703c42b34af2be1c3aacd59c9712de88c54c9e8c,False,,True,,development
data\NEU-CLS\train\train\images\pitted_surface_14.jpg,pitted_surface_14.jpg,images,.jpg,7898fe4fe87f61985faeff0c20476488180dca9545e324ce3710c8ac95d084f9,False,,True,,test
data\NEU-CLS\train\train\images\pitted_surface_140.jpg,pitted_surface_140.jpg,images,.jpg,b81cccbe01de965e89e23fee0630c23ffca236c2bd7b4a0bca2f5cb45817d1de,False,,True,,test
data\NEU-CLS\train\train\images\pitted_surface_141.jpg,pitted_surface_141.jpg,images,.jpg,d2ac0749d95210cdfddadfd8a28dae8a6b9ac7d1520daa2c9367b9a27648441d,False,,True,,development
data\NEU-CLS\train\train\images\pitted_surface_142.jpg,pitted_surface_142.jpg,images,.jpg,1aebf4e22b9afea31144533fda985009b887172939f45d20ac027be24fe0abef,False,,True,,development
data\NEU-CLS\train\train\images\pitted_surface_143.jpg,pitted_surface_143.jpg,images,.jpg,11989cce1e1ca2509772e88844ec32fb659d1a7a3fcb7e5ce9bf04e78f442fb6,False,,True,,development
data\NEU-CLS\train\train\images\pitted_surface_144.jpg,pitted_surface_144.jpg,images,.jpg,195f74c60474e1d873462ca82185a1909911b4e273dcd393514623db193564a7,False,,True,,development
data\NEU-CLS\train\train\images\pitted_surface_145.jpg,pitted_surface_145.jpg,images,.jpg,acdd1073b72b38592ca7e9f5e4b027eed2219769095c7fd5a990d310268fee87,False,,True,,development
data\NEU-CLS\train\train\images\pitted_surface_146.jpg,pitted_surface_146.jpg,images,.jpg,bd138a884896606799978fcda063bbaf2a1a0d986ffbe808f10b859b0199ea3e,False,,True,,development
data\NEU-CLS\train\train\images\pitted_surface_147.jpg,pitted_surface_147.jpg,images,.jpg,7c0b26e35c50d5fad55665427fa3a87712a9e2ea055d87906c56c146228ae41d,False,,True,,development
data\NEU-CLS\train\train\images\pitted_surface_148.jpg,pitted_surface_148.jpg,images,.jpg,1a2e08ad1a06c2df27a4e6d90cd433477e2937fe95ee70189ae9571b45ab88db,False,,True,,development
data\NEU-CLS\train\train\images\pitted_surface_149.jpg,pitted_surface_149.jpg,images,.jpg,733164e8a04943aae86a7b85d13331401b84f31f3413d99216c325f73306eeaf,False,,True,,development
data\NEU-CLS\train\train\images\pitted_surface_15.jpg,pitted_surface_15.jpg,images,.jpg,53e7260d78101d4313f81b01e063e47dd3cc8974062ae4bfe8f9966d9136668b,False,,True,,development
data\NEU-CLS\train\train\images\pitted_surface_150.jpg,pitted_surface_150.jpg,images,.jpg,3638923dd4d7c5f98dfbe9378fa009a8612d67f1a56f0f722a2a7f11c01ec6e8,False,,True,,development
data\NEU-CLS\train\train\images\pitted_surface_151.jpg,pitted_surface_151.jpg,images,.jpg,5cb95bafcb084497ec3874ad6efba69512ea522feae5e678033b017e847b9c16,False,,True,,development
data\NEU-CLS\train\train\images\pitted_surface_152.jpg,pitted_surface_152.jpg,images,.jpg,2f25db31d58ed8d62acd2371c9b9db717cda92f2436c4336c8956aa037d728ab,False,,True,,development
data\NEU-CLS\train\train\images\pitted_surface_153.jpg,pitted_surface_153.jpg,images,.jpg,edac63aa6c0baa6e30f86ec7797342cf96605d6e25fc566700589b9f4522e210,False,,True,,development
data\NEU-CLS\train\train\images\pitted_surface_154.jpg,pitted_surface_154.jpg,images,.jpg,cb154ef1ed441b221b54a0e298899c95ad04eb511ae31dfcea55d0a60ebc39d2,False,,True,,development
data\NEU-CLS\train\train\images\pitted_surface_155.jpg,pitted_surface_155.jpg,images,.jpg,aa593a59fdc9a434f81f20e63741b27c32c5fc8bace9902bdfd154c6971b1683,False,,True,,development
data\NEU-CLS\train\train\images\pitted_surface_156.jpg,pitted_surface_156.jpg,images,.jpg,8493666f951523858b3ef610f12f89c58a882e8044b618fe0685611e12824229,False,,True,,development
data\NEU-CLS\train\train\images\pitted_surface_157.jpg,pitted_surface_157.jpg,images,.jpg,33afa881416db262ff8d434879d5ddeb6339a1bee6424acbbb89c2dbb2f1e16c,False,,True,,development
data\NEU-CLS\train\train\images\pitted_surface_158.jpg,pitted_surface_158.jpg,images,.jpg,f974db6148b295ba3821601b906f828aa20a136cc6458af9fec9c24e5890922b,False,,True,,development
data\NEU-CLS\train\train\images\pitted_surface_159.jpg,pitted_surface_159.jpg,images,.jpg,ac4f0a45732551cfa164a3bc6ecd1675b9c8a9a087dd1ddc6bae708ec20c84d0,False,,True,,development
data\NEU-CLS\train\train\images\pitted_surface_16.jpg,pitted_surface_16.jpg,images,.jpg,aa77c688ffd4dfa8f6780653b961eb69bd28abfc1c7ec05c90e8bd214b393ad3,False,,True,,development
data\NEU-CLS\train\train\images\pitted_surface_160.jpg,pitted_surface_160.jpg,images,.jpg,b9d02dcd7624fa4acc749cd90926411fa3e96d578c7c979ff5f4241df835bb0a,False,,True,,test
data\NEU-CLS\train\train\images\pitted_surface_161.jpg,pitted_surface_161.jpg,images,.jpg,2e831d96126f240bc4615cddebe49aeef493d4927a05355541b845d624f4ea61,False,,True,,development
data\NEU-CLS\train\train\images\pitted_surface_162.jpg,pitted_surface_162.jpg,images,.jpg,91da27038e46931779bd62a50210ae239a8ee0f0b70725c0d5777414663a294c,False,,True,,development
data\NEU-CLS\train\train\images\pitted_surface_163.jpg,pitted_surface_163.jpg,images,.jpg,fab5744932d1ec330661ae33284428e376683c02514119f63c6de5d7e0de8f5e,False,,True,,test
data\NEU-CLS\train\train\images\pitted_surface_164.jpg,pitted_surface_164.jpg,images,.jpg,8e85eb2f09f0454ccbb6b209e4995f8c1e134ff2b710e2f983367ac641832da5,False,,True,,test
data\NEU-CLS\train\train\images\pitted_surface_165.jpg,pitted_surface_165.jpg,images,.jpg,33c41793939b2240f338bfd9bb83eb691d1b63b90326f48a4304fb44e0af7783,False,,True,,test
data\NEU-CLS\train\train\images\pitted_surface_166.jpg,pitted_surface_166.jpg,images,.jpg,60dca15dd3a36d24887daa91eb2a37c9aca3e793801aaaa35cfa70e76c09c825,False,,True,,test
data\NEU-CLS\train\train\images\pitted_surface_167.jpg,pitted_surface_167.jpg,images,.jpg,d7079a9f0b6fc5cc2e06959f2da61f863eb5a18454ced8fcc15f1137c8842c43,False,,True,,development
data\NEU-CLS\train\train\images\pitted_surface_168.jpg,pitted_surface_168.jpg,images,.jpg,08a5244832af8b28d9246cfe2287d465c133b0f187322da442348bb1f3d1d3d7,False,,True,,test
data\NEU-CLS\train\train\images\pitted_surface_169.jpg,pitted_surface_169.jpg,images,.jpg,8adde2933895b423743393c72db703ea996a0bec8dfe324ed055642763af28d1,False,,True,,test
data\NEU-CLS\train\train\images\pitted_surface_17.jpg,pitted_surface_17.jpg,images,.jpg,efa2e345933a082a83e015e77c8a6f478cc33c5a28cc4e46c9e6ce53d3769a73,False,,True,,development
data\NEU-CLS\train\train\images\pitted_surface_170.jpg,pitted_surface_170.jpg,images,.jpg,172e6d8fd52d7463fcf2576091971550f4b5de2d3567edc0c5e80f19e0f0cc91,False,,True,,development
data\NEU-CLS\train\train\images\pitted_surface_171.jpg,pitted_surface_171.jpg,images,.jpg,d6d441431fd93301874b9cf5d291f95c33b3a5424f6b1521f11e0dede07bb6c0,False,,True,,development
data\NEU-CLS\train\train\images\pitted_surface_172.jpg,pitted_surface_172.jpg,images,.jpg,1b6c04443bba76556ef7d2478932ea04ddac452ebe954f72c087f0ff8cc47b16,False,,True,,development
data\NEU-CLS\train\train\images\pitted_surface_173.jpg,pitted_surface_173.jpg,images,.jpg,70867ad2f8960e4f00f80db2d0dbb1fda2bea7cc382d42ade30606b49a762dbf,False,,True,,development
data\NEU-CLS\train\train\images\pitted_surface_174.jpg,pitted_surface_174.jpg,images,.jpg,af626cd84902cd7b4663043a36a81d0a019d954d9607879f6f7aaa96130441c8,False,,True,,development
data\NEU-CLS\train\train\images\pitted_surface_175.jpg,pitted_surface_175.jpg,images,.jpg,afb29b73d7fae466b00ad572d37ae5be308ccd91cf57c82309331ea58ebd3fa4,False,,True,,development
data\NEU-CLS\train\train\images\pitted_surface_176.jpg,pitted_surface_176.jpg,images,.jpg,8346be4d7aabc46d0886101c531a608c8a5b2873ba89b95648b59f6c91d20ec5,False,,True,,development
data\NEU-CLS\train\train\images\pitted_surface_177.jpg,pitted_surface_177.jpg,images,.jpg,cf734cb6382268765c36de9d9fe9fbbc7d082943b271062e1861a71c4da97347,False,,True,,development
data\NEU-CLS\train\train\images\pitted_surface_178.jpg,pitted_surface_178.jpg,images,.jpg,cf4f8193aeb1ca4c556720805b6b4ab7d8d0b4e30ee7d3ea1406bbfe0fe4a35e,False,,True,,development
data\NEU-CLS\train\train\images\pitted_surface_179.jpg,pitted_surface_179.jpg,images,.jpg,71bc95c2b31192ae504aea3f1dd50f22344f0407ba414da0ea219768189b1b1d,False,,True,,development
data\NEU-CLS\train\train\images\pitted_surface_18.jpg,pitted_surface_18.jpg,images,.jpg,d64413fba409a9234c5d72f363b09fec4938dc278f71e97377341671d3346628,False,,True,,test
data\NEU-CLS\train\train\images\pitted_surface_180.jpg,pitted_surface_180.jpg,images,.jpg,2b42007398e13ddb5babeb349d90e3635d53c3133d08372d287a95109ed37cc5,False,,True,,development
data\NEU-CLS\train\train\images\pitted_surface_181.jpg,pitted_surface_181.jpg,images,.jpg,31b7482b422c3941ac6a11ab1b2760253cd8961701b7a012035522cbea98c356,False,,True,,development
data\NEU-CLS\train\train\images\pitted_surface_182.jpg,pitted_surface_182.jpg,images,.jpg,495c9dd26758ca1cdfd39436f3d208104d15378a948c77eb240805626bfe3657,False,,True,,test
data\NEU-CLS\train\train\images\pitted_surface_183.jpg,pitted_surface_183.jpg,images,.jpg,08c86b3c67320c77cd7fdc77aa2485ed2b31c9a442399cbd5dff994ea41b3c5b,False,,True,,development
data\NEU-CLS\train\train\images\pitted_surface_184.jpg,pitted_surface_184.jpg,images,.jpg,a6764f42e7608e539fd3b60c663b8f3bfc7d863fde46b2f41cc1c3dedd92c724,False,,True,,development
data\NEU-CLS\train\train\images\pitted_surface_185.jpg,pitted_surface_185.jpg,images,.jpg,cbbd9e956886c5ea30e94d7f4cf26c81790b440839b7aa3f8fe08aa9cc6944ea,False,,True,,development
data\NEU-CLS\train\train\images\pitted_surface_186.jpg,pitted_surface_186.jpg,images,.jpg,a1b72ce8de5c400c85f76234f2178ae517d660d1a9292681217983bc9b709311,False,,True,,development
data\NEU-CLS\train\train\images\pitted_surface_187.jpg,pitted_surface_187.jpg,images,.jpg,df2347ec3e9637adcc36294b8a7b18060649129cdf2a7c23eca2ccccce60d227,False,,True,,development
data\NEU-CLS\train\train\images\pitted_surface_188.jpg,pitted_surface_188.jpg,images,.jpg,1e76a357d396dec239656007172e46997273ee8c3307b246eeae95303f1234da,False,,True,,test
data\NEU-CLS\train\train\images\pitted_surface_189.jpg,pitted_surface_189.jpg,images,.jpg,c1fa2cb0ed7e9bca3ca7b24bde379162d07de699bf37ae408b6cf57e551b0f84,False,,True,,development
data\NEU-CLS\train\train\images\pitted_surface_19.jpg,pitted_surface_19.jpg,images,.jpg,7ed12bdb7a30a918bdbf14b37b5a5dedaeabbe9e6f6a5b6c63aff9fdcf33ffd9,False,,True,,development
data\NEU-CLS\train\train\images\pitted_surface_190.jpg,pitted_surface_190.jpg,images,.jpg,cf3abc2609997d757cffee43193a1c17b3f17bfd96934e41be168254ffa0770a,False,,True,,development
data\NEU-CLS\train\train\images\pitted_surface_191.jpg,pitted_surface_191.jpg,images,.jpg,4280f3f673781287869bae98e82ddb0701c8d74c3836a1a8dcfbd59dd68a71cb,False,,True,,development
data\NEU-CLS\train\train\images\pitted_surface_192.jpg,pitted_surface_192.jpg,images,.jpg,6abbcc366958cfa091b89c4838ea43fe2b404b1456e94f1f454f027f0207e0ed,False,,True,,development
data\NEU-CLS\train\train\images\pitted_surface_193.jpg,pitted_surface_193.jpg,images,.jpg,4fbd168afd947dc6cd6440ba16c211c5892b776e9db0e3c1a037dea20c3102a3,False,,True,,development
data\NEU-CLS\train\train\images\pitted_surface_194.jpg,pitted_surface_194.jpg,images,.jpg,a8e91027261d33ad4c2058468f1b0a058fabfa6c29c4abfc1a0c9d42a80fe8f6,False,,True,,development
data\NEU-CLS\train\train\images\pitted_surface_195.jpg,pitted_surface_195.jpg,images,.jpg,496a7faddb7fb2c2d2454ba1ac3abcbdb7e0b2d35147015987422027a85d2dda,False,,True,,development
data\NEU-CLS\train\train\images\pitted_surface_196.jpg,pitted_surface_196.jpg,images,.jpg,e42dc05a223ea0e05edea37ff91b31c709dc061845dcbce245692bcff308bcbd,False,,True,,development
data\NEU-CLS\train\train\images\pitted_surface_197.jpg,pitted_surface_197.jpg,images,.jpg,9897a8daae0073eac185c034f3a664a21b586005fdf2069346dc2bebb83daf1c,False,,True,,development
data\NEU-CLS\train\train\images\pitted_surface_198.jpg,pitted_surface_198.jpg,images,.jpg,a460460283fd402e9e0f6cf07ed90cd0a3ce76e58ecedf31882adc9a02240f79,False,,True,,development
data\NEU-CLS\train\train\images\pitted_surface_199.jpg,pitted_surface_199.jpg,images,.jpg,92b64539dbef7c4e515d113a114ff19b22a0d80d9c13d06d7f96df48d0b5e75f,False,,True,,development
data\NEU-CLS\train\train\images\pitted_surface_20.jpg,pitted_surface_20.jpg,images,.jpg,6e20a0c048f099170f8cdf08b011c8da6794e0d49d7fbe986c9600e2d5bb972e,False,,True,,development
data\NEU-CLS\train\train\images\pitted_surface_200.jpg,pitted_surface_200.jpg,images,.jpg,05e116a8b71bbd2ef952d71836d43017f0b30940a17dce3ed62868c6d03cb865,False,,True,,test
data\NEU-CLS\train\train\images\pitted_surface_201.jpg,pitted_surface_201.jpg,images,.jpg,568bb30a2536d70ce4be156e2a98825eea9e20c45bd603c06678a07f5c5dfd04,False,,True,,development
data\NEU-CLS\train\train\images\pitted_surface_202.jpg,pitted_surface_202.jpg,images,.jpg,5897b0dbb3ed17cdafaf286793f856f3ee51e5aa507008204619909ee75652fc,False,,True,,development
data\NEU-CLS\train\train\images\pitted_surface_203.jpg,pitted_surface_203.jpg,images,.jpg,b1696ee15b32b9a837187462324f5d6d047cd3f89cdc56641d10153411e3e03d,False,,True,,development
data\NEU-CLS\train\train\images\pitted_surface_204.jpg,pitted_surface_204.jpg,images,.jpg,1e21cc5c368d9e015223dbac4771343d8acbb2b76c2ced5e49a319e1b1bb3f31,False,,True,,development
data\NEU-CLS\train\train\images\pitted_surface_205.jpg,pitted_surface_205.jpg,images,.jpg,fe06df43b595bf9b9067f6f4437aa3ffe3534eb7b56d400f0d2c1712d287daf5,False,,True,,development
data\NEU-CLS\train\train\images\pitted_surface_206.jpg,pitted_surface_206.jpg,images,.jpg,391de7caa6797b40467b1274be7b3b9241a79912813372ed40c061686dca3a95,False,,True,,development
data\NEU-CLS\train\train\images\pitted_surface_207.jpg,pitted_surface_207.jpg,images,.jpg,6afad28d421f88534c6f44a5c54185fe68d6e30fe4ce55f698c6a4eff97186aa,False,,True,,development
data\NEU-CLS\train\train\images\pitted_surface_208.jpg,pitted_surface_208.jpg,images,.jpg,2c14424b4a7895ac18bec0ad4692ceca810d5d099aeff58eeb741d5d8d40ff8c,False,,True,,development
data\NEU-CLS\train\train\images\pitted_surface_209.jpg,pitted_surface_209.jpg,images,.jpg,76aff94fc0715efb879685a56ab14ced25a300216035f1262a0223d3a77dfe22,False,,True,,development
data\NEU-CLS\train\train\images\pitted_surface_21.jpg,pitted_surface_21.jpg,images,.jpg,2e6e07a89d10430905dd4f20e89fecb5fd03c0e29e47de9f35e001a4209373ab,False,,True,,development
data\NEU-CLS\train\train\images\pitted_surface_210.jpg,pitted_surface_210.jpg,images,.jpg,885c345fcea43592d1b3b8b9d2ad23a1dd4db9ba812be39b2e7a0987d837f314,False,,True,,development
data\NEU-CLS\train\train\images\pitted_surface_211.jpg,pitted_surface_211.jpg,images,.jpg,29083485e5fe4dc1a540e30697534e268f7b646ea41e3397207dda5a48ea8b57,False,,True,,development
data\NEU-CLS\train\train\images\pitted_surface_212.jpg,pitted_surface_212.jpg,images,.jpg,d577914facd1ea5374575111d224ae145e0a6d76b642d3cea95a62121cc36983,False,,True,,development
data\NEU-CLS\train\train\images\pitted_surface_213.jpg,pitted_surface_213.jpg,images,.jpg,52ebe98212b1df478c828c7fea519c35e85f4c7cd7879fd510c9c836fbdf9492,False,,True,,development
data\NEU-CLS\train\train\images\pitted_surface_214.jpg,pitted_surface_214.jpg,images,.jpg,b700ddc547f3ffa22408554d90dbecc41870e42fb02cb030272fe1cb871c5e64,False,,True,,development
data\NEU-CLS\train\train\images\pitted_surface_215.jpg,pitted_surface_215.jpg,images,.jpg,43a0b26cea6a82a9d71121ffd0e736f6357fa9cbcc7aefb7ad35f5fe0e373342,False,,True,,development
data\NEU-CLS\train\train\images\pitted_surface_216.jpg,pitted_surface_216.jpg,images,.jpg,0cc8500cb005542f6dc42c57dc10439bb202d62b7b6376e0d7407ab63c073ec4,False,,True,,test
data\NEU-CLS\train\train\images\pitted_surface_217.jpg,pitted_surface_217.jpg,images,.jpg,6f1f26a6ace02993d898f43ca3e9d6d04bdbb8db1e7dac5d39129db0ec789791,False,,True,,development
data\NEU-CLS\train\train\images\pitted_surface_218.jpg,pitted_surface_218.jpg,images,.jpg,0f24dcb09eb61b04a299bdb63cb829404d787b8060f7900adab631178a9446f1,False,,True,,test
data\NEU-CLS\train\train\images\pitted_surface_219.jpg,pitted_surface_219.jpg,images,.jpg,5320c3405306655a27cb9452538ce7d3fd1f9a2b7be03e7f152472b1be5ce529,False,,True,,development
data\NEU-CLS\train\train\images\pitted_surface_22.jpg,pitted_surface_22.jpg,images,.jpg,7c856260062dd39b4a02f77d5387f7f29059de2cee995c2c2bb60cc9eada39ed,False,,True,,test
data\NEU-CLS\train\train\images\pitted_surface_220.jpg,pitted_surface_220.jpg,images,.jpg,fed492c4346a483756fffa78f1f97d92410b94afef6d20b470026dc21bd00f56,False,,True,,test
data\NEU-CLS\train\train\images\pitted_surface_221.jpg,pitted_surface_221.jpg,images,.jpg,6a2224a64ceffa893be6b282bca163a986567529f9ce5d52b949bc4fa2bab382,False,,True,,development
data\NEU-CLS\train\train\images\pitted_surface_222.jpg,pitted_surface_222.jpg,images,.jpg,44f1fa209748d5d5ace64ce627fedc76df2e88a1c54b20366a6becc6d723aeac,False,,True,,development
data\NEU-CLS\train\train\images\pitted_surface_223.jpg,pitted_surface_223.jpg,images,.jpg,93674f451227f71e21513aece38ffbd9de074ff66434bc640c5be7d0e52d5d41,False,,True,,test
data\NEU-CLS\train\train\images\pitted_surface_224.jpg,pitted_surface_224.jpg,images,.jpg,419e1d0d40ce7c53fcce40b55f4b8091d4573881d2315969d74318df493a0e80,False,,True,,test
data\NEU-CLS\train\train\images\pitted_surface_225.jpg,pitted_surface_225.jpg,images,.jpg,23be66132f661ba432b06ba402734cbe12d05d5eca0bebed90b99d9f15cec92f,False,,True,,development
data\NEU-CLS\train\train\images\pitted_surface_226.jpg,pitted_surface_226.jpg,images,.jpg,8d08c943af8c0783ac007753d6450fd5a5828e129e199d943015f2b45c54be9e,False,,True,,development
data\NEU-CLS\train\train\images\pitted_surface_227.jpg,pitted_surface_227.jpg,images,.jpg,67bc72dc62f6bfbcf417b731fab4a3dc6b4eb54079bd17195abfceae02a38454,False,,True,,development
data\NEU-CLS\train\train\images\pitted_surface_228.jpg,pitted_surface_228.jpg,images,.jpg,a10e61fcd8ebed18668bd1ff308bf7a7e51147e25d5aabe55cf37730058b94b7,False,,True,,test
data\NEU-CLS\train\train\images\pitted_surface_229.jpg,pitted_surface_229.jpg,images,.jpg,fcbea3daea2af57f5ecc704b6c61ac4c61a7e1e8ed047f8152b24c3c269f79a7,False,,True,,development
data\NEU-CLS\train\train\images\pitted_surface_23.jpg,pitted_surface_23.jpg,images,.jpg,8f5618c22dc644e5d6e2683217caebbacbe830d3279dc1fec9619a39380fc222,False,,True,,development
data\NEU-CLS\train\train\images\pitted_surface_230.jpg,pitted_surface_230.jpg,images,.jpg,c9eaa9c832649fe4b1fb3f7892bef6aff8f1dbdc00a4528f899bc6bfc303a8dd,False,,True,,test
data\NEU-CLS\train\train\images\pitted_surface_231.jpg,pitted_surface_231.jpg,images,.jpg,0bfa310238545597ac7a48495a85ae1a945d2f6f8e4fa470d1bce5f4648c931c,False,,True,,development
data\NEU-CLS\train\train\images\pitted_surface_232.jpg,pitted_surface_232.jpg,images,.jpg,7fc724b97720558c8368af9ba71a65c100eb8cf912904d40bebd69498d87c489,False,,True,,development
data\NEU-CLS\train\train\images\pitted_surface_233.jpg,pitted_surface_233.jpg,images,.jpg,a5e0724b49500d56911c65e25705e564217d7e39f098921845beb08feefc88e3,False,,True,,development
data\NEU-CLS\train\train\images\pitted_surface_234.jpg,pitted_surface_234.jpg,images,.jpg,60fc8a38f90fc137e91ccb6877a0fd38e882f696f8837382615b71ec712e1e70,False,,True,,development
data\NEU-CLS\train\train\images\pitted_surface_235.jpg,pitted_surface_235.jpg,images,.jpg,a5dcbe35d37f72bd55b1d06e9c1bc2ad856bfd522a4c615f707b0257340c4727,False,,True,,development
data\NEU-CLS\train\train\images\pitted_surface_236.jpg,pitted_surface_236.jpg,images,.jpg,4fe9242908c05da1e83d2d4c5aaa4ed0834e793e2f3de534a44da67fdb610617,False,,True,,development
data\NEU-CLS\train\train\images\pitted_surface_237.jpg,pitted_surface_237.jpg,images,.jpg,72b3058a737c51a0126269a3d3472d6221f5ca94d5000461adb2f96e3e54ef91,False,,True,,development
data\NEU-CLS\train\train\images\pitted_surface_238.jpg,pitted_surface_238.jpg,images,.jpg,90feebb241d179173583a55dcc2a072775de44e067038d60513c6c366d4eeeb3,False,,True,,development
data\NEU-CLS\train\train\images\pitted_surface_239.jpg,pitted_surface_239.jpg,images,.jpg,8d4e09024169da0d8576ade255faea115122b35cbfddb3861ba2831ecc31cb1c,False,,True,,development
data\NEU-CLS\train\train\images\pitted_surface_24.jpg,pitted_surface_24.jpg,images,.jpg,cb8db299c4721fe71c11b8e12b8cff93eb0ff2bf4581d3db218f4b2226a18166,False,,True,,test
data\NEU-CLS\train\train\images\pitted_surface_240.jpg,pitted_surface_240.jpg,images,.jpg,f15af60ae8db80ad345879098107b51cd4b89e1eb225a90a326d71d2be56e915,False,,True,,development
data\NEU-CLS\train\train\images\pitted_surface_241.jpg,pitted_surface_241.jpg,images,.jpg,311893098116d7261e0b6a16e668067c7b6abf509fc77286fad3236eb66700f1,False,,True,,development
data\NEU-CLS\train\train\images\pitted_surface_242.jpg,pitted_surface_242.jpg,images,.jpg,dc6698c721ce47ee32e523bda7d745ebe5f956adcdd3668f4333b2dc68678d54,False,,True,,development
data\NEU-CLS\train\train\images\pitted_surface_243.jpg,pitted_surface_243.jpg,images,.jpg,0ff5b95f2010a0ab272018255023c9aac1018ec23243759e4d9eab1dafbff718,False,,True,,development
data\NEU-CLS\train\train\images\pitted_surface_244.jpg,pitted_surface_244.jpg,images,.jpg,d52e8420e4e2cef07ecb4dd3ab16938d5c38b0389c2a525173cb61ff09879783,False,,True,,development
data\NEU-CLS\train\train\images\pitted_surface_245.jpg,pitted_surface_245.jpg,images,.jpg,3d5d529e56063314e4d8ba3dd836dd7cd1604d39c02d5359394e98f8c5acc036,False,,True,,test
data\NEU-CLS\train\train\images\pitted_surface_246.jpg,pitted_surface_246.jpg,images,.jpg,373a2ca677d011ed35deab53b76e08c8275a4c947eedfe70850f90d34ec7802c,False,,True,,test
data\NEU-CLS\train\train\images\pitted_surface_247.jpg,pitted_surface_247.jpg,images,.jpg,8310db26d29d04eecf6ffbf01a3e3951f0a7286036c4bbb6c6c923c830708cd0,False,,True,,development
data\NEU-CLS\train\train\images\pitted_surface_248.jpg,pitted_surface_248.jpg,images,.jpg,32d2a7a3b527376a150443b005919884a24715ca6dd95256d5bccec8a32c556b,False,,True,,development
data\NEU-CLS\train\train\images\pitted_surface_249.jpg,pitted_surface_249.jpg,images,.jpg,d8edffece38a3c0e78aaff137446c7aab54a2277f46d8f743ff526a9a3033add,False,,True,,development
data\NEU-CLS\train\train\images\pitted_surface_25.jpg,pitted_surface_25.jpg,images,.jpg,943c5054815b05422d178b9f6040aaffd378bb094389e51662ab757e584a095c,False,,True,,development
data\NEU-CLS\train\train\images\pitted_surface_250.jpg,pitted_surface_250.jpg,images,.jpg,6968f38ce345e863cff39de195f36252e62cc23b0c75cf12ff6a811e94c622b2,False,,True,,development
data\NEU-CLS\train\train\images\pitted_surface_251.jpg,pitted_surface_251.jpg,images,.jpg,ac1bca8a4ecd2fb572b86695c488e6152db32675d9b651c062849a96bce9098c,False,,True,,test
data\NEU-CLS\train\train\images\pitted_surface_252.jpg,pitted_surface_252.jpg,images,.jpg,71d965945231aa19dc245ecd53709cc421583984d1660edb5ab29a37ed06ed62,False,,True,,development
data\NEU-CLS\train\train\images\pitted_surface_253.jpg,pitted_surface_253.jpg,images,.jpg,0c62aef76c0cf9fc3ec3f324ae4f52deeabbe7172ee2fe296f762ecb16d2bcab,False,,True,,development
data\NEU-CLS\train\train\images\pitted_surface_254.jpg,pitted_surface_254.jpg,images,.jpg,f12aea95221e055b3707857a161825be6d9cd40cde27d53107b7009bc8a6a0a4,False,,True,,development
data\NEU-CLS\train\train\images\pitted_surface_255.jpg,pitted_surface_255.jpg,images,.jpg,7d9a04ea3a7b664ae945103616f22ef85164b8a217a61890f02e26017c11ad05,False,,True,,development
data\NEU-CLS\train\train\images\pitted_surface_256.jpg,pitted_surface_256.jpg,images,.jpg,ffe760f0e5b5f36859d09e5fa35ee754c2d4da0102a326c70293842868be4869,False,,True,,test
data\NEU-CLS\train\train\images\pitted_surface_257.jpg,pitted_surface_257.jpg,images,.jpg,caf4b9386a635786a2cf3f09adfeeb163f36266378a0c31fcd904a97cb62c590,False,,True,,development
data\NEU-CLS\train\train\images\pitted_surface_258.jpg,pitted_surface_258.jpg,images,.jpg,082cb141198cdc60879e15f3fa0765e99554ea4df0e7c7d6768eea189582c3c2,False,,True,,development
data\NEU-CLS\train\train\images\pitted_surface_259.jpg,pitted_surface_259.jpg,images,.jpg,f224ab0dbbf358f4c6e7e23b6ac07127a11dd4ecc35e1875e7222ba0d9c0f127,False,,True,,test
data\NEU-CLS\train\train\images\pitted_surface_26.jpg,pitted_surface_26.jpg,images,.jpg,1aaffdbdb12f5d3dba85665e436e5e3b1d4a6deca67abdd0908185950c444644,False,,True,,test
data\NEU-CLS\train\train\images\pitted_surface_260.jpg,pitted_surface_260.jpg,images,.jpg,5110aff87b7391929ab30ffbd01dc57c9ce8f4576f7257db6ebb541d2b6053ce,False,,True,,development
data\NEU-CLS\train\train\images\pitted_surface_261.jpg,pitted_surface_261.jpg,images,.jpg,7882542d6bcef5c0a38b177bbd84c527fff9aa3fe289c71a7f7c16195212b984,False,,True,,development
data\NEU-CLS\train\train\images\pitted_surface_262.jpg,pitted_surface_262.jpg,images,.jpg,003834a337c2a0e0f9239d0a6d44c15d8b3e74c1c9eca615ca35295f37b38778,False,,True,,development
data\NEU-CLS\train\train\images\pitted_surface_263.jpg,pitted_surface_263.jpg,images,.jpg,6f0c8f0ed86a90ac96eb64bb8c6c1c67781c342b356797a01454f2ee013af18e,False,,True,,test
data\NEU-CLS\train\train\images\pitted_surface_264.jpg,pitted_surface_264.jpg,images,.jpg,b8f33836036497d5b83075b2bf5a093601ecf13c4c81d35a1f3af008dfe52dc3,False,,True,,development
data\NEU-CLS\train\train\images\pitted_surface_265.jpg,pitted_surface_265.jpg,images,.jpg,acd4b4df93e0c79a692fd5da209cacca3e35606263d5ede0c800773699cf13d7,False,,True,,development
data\NEU-CLS\train\train\images\pitted_surface_266.jpg,pitted_surface_266.jpg,images,.jpg,d59af1a5f35ba00a9cfd9ef828b4817d110dde01008cf5132f33b852afb0e9f4,False,,True,,development
data\NEU-CLS\train\train\images\pitted_surface_267.jpg,pitted_surface_267.jpg,images,.jpg,f09776c48b5920adfb3dc441e4cb2fc446b35fc45da3e39f71c2d6a625215788,False,,True,,development
data\NEU-CLS\train\train\images\pitted_surface_268.jpg,pitted_surface_268.jpg,images,.jpg,62c8106f8afe8a3e0a3f6ab5245d6384f6f5f216333f1e73e0b5068b43833a7b,False,,True,,development
data\NEU-CLS\train\train\images\pitted_surface_269.jpg,pitted_surface_269.jpg,images,.jpg,107570ad7f158697ba47bfc6d56b7bbcb59cb92f4f558e6517d5581f708b6a63,False,,True,,development
data\NEU-CLS\train\train\images\pitted_surface_27.jpg,pitted_surface_27.jpg,images,.jpg,725a5eae64a7b0d0324d363d6f9fd1fb2347d22d5c3fd0dbba958041cdd521ef,False,,True,,test
data\NEU-CLS\train\train\images\pitted_surface_270.jpg,pitted_surface_270.jpg,images,.jpg,4d4074af862f2a649838d3e4ea4503d74de1a05b3d242eeb3eff323f9b2e1ebd,False,,True,,development
data\NEU-CLS\train\train\images\pitted_surface_271.jpg,pitted_surface_271.jpg,images,.jpg,574c40cc98d5a5b62acef70b67953651a0f64ab32211eb30a47171c8812e1975,False,,True,,development
data\NEU-CLS\train\train\images\pitted_surface_272.jpg,pitted_surface_272.jpg,images,.jpg,5276aef701a487548d42471c70ce9b1407c304313d9a36a5f7bf0e10c92467f5,False,,True,,development
data\NEU-CLS\train\train\images\pitted_surface_273.jpg,pitted_surface_273.jpg,images,.jpg,478bc609f0ac13106fee87bd8b04b1f9c73159682ed58fff084611fa04b718c6,False,,True,,development
data\NEU-CLS\train\train\images\pitted_surface_274.jpg,pitted_surface_274.jpg,images,.jpg,698933de2e9fdf591adcc3f7792c0447cf818b493b7072137c7773ae93b15870,False,,True,,test
data\NEU-CLS\train\train\images\pitted_surface_275.jpg,pitted_surface_275.jpg,images,.jpg,58594a1b490b1918d0ac3a039550ce46634b19ca12602ce36c470af0b57b4f28,False,,True,,development
data\NEU-CLS\train\train\images\pitted_surface_276.jpg,pitted_surface_276.jpg,images,.jpg,f381ba16a13c335d99e485080a8c771810d79a17e7f027acc417ce378f6e4c74,False,,True,,development
data\NEU-CLS\train\train\images\pitted_surface_277.jpg,pitted_surface_277.jpg,images,.jpg,cfa49c7eb0958b57f8eb2f4c63042b188f3290ced92c015e774c8553e8431f3b,False,,True,,development
data\NEU-CLS\train\train\images\pitted_surface_278.jpg,pitted_surface_278.jpg,images,.jpg,a2ca53c5f4dcbc1afb5c6bd056fd7b18f83e7a9619b617b050a0ac466758d3fb,False,,True,,development
data\NEU-CLS\train\train\images\pitted_surface_279.jpg,pitted_surface_279.jpg,images,.jpg,54dc6e81c383ea7f2da249324069777408235d16a3ea21471b0573b94fa3aba7,False,,True,,development
data\NEU-CLS\train\train\images\pitted_surface_28.jpg,pitted_surface_28.jpg,images,.jpg,6500eecd69447d4979ad593da486c86baa426e3a4bce598962489750a56b63d9,False,,True,,test
data\NEU-CLS\train\train\images\pitted_surface_280.jpg,pitted_surface_280.jpg,images,.jpg,a3d0169e01ee1ef9879e52fe2a9c3b9ff3ccce4efbaeb7b55d42e0385e751ca2,False,,True,,development
data\NEU-CLS\train\train\images\pitted_surface_281.jpg,pitted_surface_281.jpg,images,.jpg,95f7917ac8309632a4c42576fbe2ca5b49aeecf0af6730762eda25ea3246795d,False,,True,,development
data\NEU-CLS\train\train\images\pitted_surface_282.jpg,pitted_surface_282.jpg,images,.jpg,cddef1a10e36aa1dd8c42fc5f2acd66e74c50b547ad905eb8baa47fd5800321a,False,,True,,development
data\NEU-CLS\train\train\images\pitted_surface_283.jpg,pitted_surface_283.jpg,images,.jpg,a7848a058d4eb08b6f4faaf3dd44c0a956650205748301236b17426d57097aa6,False,,True,,test
data\NEU-CLS\train\train\images\pitted_surface_284.jpg,pitted_surface_284.jpg,images,.jpg,b91c92306577ac1022c23895570c9c24f29ee73745da604f5b75183b9c91b1f1,False,,True,,development
data\NEU-CLS\train\train\images\pitted_surface_285.jpg,pitted_surface_285.jpg,images,.jpg,67ba9fbc2930c05bc1f4563f9124a711b16f1be6424cf1dab9278b9edf45fefe,False,,True,,development
data\NEU-CLS\train\train\images\pitted_surface_286.jpg,pitted_surface_286.jpg,images,.jpg,8fa8faa63ff20acafbada36cfdba2d71202c7148af01e0c9e39b060b92c3d219,False,,True,,development
data\NEU-CLS\train\train\images\pitted_surface_287.jpg,pitted_surface_287.jpg,images,.jpg,c77cc92be88c61ee91d1b79c527e158d457db236c4bcb844874350cb7dda7335,False,,True,,development
data\NEU-CLS\train\train\images\pitted_surface_288.jpg,pitted_surface_288.jpg,images,.jpg,b816257cb09fcd1a3c70f8b1a11a459f21ca434490ae70d1c85b67fee97cf66d,False,,True,,development
data\NEU-CLS\train\train\images\pitted_surface_289.jpg,pitted_surface_289.jpg,images,.jpg,657ff0c9728739c62c7b120e78cfe091740c7f466dd984467e8cb02f70e4b02e,False,,True,,development
data\NEU-CLS\train\train\images\pitted_surface_29.jpg,pitted_surface_29.jpg,images,.jpg,1cb876a9d3d7b1102b7a7af13d0bfadbe5b7055dbe84623c23ab972cd9ef79fd,False,,True,,development
data\NEU-CLS\train\train\images\pitted_surface_290.jpg,pitted_surface_290.jpg,images,.jpg,a6eccecb7af92cb4b6a938125998e324391eadcb34122279cbfad15af17e347b,False,,True,,development
data\NEU-CLS\train\train\images\pitted_surface_291.jpg,pitted_surface_291.jpg,images,.jpg,d5174521affd4f53f17e4f836b0e77cab67cbeb5eb27df3f455c945c74c32f0e,False,,True,,test
data\NEU-CLS\train\train\images\pitted_surface_292.jpg,pitted_surface_292.jpg,images,.jpg,a42ca33bde4f8241cb41cc0898caa3e1251f11d271f516aff32314877dbac51d,False,,True,,development
data\NEU-CLS\train\train\images\pitted_surface_293.jpg,pitted_surface_293.jpg,images,.jpg,59e6160da4dd50f8e6e9e80f0161aea97328d626a56c2e36403799975f0c3a17,False,,True,,development
data\NEU-CLS\train\train\images\pitted_surface_294.jpg,pitted_surface_294.jpg,images,.jpg,3e8d7b4980ba54f2bf86ebcc9e8d72fb3cdf2dbe4c73c058e406c05b111b04a4,False,,True,,development
data\NEU-CLS\train\train\images\pitted_surface_295.jpg,pitted_surface_295.jpg,images,.jpg,1a2471cd8d2434a2eb72aa2713ba06554da095ff8bef6da28b4c33b4d819fd3b,False,,True,,development
data\NEU-CLS\train\train\images\pitted_surface_296.jpg,pitted_surface_296.jpg,images,.jpg,fce05758c0878c49a9a471888522d44883e9b6a4183a103acade9890c00b30dc,False,,True,,development
data\NEU-CLS\train\train\images\pitted_surface_297.jpg,pitted_surface_297.jpg,images,.jpg,1cea18a9361b852b51ef437201890e7e6ced6d265b0249fa6dac144fe584076d,False,,True,,development
data\NEU-CLS\train\train\images\pitted_surface_298.jpg,pitted_surface_298.jpg,images,.jpg,ffd6c20b0571b9d4a4cd08d8de1e3ea851989c12c5348c2acdd9bae2a4ad2a76,False,,True,,development
data\NEU-CLS\train\train\images\pitted_surface_299.jpg,pitted_surface_299.jpg,images,.jpg,3f5cc6ab754ae9eea0ac28f797bdf7be4ca6d330791eb11361bd37a9e269f345,False,,True,,development
data\NEU-CLS\train\train\images\pitted_surface_30.jpg,pitted_surface_30.jpg,images,.jpg,306098fc0e18d042291be4418c1c664271a7e851e0ca0f7b41f90ed485d83bda,False,,True,,test
data\NEU-CLS\train\train\images\pitted_surface_300.jpg,pitted_surface_300.jpg,images,.jpg,8ed56df34f6bcbcb5c60384c1c37b05d01365dfbb81b1a8855fbbe260718a32a,False,,True,,development
data\NEU-CLS\train\train\images\pitted_surface_31.jpg,pitted_surface_31.jpg,images,.jpg,6be554255e6859c5e1dbd4c07fefe00e6e304362da5246dbdafd99341fe0086a,False,,True,,development
data\NEU-CLS\train\train\images\pitted_surface_32.jpg,pitted_surface_32.jpg,images,.jpg,507b255dbb67572f745c5b7e2a7407e7514bd2232f98f6fd524fee893d5bc7f3,False,,True,,development
data\NEU-CLS\train\train\images\pitted_surface_33.jpg,pitted_surface_33.jpg,images,.jpg,af99bdfab330b77986583aaa86da06f6ddfa291d2a365e6ac09e24b3ae17e321,False,,True,,development
data\NEU-CLS\train\train\images\pitted_surface_34.jpg,pitted_surface_34.jpg,images,.jpg,ed7d558322552b8c5e21af130313dcdceeb764c3764bb9f102eea47225a1fdd5,False,,True,,test
data\NEU-CLS\train\train\images\pitted_surface_35.jpg,pitted_surface_35.jpg,images,.jpg,e77933cb6d561b6fd5873d433367d4a504c6f53a6ed13576d516f3f9274b5c65,False,,True,,development
data\NEU-CLS\train\train\images\pitted_surface_36.jpg,pitted_surface_36.jpg,images,.jpg,3954a55a23832a84b6666510890149fd164489e1cecf94860d3defac8d2ef5ef,False,,True,,development
data\NEU-CLS\train\train\images\pitted_surface_37.jpg,pitted_surface_37.jpg,images,.jpg,eefa9cf6b94908b295f83a246db887ae02e8a97ccfdead52031be615d29f6e50,False,,True,,development
data\NEU-CLS\train\train\images\pitted_surface_38.jpg,pitted_surface_38.jpg,images,.jpg,f37fde07c3afe1f5051f0c31c9ff7d1cbbe1da703ff3d7b27125c3366f0b7ac2,False,,True,,development
data\NEU-CLS\train\train\images\pitted_surface_39.jpg,pitted_surface_39.jpg,images,.jpg,8045c0220b70504345d02c81c69845e48bac0417e3472d3703027c96965004fc,False,,True,,development
data\NEU-CLS\train\train\images\pitted_surface_40.jpg,pitted_surface_40.jpg,images,.jpg,90f777c4cf0471e5832ed22f5bd79bfef6be9dcef7f26f5655af2e7b4df91e71,False,,True,,development
data\NEU-CLS\train\train\images\pitted_surface_41.jpg,pitted_surface_41.jpg,images,.jpg,50ca0984e1b38189c34e62d61edd2a4c21202d3353a20ea9a31722dd25b72201,False,,True,,development
data\NEU-CLS\train\train\images\pitted_surface_42.jpg,pitted_surface_42.jpg,images,.jpg,5e71dd4fcf0975c0bd8bd75c24dc047627516f66d59401f941b97b469d016f48,False,,True,,development
data\NEU-CLS\train\train\images\pitted_surface_43.jpg,pitted_surface_43.jpg,images,.jpg,d13a0906ba9e34d170ca9d2309b7e713664b1da1c814a7aad16513f6a9ab9f60,False,,True,,development
data\NEU-CLS\train\train\images\pitted_surface_44.jpg,pitted_surface_44.jpg,images,.jpg,1d2129cadf9076d425e125a0596b462a8e5dc39398ca72902e4fa4df8beb6857,False,,True,,development
data\NEU-CLS\train\train\images\pitted_surface_45.jpg,pitted_surface_45.jpg,images,.jpg,afab3997bbd828d18fb1d87eec86e513cabecd63a6ce44207e35da85c7b043a9,False,,True,,development
data\NEU-CLS\train\train\images\pitted_surface_46.jpg,pitted_surface_46.jpg,images,.jpg,c5340e6c7f50d8676b0407259ee687b27f8920b441afe943e7ef800d93bb65a5,False,,True,,development
data\NEU-CLS\train\train\images\pitted_surface_47.jpg,pitted_surface_47.jpg,images,.jpg,e3c440844067a1022cabe8d8ab71283fda70210f94da1394f9296a58ed380ee6,False,,True,,test
data\NEU-CLS\train\train\images\pitted_surface_48.jpg,pitted_surface_48.jpg,images,.jpg,d5136b7f1a4b9588c04c1c30c329cbe45368cd9c5171370b38d0c0ef306d825b,False,,True,,test
data\NEU-CLS\train\train\images\pitted_surface_49.jpg,pitted_surface_49.jpg,images,.jpg,a9670be72781679c10fa4ae7c174ab3c6196e4a3b38545aa318116a58123d49f,False,,True,,development
data\NEU-CLS\train\train\images\pitted_surface_50.jpg,pitted_surface_50.jpg,images,.jpg,046697383b1e45b1e6545bd84896610cdf9788643a11a525bd4e66809bf1f150,False,,True,,development
data\NEU-CLS\train\train\images\pitted_surface_51.jpg,pitted_surface_51.jpg,images,.jpg,1cc100bf4d30f06d7229f6be837fd25e84b7f2540b9b61c0752c7ea8290c6a68,False,,True,,test
data\NEU-CLS\train\train\images\pitted_surface_52.jpg,pitted_surface_52.jpg,images,.jpg,bbe51811b92b40d7c34e1c05de5ee74285e2dd605fa971e0c21b3aa74957a8ad,False,,True,,development
data\NEU-CLS\train\train\images\pitted_surface_53.jpg,pitted_surface_53.jpg,images,.jpg,4e8dd9c0a12898861a575108b45acddfdfc342f3d346c089f9eb9d56f3c4281f,False,,True,,development
data\NEU-CLS\train\train\images\pitted_surface_54.jpg,pitted_surface_54.jpg,images,.jpg,ea6601517e39dbac5c65bfe801ed5599befb64e7ff20b468d07e8e09148c95f5,False,,True,,test
data\NEU-CLS\train\train\images\pitted_surface_55.jpg,pitted_surface_55.jpg,images,.jpg,00cfb7a08d4bcc88ea6699a69bf1ecced87d2cd2d25e17b88ebad19d854ca63d,False,,True,,test
data\NEU-CLS\train\train\images\pitted_surface_56.jpg,pitted_surface_56.jpg,images,.jpg,92899dce5b9fba8de221a26a0e04c1f15d2f84c669d1b385803dbd8a76fd98c3,False,,True,,development
data\NEU-CLS\train\train\images\pitted_surface_57.jpg,pitted_surface_57.jpg,images,.jpg,59c28c2a5bb33b78236ba5035ab7e7e37acbe98c9f1d8bea9f9635aaa68cf2c1,False,,True,,development
data\NEU-CLS\train\train\images\pitted_surface_58.jpg,pitted_surface_58.jpg,images,.jpg,c739fc8183b7130b79c5950b62464216814b063ca268005e4aec08671b39bab5,False,,True,,development
data\NEU-CLS\train\train\images\pitted_surface_59.jpg,pitted_surface_59.jpg,images,.jpg,9dd92f35fe35591114f3c34c814f9a0706971153ea868a2a597e28aafabb2d29,False,,True,,development
data\NEU-CLS\train\train\images\pitted_surface_6.jpg,pitted_surface_6.jpg,images,.jpg,aaa6cc094dd7be08524e6fb7a9a861e885f4409dc96b53301392dbb6d0941e92,False,,True,,test
data\NEU-CLS\train\train\images\pitted_surface_60.jpg,pitted_surface_60.jpg,images,.jpg,cd6d2ba79d8acdea1aeb393182016fbee35d55dc142efac01c1706ef791bca8a,False,,True,,test
data\NEU-CLS\train\train\images\pitted_surface_61.jpg,pitted_surface_61.jpg,images,.jpg,ad6f2b128872256beeb6a0457377b4a834050a731f976fc8f3dcc75a0febcf23,False,,True,,development
data\NEU-CLS\train\train\images\pitted_surface_62.jpg,pitted_surface_62.jpg,images,.jpg,f2746e85b8590550ac82838e6539dcda6a0bfa68c95acfc98ba8281de62e963f,False,,True,,development
data\NEU-CLS\train\train\images\pitted_surface_63.jpg,pitted_surface_63.jpg,images,.jpg,c187ccec526bd06bfa42f36b6d928f87cad59bf691bb9e2fd6662b52395970e4,False,,True,,development
data\NEU-CLS\train\train\images\pitted_surface_64.jpg,pitted_surface_64.jpg,images,.jpg,37863072e74292a7743d079bff854875c9fa089a647b5eb9ca3ed889d51075e3,False,,True,,development
data\NEU-CLS\train\train\images\pitted_surface_65.jpg,pitted_surface_65.jpg,images,.jpg,f34e6e2986b6efc0c7281e6765d94c0e449dada265f65dd42074ba2abbdc63d7,False,,True,,development
data\NEU-CLS\train\train\images\pitted_surface_66.jpg,pitted_surface_66.jpg,images,.jpg,066bf3f2952da00ab4f5cdfa1bec8bce8c08d71ff7adb7a5ab55ad55caa02a0c,False,,True,,development
data\NEU-CLS\train\train\images\pitted_surface_67.jpg,pitted_surface_67.jpg,images,.jpg,4c4edeebf71125633834821d9fa8259881aa9881e715c9af06124da020081559,False,,True,,test
data\NEU-CLS\train\train\images\pitted_surface_68.jpg,pitted_surface_68.jpg,images,.jpg,6dce24c80afbd882a5c86c478aa66f292f40c415070a9ae0b3773b08ba55104c,False,,True,,development
data\NEU-CLS\train\train\images\pitted_surface_69.jpg,pitted_surface_69.jpg,images,.jpg,411dcbfc1f8252da5c9395b2036d6b90ce71fdf54b577380b1f30466945a467c,False,,True,,development
data\NEU-CLS\train\train\images\pitted_surface_7.jpg,pitted_surface_7.jpg,images,.jpg,c348e6929eb0d8c7f3207ea887e7a6ce4e7eeb43c354c28789927f0c625d1c2c,False,,True,,development
data\NEU-CLS\train\train\images\pitted_surface_70.jpg,pitted_surface_70.jpg,images,.jpg,873394e2dc97b96c8d1608bb7add234c4864d660ab46125af2e14053d04dd9d5,False,,True,,test
data\NEU-CLS\train\train\images\pitted_surface_71.jpg,pitted_surface_71.jpg,images,.jpg,58e9aec52c45805cab6805931fdeb0c2a07612157dd7085b298be65db55eb093,False,,True,,development
data\NEU-CLS\train\train\images\pitted_surface_72.jpg,pitted_surface_72.jpg,images,.jpg,7cef35017533cd98b77b8e622155d0292df3ac103876d9bf17710d240596833f,False,,True,,development
data\NEU-CLS\train\train\images\pitted_surface_73.jpg,pitted_surface_73.jpg,images,.jpg,821b1e0cea8c13bbf9629dac10958da3ebe4f74560d311b4fd398c820e76d129,False,,True,,development
data\NEU-CLS\train\train\images\pitted_surface_74.jpg,pitted_surface_74.jpg,images,.jpg,ad625a18cb4f61b4c35b5ea6618110cdfb5c8a0acb2e426e67befad791602db9,False,,True,,development
data\NEU-CLS\train\train\images\pitted_surface_75.jpg,pitted_surface_75.jpg,images,.jpg,6f488898023e07c9c4f37a59fcb942d667d544fc86c82acbc3b4562a884214fc,False,,True,,test
data\NEU-CLS\train\train\images\pitted_surface_76.jpg,pitted_surface_76.jpg,images,.jpg,7ab2624513ca51f7c4c6c1a6ce156c06a9e8ff023c7242526117bd278e7d89e8,False,,True,,test
data\NEU-CLS\train\train\images\pitted_surface_77.jpg,pitted_surface_77.jpg,images,.jpg,3a1c5c858c6e9c70173e96762537c1feb8cd9485de3ac29af1368094e5b6e4a4,False,,True,,test
data\NEU-CLS\train\train\images\pitted_surface_78.jpg,pitted_surface_78.jpg,images,.jpg,2ba18c894c2d9353754da4984dd1ae621f128b5de1ca2aa0c042516fbeaff6b1,False,,True,,development
data\NEU-CLS\train\train\images\pitted_surface_79.jpg,pitted_surface_79.jpg,images,.jpg,9a6eb4395b8b888b037d494e86346d76b6242dd3dc9b251df32bb772bbb21c75,False,,True,,development
data\NEU-CLS\train\train\images\pitted_surface_8.jpg,pitted_surface_8.jpg,images,.jpg,47557df4cbfeb87a1335f65ccaa5830016c88ac197a355ccb6ab22f3d277a46e,False,,True,,development
data\NEU-CLS\train\train\images\pitted_surface_80.jpg,pitted_surface_80.jpg,images,.jpg,8da70642715307b9cedb8fe544d24b948fb688144ef7b8bce2aebdd0f218f216,False,,True,,test
data\NEU-CLS\train\train\images\pitted_surface_81.jpg,pitted_surface_81.jpg,images,.jpg,5e66e37c6b75cf9dda04dca89743e43d082d6836931654abedfab076dd01adea,False,,True,,development
data\NEU-CLS\train\train\images\pitted_surface_82.jpg,pitted_surface_82.jpg,images,.jpg,43ef5709fb4ccf6404f6ee9c7e5c825ae5be8e16849061004245a3ccc8589505,False,,True,,development
data\NEU-CLS\train\train\images\pitted_surface_83.jpg,pitted_surface_83.jpg,images,.jpg,2d2b2d10955485622d89b2cab5d7d4038af5456b6f6459a56bf5c3d1766ca25f,False,,True,,development
data\NEU-CLS\train\train\images\pitted_surface_84.jpg,pitted_surface_84.jpg,images,.jpg,3e640b1c592ee8724aecc7b18a968b3e09031fbf64eb900e2bef6e2b6ee75816,False,,True,,test
data\NEU-CLS\train\train\images\pitted_surface_85.jpg,pitted_surface_85.jpg,images,.jpg,2e11fa5442f1b58a7e090e31cc2a011a9ec9cdad81413383cd6e4991ad361b7f,False,,True,,development
data\NEU-CLS\train\train\images\pitted_surface_86.jpg,pitted_surface_86.jpg,images,.jpg,25b7e6faf68ee791958c5c8caa63bfc4c667ec18b4d42c88fadfae6bfc8e1692,False,,True,,development
data\NEU-CLS\train\train\images\pitted_surface_87.jpg,pitted_surface_87.jpg,images,.jpg,0ccace87e701d4a71a88a4d2e4c9a81108689423739381751b8288b59856f4ca,False,,True,,development
data\NEU-CLS\train\train\images\pitted_surface_88.jpg,pitted_surface_88.jpg,images,.jpg,1865f9853c41358d27f2875a199897107cff1cb30728b9d007f3ec4e8c036fc2,False,,True,,development
data\NEU-CLS\train\train\images\pitted_surface_89.jpg,pitted_surface_89.jpg,images,.jpg,5aed54cf5ea07e4c3e0887eafd00d5d598ed4674ddeaf14422939205773b8ba7,False,,True,,development
data\NEU-CLS\train\train\images\pitted_surface_9.jpg,pitted_surface_9.jpg,images,.jpg,7555653ee061b383d285a6cd376e667aedac34ea732476d391fd8092e60ca8e7,False,,True,,development
data\NEU-CLS\train\train\images\pitted_surface_90.jpg,pitted_surface_90.jpg,images,.jpg,37d39470449b41e8b2bed692e5624906ea6fd392639f762c63c07600cea8f88e,False,,True,,development
data\NEU-CLS\train\train\images\pitted_surface_91.jpg,pitted_surface_91.jpg,images,.jpg,d2eb1c66180928c3b948559410ccf90f0749fbe0850fed78f7656ed2cb17f595,False,,True,,development
data\NEU-CLS\train\train\images\pitted_surface_92.jpg,pitted_surface_92.jpg,images,.jpg,d95d8a48879ce38151beb5e001ced0e53864715b1f70857f627fa31a2fa414c2,False,,True,,test
data\NEU-CLS\train\train\images\pitted_surface_93.jpg,pitted_surface_93.jpg,images,.jpg,a6a34a0c194e73d211c47ad1f48a399a6b91e7dc9b94522efd7b7d10a0c15f9d,False,,True,,development
data\NEU-CLS\train\train\images\pitted_surface_94.jpg,pitted_surface_94.jpg,images,.jpg,baf66a157f0c4ef7737f7cd340902aa4ed64f4cbcb168a246d00d5f8b45b2429,False,,True,,development
data\NEU-CLS\train\train\images\pitted_surface_95.jpg,pitted_surface_95.jpg,images,.jpg,05dc6ea787324508224df9abbd7fd16afa2cbb1c450f0a3fa2f220c1e6429c77,False,,True,,development
data\NEU-CLS\train\train\images\pitted_surface_96.jpg,pitted_surface_96.jpg,images,.jpg,ff293ea52301d6628bc0141a0632b70e6f2f4cbd9d05b0299d70a5b0d5e5cce0,False,,True,,development
data\NEU-CLS\train\train\images\pitted_surface_97.jpg,pitted_surface_97.jpg,images,.jpg,e98e59bf3ee6869a2f29c25a96f54c99f2aa159b1630595b3073465d26b5f807,False,,True,,development
data\NEU-CLS\train\train\images\pitted_surface_98.jpg,pitted_surface_98.jpg,images,.jpg,1b11011a86a04a76ab70c1aa2613c03f46bb46a59b4e860ce4e317b3b3218939,False,,True,,development
data\NEU-CLS\train\train\images\pitted_surface_99.jpg,pitted_surface_99.jpg,images,.jpg,df10830ccfd38fff5d9e418be80162e0846ccc33cb6a10e2143a8b2ae4c59e70,False,,True,,development
data\NEU-CLS\train\train\images\rolled-in_scale_10.jpg,rolled-in_scale_10.jpg,images,.jpg,212c3cda10a863db2ee404baf29ee8a42adabe894b7aecd09591a86f177389f4,False,,True,,development
data\NEU-CLS\train\train\images\rolled-in_scale_100.jpg,rolled-in_scale_100.jpg,images,.jpg,b6660efc8a7cc57b7da616766b14c06812254c0422d48bfa0860db753c4f6cdd,False,,True,,test
data\NEU-CLS\train\train\images\rolled-in_scale_101.jpg,rolled-in_scale_101.jpg,images,.jpg,c7260b6097a950a585747137b69ceb34033c07de7c0c5c59f9e14170a963e3d2,False,,True,,development
data\NEU-CLS\train\train\images\rolled-in_scale_102.jpg,rolled-in_scale_102.jpg,images,.jpg,473ee8c670a34f306161b59bb73e96980bc77e9e163f7d198b49162cdf400f80,False,,True,,development
data\NEU-CLS\train\train\images\rolled-in_scale_103.jpg,rolled-in_scale_103.jpg,images,.jpg,d7dea4bf779ad8441b89cd7d2f76871c91843dc409ff818c3dd5baa554e05d8b,False,,True,,test
data\NEU-CLS\train\train\images\rolled-in_scale_104.jpg,rolled-in_scale_104.jpg,images,.jpg,4df8a84e0a9fa2a113f60bcee006696de72b5b95ff5dc4373884e1af26a0b557,False,,True,,test
data\NEU-CLS\train\train\images\rolled-in_scale_105.jpg,rolled-in_scale_105.jpg,images,.jpg,5eb3c30442e000e5cca7fd258ab6ace13428c3693754214790848537aa02858a,False,,True,,development
data\NEU-CLS\train\train\images\rolled-in_scale_106.jpg,rolled-in_scale_106.jpg,images,.jpg,1f8043beddd5cacb5b40128c4ca5e7169e0b370f1ab4ad979d31fa4b435d72fb,False,,True,,test
data\NEU-CLS\train\train\images\rolled-in_scale_107.jpg,rolled-in_scale_107.jpg,images,.jpg,322f329f990d8395b37fba49f1c2576c62725b29527ab0ffda2d1e1a1b7d8b1f,False,,True,,development
data\NEU-CLS\train\train\images\rolled-in_scale_108.jpg,rolled-in_scale_108.jpg,images,.jpg,ffdc76fe9be8fdf4e1e5bb4ae80332b666ad261e6d3cd0503bf35a55eea43129,False,,True,,development
data\NEU-CLS\train\train\images\rolled-in_scale_109.jpg,rolled-in_scale_109.jpg,images,.jpg,79f3889fd6010b1a29c5fbdd91f42b944f4d9f2b6bcfd1c39c02aa3141fddd69,False,,True,,development
data\NEU-CLS\train\train\images\rolled-in_scale_11.jpg,rolled-in_scale_11.jpg,images,.jpg,f6574911caa03dcd841d05ddb4511293e810d6090c30939fb8cc5b1d15fbc619,False,,True,,development
data\NEU-CLS\train\train\images\rolled-in_scale_110.jpg,rolled-in_scale_110.jpg,images,.jpg,9c17a7b7933a3e92a96f07ac5a29983975829331f76eee27cdeffc4440adaeea,False,,True,,development
data\NEU-CLS\train\train\images\rolled-in_scale_111.jpg,rolled-in_scale_111.jpg,images,.jpg,9dd2c202fda4487626bc55cf4f19052e3c818013da5577f33752c215befba9d3,False,,True,,development
data\NEU-CLS\train\train\images\rolled-in_scale_112.jpg,rolled-in_scale_112.jpg,images,.jpg,5cccbb78357361411b08ab5043df33c6b43a498c329a1e016c440354bdaed650,False,,True,,development
data\NEU-CLS\train\train\images\rolled-in_scale_113.jpg,rolled-in_scale_113.jpg,images,.jpg,bb50ff807baab8d9fcf4e041e8912056e0bda033236b58b4df1cbb5bd1a0cc88,False,,True,,test
data\NEU-CLS\train\train\images\rolled-in_scale_114.jpg,rolled-in_scale_114.jpg,images,.jpg,ee015e8ee7dd90a4436050ba07d4559c082ec6b1fae8f246c919f2895bb8efb4,False,,True,,development
data\NEU-CLS\train\train\images\rolled-in_scale_115.jpg,rolled-in_scale_115.jpg,images,.jpg,401ee72f6268de2c892ac3bc4649a2ecc0c50cce27f4c9702c93349b795812fd,False,,True,,development
data\NEU-CLS\train\train\images\rolled-in_scale_116.jpg,rolled-in_scale_116.jpg,images,.jpg,e0161a0bc31d0ddd2dfc780255faf3b92600172bac62383da6f060315a72189e,False,,True,,development
data\NEU-CLS\train\train\images\rolled-in_scale_117.jpg,rolled-in_scale_117.jpg,images,.jpg,ac828a14ac0c57bd27d57af57cf3f7fbc67291e545f5abdc2740224dd6c2bb95,False,,True,,development
data\NEU-CLS\train\train\images\rolled-in_scale_118.jpg,rolled-in_scale_118.jpg,images,.jpg,d16f1da313957faf235d8b3319b98f23d41395d05fcddf550f692492ade469e1,False,,True,,development
data\NEU-CLS\train\train\images\rolled-in_scale_119.jpg,rolled-in_scale_119.jpg,images,.jpg,1357eda53a93c92662358e19472067a1dc5012a0e64b40610c40a5e2c117d989,False,,True,,development
data\NEU-CLS\train\train\images\rolled-in_scale_12.jpg,rolled-in_scale_12.jpg,images,.jpg,8768477c21bcd4962b035083c1d6580b0b3829f12bdca9f67dcd5d83f1eb7c9e,False,,True,,development
data\NEU-CLS\train\train\images\rolled-in_scale_120.jpg,rolled-in_scale_120.jpg,images,.jpg,b39b01cbbff03c17be0e5a371b463c654c57880243dd59b17056b59fd9ac59b5,False,,True,,development
data\NEU-CLS\train\train\images\rolled-in_scale_121.jpg,rolled-in_scale_121.jpg,images,.jpg,fd23f268a5a08c4c3c93cf8918941fe2f7ef65b4177d5618f7867753dbe18748,False,,True,,development
data\NEU-CLS\train\train\images\rolled-in_scale_122.jpg,rolled-in_scale_122.jpg,images,.jpg,9360b0f69b9b4fb85e32baccd39b38158144d9c03eb72e6dbe8770b4d63934ac,False,,True,,development
data\NEU-CLS\train\train\images\rolled-in_scale_123.jpg,rolled-in_scale_123.jpg,images,.jpg,6df0809e12a02d021a499f5a27a31a9f6dd252eba4e03fa9378ae2b7702811e9,False,,True,,development
data\NEU-CLS\train\train\images\rolled-in_scale_124.jpg,rolled-in_scale_124.jpg,images,.jpg,73be4cbaf313e5af3f11d466d8991221e08bd3c9a22ed64f0275a786f1915d42,False,,True,,development
data\NEU-CLS\train\train\images\rolled-in_scale_125.jpg,rolled-in_scale_125.jpg,images,.jpg,846f14154996f68d7a8a46bd2f539b2127d745915148f8e61091e26a23a36e2a,False,,True,,test
data\NEU-CLS\train\train\images\rolled-in_scale_126.jpg,rolled-in_scale_126.jpg,images,.jpg,d30fc667041446291f87d08fb7c8d578e5d4d8c01dd69967401da2b039b2f6a6,False,,True,,development
data\NEU-CLS\train\train\images\rolled-in_scale_127.jpg,rolled-in_scale_127.jpg,images,.jpg,e8469d2b1f9c92183ea710ff52f084f002e4973fc3fc26ec236f36b8c73805ad,False,,True,,development
data\NEU-CLS\train\train\images\rolled-in_scale_128.jpg,rolled-in_scale_128.jpg,images,.jpg,eaf635337a9759b80e213844add9683e47b306868a1c2efda06654c22c326d82,False,,True,,development
data\NEU-CLS\train\train\images\rolled-in_scale_129.jpg,rolled-in_scale_129.jpg,images,.jpg,826a6d703d214dd004ef389462a6c506546350fbf8c4bd3e333f80ae3ad8b475,False,,True,,development
data\NEU-CLS\train\train\images\rolled-in_scale_13.jpg,rolled-in_scale_13.jpg,images,.jpg,d2f6a1222ef6f4634093ad11a7d0c4d1b58f61a1dc7b7c2ec7a1e73ae7c74b79,False,,True,,development
data\NEU-CLS\train\train\images\rolled-in_scale_130.jpg,rolled-in_scale_130.jpg,images,.jpg,9653b4b36b43fd6e4a556e11fce2383dabdabb70ae5793da9177922bbdb4c6e8,False,,True,,development
data\NEU-CLS\train\train\images\rolled-in_scale_131.jpg,rolled-in_scale_131.jpg,images,.jpg,248417bbf136b22ea071b88fdb1db110edda9e95d16c12bccc7c0d4e7fa4b44e,False,,True,,development
data\NEU-CLS\train\train\images\rolled-in_scale_132.jpg,rolled-in_scale_132.jpg,images,.jpg,82f323f11cc7425cfa715fb170ab484767f9af28758c8db9b8eab90a6e4e45d3,False,,True,,test
data\NEU-CLS\train\train\images\rolled-in_scale_133.jpg,rolled-in_scale_133.jpg,images,.jpg,f66ffd8a184bc11ec947078c3c206fac71b1118683deb5e8b3731811a0ae2ec3,False,,True,,development
data\NEU-CLS\train\train\images\rolled-in_scale_134.jpg,rolled-in_scale_134.jpg,images,.jpg,05f93afa29cddd07d19c79859070b8a0d40751d94f29d01aff714196612ef253,False,,True,,development
data\NEU-CLS\train\train\images\rolled-in_scale_135.jpg,rolled-in_scale_135.jpg,images,.jpg,a0602c9aba0fc87aa092acdb938758f317b699499a1c76c837fe822ba963c1bc,False,,True,,test
data\NEU-CLS\train\train\images\rolled-in_scale_136.jpg,rolled-in_scale_136.jpg,images,.jpg,3098125d30d183bf4dad699ee6cb042ed94c1f3fb40d5b8835fe622c2f453d1a,False,,True,,development
data\NEU-CLS\train\train\images\rolled-in_scale_137.jpg,rolled-in_scale_137.jpg,images,.jpg,72bd6673de3e9f7d8df1d69a024c04f714c19bb2ac8b45a0589d9b13244fce75,False,,True,,development
data\NEU-CLS\train\train\images\rolled-in_scale_138.jpg,rolled-in_scale_138.jpg,images,.jpg,4ce7e69bd28c5779a62a6e4d4c978aadc298e980c55048fe6ed210ea34cc9107,False,,True,,development
data\NEU-CLS\train\train\images\rolled-in_scale_139.jpg,rolled-in_scale_139.jpg,images,.jpg,17cdb3080dd730ebfe9e1216c2664442092375eceea32009b327af3669d611fa,False,,True,,development
data\NEU-CLS\train\train\images\rolled-in_scale_14.jpg,rolled-in_scale_14.jpg,images,.jpg,cb935dbbfa4cfc86e326b4e283a50561ddf03dccdc14b3edf89ccdaf538f0c9a,False,,True,,development
data\NEU-CLS\train\train\images\rolled-in_scale_140.jpg,rolled-in_scale_140.jpg,images,.jpg,110870b21a74fb75e099f5aee3b5efc0eded120128ef037b975829ec3505e8c6,False,,True,,test
data\NEU-CLS\train\train\images\rolled-in_scale_141.jpg,rolled-in_scale_141.jpg,images,.jpg,49fc9f06a417f3928df57cae40663098020c386560260e7c0eaf4860b6890409,False,,True,,development
data\NEU-CLS\train\train\images\rolled-in_scale_142.jpg,rolled-in_scale_142.jpg,images,.jpg,0d0586a8935e6edb3bfaab870cccae4235b0df8789d2fd7919e70c95e64e8607,False,,True,,development
data\NEU-CLS\train\train\images\rolled-in_scale_143.jpg,rolled-in_scale_143.jpg,images,.jpg,4477a67f96c14f186a4755640c6859f33f55cf6b8f004591e4cb1a9f1eef9474,False,,True,,development
data\NEU-CLS\train\train\images\rolled-in_scale_144.jpg,rolled-in_scale_144.jpg,images,.jpg,ed7c722ceab129d6b9e79d7eb1e27dc5309bddbc5632f40834029e7abe073aff,False,,True,,development
data\NEU-CLS\train\train\images\rolled-in_scale_145.jpg,rolled-in_scale_145.jpg,images,.jpg,d9b8e810d393975fd87bd0159e754c629d1b9615152effe7a979139d8f51600c,False,,True,,development
data\NEU-CLS\train\train\images\rolled-in_scale_146.jpg,rolled-in_scale_146.jpg,images,.jpg,4b76ee7c33602b95115a2acec07b4cd74cab87eeb2cdc2a602534646cbed047b,False,,True,,development
data\NEU-CLS\train\train\images\rolled-in_scale_147.jpg,rolled-in_scale_147.jpg,images,.jpg,c24c2aff998781d659ba588456925d38023aab9fb2eb3b361c301409b8998bd4,False,,True,,development
data\NEU-CLS\train\train\images\rolled-in_scale_148.jpg,rolled-in_scale_148.jpg,images,.jpg,cd2120b467030e47514308711746992fd0834b7d686cc767fdab0a12b0cef562,False,,True,,development
data\NEU-CLS\train\train\images\rolled-in_scale_149.jpg,rolled-in_scale_149.jpg,images,.jpg,02f72f8806f8258dbe04ca27f5567f30eafe0474336d6e575583707dfeda4d21,False,,True,,development
data\NEU-CLS\train\train\images\rolled-in_scale_15.jpg,rolled-in_scale_15.jpg,images,.jpg,cdb3dc250fecd3608553c3096fd76e9ce844ead8ae3f0be8cd361542c81a980a,False,,True,,development
data\NEU-CLS\train\train\images\rolled-in_scale_150.jpg,rolled-in_scale_150.jpg,images,.jpg,d1bcb5b47c285315af1493fd9ab6ba224040360881d013232b4fbb85e9f427fc,False,,True,,development
data\NEU-CLS\train\train\images\rolled-in_scale_151.jpg,rolled-in_scale_151.jpg,images,.jpg,059288fb7d76de2ed742c0d511d3faa6f340fbaed2efe5fab9f6de7851a9c268,False,,True,,development
data\NEU-CLS\train\train\images\rolled-in_scale_152.jpg,rolled-in_scale_152.jpg,images,.jpg,5c6086c4c85f0d219f7b7ecefea7d4542ba78b8728564b76f6ad0e1d27b46916,False,,True,,development
data\NEU-CLS\train\train\images\rolled-in_scale_153.jpg,rolled-in_scale_153.jpg,images,.jpg,d56e3eb807f29dc2b782b7b59d1daea82e5fcab810256d6b1d88f7993841bce6,False,,True,,test
data\NEU-CLS\train\train\images\rolled-in_scale_154.jpg,rolled-in_scale_154.jpg,images,.jpg,3382f949fadcfeaf5c2fdbc3e68abbe6fd8cd0b7d1687ebe0bca0a0c01a9878b,False,,True,,development
data\NEU-CLS\train\train\images\rolled-in_scale_155.jpg,rolled-in_scale_155.jpg,images,.jpg,a7484fea9a95d63d4eac0d7de6cd379dd86b20b255d52314fcff6398f72363a6,False,,True,,development
data\NEU-CLS\train\train\images\rolled-in_scale_156.jpg,rolled-in_scale_156.jpg,images,.jpg,f7b6d5bf6d6e8743784fbc2fa26de5ee2bba6876f9bca5c871febb818f60ef78,False,,True,,test
data\NEU-CLS\train\train\images\rolled-in_scale_157.jpg,rolled-in_scale_157.jpg,images,.jpg,9e6228457ed6f7926bf57627a4e4442dba9c40aa752201822e5af4dacb9aca41,False,,True,,development
data\NEU-CLS\train\train\images\rolled-in_scale_158.jpg,rolled-in_scale_158.jpg,images,.jpg,f5a8f1dcf27a3fd3fb04103878f4c655999391e88c73e58029d90688a7e9a3fe,False,,True,,development
data\NEU-CLS\train\train\images\rolled-in_scale_159.jpg,rolled-in_scale_159.jpg,images,.jpg,7c6f323094a3da43bf4664e30bb84691b91ffa9bcaf88b834321062710bceffa,False,,True,,development
data\NEU-CLS\train\train\images\rolled-in_scale_16.jpg,rolled-in_scale_16.jpg,images,.jpg,b20363e15f81eb8156cbf92b9a09ffdb6eae95f2f25ddf7645409baaa1ec83b7,False,,True,,development
data\NEU-CLS\train\train\images\rolled-in_scale_160.jpg,rolled-in_scale_160.jpg,images,.jpg,51a522f0eae177ce5c5db504f5c8fbba5ad7bdc8ed9d9c22b40ab0793490410f,False,,True,,development
data\NEU-CLS\train\train\images\rolled-in_scale_161.jpg,rolled-in_scale_161.jpg,images,.jpg,e875fc3bb9a8bed646825668981a24709e5cbbc630a28315c2fb56ec38e85a75,False,,True,,development
data\NEU-CLS\train\train\images\rolled-in_scale_162.jpg,rolled-in_scale_162.jpg,images,.jpg,a70854dd9ce3bdcbb135c855a2b21264b7438cfed2fda8f6ecb563205a9061cf,False,,True,,test
data\NEU-CLS\train\train\images\rolled-in_scale_163.jpg,rolled-in_scale_163.jpg,images,.jpg,95284a96beecc14dc4413d90c77440d775d99b565143cbe78db461e2a9f44cd2,False,,True,,development
data\NEU-CLS\train\train\images\rolled-in_scale_164.jpg,rolled-in_scale_164.jpg,images,.jpg,a315c102243ce4955cc39fa268ec8876b5fadffcedefaf76b710c776a89044ef,False,,True,,test
data\NEU-CLS\train\train\images\rolled-in_scale_165.jpg,rolled-in_scale_165.jpg,images,.jpg,f612a5beb338b77905658e99b54486ec4b76eef3ab30b65798dded7ce44c49b9,False,,True,,development
data\NEU-CLS\train\train\images\rolled-in_scale_166.jpg,rolled-in_scale_166.jpg,images,.jpg,b0270e7732b7975b02ecb7055262e1291a2e4d8174b5413dc1dffcddace6bfd7,False,,True,,development
data\NEU-CLS\train\train\images\rolled-in_scale_167.jpg,rolled-in_scale_167.jpg,images,.jpg,7c4e4919616fecbc4747e57697ee89d57fd5b84e29fd55d1a86f0ac74260541b,False,,True,,development
data\NEU-CLS\train\train\images\rolled-in_scale_168.jpg,rolled-in_scale_168.jpg,images,.jpg,bb86083ff29eb08d996a60130365c71cdda198982a3fcd1d187b6f15a6d2a713,False,,True,,test
data\NEU-CLS\train\train\images\rolled-in_scale_169.jpg,rolled-in_scale_169.jpg,images,.jpg,e48252b233324d081b482e4986db38a764533dcb1fa07f7a12d3adc9eb65ab88,False,,True,,development
data\NEU-CLS\train\train\images\rolled-in_scale_17.jpg,rolled-in_scale_17.jpg,images,.jpg,905bf78850ce127112df3ee1e3fbc58214a092ec7293e2c94bd90303ce1449e7,False,,True,,test
data\NEU-CLS\train\train\images\rolled-in_scale_170.jpg,rolled-in_scale_170.jpg,images,.jpg,67810ef98780f5f14bf0ba4530e77485595dae6d1ab7f9e393b19d07620fc19f,False,,True,,test
data\NEU-CLS\train\train\images\rolled-in_scale_171.jpg,rolled-in_scale_171.jpg,images,.jpg,5e6491de8526738699178356d17dee421c8cc19b86843634255cc817a8bdea20,False,,True,,development
data\NEU-CLS\train\train\images\rolled-in_scale_172.jpg,rolled-in_scale_172.jpg,images,.jpg,23411a8303eb381c161850dd189321771ce5228fac880e3698b84be2969afc5c,False,,True,,development
data\NEU-CLS\train\train\images\rolled-in_scale_173.jpg,rolled-in_scale_173.jpg,images,.jpg,aa7381ffdd6b16a56243d4dd16b4ad62a8aed4e1aeafca9fd1b78aef7f376f83,False,,True,,development
data\NEU-CLS\train\train\images\rolled-in_scale_174.jpg,rolled-in_scale_174.jpg,images,.jpg,893099724db1aca70561d00494b25d1e7653ba9b76bf1f2b2217fdf985b52f08,False,,True,,development
data\NEU-CLS\train\train\images\rolled-in_scale_175.jpg,rolled-in_scale_175.jpg,images,.jpg,7b875e816e7cbc6060c81cb99844a00389143b9ccc87047c090229923eef9ae1,False,,True,,development
data\NEU-CLS\train\train\images\rolled-in_scale_176.jpg,rolled-in_scale_176.jpg,images,.jpg,1615a1c38666f1af95fbc092291a00c9865a80a1f99941f8e58550ae40f915a4,False,,True,,development
data\NEU-CLS\train\train\images\rolled-in_scale_177.jpg,rolled-in_scale_177.jpg,images,.jpg,8101aa59bcd07d7c326a0bfb57d2adeea3b827ed81d980acd42ea87dbf5f16b1,False,,True,,test
data\NEU-CLS\train\train\images\rolled-in_scale_178.jpg,rolled-in_scale_178.jpg,images,.jpg,9c65edfe700d99926ff92b1a339fde54c8dfdda53ccb739825bd819affb8d2d8,False,,True,,development
data\NEU-CLS\train\train\images\rolled-in_scale_179.jpg,rolled-in_scale_179.jpg,images,.jpg,160a103396310d91e865e3aad4729a4f980f389c4cd0248c7c6977545b226c79,False,,True,,test
data\NEU-CLS\train\train\images\rolled-in_scale_18.jpg,rolled-in_scale_18.jpg,images,.jpg,ec6211d4c5f7d0f8418890fe2034d8dca7f0657eec769543f57c2b9f18b6b009,False,,True,,test
data\NEU-CLS\train\train\images\rolled-in_scale_180.jpg,rolled-in_scale_180.jpg,images,.jpg,b98e88200eaa222caf430a66cafa04eaa9bdc839bc2daa890418466ab58bb732,False,,True,,development
data\NEU-CLS\train\train\images\rolled-in_scale_181.jpg,rolled-in_scale_181.jpg,images,.jpg,d145ae4af8480a5cbc4d1cacecda897da12ab3ebc80afb41e11f17754f17f2e8,False,,True,,development
data\NEU-CLS\train\train\images\rolled-in_scale_182.jpg,rolled-in_scale_182.jpg,images,.jpg,faa9bd41e5b3cd827d48df20a5263cc278a6a7b7ef781935a9ffc7fac50bc6d4,False,,True,,development
data\NEU-CLS\train\train\images\rolled-in_scale_183.jpg,rolled-in_scale_183.jpg,images,.jpg,3f4c2164895955eb76bd2f0bbf506df06d129e1b9cad6705e92c988c18204ce4,False,,True,,development
data\NEU-CLS\train\train\images\rolled-in_scale_184.jpg,rolled-in_scale_184.jpg,images,.jpg,f957fc479504384d661036f2ecccb1e8c11c628fdb4e80b9088a6ac8528dcc96,False,,True,,development
data\NEU-CLS\train\train\images\rolled-in_scale_185.jpg,rolled-in_scale_185.jpg,images,.jpg,142b4072a53154a6b126aee143f5809bcab5c00b2a14f3a4dc22bea2b3813782,False,,True,,development
data\NEU-CLS\train\train\images\rolled-in_scale_186.jpg,rolled-in_scale_186.jpg,images,.jpg,a20f19e54cd1d59ce409c68ec065ea3c49cbbe16318071700eb68fad39419f24,False,,True,,development
data\NEU-CLS\train\train\images\rolled-in_scale_187.jpg,rolled-in_scale_187.jpg,images,.jpg,edd3198132d079aa0287a208589bf81e498fee708b96fa55e8563cde785c618c,False,,True,,test
data\NEU-CLS\train\train\images\rolled-in_scale_188.jpg,rolled-in_scale_188.jpg,images,.jpg,b932fa02ad9f1824c83627a391050a89f711a73d1dfddd59cf8c35066fe2eece,False,,True,,development
data\NEU-CLS\train\train\images\rolled-in_scale_189.jpg,rolled-in_scale_189.jpg,images,.jpg,ed60e7a1a857970c205dd4a58c5290c96cd1fe723559b7928615c869c684d7d8,False,,True,,development
data\NEU-CLS\train\train\images\rolled-in_scale_19.jpg,rolled-in_scale_19.jpg,images,.jpg,7e9815a17916514ba512bb345b193791d62e98f98e57359edd9cc9aa129e0629,False,,True,,development
data\NEU-CLS\train\train\images\rolled-in_scale_190.jpg,rolled-in_scale_190.jpg,images,.jpg,497e87842f2fe281ef3dc52a27444f7219545c9c4636b5cd7dead29b886b4213,False,,True,,development
data\NEU-CLS\train\train\images\rolled-in_scale_191.jpg,rolled-in_scale_191.jpg,images,.jpg,fd70388162d5acbea24a184309d372e9eb8dcc97c2fb86a2d1cba2e423a32451,False,,True,,development
data\NEU-CLS\train\train\images\rolled-in_scale_192.jpg,rolled-in_scale_192.jpg,images,.jpg,12b62135d61357a10b83d8e2ee60b3e0a9d42c74e081d9295981c265cb628de3,False,,True,,development
data\NEU-CLS\train\train\images\rolled-in_scale_193.jpg,rolled-in_scale_193.jpg,images,.jpg,f298f309e6f2c25904b3a066256cc028d60daf59d11c42baedf85a0a24366036,False,,True,,test
data\NEU-CLS\train\train\images\rolled-in_scale_194.jpg,rolled-in_scale_194.jpg,images,.jpg,ad6fde4e93a05bcdf13e95abd779ad39197fff8b728907c91a4f5a271d662dd6,False,,True,,development
data\NEU-CLS\train\train\images\rolled-in_scale_195.jpg,rolled-in_scale_195.jpg,images,.jpg,88ff2263d35206c0152a9569cfd8f41789398ddcc60351bf9b7111f35274b166,False,,True,,development
data\NEU-CLS\train\train\images\rolled-in_scale_196.jpg,rolled-in_scale_196.jpg,images,.jpg,a6c4471f4fc328e85cfd30545301a152839ae7ad2eed27a88ceb79fccd3aee5a,False,,True,,development
data\NEU-CLS\train\train\images\rolled-in_scale_197.jpg,rolled-in_scale_197.jpg,images,.jpg,377bc7dd25075830dffae3e80088ad088eb10e9e9ab6f341faf4b999752cf907,False,,True,,development
data\NEU-CLS\train\train\images\rolled-in_scale_198.jpg,rolled-in_scale_198.jpg,images,.jpg,878afdc20181822ac0dd78725612ee9b5ed4cd98ca5d5c0d19e4f261f8f780e3,False,,True,,development
data\NEU-CLS\train\train\images\rolled-in_scale_199.jpg,rolled-in_scale_199.jpg,images,.jpg,8ed028cf6ad8d6f9e0815b5d5f79f4f3b150024b4a2a590a68e7315cc6b8af1f,False,,True,,development
data\NEU-CLS\train\train\images\rolled-in_scale_20.jpg,rolled-in_scale_20.jpg,images,.jpg,410585853745afbb7ef092bb290f3d5c971d455c02f00080868e302d113837f2,False,,True,,development
data\NEU-CLS\train\train\images\rolled-in_scale_200.jpg,rolled-in_scale_200.jpg,images,.jpg,862f59073f2cc237b7602df726d08128bac6cff58971ae7adf7becaab354c197,False,,True,,development
data\NEU-CLS\train\train\images\rolled-in_scale_201.jpg,rolled-in_scale_201.jpg,images,.jpg,93f1f4105e08e65c75283d4149248ca401de3251d994155ae08492de344cdf82,False,,True,,test
data\NEU-CLS\train\train\images\rolled-in_scale_202.jpg,rolled-in_scale_202.jpg,images,.jpg,32fdb597d1fbc3aedda1991fbfe3f811b33977334f5b7afea358bdb9daf5408d,False,,True,,development
data\NEU-CLS\train\train\images\rolled-in_scale_203.jpg,rolled-in_scale_203.jpg,images,.jpg,1318c0d9b059a08b3867d40ee1c18cd46adcac3b69d1790d4095995d311f8917,False,,True,,development
data\NEU-CLS\train\train\images\rolled-in_scale_204.jpg,rolled-in_scale_204.jpg,images,.jpg,8f6ae994413417fb2862cd6749fd91ea71363abf6074e95d0bcde36c8e988731,False,,True,,test
data\NEU-CLS\train\train\images\rolled-in_scale_205.jpg,rolled-in_scale_205.jpg,images,.jpg,24f72b90f91552273880ad40b7b4c44cf912cf917a94faa2e48273ff7994ac51,False,,True,,development
data\NEU-CLS\train\train\images\rolled-in_scale_206.jpg,rolled-in_scale_206.jpg,images,.jpg,dad964a1298e0e8550c652c2f6cd3dacda7096290117e4f96c499fc62f7e425a,False,,True,,development
data\NEU-CLS\train\train\images\rolled-in_scale_207.jpg,rolled-in_scale_207.jpg,images,.jpg,96659bb19494d4eb0119b38d152dd1adabd20c3ea9d95deaed85b44bfe8fb677,False,,True,,test
data\NEU-CLS\train\train\images\rolled-in_scale_208.jpg,rolled-in_scale_208.jpg,images,.jpg,9b48f38d6793c1be07470511f8dad09506c006bb491212c74da5d52e9ab3a06c,False,,True,,development
data\NEU-CLS\train\train\images\rolled-in_scale_209.jpg,rolled-in_scale_209.jpg,images,.jpg,5b0551a18f09969f80ea78107b8dc10472d4cb078b7e51f832c6058246a15ea9,False,,True,,development
data\NEU-CLS\train\train\images\rolled-in_scale_21.jpg,rolled-in_scale_21.jpg,images,.jpg,d8c183596170f6fa7db62baaf886d1e9d7c39fc32f1ac814c65ac34e75d4f60a,False,,True,,test
data\NEU-CLS\train\train\images\rolled-in_scale_210.jpg,rolled-in_scale_210.jpg,images,.jpg,c2803b6694a8172cc2ddcdf7c9f63d0b17a8f6aa243521792ba375cd20c42140,False,,True,,development
data\NEU-CLS\train\train\images\rolled-in_scale_211.jpg,rolled-in_scale_211.jpg,images,.jpg,6b67ec8c1e1ac58c71e316738504b32867dda9d020009c6be8f52cd1fb083933,False,,True,,development
data\NEU-CLS\train\train\images\rolled-in_scale_212.jpg,rolled-in_scale_212.jpg,images,.jpg,e2f57875cc30ccc3e2970b58ee4872c966cd042a88113aaf1fbd4dd18ad199f3,False,,True,,development
data\NEU-CLS\train\train\images\rolled-in_scale_213.jpg,rolled-in_scale_213.jpg,images,.jpg,9e6c5e6a46cc51960c7c2ddfebecbf68918a82e5974525446554934059ee38a7,False,,True,,development
data\NEU-CLS\train\train\images\rolled-in_scale_214.jpg,rolled-in_scale_214.jpg,images,.jpg,d2e758316abe8b3662048e3a73aebc934088ee2b18d9b3307d46dd8cfc48b29e,False,,True,,development
data\NEU-CLS\train\train\images\rolled-in_scale_215.jpg,rolled-in_scale_215.jpg,images,.jpg,3731f27e6665dbb752c8a1a3417f0b8eb59e952a934c98e015563db6be9c5afc,False,,True,,test
data\NEU-CLS\train\train\images\rolled-in_scale_216.jpg,rolled-in_scale_216.jpg,images,.jpg,d8393dae73ec0046eb91dd904987ece0d95782620520b50eb85e6a94651aff02,False,,True,,development
data\NEU-CLS\train\train\images\rolled-in_scale_217.jpg,rolled-in_scale_217.jpg,images,.jpg,6518cd1259ee169a39dd98f755a3dbb11175cf30bd346e2974d709362961824c,False,,True,,development
data\NEU-CLS\train\train\images\rolled-in_scale_218.jpg,rolled-in_scale_218.jpg,images,.jpg,d1487d000c49a0716fce28609f58883abb52df0618a64878f2fee5d534de4b04,False,,True,,development
data\NEU-CLS\train\train\images\rolled-in_scale_219.jpg,rolled-in_scale_219.jpg,images,.jpg,c669a2bc07a4c8538e5f41c48ae0f037a304f6714ac44100e8e13a93d1e8a17e,False,,True,,development
data\NEU-CLS\train\train\images\rolled-in_scale_22.jpg,rolled-in_scale_22.jpg,images,.jpg,8709b7a762ebfb915d7500413bbef14db7a3c96aefa729e255fafc97441b7625,False,,True,,development
data\NEU-CLS\train\train\images\rolled-in_scale_220.jpg,rolled-in_scale_220.jpg,images,.jpg,00901619c63fcffca7cbc105e0c946b296aa86b5d1070a5f8cf3fcd042a5a584,False,,True,,development
data\NEU-CLS\train\train\images\rolled-in_scale_221.jpg,rolled-in_scale_221.jpg,images,.jpg,b6bd54fc30e304aacb530d32bf3e393993c485d6a0bb0d6f45d86e60b2e336de,False,,True,,development
data\NEU-CLS\train\train\images\rolled-in_scale_222.jpg,rolled-in_scale_222.jpg,images,.jpg,aa02ff4ab1bbd725843fda80981d041d27cfbc8f8c864cbfdb052c0bde94baf8,False,,True,,development
data\NEU-CLS\train\train\images\rolled-in_scale_223.jpg,rolled-in_scale_223.jpg,images,.jpg,60206e7c54b2a2699f5913fd63591368550b8f2a3f9590bf42597afe5dc68a81,False,,True,,development
data\NEU-CLS\train\train\images\rolled-in_scale_224.jpg,rolled-in_scale_224.jpg,images,.jpg,efa3e16557e7141f5ee3f4e7a3ad096a37ac1f2d25e7e0cb335c908d475e09ef,False,,True,,development
data\NEU-CLS\train\train\images\rolled-in_scale_225.jpg,rolled-in_scale_225.jpg,images,.jpg,1509cd72de0b703b1328d59e5dd7705be79ffbf93c162986cec204330e5221e3,False,,True,,development
data\NEU-CLS\train\train\images\rolled-in_scale_226.jpg,rolled-in_scale_226.jpg,images,.jpg,32a71d087ccc2e2ab66cf2fdb1b941ed21ceda2c1cf822867d2cd392c759bba4,False,,True,,development
data\NEU-CLS\train\train\images\rolled-in_scale_227.jpg,rolled-in_scale_227.jpg,images,.jpg,d61a9d399c997f08c9a05f3242402d0e454df4029efe2a49bd973798a6a99cad,False,,True,,development
data\NEU-CLS\train\train\images\rolled-in_scale_228.jpg,rolled-in_scale_228.jpg,images,.jpg,47e47f02b1c9091211ec85cd5722832878bf5e1221268bf3bea5920541ff2fa0,False,,True,,development
data\NEU-CLS\train\train\images\rolled-in_scale_229.jpg,rolled-in_scale_229.jpg,images,.jpg,35c188bce490677f237f24a8185ea842bf60fd853e8f8e069d069bb5aed2615c,False,,True,,test
data\NEU-CLS\train\train\images\rolled-in_scale_23.jpg,rolled-in_scale_23.jpg,images,.jpg,0997be2658c69db807de7a33548ad0e80bc5c258a40d6d867df68b36010aca9a,False,,True,,development
data\NEU-CLS\train\train\images\rolled-in_scale_230.jpg,rolled-in_scale_230.jpg,images,.jpg,55a5388a166206a123baa7398212f06a762fc25d9e815fe65c1eff160c01295e,False,,True,,development
data\NEU-CLS\train\train\images\rolled-in_scale_231.jpg,rolled-in_scale_231.jpg,images,.jpg,37d99e66ff131f801cae1c63981fd832b28ffb5213334907954f15e8dd87457d,False,,True,,development
data\NEU-CLS\train\train\images\rolled-in_scale_232.jpg,rolled-in_scale_232.jpg,images,.jpg,fc9b8f1cd46c61eb07a338b199616644fbbbc3e8a36c2ca3096a5474cfc3e070,False,,True,,development
data\NEU-CLS\train\train\images\rolled-in_scale_233.jpg,rolled-in_scale_233.jpg,images,.jpg,f56a6df98a0f17232ea9c223bf874d124549d95d50550cd403f83f4a689ad59f,False,,True,,development
data\NEU-CLS\train\train\images\rolled-in_scale_234.jpg,rolled-in_scale_234.jpg,images,.jpg,e869be92a77550aed45bee599d3907c7c25733eca4f1e78b69e2fa40448c3dca,False,,True,,test
data\NEU-CLS\train\train\images\rolled-in_scale_235.jpg,rolled-in_scale_235.jpg,images,.jpg,167b7a8f8c23757c1ae2fd6966055d444eca638520cfb6f302b7d7abb76abac3,False,,True,,development
data\NEU-CLS\train\train\images\rolled-in_scale_236.jpg,rolled-in_scale_236.jpg,images,.jpg,3ad674d0391780b01e523ca82400a2ec52345f792b3e0a0061b43940ca2f5745,False,,True,,development
data\NEU-CLS\train\train\images\rolled-in_scale_237.jpg,rolled-in_scale_237.jpg,images,.jpg,9d51c68da7f07da8087f7b87454b32250d8fcf46e8111a14f42453c0e713e171,False,,True,,development
data\NEU-CLS\train\train\images\rolled-in_scale_238.jpg,rolled-in_scale_238.jpg,images,.jpg,aa83932b2073c75a818549dce83101bbaa764b2e705103289a8df4b22e01bc75,False,,True,,development
data\NEU-CLS\train\train\images\rolled-in_scale_239.jpg,rolled-in_scale_239.jpg,images,.jpg,ae5544f50fc8b02c72a3f70865a2268045aae78f996c05c4c4935c522e934563,False,,True,,test
data\NEU-CLS\train\train\images\rolled-in_scale_24.jpg,rolled-in_scale_24.jpg,images,.jpg,2cec4e53921fa8ebb9e1e79fc5da8fbbafc90b39abe2019704330ce4a0866622,False,,True,,development
data\NEU-CLS\train\train\images\rolled-in_scale_240.jpg,rolled-in_scale_240.jpg,images,.jpg,065a209c1ad451653cbfc914049240bed53e353dc91d0b7dffebc2b476542deb,False,,True,,development
data\NEU-CLS\train\train\images\rolled-in_scale_241.jpg,rolled-in_scale_241.jpg,images,.jpg,3ae0c8e0b0ddab539bcb0ab86e04909543015fbbd4b0bf5eb12232e2274dea2b,False,,True,,development
data\NEU-CLS\train\train\images\rolled-in_scale_242.jpg,rolled-in_scale_242.jpg,images,.jpg,455b206ff2cf9f9db1ce0e10e8f98b7c0f63a5a7490843ccab05d9e664915b24,False,,True,,development
data\NEU-CLS\train\train\images\rolled-in_scale_243.jpg,rolled-in_scale_243.jpg,images,.jpg,76f707b0ddcb61796cede17b2af374b1a9f9c3856e214f6190db45a9a7d59a10,False,,True,,test
data\NEU-CLS\train\train\images\rolled-in_scale_244.jpg,rolled-in_scale_244.jpg,images,.jpg,096c5b2a32ed8e1bb22722ddd9e05c0df42f6ff64231553cad00a63adf030c2c,False,,True,,development
data\NEU-CLS\train\train\images\rolled-in_scale_245.jpg,rolled-in_scale_245.jpg,images,.jpg,56a9ff3d4572ee794e18f3c3c5e50d697805314e394c24c9aaa4f80072f44628,False,,True,,development
data\NEU-CLS\train\train\images\rolled-in_scale_246.jpg,rolled-in_scale_246.jpg,images,.jpg,4dc20c200ab5c008bc52837fd52f62b30d194703bf4228b341d546a6b6b49516,False,,True,,development
data\NEU-CLS\train\train\images\rolled-in_scale_247.jpg,rolled-in_scale_247.jpg,images,.jpg,4f0eadd40ba77606ab30299d77f301d20899892f0770fd46abd2005e72aab867,False,,True,,development
data\NEU-CLS\train\train\images\rolled-in_scale_248.jpg,rolled-in_scale_248.jpg,images,.jpg,43711daddb5a88dc018727b193c9fe97c2f11c62e13976b4537e335bbbce8da8,False,,True,,development
data\NEU-CLS\train\train\images\rolled-in_scale_249.jpg,rolled-in_scale_249.jpg,images,.jpg,1c3890d31127022991f0bb9abc16f627d694a55ddfa1f3fbc2f07647f7cc1cac,False,,True,,development
data\NEU-CLS\train\train\images\rolled-in_scale_25.jpg,rolled-in_scale_25.jpg,images,.jpg,4e60ed53dc7e487306e513f4cd47b37b838d61f83ce0b530dc6bf9b3e514ff8c,False,,True,,development
data\NEU-CLS\train\train\images\rolled-in_scale_250.jpg,rolled-in_scale_250.jpg,images,.jpg,e650ab35f21fe74900f59596c2f6267972bb8a13423e477b2e61a6a48daec258,False,,True,,development
data\NEU-CLS\train\train\images\rolled-in_scale_251.jpg,rolled-in_scale_251.jpg,images,.jpg,476f486823c97394604a832898feebb5f74eb94245eb931e16e43f9ef5e9077c,False,,True,,development
data\NEU-CLS\train\train\images\rolled-in_scale_252.jpg,rolled-in_scale_252.jpg,images,.jpg,532b5e2791530183ec310caa1755eb9f56db6f3d498cb61350b601e3dc74ac54,False,,True,,development
data\NEU-CLS\train\train\images\rolled-in_scale_253.jpg,rolled-in_scale_253.jpg,images,.jpg,d4b2444e9d47f22c7d9ea71b3f729f5c78b9c7c982d9a3139c80df73357585b3,False,,True,,development
data\NEU-CLS\train\train\images\rolled-in_scale_254.jpg,rolled-in_scale_254.jpg,images,.jpg,0b1e990ceddfbffac2d54d03573f2fca9409d42cc81722f3ae2b6b030efc5826,False,,True,,test
data\NEU-CLS\train\train\images\rolled-in_scale_255.jpg,rolled-in_scale_255.jpg,images,.jpg,a72bcf50bdd2205f21e997197cfd9b4773f53cf38059d358c225ad7c88a140b2,False,,True,,development
data\NEU-CLS\train\train\images\rolled-in_scale_256.jpg,rolled-in_scale_256.jpg,images,.jpg,362130fefcc84a85d649b931dae18778b005752909e3706f25f64753e3de4663,False,,True,,development
data\NEU-CLS\train\train\images\rolled-in_scale_257.jpg,rolled-in_scale_257.jpg,images,.jpg,9365fe96679d4a92779b3c016afdeed83d9fe56655efffe2def0723b38da34da,False,,True,,development
data\NEU-CLS\train\train\images\rolled-in_scale_258.jpg,rolled-in_scale_258.jpg,images,.jpg,d091d280b0659547c7f9d7934e4911ef47821e527f1e5ba5268d3d0470c6f98a,False,,True,,development
data\NEU-CLS\train\train\images\rolled-in_scale_259.jpg,rolled-in_scale_259.jpg,images,.jpg,460cdbb062037b8f7749feaa8e6d5e877abfaf6142b299bffccbdd00dcf6a3f2,False,,True,,test
data\NEU-CLS\train\train\images\rolled-in_scale_26.jpg,rolled-in_scale_26.jpg,images,.jpg,306d15079bdf6c6e274293fcc727c975e8d4765a086b36d4b22088e5a29aaa83,False,,True,,development
data\NEU-CLS\train\train\images\rolled-in_scale_260.jpg,rolled-in_scale_260.jpg,images,.jpg,5dcc40fa363fbce80e11f1d785d71514e0c8bd80512d8078eacee3459ff5d435,False,,True,,development
data\NEU-CLS\train\train\images\rolled-in_scale_261.jpg,rolled-in_scale_261.jpg,images,.jpg,dec6b67138f0b88c1d3ee616a6f0b9c012b504a2d122724d59ffcd5516bd6133,False,,True,,development
data\NEU-CLS\train\train\images\rolled-in_scale_262.jpg,rolled-in_scale_262.jpg,images,.jpg,67cab4d93752e5def8a7d34b72504c1ecacadc673f252d4d719b716aeda0c083,False,,True,,development
data\NEU-CLS\train\train\images\rolled-in_scale_263.jpg,rolled-in_scale_263.jpg,images,.jpg,2b95ea4b3d84b2808e6f2fccfe6e531ac1c047d6decefb202b33ac27b6efb244,False,,True,,development
data\NEU-CLS\train\train\images\rolled-in_scale_264.jpg,rolled-in_scale_264.jpg,images,.jpg,bd817ff3e003a79a8899e4bd12bbba1c154d1fa6716d93ce64d6a8ce73938370,False,,True,,development
data\NEU-CLS\train\train\images\rolled-in_scale_265.jpg,rolled-in_scale_265.jpg,images,.jpg,17cb540a2e51cacca588b9f7d62c429f0f410085fc40083a09794f7a62c21ddb,False,,True,,development
data\NEU-CLS\train\train\images\rolled-in_scale_266.jpg,rolled-in_scale_266.jpg,images,.jpg,42451c010132c65c1b01ffbbe109839662e530a711d347463921973277505ff0,False,,True,,development
data\NEU-CLS\train\train\images\rolled-in_scale_267.jpg,rolled-in_scale_267.jpg,images,.jpg,f94df50a93a2344276102c078efd1ed8e027d257d7be3913e123ea54a2c3b6b2,False,,True,,test
data\NEU-CLS\train\train\images\rolled-in_scale_268.jpg,rolled-in_scale_268.jpg,images,.jpg,d08d423f369742f5b9f643421f0b3264b8443387e386441f335f18184b2f5268,False,,True,,development
data\NEU-CLS\train\train\images\rolled-in_scale_269.jpg,rolled-in_scale_269.jpg,images,.jpg,74f80dee68c66b6f73e5c95dbb5e36e35cfe82b6800c13d5153cea1f0dc394fa,False,,True,,development
data\NEU-CLS\train\train\images\rolled-in_scale_27.jpg,rolled-in_scale_27.jpg,images,.jpg,708329b86ab6061f1adc9cd0c71b22b2e80fb88a60b15b799023e00b3e1dc24a,False,,True,,development
data\NEU-CLS\train\train\images\rolled-in_scale_270.jpg,rolled-in_scale_270.jpg,images,.jpg,5a93c2c21a0ce009675aac1ed811ccba0595c25ef5653bc1d3f915e8832c8741,False,,True,,test
data\NEU-CLS\train\train\images\rolled-in_scale_271.jpg,rolled-in_scale_271.jpg,images,.jpg,091a8e314a4cb03c29f24785e0cfc314211de5c2fbb84e11bb71b6c083e130f4,False,,True,,development
data\NEU-CLS\train\train\images\rolled-in_scale_272.jpg,rolled-in_scale_272.jpg,images,.jpg,b21248385a58fada6936f04f5081b2198616126d34b1aa2e6e6f8be47ba18375,False,,True,,test
data\NEU-CLS\train\train\images\rolled-in_scale_273.jpg,rolled-in_scale_273.jpg,images,.jpg,369d4bee8a232c19fb5ca45a2289822dcc0b1f1fd575fd7db35a9919d7d78f3d,False,,True,,development
data\NEU-CLS\train\train\images\rolled-in_scale_274.jpg,rolled-in_scale_274.jpg,images,.jpg,c8adc3bab70516104fb67d4bdaf0af0d3833fd62deb583f621f56552e127aaec,False,,True,,test
data\NEU-CLS\train\train\images\rolled-in_scale_275.jpg,rolled-in_scale_275.jpg,images,.jpg,3599208515192dac0d6b119f5985a5cf5a1855d3b89b2b38e0ed61ad46f92bf8,False,,True,,test
data\NEU-CLS\train\train\images\rolled-in_scale_276.jpg,rolled-in_scale_276.jpg,images,.jpg,316cdf843c144524be06d3c237f8d2dc4424dca836f62a419e8346c3e17614c7,False,,True,,development
data\NEU-CLS\train\train\images\rolled-in_scale_277.jpg,rolled-in_scale_277.jpg,images,.jpg,1faede96e2c51b32425dd0e77867e9b3b790ab0724bcd763cc1f4ea331afac5c,False,,True,,development
data\NEU-CLS\train\train\images\rolled-in_scale_278.jpg,rolled-in_scale_278.jpg,images,.jpg,38b183d01f560b6edd8699985a7ab45896d03d056cf5830a3c1e5c20838ef014,False,,True,,development
data\NEU-CLS\train\train\images\rolled-in_scale_279.jpg,rolled-in_scale_279.jpg,images,.jpg,7d6c2342ba3131dcf29b643c89a2f44609e9f7d5c388faa3366161ffa813bf18,False,,True,,development
data\NEU-CLS\train\train\images\rolled-in_scale_28.jpg,rolled-in_scale_28.jpg,images,.jpg,418d976e5b428aa954bb37d4eff3bad0e081c8f13266d0f9caada1dacb73adc5,False,,True,,development
data\NEU-CLS\train\train\images\rolled-in_scale_280.jpg,rolled-in_scale_280.jpg,images,.jpg,f1269a5e170cbe86181350e5eceab2b88e820650629097d96ba3eef0e362f6d2,False,,True,,development
data\NEU-CLS\train\train\images\rolled-in_scale_281.jpg,rolled-in_scale_281.jpg,images,.jpg,036fd9a28409d589230ceb99b63fdbc5110fa4fc61cd26088dd2a2d6901ba6a4,False,,True,,development
data\NEU-CLS\train\train\images\rolled-in_scale_282.jpg,rolled-in_scale_282.jpg,images,.jpg,7c0e1e3d58500e5374437dfa05945eb160c057f19ae55d83dd14e9a622565321,False,,True,,development
data\NEU-CLS\train\train\images\rolled-in_scale_283.jpg,rolled-in_scale_283.jpg,images,.jpg,9a2e4decb7af0132277f426b3adf4beb46f4e9b12567f5a06cc8106714280192,False,,True,,development
data\NEU-CLS\train\train\images\rolled-in_scale_284.jpg,rolled-in_scale_284.jpg,images,.jpg,8a9f94de99649f32c9d914998e4a9208bc0d8a3792f2612fbf4b6055fec928ec,False,,True,,test
data\NEU-CLS\train\train\images\rolled-in_scale_285.jpg,rolled-in_scale_285.jpg,images,.jpg,a8cca6d91ea7fb73283d88efd2d30e067b6d09ce645e5e85438441683f134e99,False,,True,,development
data\NEU-CLS\train\train\images\rolled-in_scale_286.jpg,rolled-in_scale_286.jpg,images,.jpg,69fad71e435ce18f38396c088745f765a7d936b69025ef34c3fd8aca96744b64,False,,True,,development
data\NEU-CLS\train\train\images\rolled-in_scale_287.jpg,rolled-in_scale_287.jpg,images,.jpg,45b1154ffcd65c9a971bf2a42aa3f0f489c9227a8550c1f52e04125e1ce05c40,False,,True,,development
data\NEU-CLS\train\train\images\rolled-in_scale_288.jpg,rolled-in_scale_288.jpg,images,.jpg,c50614815646af4455639a530c283a0634aedee702befcc6ffbc6d0270a5953a,False,,True,,development
data\NEU-CLS\train\train\images\rolled-in_scale_289.jpg,rolled-in_scale_289.jpg,images,.jpg,01cad42cc83646dbaee6842d9651e90dbd82fb02439766351fceaa1a133f142c,False,,True,,development
data\NEU-CLS\train\train\images\rolled-in_scale_29.jpg,rolled-in_scale_29.jpg,images,.jpg,b6775c39f808ce17a691b1e643d2c71bd0a6541642bddf1b81cad56dc0fc829a,False,,True,,test
data\NEU-CLS\train\train\images\rolled-in_scale_290.jpg,rolled-in_scale_290.jpg,images,.jpg,74e7dc7f885b5880c6f09c38d27d8ec7f2c64891bf68320970edbd14ad703717,False,,True,,development
data\NEU-CLS\train\train\images\rolled-in_scale_291.jpg,rolled-in_scale_291.jpg,images,.jpg,9f0edb4a349a72882d2526d2f77edd7ab85bd594128e1f6596b905f9e0a9d8d6,False,,True,,test
data\NEU-CLS\train\train\images\rolled-in_scale_292.jpg,rolled-in_scale_292.jpg,images,.jpg,aca4945a18bc0445ff978f25c3431f3cda87f4035278dac3f1a764819d68467f,False,,True,,development
data\NEU-CLS\train\train\images\rolled-in_scale_293.jpg,rolled-in_scale_293.jpg,images,.jpg,35b498a3b118f589321f340b8fe469a5403de0f70b44433ad846beb05624e2ba,False,,True,,development
data\NEU-CLS\train\train\images\rolled-in_scale_294.jpg,rolled-in_scale_294.jpg,images,.jpg,0e183030b910288f3f7415ba98afec6477e51c2f5ac51d972246e15a5916fd37,False,,True,,development
data\NEU-CLS\train\train\images\rolled-in_scale_295.jpg,rolled-in_scale_295.jpg,images,.jpg,813aa66d52a468359daa6cfe5d084b934b8649b782ada8d4342e33935327e722,False,,True,,development
data\NEU-CLS\train\train\images\rolled-in_scale_296.jpg,rolled-in_scale_296.jpg,images,.jpg,c7b3c5e309632173863586042983ce86c7fe5813d24e1f23d00803ee66436692,False,,True,,development
data\NEU-CLS\train\train\images\rolled-in_scale_297.jpg,rolled-in_scale_297.jpg,images,.jpg,e737ad2f0e6313c895f028fae7c937f0d1d77dd9511f325f23e912cc79daf2b5,False,,True,,test
data\NEU-CLS\train\train\images\rolled-in_scale_298.jpg,rolled-in_scale_298.jpg,images,.jpg,4ee977480d64da6f6ff4c5de36bb2d534abcfd35d85b853fc3abd228b689cd86,False,,True,,test
data\NEU-CLS\train\train\images\rolled-in_scale_299.jpg,rolled-in_scale_299.jpg,images,.jpg,35291b3e5390149b6473fa1ee16910b80c860897a62643cf82c65547d8337bb3,False,,True,,test
data\NEU-CLS\train\train\images\rolled-in_scale_30.jpg,rolled-in_scale_30.jpg,images,.jpg,be507963548917b7dc2379663a1d7fe3daa06cef391b4a7ddc5319dc8bd20e03,False,,True,,development
data\NEU-CLS\train\train\images\rolled-in_scale_300.jpg,rolled-in_scale_300.jpg,images,.jpg,2599551f47cdb8515d126969fe26a968f9519bf6a2ebeb7978fbeeddd0dd9300,False,,True,,test
data\NEU-CLS\train\train\images\rolled-in_scale_31.jpg,rolled-in_scale_31.jpg,images,.jpg,7535f7a4981574e0a021740800c34216eb75540011e3c685694aa5317272fc16,False,,True,,development
data\NEU-CLS\train\train\images\rolled-in_scale_32.jpg,rolled-in_scale_32.jpg,images,.jpg,0b234244c6ade925e1f08de73700d0682ea31fb8f25c3245ebf8b7b18604fd16,False,,True,,development
data\NEU-CLS\train\train\images\rolled-in_scale_33.jpg,rolled-in_scale_33.jpg,images,.jpg,2b2f8c1d313f4f281578546706dd5597d814d71e3150e5f40d11cba6f78860a5,False,,True,,development
data\NEU-CLS\train\train\images\rolled-in_scale_34.jpg,rolled-in_scale_34.jpg,images,.jpg,b2437bce6beff748accdab51b62221d28e75228c6812ca2b053b71fde2a3c64e,False,,True,,development
data\NEU-CLS\train\train\images\rolled-in_scale_35.jpg,rolled-in_scale_35.jpg,images,.jpg,1e49b720b81f3f59db9ffcacc1d8d7de09d7537f83ee7269834f4069bae65cdf,False,,True,,development
data\NEU-CLS\train\train\images\rolled-in_scale_36.jpg,rolled-in_scale_36.jpg,images,.jpg,6c996a06108fd2fe4c7b39f723675ac533c55e6123b2bc0ceacaf2f890cfbae3,False,,True,,development
data\NEU-CLS\train\train\images\rolled-in_scale_37.jpg,rolled-in_scale_37.jpg,images,.jpg,5c597a81b39c44c4b9a6c72281642c8c0db1c4ca34ea22f9d224b290d4bdb29f,False,,True,,development
data\NEU-CLS\train\train\images\rolled-in_scale_38.jpg,rolled-in_scale_38.jpg,images,.jpg,53c2b6c62288b2cad101b7cf739c3939a26c0a4b541734d6b453c0091032a993,False,,True,,test
data\NEU-CLS\train\train\images\rolled-in_scale_39.jpg,rolled-in_scale_39.jpg,images,.jpg,05e6927be61b1d9bd07e1db2f674b251dc41c931162b660e9a610f58f4a82fb3,False,,True,,test
data\NEU-CLS\train\train\images\rolled-in_scale_40.jpg,rolled-in_scale_40.jpg,images,.jpg,83b5acc568e7cf423ac64edd489cc2bec7c91022b34420602762e8ac24670d98,False,,True,,test
data\NEU-CLS\train\train\images\rolled-in_scale_41.jpg,rolled-in_scale_41.jpg,images,.jpg,92e13acb9df5165a2f94a2360236f6a4ae6e6a24c069c0f742798d94640238ff,False,,True,,test
data\NEU-CLS\train\train\images\rolled-in_scale_42.jpg,rolled-in_scale_42.jpg,images,.jpg,4f4b79678da419f5c651213bb13a0b1aa8cf00e138e3430d78adb4a684c7d994,False,,True,,development
data\NEU-CLS\train\train\images\rolled-in_scale_43.jpg,rolled-in_scale_43.jpg,images,.jpg,986e7919ee85955cec1e9008f449524f67c9fef995785a87490345e0875e7dfa,False,,True,,test
data\NEU-CLS\train\train\images\rolled-in_scale_44.jpg,rolled-in_scale_44.jpg,images,.jpg,3a55d169f811d8c69a9177b324cf351f56ee3fe59aca6e605a4ed73a58f8a3c7,False,,True,,development
data\NEU-CLS\train\train\images\rolled-in_scale_45.jpg,rolled-in_scale_45.jpg,images,.jpg,652a11a0747b70d9537b2f7a272097383d66315f1974dbd1c0145bb98623f88a,False,,True,,test
data\NEU-CLS\train\train\images\rolled-in_scale_46.jpg,rolled-in_scale_46.jpg,images,.jpg,d1092df4031029a5d838948b39f1d08e01a8448ce8f6aa1a47489e9936c71768,False,,True,,development
data\NEU-CLS\train\train\images\rolled-in_scale_47.jpg,rolled-in_scale_47.jpg,images,.jpg,0eac381091303939359a7528a4f54b5107e53d5700e2dafd9e75c4c4e014eb44,False,,True,,development
data\NEU-CLS\train\train\images\rolled-in_scale_48.jpg,rolled-in_scale_48.jpg,images,.jpg,a55c1a286a9accf4bd7df64932ea0834d552068fefd6c369cdc0e865b4482985,False,,True,,development
data\NEU-CLS\train\train\images\rolled-in_scale_49.jpg,rolled-in_scale_49.jpg,images,.jpg,95e4ed37a0b7fbf54e713a9cfc6fc66aa9c3bb5ce170914576ffb125364f6e7b,False,,True,,development
data\NEU-CLS\train\train\images\rolled-in_scale_50.jpg,rolled-in_scale_50.jpg,images,.jpg,712441fa10afa4879437fd2f6e4575210a0cdb45145c3ab677432d5392529230,False,,True,,development
data\NEU-CLS\train\train\images\rolled-in_scale_51.jpg,rolled-in_scale_51.jpg,images,.jpg,34b31308818cf1ae9fffba96d873f48699037fac12d5ec6c7554b3551380fef1,False,,True,,development
data\NEU-CLS\train\train\images\rolled-in_scale_52.jpg,rolled-in_scale_52.jpg,images,.jpg,cab9b6700d970cf1664a121a5e2ef0b7ea68e343e0b97c92335497cb23e4ac21,False,,True,,development
data\NEU-CLS\train\train\images\rolled-in_scale_53.jpg,rolled-in_scale_53.jpg,images,.jpg,f6d5a18d343c82237fa93d690ed3fbb67c6ffe6ebb6264e45f01c5d90a1f2fd3,False,,True,,development
data\NEU-CLS\train\train\images\rolled-in_scale_54.jpg,rolled-in_scale_54.jpg,images,.jpg,2dbecde0785dcce5cf252dc2f3fd5883255d0c39f7fe50cd64047c570f6c019d,False,,True,,development
data\NEU-CLS\train\train\images\rolled-in_scale_55.jpg,rolled-in_scale_55.jpg,images,.jpg,072a22d9d36ef3c96bcb376c4e53a1c46cf2ca74e88544c648acfaecb7b6742d,False,,True,,development
data\NEU-CLS\train\train\images\rolled-in_scale_56.jpg,rolled-in_scale_56.jpg,images,.jpg,3c4de9377069e0f71c348dc48e0b24a3536ad810f4f8eb958e4cc00e28a25238,False,,True,,test
data\NEU-CLS\train\train\images\rolled-in_scale_57.jpg,rolled-in_scale_57.jpg,images,.jpg,6a27271b80c5f64663072c045e1129bd1ef87808e23bee3f6888f9df6f6d66a6,False,,True,,development
data\NEU-CLS\train\train\images\rolled-in_scale_58.jpg,rolled-in_scale_58.jpg,images,.jpg,a61c00570d43bbb1ad886e52a8ba1e9893c324efd3b45b7c3724e3268662047a,False,,True,,development
data\NEU-CLS\train\train\images\rolled-in_scale_59.jpg,rolled-in_scale_59.jpg,images,.jpg,0c843636d6d6587940cfb935db13937c138253715185b7dc84fe8826cd7f4b07,False,,True,,development
data\NEU-CLS\train\train\images\rolled-in_scale_6.jpg,rolled-in_scale_6.jpg,images,.jpg,d24aed54c31d2d10b72e7cc27b0d82ed4eaca0a056143d8c6d43aa860bf09779,False,,True,,test
data\NEU-CLS\train\train\images\rolled-in_scale_60.jpg,rolled-in_scale_60.jpg,images,.jpg,0b080d23a13460c53c5eed5a92109aa9f98f2418ba7e84b7b305ea68597e7530,False,,True,,development
data\NEU-CLS\train\train\images\rolled-in_scale_61.jpg,rolled-in_scale_61.jpg,images,.jpg,761eab8b977173ddf7f56a7766654dfa4e58decbe5c4d27ce09311cf7f1befcb,False,,True,,development
data\NEU-CLS\train\train\images\rolled-in_scale_62.jpg,rolled-in_scale_62.jpg,images,.jpg,0440f32076f431968f3dec4a76415fcc3756e5871f0458e616548a7879aa3de2,False,,True,,development
data\NEU-CLS\train\train\images\rolled-in_scale_63.jpg,rolled-in_scale_63.jpg,images,.jpg,b60cc3734adb110230a6ad57527ba2956ffb5ff1465f358a11b69a780a4c1d28,False,,True,,test
data\NEU-CLS\train\train\images\rolled-in_scale_64.jpg,rolled-in_scale_64.jpg,images,.jpg,dfe0550cc7c989c54a4bf06474db51adbae12f77108dcd06287c94bf64eaa5c4,False,,True,,development
data\NEU-CLS\train\train\images\rolled-in_scale_65.jpg,rolled-in_scale_65.jpg,images,.jpg,484c528e94c1ca590ce089553358cf9256cad3191427c97c33e0f5ccc8dbe16e,False,,True,,development
data\NEU-CLS\train\train\images\rolled-in_scale_66.jpg,rolled-in_scale_66.jpg,images,.jpg,3c0b11eec5dd37b3a4cca5c3672b90653a7cf9aa74404546a55f32923136d7fa,False,,True,,test
data\NEU-CLS\train\train\images\rolled-in_scale_67.jpg,rolled-in_scale_67.jpg,images,.jpg,3aa0b6f6c8b159a29aed63f58da07cf5cf46139b0e2131da3b0c0e0d50a4c58f,False,,True,,test
data\NEU-CLS\train\train\images\rolled-in_scale_68.jpg,rolled-in_scale_68.jpg,images,.jpg,41f6330ef2509d5fd811c3d92f6e25cf78457b34b96af052d262c160a201c254,False,,True,,test
data\NEU-CLS\train\train\images\rolled-in_scale_69.jpg,rolled-in_scale_69.jpg,images,.jpg,7ea5f2851a73a14e51eb1a2b25298e25aad2ad01c61e92b1642a152d44c1551d,False,,True,,development
data\NEU-CLS\train\train\images\rolled-in_scale_7.jpg,rolled-in_scale_7.jpg,images,.jpg,d46891437253f761072ae7a4c72b2db01a5ed9f59d97f25052fd74e8ea0765ca,False,,True,,development
data\NEU-CLS\train\train\images\rolled-in_scale_70.jpg,rolled-in_scale_70.jpg,images,.jpg,2078e0a437a9b246c0c44b77031bcfe2903c6a2171dab4c128f96356ad17f2ee,False,,True,,development
data\NEU-CLS\train\train\images\rolled-in_scale_71.jpg,rolled-in_scale_71.jpg,images,.jpg,358892669ce9249d65eaaf16ef33c84d31f7c32e355f4acf23033b3b15c995fe,False,,True,,test
data\NEU-CLS\train\train\images\rolled-in_scale_72.jpg,rolled-in_scale_72.jpg,images,.jpg,56949cdeea9c339621667f8e982efe68a6926cda46fa6c22c14662ac359ec78e,False,,True,,development
data\NEU-CLS\train\train\images\rolled-in_scale_73.jpg,rolled-in_scale_73.jpg,images,.jpg,09de9d987c8ce064472cfb9f5be4d24338afb7edabd4dd9320b24fffd7a7bb91,False,,True,,test
data\NEU-CLS\train\train\images\rolled-in_scale_74.jpg,rolled-in_scale_74.jpg,images,.jpg,5fcbd4a9fdc7ae7378cb61de7f2c5ce58714cb6a1bdc4ea9bdbb35e8431432a2,False,,True,,development
data\NEU-CLS\train\train\images\rolled-in_scale_75.jpg,rolled-in_scale_75.jpg,images,.jpg,4d49093a4f5f411b11fd54f191d68ba35d2b09b110127df5bc7f33353028ab8b,False,,True,,development
data\NEU-CLS\train\train\images\rolled-in_scale_76.jpg,rolled-in_scale_76.jpg,images,.jpg,e5d8e417a0006dc7674e2f2c5725860119f50aed42a89faf2df14466f6bdbafa,False,,True,,development
data\NEU-CLS\train\train\images\rolled-in_scale_77.jpg,rolled-in_scale_77.jpg,images,.jpg,1904942da3a22567b129b107852c3d75f36dcca7a47ca412f24074f8bbb56a74,False,,True,,development
data\NEU-CLS\train\train\images\rolled-in_scale_78.jpg,rolled-in_scale_78.jpg,images,.jpg,548c4196df3aae2bd2d78bb2d597d94a62c327d67ea8946aec748348206ccfca,False,,True,,development
data\NEU-CLS\train\train\images\rolled-in_scale_79.jpg,rolled-in_scale_79.jpg,images,.jpg,bb247842774195a7b10f507c0dded14006456d9aa9c3de7d5728ae2c8ad86336,False,,True,,test
data\NEU-CLS\train\train\images\rolled-in_scale_8.jpg,rolled-in_scale_8.jpg,images,.jpg,fda0e799f5fc7d3d3550f9f44bdfa9efa8d43c068461d77f8d61386cad16d89e,False,,True,,development
data\NEU-CLS\train\train\images\rolled-in_scale_80.jpg,rolled-in_scale_80.jpg,images,.jpg,2f5dbc8dcaf15f87094aa7fad865b2d423616c9fe27489d0e8652aacb2794eb7,False,,True,,development
data\NEU-CLS\train\train\images\rolled-in_scale_81.jpg,rolled-in_scale_81.jpg,images,.jpg,834c71734fc6257e459b03759bdf40a8f010d968f9b051533ae2577f4ae2f403,False,,True,,development
data\NEU-CLS\train\train\images\rolled-in_scale_82.jpg,rolled-in_scale_82.jpg,images,.jpg,c9d46a65f395ae014460082797b42eb4288856a948b3a2b55e733360035ff926,False,,True,,development
data\NEU-CLS\train\train\images\rolled-in_scale_83.jpg,rolled-in_scale_83.jpg,images,.jpg,e2355db7b8e28cd116c85a7927a368021afc6744f3212f7df7fbc9ef474c9bfc,False,,True,,development
data\NEU-CLS\train\train\images\rolled-in_scale_84.jpg,rolled-in_scale_84.jpg,images,.jpg,f5be32a7ab25702e3167ed59f1e90e0a7eee288bb6de9c07c0c43c55ef0b77b8,False,,True,,development
data\NEU-CLS\train\train\images\rolled-in_scale_85.jpg,rolled-in_scale_85.jpg,images,.jpg,63dfda1af3445f8083a15bf5e70c4c9b16b50fd63947a09da875904ce2f6e4a6,False,,True,,development
data\NEU-CLS\train\train\images\rolled-in_scale_86.jpg,rolled-in_scale_86.jpg,images,.jpg,0804c9d747c8d0e68857e4610d406d613336e231954ac9273f82ad18a5327449,False,,True,,test
data\NEU-CLS\train\train\images\rolled-in_scale_87.jpg,rolled-in_scale_87.jpg,images,.jpg,0d578ed6ce0ca32f08ab71678389ee38ef8f3da4f1dcc9db287f9388c2eb7a39,False,,True,,development
data\NEU-CLS\train\train\images\rolled-in_scale_88.jpg,rolled-in_scale_88.jpg,images,.jpg,257fc94e3b1b098d42a0116ec9380d1e73f36f91d9367409a8e256c175e2ead2,False,,True,,development
data\NEU-CLS\train\train\images\rolled-in_scale_89.jpg,rolled-in_scale_89.jpg,images,.jpg,8fef9e33d39267d7b0ec2f2cb73e6b31ee0a288eea95ce815a56e0ae79abc237,False,,True,,test
data\NEU-CLS\train\train\images\rolled-in_scale_9.jpg,rolled-in_scale_9.jpg,images,.jpg,842947ed242d553d7fbc7bc3b3d1496cb7219559aa5820435b63399f5ef6e8e0,False,,True,,development
data\NEU-CLS\train\train\images\rolled-in_scale_90.jpg,rolled-in_scale_90.jpg,images,.jpg,b8c91113772659b2f81be97594eb4ef2dda89b0c3be83d49fd3df5065a33a14f,False,,True,,development
data\NEU-CLS\train\train\images\rolled-in_scale_91.jpg,rolled-in_scale_91.jpg,images,.jpg,526c022b8fa6b7e38ee9421af07405f5a94f4063d7af095ebcbd5c74b9e021f9,False,,True,,development
data\NEU-CLS\train\train\images\rolled-in_scale_92.jpg,rolled-in_scale_92.jpg,images,.jpg,d48e57e9b4fff76402baae8b6448cd0f3cedeb301b0299937f66a564e934c26d,False,,True,,test
data\NEU-CLS\train\train\images\rolled-in_scale_93.jpg,rolled-in_scale_93.jpg,images,.jpg,99b478d675dda0f992d0e70bddd9d631028575027a56e4be9f7a8741bdd6527e,False,,True,,development
data\NEU-CLS\train\train\images\rolled-in_scale_94.jpg,rolled-in_scale_94.jpg,images,.jpg,560cd19ca05fbc5396b48e54ba90b96323f8962d24a4b7a3a52af74aaf39eac4,False,,True,,development
data\NEU-CLS\train\train\images\rolled-in_scale_95.jpg,rolled-in_scale_95.jpg,images,.jpg,06594ca23a480e682a1ed69108cee823cb3fb6b1b0b67f9eb956b3c737ebbaaf,False,,True,,development
data\NEU-CLS\train\train\images\rolled-in_scale_96.jpg,rolled-in_scale_96.jpg,images,.jpg,e4a73e4215e5dfe1b068cf406ab200ee7ff269c8fa8543b16260568ecbb70e75,False,,True,,development
data\NEU-CLS\train\train\images\rolled-in_scale_97.jpg,rolled-in_scale_97.jpg,images,.jpg,fb0964326483cd3811425c0d43404fbe211b0c9055f9fa440f9d464ee4f6fbca,False,,True,,development
data\NEU-CLS\train\train\images\rolled-in_scale_98.jpg,rolled-in_scale_98.jpg,images,.jpg,c479d54d2c3b9850439534392e991f0bb70a8d44a8be33a97932722c9f26b072,False,,True,,development
data\NEU-CLS\train\train\images\rolled-in_scale_99.jpg,rolled-in_scale_99.jpg,images,.jpg,8ecbe05c11b7b043b5766f531a98ec31c41c5c615f8144ec671f61393e0961fa,False,,True,,development
data\NEU-CLS\train\train\images\scratches_10.jpg,scratches_10.jpg,images,.jpg,8790b870402cf95314da4d3ace3cc38d5721a3f1f321e3e346811988d7736600,False,,True,,development
data\NEU-CLS\train\train\images\scratches_100.jpg,scratches_100.jpg,images,.jpg,7e404244566609b8ef412f87a34aaff0af5ceb0c2140cc03e25e3f3e2f84f2af,False,,True,,development
data\NEU-CLS\train\train\images\scratches_101.jpg,scratches_101.jpg,images,.jpg,8cf6422094af770e264d9b25b74dd6e599f6b051f5fb45b8bf8070f4d0a42d34,False,,True,,development
data\NEU-CLS\train\train\images\scratches_102.jpg,scratches_102.jpg,images,.jpg,cdb86540a847d39765c21a839855cc7b81fa2c4a8637f77957378dccb011834e,False,,True,,development
data\NEU-CLS\train\train\images\scratches_103.jpg,scratches_103.jpg,images,.jpg,4238f54faa3fac98eec53d1fbdee0bbc92c523bf3110f1bc4ef5ba86f96b1a97,False,,True,,test
data\NEU-CLS\train\train\images\scratches_104.jpg,scratches_104.jpg,images,.jpg,a4b3fd60a8d48f44c1be792321014d13fa9032c3e54d1cafb13d4ebb8301839a,False,,True,,test
data\NEU-CLS\train\train\images\scratches_105.jpg,scratches_105.jpg,images,.jpg,bb2f2218a6f8e68156975ff64973af7fb5dcb5d6169f7715c452850c3e33eb92,False,,True,,development
data\NEU-CLS\train\train\images\scratches_106.jpg,scratches_106.jpg,images,.jpg,0fef5231d26c75256c723d862474768b95d71b5c0d7335a3f3112382b7baa86e,False,,True,,development
data\NEU-CLS\train\train\images\scratches_107.jpg,scratches_107.jpg,images,.jpg,de6826749f3a7b68e11a2395976c1bf9d818ac21c9920bd160138fd81f711ba6,False,,True,,test
data\NEU-CLS\train\train\images\scratches_108.jpg,scratches_108.jpg,images,.jpg,36f89d12c0c0226f5da438c2804a5ccd5505e6810e2daf7fb044dafd409aca5d,False,,True,,development
data\NEU-CLS\train\train\images\scratches_109.jpg,scratches_109.jpg,images,.jpg,3d95fc1b9cd493c3964fff0d33b8433c4e5b89075e0da4c8e7e7ccd6d33bbed3,False,,True,,test
data\NEU-CLS\train\train\images\scratches_11.jpg,scratches_11.jpg,images,.jpg,ad623cd9dd5fbdabfcbbf2239dc42618160ee0e46ea17d38be8aa31395072d8c,False,,True,,test
data\NEU-CLS\train\train\images\scratches_110.jpg,scratches_110.jpg,images,.jpg,92c615abaa1585c8fd675ea9b9b1320f89c797d53b652fea2b3ca26a55eb74e0,False,,True,,development
data\NEU-CLS\train\train\images\scratches_111.jpg,scratches_111.jpg,images,.jpg,6da2ffbb84b4b3d21754c472d7f5e729958e69bc3ea296a24ed215152c19b62c,False,,True,,development
data\NEU-CLS\train\train\images\scratches_112.jpg,scratches_112.jpg,images,.jpg,ba221858d8d1a1c17d7eaaa1ac72a33345cc803ba1b96620a576113f7dcabcdc,False,,True,,development
data\NEU-CLS\train\train\images\scratches_113.jpg,scratches_113.jpg,images,.jpg,e73a907d6406fb5b2872340cb49c2982b1724f71f75b66ade085c88fe736805c,False,,True,,development
data\NEU-CLS\train\train\images\scratches_114.jpg,scratches_114.jpg,images,.jpg,da3c3382f2fa9e1291e5da46d5ba96c1667229197dba56f1618c651379758571,False,,True,,development
data\NEU-CLS\train\train\images\scratches_115.jpg,scratches_115.jpg,images,.jpg,e2128a3bddd81fdf7631df469dbe36541dd5f62a829e8c3bd19795a3b84a9ee6,False,,True,,development
data\NEU-CLS\train\train\images\scratches_116.jpg,scratches_116.jpg,images,.jpg,c9a6354c889419d80851cfd192b535c2baeb699d59c7f1b8424552b7a134b955,False,,True,,development
data\NEU-CLS\train\train\images\scratches_117.jpg,scratches_117.jpg,images,.jpg,533ef411f0252d313a85b6f7b4057f036268cac900581bba1784588136a7716e,False,,True,,test
data\NEU-CLS\train\train\images\scratches_118.jpg,scratches_118.jpg,images,.jpg,11597fa66f475888f1b4bde318a741339467c1d074942361d0a391a61770f93e,False,,True,,development
data\NEU-CLS\train\train\images\scratches_119.jpg,scratches_119.jpg,images,.jpg,2686f354cee5cbdbde6d4421577055f26a60eb8c1d853f7841dd12cb41d49b33,False,,True,,test
data\NEU-CLS\train\train\images\scratches_12.jpg,scratches_12.jpg,images,.jpg,da988236def7af755e30945f33af20f73c08879111c072a4cd9b843f56f23272,False,,True,,test
data\NEU-CLS\train\train\images\scratches_120.jpg,scratches_120.jpg,images,.jpg,127ec91a3f350a9dde1521aa8bae0d7db6df29370141e74ea90876960b617b8b,False,,True,,development
data\NEU-CLS\train\train\images\scratches_121.jpg,scratches_121.jpg,images,.jpg,d3ee2418b21b7982b5621d5a0967dafd0e763142210518388ead02bac8f47dab,False,,True,,development
data\NEU-CLS\train\train\images\scratches_122.jpg,scratches_122.jpg,images,.jpg,02a6e790f7b37da8d0a2b260ee564e697dfcc590fa5b1f1ab27c5b9c26c3aad6,False,,True,,test
data\NEU-CLS\train\train\images\scratches_123.jpg,scratches_123.jpg,images,.jpg,181df005a3acd578c32e382485d60c8fd13340e57449557d786efd81d7fb01c8,False,,True,,test
data\NEU-CLS\train\train\images\scratches_124.jpg,scratches_124.jpg,images,.jpg,254855329c0254463fcfd0a155a644bdf2b955fda0e338ab7b1ce9cfb4bacf26,False,,True,,test
data\NEU-CLS\train\train\images\scratches_125.jpg,scratches_125.jpg,images,.jpg,855b302abb5f872b064e3161c84b9a6d4122d5e5118ab71f55a176b2fc193781,False,,True,,development
data\NEU-CLS\train\train\images\scratches_126.jpg,scratches_126.jpg,images,.jpg,fd1f86fe4349e991e98e1b00c1b1aa94088669822cdb30a5c0dfffa5782134c3,False,,True,,development
data\NEU-CLS\train\train\images\scratches_127.jpg,scratches_127.jpg,images,.jpg,f5d30a06efb4699e893da9705f6a09bef2e3f608d9b0995750e5b0c9dbab53c9,False,,True,,development
data\NEU-CLS\train\train\images\scratches_128.jpg,scratches_128.jpg,images,.jpg,c0f08d4440966af9cccd1ea0372b1a01d8063e4d4d1e2d189269d3c9e018e23e,False,,True,,development
data\NEU-CLS\train\train\images\scratches_129.jpg,scratches_129.jpg,images,.jpg,def28753fbc0d5050de6136e3c68e55b804577ba81f0dc0b64064fa5f5c2f591,False,,True,,development
data\NEU-CLS\train\train\images\scratches_13.jpg,scratches_13.jpg,images,.jpg,cb8b1f1a29552cbea5edb205c27add76522d4577b5154b3ba2c72ca17b055646,False,,True,,development
data\NEU-CLS\train\train\images\scratches_130.jpg,scratches_130.jpg,images,.jpg,20470387a65090ed71215af12c78d8ac0ee83566dde051b308abf149fb16c916,False,,True,,test
data\NEU-CLS\train\train\images\scratches_131.jpg,scratches_131.jpg,images,.jpg,cc441db6aa140baabb8fbb21cba10d0b952312438d0a96950e3a99497c45857f,False,,True,,development
data\NEU-CLS\train\train\images\scratches_132.jpg,scratches_132.jpg,images,.jpg,886e442a40f278acef38df92ca526b10ae6fdc02e6bdbb13d194e7b901b067b1,False,,True,,development
data\NEU-CLS\train\train\images\scratches_133.jpg,scratches_133.jpg,images,.jpg,21b5fa723bad108189e9da4101ade52ff3085d75e5cfecd6fa7b429cbd07fe43,False,,True,,development
data\NEU-CLS\train\train\images\scratches_134.jpg,scratches_134.jpg,images,.jpg,c8d0d68054aed82a7bcb3d01b06b945a6c984b98ddaa2eaf68285f2077ac7b20,False,,True,,development
data\NEU-CLS\train\train\images\scratches_135.jpg,scratches_135.jpg,images,.jpg,98a86b64f2ede209013c67f47f6ed288723db2d707d1f7ca0fa00409dd55b2fe,False,,True,,test
data\NEU-CLS\train\train\images\scratches_136.jpg,scratches_136.jpg,images,.jpg,574af2c4dcab39bea999116f72a1cef78d8f07ce061a49e68184d31094fa40ac,False,,True,,development
data\NEU-CLS\train\train\images\scratches_137.jpg,scratches_137.jpg,images,.jpg,0327d255906525e9e803f7bc308c5392351bf2ee7dbe384f38ffa84c9bafcd4e,False,,True,,test
data\NEU-CLS\train\train\images\scratches_138.jpg,scratches_138.jpg,images,.jpg,c6e07f851d11e72bf436fa082889f68c812fae81963e203d0a0420045e46dcbe,False,,True,,development
data\NEU-CLS\train\train\images\scratches_139.jpg,scratches_139.jpg,images,.jpg,6c27fce9d6b0256700b556afe6d71cc235d57fc7847c884857fd127b0656522d,False,,True,,test
data\NEU-CLS\train\train\images\scratches_14.jpg,scratches_14.jpg,images,.jpg,6665d90f599bbfeec1af1ad005f4436a3ecc4c96b135acf9fbdf3c19f373d2ed,False,,True,,development
data\NEU-CLS\train\train\images\scratches_140.jpg,scratches_140.jpg,images,.jpg,8c5e73aa15ca7cb47c092e58f8a3996e8648aac5c37c58dc1c3971fec8629d7b,False,,True,,development
data\NEU-CLS\train\train\images\scratches_141.jpg,scratches_141.jpg,images,.jpg,7a1ad51da018c844a6268ca8e3aa2e57ee3039be9ec3e1ab7891b814a6ea29c4,False,,True,,test
data\NEU-CLS\train\train\images\scratches_142.jpg,scratches_142.jpg,images,.jpg,36aa104a77f3477c7d6e0ec5b9cde40ed9d43dd1afd363718eef4a2f8e272005,False,,True,,development
data\NEU-CLS\train\train\images\scratches_143.jpg,scratches_143.jpg,images,.jpg,7c9f4ba1144fff57a958d90819038752b81751817126b9ad1893ae832f5518c7,False,,True,,test
data\NEU-CLS\train\train\images\scratches_144.jpg,scratches_144.jpg,images,.jpg,c56e618d14c9eed93ac564ef90d473fcff0ca75fb04b132fa0ae7842a93a5c05,False,,True,,development
data\NEU-CLS\train\train\images\scratches_145.jpg,scratches_145.jpg,images,.jpg,b5767351bb25860ccd2ff1de030a77c19d5f1fd721a7a01dbb289cba1f744d41,False,,True,,development
data\NEU-CLS\train\train\images\scratches_146.jpg,scratches_146.jpg,images,.jpg,3cfcbe9d9b896bd5dbb8324a25a623b3517f54093897b033864cf46e5adec869,False,,True,,development
data\NEU-CLS\train\train\images\scratches_147.jpg,scratches_147.jpg,images,.jpg,d7650322cf1946cf7736c53ca033d63f2e0c85f599b9c7f08f140c2af4211701,False,,True,,test
data\NEU-CLS\train\train\images\scratches_148.jpg,scratches_148.jpg,images,.jpg,57233642aa5fc43868562990bd26d535a5f9562b03eea239cdfe1d8a511b4602,False,,True,,development
data\NEU-CLS\train\train\images\scratches_149.jpg,scratches_149.jpg,images,.jpg,df3b444693b2d12424a853b58f666158155afbf368a5f467f6e126c343abf5f6,False,,True,,test
data\NEU-CLS\train\train\images\scratches_15.jpg,scratches_15.jpg,images,.jpg,367075d6695862c4493a7d39213ed66e50845e9ff3611a8212a2745ac2a8f1ad,False,,True,,test
data\NEU-CLS\train\train\images\scratches_150.jpg,scratches_150.jpg,images,.jpg,83242feddda09c84dd7648adf3b58ae9a02eafed278933423ac749f786345abc,False,,True,,development
data\NEU-CLS\train\train\images\scratches_151.jpg,scratches_151.jpg,images,.jpg,beb540cd87fe1fbdc765822430b4e9601713b72f32ccb0ff8fb8bc1d96828236,False,,True,,development
data\NEU-CLS\train\train\images\scratches_152.jpg,scratches_152.jpg,images,.jpg,7d92c3048cb2e54beff63e3a11a6d124578a6f27dbadb697e3d7c871c824eb69,False,,True,,development
data\NEU-CLS\train\train\images\scratches_153.jpg,scratches_153.jpg,images,.jpg,edfda57ed4467e635baeff00654d9774bd2e94483c0e1a28c59b5f7f34240807,False,,True,,test
data\NEU-CLS\train\train\images\scratches_154.jpg,scratches_154.jpg,images,.jpg,3e96489cf25f15a08c3dcebbec97afabdfb58468847e51a70d880a35a104b72c,False,,True,,test
data\NEU-CLS\train\train\images\scratches_155.jpg,scratches_155.jpg,images,.jpg,7c35c565c812851bc4edb26b9ce8d854badcd0f1191db15363bbecf676af005a,False,,True,,development
data\NEU-CLS\train\train\images\scratches_156.jpg,scratches_156.jpg,images,.jpg,b65e484717ff033687c7b03e79e6f151f60376f2ca033e9501d84da446226fbd,False,,True,,test
data\NEU-CLS\train\train\images\scratches_157.jpg,scratches_157.jpg,images,.jpg,1fc900a7b315be7a4d0368f98881ff34a1fbd78955818df2158cb75071236c68,False,,True,,development
data\NEU-CLS\train\train\images\scratches_158.jpg,scratches_158.jpg,images,.jpg,a91fc566e13d3253050d35b898b8ed659905a8268847ef06c1f7733757cb8788,False,,True,,development
data\NEU-CLS\train\train\images\scratches_159.jpg,scratches_159.jpg,images,.jpg,1ceb9bc125069bb842b141ef784cbcf4acb956e7ca12c7e4716a89cc3bb27e33,False,,True,,development
data\NEU-CLS\train\train\images\scratches_16.jpg,scratches_16.jpg,images,.jpg,08eb80f76650682dfc161e865d32bd78f1e002994f3d56ae1fcf81ab5ac9f47e,False,,True,,development
data\NEU-CLS\train\train\images\scratches_160.jpg,scratches_160.jpg,images,.jpg,cb0e882ebb77e62531cfa0a8e69f9d9fc97d7c51bd9b96e89ae1ca1a90daefb7,False,,True,,development
data\NEU-CLS\train\train\images\scratches_161.jpg,scratches_161.jpg,images,.jpg,3146339ef9953e19b3d631a2d3cb56e787b9d8a0bcb0128521d77bf09655ef4f,False,,True,,development
data\NEU-CLS\train\train\images\scratches_162.jpg,scratches_162.jpg,images,.jpg,da16a35094a01dffc8d66eaca235072417f9720656be808710acd5b5024206ae,False,,True,,development
data\NEU-CLS\train\train\images\scratches_163.jpg,scratches_163.jpg,images,.jpg,0986da5782a373f33155470d5eb85c601196eca8b1b76caf3934591a7bf20482,False,,True,,development
data\NEU-CLS\train\train\images\scratches_164.jpg,scratches_164.jpg,images,.jpg,7f816c8c5d58bab9547b2171ad8a4c68915259cdd4c659573a535cfe716387b4,False,,True,,test
data\NEU-CLS\train\train\images\scratches_165.jpg,scratches_165.jpg,images,.jpg,e4dd9c9a976cea57392ce1fbe49831c3c61c4bac70d5344e48a8b1d528b68890,False,,True,,development
data\NEU-CLS\train\train\images\scratches_166.jpg,scratches_166.jpg,images,.jpg,bda65326f1b3d151f35170e2f1ba61bffc1ee388bc601b55837211071db12d4e,False,,True,,development
data\NEU-CLS\train\train\images\scratches_167.jpg,scratches_167.jpg,images,.jpg,645d08a8c467c2f3287573a85ef08fee9d2637f9a77a3559c9f0ae5f93e44c99,False,,True,,development
data\NEU-CLS\train\train\images\scratches_168.jpg,scratches_168.jpg,images,.jpg,f2828d8e854b39edb1ae12541a0a70bd56ce0a75148b64cdc2e2e96377be894f,False,,True,,development
data\NEU-CLS\train\train\images\scratches_169.jpg,scratches_169.jpg,images,.jpg,4c0e084b88350fc15c22a71d0f278bb64d2d1dccc1f9ae2d60f197e0a25ea697,False,,True,,development
data\NEU-CLS\train\train\images\scratches_17.jpg,scratches_17.jpg,images,.jpg,72fe2e74a970fcf954bebf7138eb3d51fb66a3bf195c1dec95c89e29e3daefe3,False,,True,,development
data\NEU-CLS\train\train\images\scratches_170.jpg,scratches_170.jpg,images,.jpg,0d4082c1c2f2f4f05cd31266b9fa4b7eadbcd03444b7ec25ed960cc52f7d03ce,False,,True,,development
data\NEU-CLS\train\train\images\scratches_171.jpg,scratches_171.jpg,images,.jpg,46d2411ff95acdfb93d090e85f376f0c1f0cf669d18fbc315be3a2eacf312771,False,,True,,development
data\NEU-CLS\train\train\images\scratches_172.jpg,scratches_172.jpg,images,.jpg,a4c7cf896d8ac8507bc035b43dd15c54dec38e682c65e47e996c147c84fb05e1,False,,True,,development
data\NEU-CLS\train\train\images\scratches_173.jpg,scratches_173.jpg,images,.jpg,5184ecbfe922ef4222a98e2f1a54a1110e01cd2c0936d097e09ca0ae2e1ee74c,False,,True,,development
data\NEU-CLS\train\train\images\scratches_174.jpg,scratches_174.jpg,images,.jpg,e4b9101d64dd300257c823dd3dd3190b4b7763aae62dabe89276ac565db80dae,False,,True,,development
data\NEU-CLS\train\train\images\scratches_175.jpg,scratches_175.jpg,images,.jpg,59e1b3397d38846dfc4699a8a7315b84b4460a9137ff0754fa6e6baa6cda3053,False,,True,,development
data\NEU-CLS\train\train\images\scratches_176.jpg,scratches_176.jpg,images,.jpg,dcc7df64482b4f01ac887f0130709c862955a87d5b2f0793fdecd8d902f6e583,False,,True,,development
data\NEU-CLS\train\train\images\scratches_177.jpg,scratches_177.jpg,images,.jpg,c6ad18a288b8c427cb64bbacf5a76000a4ca9b030c91f7f42e0e22bad86a4030,False,,True,,development
data\NEU-CLS\train\train\images\scratches_178.jpg,scratches_178.jpg,images,.jpg,e4bcb2a80023991c71e22dd292b0b159ace79d9bd3f19532085f85fcd47629be,False,,True,,development
data\NEU-CLS\train\train\images\scratches_179.jpg,scratches_179.jpg,images,.jpg,844a990f43c6d4d5f598bac0b0521b9b1331be60c1bbb80991bc5765f203e71c,False,,True,,development
data\NEU-CLS\train\train\images\scratches_18.jpg,scratches_18.jpg,images,.jpg,fd74062b39027d7009e9e2c18575ee88b4bc910ccc33d5272473b116d812fae2,False,,True,,test
data\NEU-CLS\train\train\images\scratches_180.jpg,scratches_180.jpg,images,.jpg,3048cff42d4f3310d3d40ca46b24c4fd5695bf9c4172d4a65fddfa20084300e7,False,,True,,development
data\NEU-CLS\train\train\images\scratches_181.jpg,scratches_181.jpg,images,.jpg,6db0c14b65b0203a30f7c5a6b74c221ae403338ccf730ecebcca6e6ae31ad9d9,False,,True,,development
data\NEU-CLS\train\train\images\scratches_182.jpg,scratches_182.jpg,images,.jpg,5f6815063bd34c710c7565555d0c5325770145618e22e0bf89d579411d3d59d1,False,,True,,development
data\NEU-CLS\train\train\images\scratches_183.jpg,scratches_183.jpg,images,.jpg,592a97fc92cce801cba5ac473017a1b5d2cfd436a33a47696dac75d35d868925,False,,True,,development
data\NEU-CLS\train\train\images\scratches_184.jpg,scratches_184.jpg,images,.jpg,bf371d07f5158ca1d5229a8a3ac00192fe4db73d17f4f2d84e9656aad97438ac,False,,True,,development
data\NEU-CLS\train\train\images\scratches_185.jpg,scratches_185.jpg,images,.jpg,c4da2f96ef8e2cf70074638b5605bd523dddbf39d427a33c3a41b200cdd9001c,False,,True,,development
data\NEU-CLS\train\train\images\scratches_186.jpg,scratches_186.jpg,images,.jpg,14b5bd0852ede460a0168573ced17c4d94d3ba4d46badd2d7bd674828936998a,False,,True,,development
data\NEU-CLS\train\train\images\scratches_187.jpg,scratches_187.jpg,images,.jpg,d54832d718418cd38a79216afd468dce97987bd73b402836028bbf252145d7f1,False,,True,,test
data\NEU-CLS\train\train\images\scratches_188.jpg,scratches_188.jpg,images,.jpg,86e6dd23751d39a027043f9bb403d18ef1b1769594e526969e4ad5f144dd1600,False,,True,,development
data\NEU-CLS\train\train\images\scratches_189.jpg,scratches_189.jpg,images,.jpg,b0045d19ee0d7524102616e79eb0166e2e0ea5571d96fb1d1a0e2e76a0ba8142,False,,True,,development
data\NEU-CLS\train\train\images\scratches_19.jpg,scratches_19.jpg,images,.jpg,fa6b1b100fae3b3fb5b5dfb81a60043a3990bfe83db9a199d5491c4b5532caa2,False,,True,,development
data\NEU-CLS\train\train\images\scratches_190.jpg,scratches_190.jpg,images,.jpg,614d46bd35cc6a72c3637a88d82af76a5d6780e782656761c375c39effa2ac7a,False,,True,,development
data\NEU-CLS\train\train\images\scratches_191.jpg,scratches_191.jpg,images,.jpg,7412eddf9952e8a749c671e67390a5d3554aca259372d8e19d4ff17bc0816905,False,,True,,test
data\NEU-CLS\train\train\images\scratches_192.jpg,scratches_192.jpg,images,.jpg,5e5fd4e6a7d094ca79b157a8934e14ffaeaa5a4091ffcfbee3df19c0558a09e2,False,,True,,test
data\NEU-CLS\train\train\images\scratches_193.jpg,scratches_193.jpg,images,.jpg,d201e7c39a88ced01e99e541d0f6ba4c7c24ccd5091a8c86973187459146fe88,False,,True,,test
data\NEU-CLS\train\train\images\scratches_194.jpg,scratches_194.jpg,images,.jpg,d665bb3dd97b6c0b86930a6d78ac060d5acf91e74ffed2c7d06a3d28d6c0625c,False,,True,,development
data\NEU-CLS\train\train\images\scratches_195.jpg,scratches_195.jpg,images,.jpg,0612d85b835ce0d03d025b4ccf9b51b10e91f689a721a467d0c7723553fa59de,False,,True,,test
data\NEU-CLS\train\train\images\scratches_196.jpg,scratches_196.jpg,images,.jpg,c38a7908c9772c4a2bcfeec1eb39ffc0ded2d209ed7c342fcc3c7991bfd9d308,False,,True,,development
data\NEU-CLS\train\train\images\scratches_197.jpg,scratches_197.jpg,images,.jpg,c5f04d4f1bbb7f4fc54dca0f0bf1449ef5febc3dc11a11a074b0c60cf9170095,False,,True,,development
data\NEU-CLS\train\train\images\scratches_198.jpg,scratches_198.jpg,images,.jpg,d49bec319fb1619ef7e0fe67376127ea275d45e07708a65b6e97469652d9b656,False,,True,,test
data\NEU-CLS\train\train\images\scratches_199.jpg,scratches_199.jpg,images,.jpg,7bff3a2dd68537dd23af6a344a81a48e62f1a04c3595b6245d7a0b1d531a7be9,False,,True,,development
data\NEU-CLS\train\train\images\scratches_20.jpg,scratches_20.jpg,images,.jpg,a9f3ed313d7494096d51b11a7bc6c5165cca735903f3d581f4d0df639572c294,False,,True,,test
data\NEU-CLS\train\train\images\scratches_200.jpg,scratches_200.jpg,images,.jpg,ac4ef4dd50e6d0e479e259103e4d7c9dbef146c7106986d38007baeeb3fa28e2,False,,True,,test
data\NEU-CLS\train\train\images\scratches_201.jpg,scratches_201.jpg,images,.jpg,8ffeaafbd98f91bac64788e47e2a85596158ed6867c3160eceb166cf5b2c2496,False,,True,,development
data\NEU-CLS\train\train\images\scratches_202.jpg,scratches_202.jpg,images,.jpg,d9153ae832dedaf4c547586dd094f443100aa43f1027c5eaf648eee75050ec51,False,,True,,development
data\NEU-CLS\train\train\images\scratches_203.jpg,scratches_203.jpg,images,.jpg,aa62a9634b38443e309b0122922048462238f4e45b7ebcb949504da4e054b0b4,False,,True,,development
data\NEU-CLS\train\train\images\scratches_204.jpg,scratches_204.jpg,images,.jpg,167102a4541146bab5a4ba84691d965d2120c65417dd9a9621aef54918b50cff,False,,True,,development
data\NEU-CLS\train\train\images\scratches_205.jpg,scratches_205.jpg,images,.jpg,593ae4063a1faee033ce6631d49ab717d7a0058dc118594b0484a3064bf307ad,False,,True,,test
data\NEU-CLS\train\train\images\scratches_206.jpg,scratches_206.jpg,images,.jpg,8a946044d3d5c1b22cc7990211c01ae53ee48af50e65ffdd426c3cb2d58ebe16,False,,True,,test
data\NEU-CLS\train\train\images\scratches_207.jpg,scratches_207.jpg,images,.jpg,1e50f6f095de57d44e34ef02be64e45e1dbc539f7c747a1eec13e19d598c3ce6,False,,True,,development
data\NEU-CLS\train\train\images\scratches_208.jpg,scratches_208.jpg,images,.jpg,38c3c035d209d38a5748908ba389d20c1aceef75edc0815bd8fb48eef0154ead,False,,True,,test
data\NEU-CLS\train\train\images\scratches_209.jpg,scratches_209.jpg,images,.jpg,9f7db1e44228cdaa737b8cc1788cf5a61f8687854c269210f86df8ab137c1f79,False,,True,,development
data\NEU-CLS\train\train\images\scratches_21.jpg,scratches_21.jpg,images,.jpg,f37c114c557ce9083e1a93b741455c6d7fff51b211887f7dd3e4ae1889950fa9,False,,True,,development
data\NEU-CLS\train\train\images\scratches_210.jpg,scratches_210.jpg,images,.jpg,81815ca5833575d725e3427a8a04e40b01e401c5560cd433e93467af16709d60,False,,True,,test
data\NEU-CLS\train\train\images\scratches_211.jpg,scratches_211.jpg,images,.jpg,016dcb3920a714e9fa14c02f366b4c3518dacc56d67ac884a85a9969b315328d,False,,True,,test
data\NEU-CLS\train\train\images\scratches_212.jpg,scratches_212.jpg,images,.jpg,81be89ee4448348af4831ac930b257d6e52eb903de190be6d68d87984859262e,False,,True,,test
data\NEU-CLS\train\train\images\scratches_213.jpg,scratches_213.jpg,images,.jpg,22d8674e352e68fb8e0f7aa69f1c4e8465628769bfafc90280d89307e7e25b3e,False,,True,,development
data\NEU-CLS\train\train\images\scratches_214.jpg,scratches_214.jpg,images,.jpg,ff6cd63f155b15695324ac6f4c9bc5ca1b9ddc7561c38eef5816bd9b1584ceae,False,,True,,development
data\NEU-CLS\train\train\images\scratches_215.jpg,scratches_215.jpg,images,.jpg,b5856bc3695fba2b9ace3caced3b1c783930b3c24380e8fea8ab079895f75c46,False,,True,,development
data\NEU-CLS\train\train\images\scratches_216.jpg,scratches_216.jpg,images,.jpg,eae4d2bcdc8207089e3462975687c8ecd02a33a66e73a4b1b007b7c7b400d3fe,False,,True,,development
data\NEU-CLS\train\train\images\scratches_217.jpg,scratches_217.jpg,images,.jpg,2076be693e7d6b5cdce9fdad174afba3d0efb9ea838cc510e0155517d46460b2,False,,True,,development
data\NEU-CLS\train\train\images\scratches_218.jpg,scratches_218.jpg,images,.jpg,59d528b51122a1e8ee4066f344d5f8c9b9f05173d5f78a2d86c19372e292f3da,False,,True,,development
data\NEU-CLS\train\train\images\scratches_219.jpg,scratches_219.jpg,images,.jpg,1311d76e721c2117dc81632dffe38aeb67d32a98aebab9c1d6a0242bd62ad53f,False,,True,,development
data\NEU-CLS\train\train\images\scratches_22.jpg,scratches_22.jpg,images,.jpg,d8e06e9ad964c453f51a097aa6bacdfc1a36c8db677a944e6a2c2df48fc44600,False,,True,,development
data\NEU-CLS\train\train\images\scratches_220.jpg,scratches_220.jpg,images,.jpg,c572667e09af38da19b1a49abad3b4de8c6e36b650856cd5942268eea7362e02,False,,True,,development
data\NEU-CLS\train\train\images\scratches_221.jpg,scratches_221.jpg,images,.jpg,e65d748792cd1010f663588aec6437acad9a26c92a30ea263b67febed363b27b,False,,True,,development
data\NEU-CLS\train\train\images\scratches_222.jpg,scratches_222.jpg,images,.jpg,bae054099edcb65dd3b0e71dcd271349a9670fbfddf07742dbc2a439ac3ce9f7,False,,True,,development
data\NEU-CLS\train\train\images\scratches_223.jpg,scratches_223.jpg,images,.jpg,669bfbce9330b39ec06dedc04b6dd3190b06cabb45d7de3159f254cae49f53a4,False,,True,,development
data\NEU-CLS\train\train\images\scratches_224.jpg,scratches_224.jpg,images,.jpg,677cedd6da38cc94bf2fc2d1f002894b9b75297269fb8775ba64c8634339c627,False,,True,,development
data\NEU-CLS\train\train\images\scratches_225.jpg,scratches_225.jpg,images,.jpg,0b994c808e2305028287cf23aa342f180813de9194fa902e63c8601ba4c0bad7,False,,True,,development
data\NEU-CLS\train\train\images\scratches_226.jpg,scratches_226.jpg,images,.jpg,97f4848d7dbad6c653b28d31be770e4143083cfd4dad87a8ea3a2b5b728f5adc,False,,True,,development
data\NEU-CLS\train\train\images\scratches_227.jpg,scratches_227.jpg,images,.jpg,907a347e448f18b9d2f3f7ada8a8b21367ac374e9a7e9d6830f5fa6ce9225120,False,,True,,development
data\NEU-CLS\train\train\images\scratches_228.jpg,scratches_228.jpg,images,.jpg,d74afc101feda03ef2b615ca2bf8bec85f315738e398a5420f8619d52a34135f,False,,True,,test
data\NEU-CLS\train\train\images\scratches_229.jpg,scratches_229.jpg,images,.jpg,2949be028ecd34f8d0791592c98a8bb3dce0f8a50927a054f7617101728d4698,False,,True,,development
data\NEU-CLS\train\train\images\scratches_23.jpg,scratches_23.jpg,images,.jpg,7afb3817ddfc9387a3ae636e3c2dd1e8745e1fba3f1ca3b0d62cde8589b037c5,False,,True,,development
data\NEU-CLS\train\train\images\scratches_230.jpg,scratches_230.jpg,images,.jpg,7dab5ab522b9ecb16d53c196b3b0f769c42cb9c5694373e15785acc5f4451d0b,False,,True,,development
data\NEU-CLS\train\train\images\scratches_231.jpg,scratches_231.jpg,images,.jpg,e1f2151bc40e1f09edaeb193c0c919961aaac065003f531f95cc59a19d07e88b,False,,True,,development
data\NEU-CLS\train\train\images\scratches_232.jpg,scratches_232.jpg,images,.jpg,5130a7a4352245c52b2301d40e92a6efb565c2f8007b67c68723af24ddc516bc,False,,True,,development
data\NEU-CLS\train\train\images\scratches_233.jpg,scratches_233.jpg,images,.jpg,52b547c24fcb07b514bfe71fc1cd617cdcf23090baa9d1bfb5e7544404e20b90,False,,True,,development
data\NEU-CLS\train\train\images\scratches_234.jpg,scratches_234.jpg,images,.jpg,cf652825b3c7cbea8ebf2b258989a4a915c5798fc29406294d458edb92fec80b,False,,True,,development
data\NEU-CLS\train\train\images\scratches_235.jpg,scratches_235.jpg,images,.jpg,508b8ec922f5bf951068199b2e96b3f82236385b4b63a52a2e1fb322927cd6ab,False,,True,,development
data\NEU-CLS\train\train\images\scratches_236.jpg,scratches_236.jpg,images,.jpg,2ebc998f51cf32215b60f9f91d37a4c58820f33a33d0dea03bc45c34d185df0f,False,,True,,development
data\NEU-CLS\train\train\images\scratches_237.jpg,scratches_237.jpg,images,.jpg,a0e5c95ef7df58b2b2e7869ea7b2a710038e3860b9fbf7cfe1eb168e7579119f,False,,True,,development
data\NEU-CLS\train\train\images\scratches_238.jpg,scratches_238.jpg,images,.jpg,84c074a67e8c075c794d045a27bed9fff93745b6c052df72196104c3329c0db1,False,,True,,test
data\NEU-CLS\train\train\images\scratches_239.jpg,scratches_239.jpg,images,.jpg,d6bb81f449e6ce915bd551db184920a8b46383c202f84a226b50b095abf50a95,False,,True,,development
data\NEU-CLS\train\train\images\scratches_24.jpg,scratches_24.jpg,images,.jpg,0e0ec49fe4e5c92719665bf0d133f6a633e6097ae343d34b6819d89e7db612a6,False,,True,,development
data\NEU-CLS\train\train\images\scratches_240.jpg,scratches_240.jpg,images,.jpg,52e15ece6022bcb42f2991a7acae1c4e6b26cac16976402aea424d356d7cb964,False,,True,,test
data\NEU-CLS\train\train\images\scratches_241.jpg,scratches_241.jpg,images,.jpg,808c8053268c526a8230dd0d1c286af89a2f4d9e2fa015e64a9b3c0defc37f56,False,,True,,development
data\NEU-CLS\train\train\images\scratches_242.jpg,scratches_242.jpg,images,.jpg,18297530aa9ba8fc6cb75c1b4b04d643dd668b1ab6930e8f1fffe33f6db6179e,False,,True,,development
data\NEU-CLS\train\train\images\scratches_243.jpg,scratches_243.jpg,images,.jpg,21179d3baebad95f0de55c026ec10fc343d86134193f7dddfbfdc82fa450bf9b,False,,True,,development
data\NEU-CLS\train\train\images\scratches_244.jpg,scratches_244.jpg,images,.jpg,b581ded4e4d3b08c9087063289a44a645aef732c0aaf3aca46a3551ac3481d8a,False,,True,,development
data\NEU-CLS\train\train\images\scratches_245.jpg,scratches_245.jpg,images,.jpg,754c6a9d09b6eb882624de13e43415b31f97a135c403a5fbd3d2e37fb94932ea,False,,True,,development
data\NEU-CLS\train\train\images\scratches_246.jpg,scratches_246.jpg,images,.jpg,06811a835826c47ad78e91e90cb758f6334f348d21765375b2ce9146be1309b4,False,,True,,development
data\NEU-CLS\train\train\images\scratches_247.jpg,scratches_247.jpg,images,.jpg,6d4086b3f39a0620d9aaea5b60d4ab090253b7eb3de48e2f808c0d654bcd095a,False,,True,,development
data\NEU-CLS\train\train\images\scratches_248.jpg,scratches_248.jpg,images,.jpg,bfb4e632f35b361a6ba2f736412ce5c970157b70df2727c7eb6fa18eb5d3f57f,False,,True,,development
data\NEU-CLS\train\train\images\scratches_249.jpg,scratches_249.jpg,images,.jpg,815ac678ef7915d03d57f55c4c737df487a41d95f3cc5291742561d57768554b,False,,True,,test
data\NEU-CLS\train\train\images\scratches_25.jpg,scratches_25.jpg,images,.jpg,a396520aa648baf7345a7d1b88325650ff2dae4df1fc4d9e19bee4c714be8c82,False,,True,,test
data\NEU-CLS\train\train\images\scratches_250.jpg,scratches_250.jpg,images,.jpg,a3c414db4f4b09b5ec40700dc76531408d3a8f536347ec4114677c8814e2d2cc,False,,True,,test
data\NEU-CLS\train\train\images\scratches_251.jpg,scratches_251.jpg,images,.jpg,509be19bbc2074e59ef928b35a615edd7829f205ff37941f132b6afd3563d97e,False,,True,,development
data\NEU-CLS\train\train\images\scratches_252.jpg,scratches_252.jpg,images,.jpg,dec9b4c8b7e3b31c3d91640230f30623c6cc9931a0999e6c221e0ff616513bb8,False,,True,,development
data\NEU-CLS\train\train\images\scratches_253.jpg,scratches_253.jpg,images,.jpg,237fafe2a77579d4be8dbddb236f26ab2409efb2aeb63a85811b7e104ee7d5fc,False,,True,,development
data\NEU-CLS\train\train\images\scratches_254.jpg,scratches_254.jpg,images,.jpg,ffd21c5983d44ff61cccc9fb15c6317e1d4159a931f5f4949d6524bff72b0d70,False,,True,,development
data\NEU-CLS\train\train\images\scratches_255.jpg,scratches_255.jpg,images,.jpg,cbce8cec9fcd71dd78f91976544b9544af1c346172efa4c335959f3ff6fd68b6,False,,True,,development
data\NEU-CLS\train\train\images\scratches_256.jpg,scratches_256.jpg,images,.jpg,79ee78cd754bce9d099e9d4b8b6ea6fce9bf957306d4a69d2f4448073ccfc41d,False,,True,,development
data\NEU-CLS\train\train\images\scratches_257.jpg,scratches_257.jpg,images,.jpg,b397d474777da6843cbd252388515502c645877636b353b46f0ce6e5c770ec35,False,,True,,development
data\NEU-CLS\train\train\images\scratches_258.jpg,scratches_258.jpg,images,.jpg,75e32b02e1e07874ecb43a28da7bcafccde3e60675fba729359714e10dd0f092,False,,True,,development
data\NEU-CLS\train\train\images\scratches_259.jpg,scratches_259.jpg,images,.jpg,3d9f70b84f17226fb5791ebfccef99ca7bd17c6a1e340f972ab21cedd5de2663,False,,True,,development
data\NEU-CLS\train\train\images\scratches_26.jpg,scratches_26.jpg,images,.jpg,ecf6a8e75fbe2f932cdf56268090f788a4ec120e93bb4839dda8c88d57d1cbf6,False,,True,,test
data\NEU-CLS\train\train\images\scratches_260.jpg,scratches_260.jpg,images,.jpg,9262b8fb9e7e920cf7caab7316f34e95b114dbeb2e05f526fd9bab6e69beb376,False,,True,,test
data\NEU-CLS\train\train\images\scratches_261.jpg,scratches_261.jpg,images,.jpg,6ac6ec84031512ca7ffb7e83367ca26f49067a4a27bdfe561608861ea047e97a,False,,True,,development
data\NEU-CLS\train\train\images\scratches_262.jpg,scratches_262.jpg,images,.jpg,c07cf45a10ffb89016260ed213866b555c2c152a9e0207d6d9e44e490bd307f4,False,,True,,test
data\NEU-CLS\train\train\images\scratches_263.jpg,scratches_263.jpg,images,.jpg,fe216505917b1c9c31f5925244ff60cda229409dc13f9c4f39f0dccec4e90efd,False,,True,,development
data\NEU-CLS\train\train\images\scratches_264.jpg,scratches_264.jpg,images,.jpg,c10b3007a57fb80c25869bccf631d4cd0e297faeec200609f4ca39670e5421c1,False,,True,,test
data\NEU-CLS\train\train\images\scratches_265.jpg,scratches_265.jpg,images,.jpg,d47e69763a49d5d5a927a191715710198c5ecb75673ee835d645b8bd71d25e92,False,,True,,development
data\NEU-CLS\train\train\images\scratches_266.jpg,scratches_266.jpg,images,.jpg,225caa8efad179c0a1ded2de25800945db661f6868339660df089846e297cda0,False,,True,,test
data\NEU-CLS\train\train\images\scratches_267.jpg,scratches_267.jpg,images,.jpg,a916d3fb45316693e6d93749e4141fa444b2bb87f4f5b3433aca92ce85887aa8,False,,True,,development
data\NEU-CLS\train\train\images\scratches_268.jpg,scratches_268.jpg,images,.jpg,2bcfea24551cb98e0a64b81d515eda2d597b71bb5d8391a0eff4d61a3cabccf8,False,,True,,development
data\NEU-CLS\train\train\images\scratches_269.jpg,scratches_269.jpg,images,.jpg,7ff3ed684221fd04a55f13f87a5fbd3958414b91145e88af651cb97fbb85eeb4,False,,True,,development
data\NEU-CLS\train\train\images\scratches_27.jpg,scratches_27.jpg,images,.jpg,f0162be4de935f4064486990a524a4b7b8a816bc0a39f8fff3ee58034546e9e0,False,,True,,development
data\NEU-CLS\train\train\images\scratches_270.jpg,scratches_270.jpg,images,.jpg,cf07fc75c1b3fc8e03ce7ebfeb7e6881d3dac5967012f06a1faec86bdb1d7a87,False,,True,,test
data\NEU-CLS\train\train\images\scratches_271.jpg,scratches_271.jpg,images,.jpg,89fce9a3ee105dfd7d3a55749854d04ddc2fd14bd920bc06ec9fb417d08f9147,False,,True,,development
data\NEU-CLS\train\train\images\scratches_272.jpg,scratches_272.jpg,images,.jpg,36c685908f06b7609fee229a4f5283176bf1ed5dc3953eb4becaf76b5e7e5e08,False,,True,,development
data\NEU-CLS\train\train\images\scratches_273.jpg,scratches_273.jpg,images,.jpg,06fd8df49222af37b7a66f9868dab365bd946f29fddda8fec763fa4bc8a232f1,False,,True,,test
data\NEU-CLS\train\train\images\scratches_274.jpg,scratches_274.jpg,images,.jpg,aeffae1b86245a95003da86b5acfd5b14c4dfe93138c3c4ac16ac0c933de77ce,False,,True,,development
data\NEU-CLS\train\train\images\scratches_275.jpg,scratches_275.jpg,images,.jpg,0e3f6a2090474df8934b4c3a19a311bee21113c9aff36d07793e181bf47f5645,False,,True,,development
data\NEU-CLS\train\train\images\scratches_276.jpg,scratches_276.jpg,images,.jpg,5425066031254b9a916291955733134e6aa6f0af5d7d59686de98d165226fe3e,False,,True,,development
data\NEU-CLS\train\train\images\scratches_277.jpg,scratches_277.jpg,images,.jpg,0f1d2f918fd93652f92a25de19f74324cfc879a77e39e5b911eb30fc3a82a75d,False,,True,,development
data\NEU-CLS\train\train\images\scratches_278.jpg,scratches_278.jpg,images,.jpg,2250c7ee89a2d4d03656a9ac3643ede3f8e2225b184472836d62c07024af5356,False,,True,,development
data\NEU-CLS\train\train\images\scratches_279.jpg,scratches_279.jpg,images,.jpg,07eaa26e72ed58dce79a1ed22881149ed9d4f202f925b1b3055a1c0fbadf27c2,False,,True,,development
data\NEU-CLS\train\train\images\scratches_28.jpg,scratches_28.jpg,images,.jpg,b573375056053983d38edd2061ee73fd7de209f1010c1ed07eb8046480b4348a,False,,True,,development
data\NEU-CLS\train\train\images\scratches_280.jpg,scratches_280.jpg,images,.jpg,3f14a2b13cd4a4fd99666fae2c83eaea7c00d8373c3ae764697eef527df9b729,False,,True,,development
data\NEU-CLS\train\train\images\scratches_281.jpg,scratches_281.jpg,images,.jpg,ae4d4b4b847f5056c96807f335a663b434f77391aafec7133236bf95221cb256,False,,True,,development
data\NEU-CLS\train\train\images\scratches_282.jpg,scratches_282.jpg,images,.jpg,d526f36419cd66b2269d6ee46f3e18e798ac6dba9657676359566d7268ec666a,False,,True,,test
data\NEU-CLS\train\train\images\scratches_283.jpg,scratches_283.jpg,images,.jpg,b8ac3cae8163a749ccfad675864d4337332e77a1b6105f72114497fcfb555376,False,,True,,development
data\NEU-CLS\train\train\images\scratches_284.jpg,scratches_284.jpg,images,.jpg,7460cc96b7ca26a5118ce716a8e7f66d210d35e15e596597d8f204b021b293d2,False,,True,,development
data\NEU-CLS\train\train\images\scratches_285.jpg,scratches_285.jpg,images,.jpg,5255774b455b8b94eefa05c803d031a4f3ac8e2b7a3936d2d694b29935accb60,False,,True,,development
data\NEU-CLS\train\train\images\scratches_286.jpg,scratches_286.jpg,images,.jpg,5c6854da13a98037918d0b476bb0eb2b505478e878fb0c2f3ebaea30d9bb8cf8,False,,True,,development
data\NEU-CLS\train\train\images\scratches_287.jpg,scratches_287.jpg,images,.jpg,6daf546f9bb1a4b58b9a76f4fe912418426b9a97448610edec52314f66fc140f,False,,True,,development
data\NEU-CLS\train\train\images\scratches_288.jpg,scratches_288.jpg,images,.jpg,0ffe135744b30b96bb0ced670e532d08473f2462177d8437aa6678b4910457e2,False,,True,,development
data\NEU-CLS\train\train\images\scratches_289.jpg,scratches_289.jpg,images,.jpg,3fe8d86cfc4a4c60cdf65babd227d6ce88a6d690eadc8f9b56465c7d58ee4937,False,,True,,development
data\NEU-CLS\train\train\images\scratches_29.jpg,scratches_29.jpg,images,.jpg,80a15969e4d2f6cff472bd0018fe3af757850351f95f2142ff39d1994d7628d7,False,,True,,development
data\NEU-CLS\train\train\images\scratches_290.jpg,scratches_290.jpg,images,.jpg,fa4a943f2ef491d03248145846c5d455e038c45d543aed7b13dd3fa4a3777d4f,False,,True,,development
data\NEU-CLS\train\train\images\scratches_291.jpg,scratches_291.jpg,images,.jpg,0d6b2134052adc7618ff5c6635a1034f17f9e049d972ce2115528bafa72c8294,False,,True,,test
data\NEU-CLS\train\train\images\scratches_292.jpg,scratches_292.jpg,images,.jpg,66e096173ceefd42aa909bea0e76e26d1a1dc54a2abab61e1149e045ac11403d,False,,True,,development
data\NEU-CLS\train\train\images\scratches_293.jpg,scratches_293.jpg,images,.jpg,94b9655b1f1d32e520618aeb2ff2ddc930c1d2b11aa35074604d6a294ec4d240,False,,True,,test
data\NEU-CLS\train\train\images\scratches_294.jpg,scratches_294.jpg,images,.jpg,29689c1398eed61d94cfab12e65f38f42df006064ef85567b3568de836a12e98,False,,True,,development
data\NEU-CLS\train\train\images\scratches_295.jpg,scratches_295.jpg,images,.jpg,68afd07195ce3186bec3c02447d2f284ed40e7d616144040a18335b27daa9d14,False,,True,,development
data\NEU-CLS\train\train\images\scratches_296.jpg,scratches_296.jpg,images,.jpg,9e3d08b4ef099411d675d18db9f006b0d6739bc6cb33c27221a7c50efd7aeedb,False,,True,,test
data\NEU-CLS\train\train\images\scratches_297.jpg,scratches_297.jpg,images,.jpg,795dc162bec70f7a16abc2f434cdd72fe84a504c456269d7176e6a4789066768,False,,True,,test
data\NEU-CLS\train\train\images\scratches_298.jpg,scratches_298.jpg,images,.jpg,c408389639cce8c2da2ba020370457279429b80420e7379bb997392bcafd03d5,False,,True,,test
data\NEU-CLS\train\train\images\scratches_299.jpg,scratches_299.jpg,images,.jpg,adeb6ac5a2be5c145131e2fc450a8f628402f7c56eea38b102c288ae58fc9219,False,,True,,development
data\NEU-CLS\train\train\images\scratches_30.jpg,scratches_30.jpg,images,.jpg,fb713f67c2e5a92c14645272f257cc3ef80c1bef743c7a27d19f26ba3b3870b1,False,,True,,development
data\NEU-CLS\train\train\images\scratches_300.jpg,scratches_300.jpg,images,.jpg,16419bc0544ffe145aa39c786be8af7d45c1b740b144e4366429fb8c7912713e,False,,True,,test
data\NEU-CLS\train\train\images\scratches_31.jpg,scratches_31.jpg,images,.jpg,20a6c5b8dcb9df14f4753eb767e2472b5b26668a30947342fb0571c3338ff665,False,,True,,development
data\NEU-CLS\train\train\images\scratches_32.jpg,scratches_32.jpg,images,.jpg,d59906181fc273fa0b4b7e0c526d81443cfaae8c9cdbc3ed4a50e040297f1a19,False,,True,,test
data\NEU-CLS\train\train\images\scratches_33.jpg,scratches_33.jpg,images,.jpg,c5c302e720075c67817605d4715a7f1e63df3bff7f531d0cfb289068728efce5,False,,True,,development
data\NEU-CLS\train\train\images\scratches_34.jpg,scratches_34.jpg,images,.jpg,4752971b7ad7b3b8d509d0b8c67eb8a683c8a5f95f62896cb25b6207a7fbdd05,False,,True,,development
data\NEU-CLS\train\train\images\scratches_35.jpg,scratches_35.jpg,images,.jpg,ac93ce819e7fc8800a2052f0e4f31cc1acedb1c534a5bb4bbbf654445bfcaa55,False,,True,,test
data\NEU-CLS\train\train\images\scratches_36.jpg,scratches_36.jpg,images,.jpg,a8ea1585ed3a91616f526de49ab9534159c4c26c847d9ac6e0d90f69dca2fa6f,False,,True,,development
data\NEU-CLS\train\train\images\scratches_37.jpg,scratches_37.jpg,images,.jpg,75f393a35dd2c29e2703d6693c1b43593718ed6afcf1a9e07a0e86d0c5e0b1a3,False,,True,,development
data\NEU-CLS\train\train\images\scratches_38.jpg,scratches_38.jpg,images,.jpg,888229a1bd266a7cc25bcb8944bae5ac0450dddb8b308b32dda3eb52be77a432,False,,True,,development
data\NEU-CLS\train\train\images\scratches_39.jpg,scratches_39.jpg,images,.jpg,bbd99962679d7a31f269865c9e8f774fc65602b35e1b1272e181173c601ac7da,False,,True,,development
data\NEU-CLS\train\train\images\scratches_40.jpg,scratches_40.jpg,images,.jpg,5ff1878abdab2d030b32896486b498d1ecdf6d8f439f664bed53a8ba246de332,False,,True,,test
data\NEU-CLS\train\train\images\scratches_41.jpg,scratches_41.jpg,images,.jpg,b92004ba11866501f5a257dcb5f2840bc9265ffe8e9e5f48f554d68c7bef35b0,False,,True,,test
data\NEU-CLS\train\train\images\scratches_42.jpg,scratches_42.jpg,images,.jpg,e1b749959308e24dd64947abb166f1762ed86ec3e5bde99998631cd44936b7c0,False,,True,,development
data\NEU-CLS\train\train\images\scratches_43.jpg,scratches_43.jpg,images,.jpg,c1b2e9040a2251c020966264cc8a5cb7ce311df6294f21e1db8b09c96b360ca4,False,,True,,development
data\NEU-CLS\train\train\images\scratches_44.jpg,scratches_44.jpg,images,.jpg,ce77e911d526b114709fdaaf19c3c3520ad73e75543ee37b4f3aa6de89d21b62,False,,True,,development
data\NEU-CLS\train\train\images\scratches_45.jpg,scratches_45.jpg,images,.jpg,62c747044d5744d1b985f4123983f57e8ac130cb66ffd4cd415d2873094c8672,False,,True,,development
data\NEU-CLS\train\train\images\scratches_46.jpg,scratches_46.jpg,images,.jpg,cc4ce3b9394afa13e4715d4ef0f878fb2982a0b52c5b4b1561e0eff80d6dedcd,False,,True,,development
data\NEU-CLS\train\train\images\scratches_47.jpg,scratches_47.jpg,images,.jpg,ab7f194af65ec63adeed6df943a63393c334f88246170651321e6626629b40a0,False,,True,,development
data\NEU-CLS\train\train\images\scratches_48.jpg,scratches_48.jpg,images,.jpg,b4bd572594231c39df923fd9a81ae1cbfaa975054c2af4000ef1d7a3ceb21e8a,False,,True,,development
data\NEU-CLS\train\train\images\scratches_49.jpg,scratches_49.jpg,images,.jpg,e39f96db2c4012d8d67a10c8d39dc580e99cdac09112d4b5da5a047389b120e2,False,,True,,development
data\NEU-CLS\train\train\images\scratches_50.jpg,scratches_50.jpg,images,.jpg,758368569146183dac0848ccc2193f160ee9599a28c9976ceee557058971d178,False,,True,,development
data\NEU-CLS\train\train\images\scratches_51.jpg,scratches_51.jpg,images,.jpg,f772fdadf1cb110c929ec3b3204a390c7a64713141bbc666e6872fd163fc7e6c,False,,True,,development
data\NEU-CLS\train\train\images\scratches_52.jpg,scratches_52.jpg,images,.jpg,dd38b433da3cdc86d90aa14b5394c82ce3441eaa1e1bba8d304b088d929b5c15,False,,True,,test
data\NEU-CLS\train\train\images\scratches_53.jpg,scratches_53.jpg,images,.jpg,3bcac890eee84445a798a20289599d44e664300658111da743a4073900a95a41,False,,True,,development
data\NEU-CLS\train\train\images\scratches_54.jpg,scratches_54.jpg,images,.jpg,f5d65ef7d240395e5a5d421abe66da227dd4047891a81c276acf1cc7ab34a0bb,False,,True,,development
data\NEU-CLS\train\train\images\scratches_55.jpg,scratches_55.jpg,images,.jpg,93a94941ea35cdcd24a196fb0b12aa9b2bd082ce839e67fbdb237e96a8c03f7b,False,,True,,development
data\NEU-CLS\train\train\images\scratches_56.jpg,scratches_56.jpg,images,.jpg,5d8ab302afd6923b3f5573fd369b925a99302a031c565352af3556b36b4c78a3,False,,True,,development
data\NEU-CLS\train\train\images\scratches_57.jpg,scratches_57.jpg,images,.jpg,b46371506a9386702aa82e3707f8d315ecec02f17912f76f6aaefaac87946d53,False,,True,,development
data\NEU-CLS\train\train\images\scratches_58.jpg,scratches_58.jpg,images,.jpg,c756058aafb82eb234af08537dc69e4f96e69b84ca7d019d9acf4e673e359582,False,,True,,development
data\NEU-CLS\train\train\images\scratches_59.jpg,scratches_59.jpg,images,.jpg,5681e8705d15961faea00d3225aacbf31eea774faebf4a0b7df6e5903a107c94,False,,True,,test
data\NEU-CLS\train\train\images\scratches_6.jpg,scratches_6.jpg,images,.jpg,cb03aeb9bd78d5b28768ff9fb9b55edeedfe2617e11400a1391eea34d60ec285,False,,True,,development
data\NEU-CLS\train\train\images\scratches_60.jpg,scratches_60.jpg,images,.jpg,0c8af0a11fea79c84b240ccaf15d1d958f67f1259ab66b6633e12c86e05c54df,False,,True,,development
data\NEU-CLS\train\train\images\scratches_61.jpg,scratches_61.jpg,images,.jpg,3eaa5ab2b314c9c0e39e3b164711c4c4032fee3e2bbcd31fd88f4e483787f634,False,,True,,test
data\NEU-CLS\train\train\images\scratches_62.jpg,scratches_62.jpg,images,.jpg,836b98d7c217f5e61b9bc2e5c0adb7f59db0a2df31943d783581e712b82fb48a,False,,True,,development
data\NEU-CLS\train\train\images\scratches_63.jpg,scratches_63.jpg,images,.jpg,cddf7573256ad9017ac18d1bfa81e49ae87d0cda40a01ff63d6be0b1ae720348,False,,True,,development
data\NEU-CLS\train\train\images\scratches_64.jpg,scratches_64.jpg,images,.jpg,7d99c9e9cbaf265ce716c689bbab80e30ea79134559190126afdf2695165619c,False,,True,,test
data\NEU-CLS\train\train\images\scratches_65.jpg,scratches_65.jpg,images,.jpg,6d0e29f19f167c5e34bce00ec93c0b6f58c3905d23d53fef977d7dd27f2b5ea8,False,,True,,development
data\NEU-CLS\train\train\images\scratches_66.jpg,scratches_66.jpg,images,.jpg,883988251961da0342ce6f0b3d2a5658d77b78603c246c19f9b325b8b419cd14,False,,True,,development
data\NEU-CLS\train\train\images\scratches_67.jpg,scratches_67.jpg,images,.jpg,cd9d73852c23f8ddd6a2729fda97cbe965fb20e4c85b21c2f5e44d5ea886a289,False,,True,,development
data\NEU-CLS\train\train\images\scratches_68.jpg,scratches_68.jpg,images,.jpg,65121e6d4710b6e80a595e3b8212c8c99ae5535bc0b2dd3d1b09c966b09341dd,False,,True,,development
data\NEU-CLS\train\train\images\scratches_69.jpg,scratches_69.jpg,images,.jpg,61f13b13ef12c191b6191692fecbfb215e939f23c5e8f6b4756e7d8431c1d814,False,,True,,development
data\NEU-CLS\train\train\images\scratches_7.jpg,scratches_7.jpg,images,.jpg,150ffc419c103081f8c192b60d27d5019512633184d45cc78cc7e8f4413b3b0b,False,,True,,development
data\NEU-CLS\train\train\images\scratches_70.jpg,scratches_70.jpg,images,.jpg,5e36d31d04d2f41d47ade42df79f55cc74d4a8c32e40c9316a1a0f08ffc50768,False,,True,,development
data\NEU-CLS\train\train\images\scratches_71.jpg,scratches_71.jpg,images,.jpg,56f53870f0da42c81bd067c953afe9a891e704b0b178bcae46c6c59fc7d3fcaa,False,,True,,development
data\NEU-CLS\train\train\images\scratches_72.jpg,scratches_72.jpg,images,.jpg,a959ecae55ba0edb6e5fc0622131cf49bd22dec8a386a16da0948df0bd0ff29a,False,,True,,development
data\NEU-CLS\train\train\images\scratches_73.jpg,scratches_73.jpg,images,.jpg,3d85a326f477da24bf6d84411a65ffbfc93e1a5fd7187fdf3c530e04aed886fb,False,,True,,development
data\NEU-CLS\train\train\images\scratches_74.jpg,scratches_74.jpg,images,.jpg,7c1919325465e8a762552e839a93c141ca6d44777136e663676fbb3644fc6eaa,False,,True,,development
data\NEU-CLS\train\train\images\scratches_75.jpg,scratches_75.jpg,images,.jpg,76e7b6a0047b0f68573828f4aa67453e3c515a7f93c7b67bfdcfe9eca518feb7,False,,True,,development
data\NEU-CLS\train\train\images\scratches_76.jpg,scratches_76.jpg,images,.jpg,80608058e915f920b897fa32d1c3a2ab583f3fd21acd5742f77cfb2c413c8058,False,,True,,test
data\NEU-CLS\train\train\images\scratches_77.jpg,scratches_77.jpg,images,.jpg,0f30ad864afb086b06c24e27574fb0ebe3412b58ee8173ece1d047eef34116d8,False,,True,,development
data\NEU-CLS\train\train\images\scratches_78.jpg,scratches_78.jpg,images,.jpg,f49a4f4de991681f64f39e2393a488b5753a603a499b2234b0cbc8d494416f2a,False,,True,,development
data\NEU-CLS\train\train\images\scratches_79.jpg,scratches_79.jpg,images,.jpg,11528fc593f9a25b6a691f06d1309f34660e6583dd7ea9939e06491eb6b68274,False,,True,,development
data\NEU-CLS\train\train\images\scratches_8.jpg,scratches_8.jpg,images,.jpg,955c57d2a7b44986a8e17d4171f42c4d17b4f93314cd9a4bf48a3c3e9123e38d,False,,True,,development
data\NEU-CLS\train\train\images\scratches_80.jpg,scratches_80.jpg,images,.jpg,7be113457f8fc94dee9e4b7a325e6b787999ea83e39f6c7389618582e8146a98,False,,True,,test
data\NEU-CLS\train\train\images\scratches_81.jpg,scratches_81.jpg,images,.jpg,18601fce531059a2faee79d8b1d9881964b1fd486c837c99fc0bb970bcb9d7ad,False,,True,,development
data\NEU-CLS\train\train\images\scratches_82.jpg,scratches_82.jpg,images,.jpg,6d38da963a2d6b10870b423a6761769a8e4e6235e4538522cacf503e5ce1c0e5,False,,True,,development
data\NEU-CLS\train\train\images\scratches_83.jpg,scratches_83.jpg,images,.jpg,3fa1db26236a08d8aa468d37a484fba3351869ff4081fc560f2fad60e3a91e28,False,,True,,test
data\NEU-CLS\train\train\images\scratches_84.jpg,scratches_84.jpg,images,.jpg,0e25a596a7ddcb6b78b1f608c01a9ab168748556ee87e7feb2293ce3de87cd78,False,,True,,test
data\NEU-CLS\train\train\images\scratches_85.jpg,scratches_85.jpg,images,.jpg,31a229ddb970db1b9da2ba0c08670ee44380d9e1ecfb0921780a5806bda96663,False,,True,,development
data\NEU-CLS\train\train\images\scratches_86.jpg,scratches_86.jpg,images,.jpg,cac62465b7def9d197411a35f77cf35b291f957dae5bca8adbc5ad1708744249,False,,True,,development
data\NEU-CLS\train\train\images\scratches_87.jpg,scratches_87.jpg,images,.jpg,83d98ea2597e4bf47fcaa8fb4f5df31c347fc89bfd88f57d5ef9035b6d013382,False,,True,,development
data\NEU-CLS\train\train\images\scratches_88.jpg,scratches_88.jpg,images,.jpg,60c8756c32648ebad1dddd7df9a2d5105db9f18941ec159bf0294d760009af51,False,,True,,test
data\NEU-CLS\train\train\images\scratches_89.jpg,scratches_89.jpg,images,.jpg,2384449a35b02b37ab9678138e8c631214475d595867dfa6c1fa4c83ac5f36b1,False,,True,,development
data\NEU-CLS\train\train\images\scratches_9.jpg,scratches_9.jpg,images,.jpg,345c4f6e6f0f2fcd9f9be2df77a9a9ac9bcb74a3594fb51ebec3ef9c5ea1ba41,False,,True,,development
data\NEU-CLS\train\train\images\scratches_90.jpg,scratches_90.jpg,images,.jpg,3ab8a57c251a314ecb243bd97375429ffcf365f30b79042642b0d2e7c57ec820,False,,True,,development
data\NEU-CLS\train\train\images\scratches_91.jpg,scratches_91.jpg,images,.jpg,813631d06c87300d272a76afcfee0cd684879c9ef83c2b54a2d01ff13691ca80,False,,True,,development
data\NEU-CLS\train\train\images\scratches_92.jpg,scratches_92.jpg,images,.jpg,78f0f67d7827a24cee83e9e3f8c7698f362bb37725243568d2ef547d66945704,False,,True,,development
data\NEU-CLS\train\train\images\scratches_93.jpg,scratches_93.jpg,images,.jpg,f2c63aa948bc31467e855168bb2b85fd37c2564c555d61655ceee222662037d3,False,,True,,development
data\NEU-CLS\train\train\images\scratches_94.jpg,scratches_94.jpg,images,.jpg,f800f9f5e2181940b19a12bd8d488d374bf2d3f17ba8aee0a3708b222c5e8996,False,,True,,development
data\NEU-CLS\train\train\images\scratches_95.jpg,scratches_95.jpg,images,.jpg,cf7df984c2b5a1d0dedc493859c99729645d851fc2c136e847acde750b1e1e78,False,,True,,development
data\NEU-CLS\train\train\images\scratches_96.jpg,scratches_96.jpg,images,.jpg,f1901ab02ee93901ed9f372eb0060c5ba09fabaec1e9a18faa56652eff8ed9f2,False,,True,,development
data\NEU-CLS\train\train\images\scratches_97.jpg,scratches_97.jpg,images,.jpg,a676d6115dd0e39e2cf5ee2e8aa6cf784c6d6b1156f7da3f202e962bf5f67d32,False,,True,,test
data\NEU-CLS\train\train\images\scratches_98.jpg,scratches_98.jpg,images,.jpg,38d29272c69d03f3dae4da3fa497ba33bcb3f19caf3fdcb65d5773bbced0f585,False,,True,,development
data\NEU-CLS\train\train\images\scratches_99.jpg,scratches_99.jpg,images,.jpg,b69942dc74c0fec6a6d6166831f68b4273558ae5ba4b10e67688106bcb309cab,False,,True,,development
data\NEU-CLS\valid\valid\images\crazing_1.jpg,crazing_1.jpg,images,.jpg,5278cd3695adbcbd7a16a7e4b2c6bc27f18095ab8a1e034d2b06c0fc42020eca,False,,True,,test
data\NEU-CLS\valid\valid\images\crazing_2.jpg,crazing_2.jpg,images,.jpg,c49651a58066f155f1efc0a488bf7415d3d1ef0fb2948f6c2ee6e8296411c9be,False,,True,,development
data\NEU-CLS\valid\valid\images\crazing_3.jpg,crazing_3.jpg,images,.jpg,155778cd3e7c82e81ea80a956a015f4eb3d0d09828fca6956eb8883edc39d123,False,,True,,development
data\NEU-CLS\valid\valid\images\crazing_4.jpg,crazing_4.jpg,images,.jpg,0f52f3882d3ffc77a5f20c2c4b557a6a79620090e6f8ef9a0568ed508749e436,False,,True,,development
data\NEU-CLS\valid\valid\images\crazing_5.jpg,crazing_5.jpg,images,.jpg,efcdf6413c7265a1492cf9e9de37ae8b260061b60b06a0212dc9c9b840cb4ab2,False,,True,,development
data\NEU-CLS\valid\valid\images\inclusion_1.jpg,inclusion_1.jpg,images,.jpg,2b0a6eff755d5c5867d3e3ca6b26af9548813e50c9b12b0f3381a49560a42634,False,,True,,development
data\NEU-CLS\valid\valid\images\inclusion_2.jpg,inclusion_2.jpg,images,.jpg,92befa6113c232f8fa98365a9e491fea7ce06e64bca4ba70ba78655dd1a2a864,False,,True,,development
data\NEU-CLS\valid\valid\images\inclusion_3.jpg,inclusion_3.jpg,images,.jpg,35177212789df9229865a2c8a025e2e68a41f248bfe9ee979360f8fe8dc856c2,False,,True,,development
data\NEU-CLS\valid\valid\images\inclusion_4.jpg,inclusion_4.jpg,images,.jpg,abbc7412b645883c3266b64f5cf04870aa6969031641f02788122aa7539f65d6,False,,True,,development
data\NEU-CLS\valid\valid\images\inclusion_5.jpg,inclusion_5.jpg,images,.jpg,d01acc37fb22a3ab0d4f6ab6632f7666a4df27f1f75653ce2cb7c6f5c58ce0cb,False,,True,,development
data\NEU-CLS\valid\valid\images\patches_1.jpg,patches_1.jpg,images,.jpg,0ea4843aa7801ce5a5e672ec8c0266d4910aa7d740955f38d087b38154d0fe67,False,,True,,development
data\NEU-CLS\valid\valid\images\patches_2.jpg,patches_2.jpg,images,.jpg,2fdb317049ad4e9e14742cd8e134d9c0037d7569c316ac992a449ecbf58101d0,False,,True,,test
data\NEU-CLS\valid\valid\images\patches_3.jpg,patches_3.jpg,images,.jpg,2d6e349a35ac2ed4949e6a4b5f50ffef1e0b26172cef027405eea6c188dff699,False,,True,,test
data\NEU-CLS\valid\valid\images\patches_4.jpg,patches_4.jpg,images,.jpg,3fa9c68092dd6daf47855bd70c9120cd3066cd9aed6d5b34e542a670aba124cc,False,,True,,development
data\NEU-CLS\valid\valid\images\patches_5.jpg,patches_5.jpg,images,.jpg,9f9d4356fbfc6f750225be8706c3c87c80749db66d5c68edaf43612c936909f2,False,,True,,development
data\NEU-CLS\valid\valid\images\pitted_surface_1.jpg,pitted_surface_1.jpg,images,.jpg,38a0ece141350f5bed53c99da4d96ce25d42b3ed4248e536a579ab823abfb318,False,,True,,development
data\NEU-CLS\valid\valid\images\pitted_surface_2.jpg,pitted_surface_2.jpg,images,.jpg,389add56187e37997a7eebf2d6fe105ce47a9619560436bfc1ea32ec08f73d76,False,,True,,development
data\NEU-CLS\valid\valid\images\pitted_surface_3.jpg,pitted_surface_3.jpg,images,.jpg,03db264bd3a288ea60e0e40efd521e91f3d2c638a64df4fe9e51d1cce8617daf,False,,True,,development
data\NEU-CLS\valid\valid\images\pitted_surface_4.jpg,pitted_surface_4.jpg,images,.jpg,d74f4eb848d694be8a3988fc327053dbea7dd0f0b2cbfc0fa48fc0a8a024b909,False,,True,,development
data\NEU-CLS\valid\valid\images\pitted_surface_5.jpg,pitted_surface_5.jpg,images,.jpg,6484ec2d13587a91d44089148a7e64e5d9f51116715256d5d5b994f101b6b868,False,,True,,development
data\NEU-CLS\valid\valid\images\rolled-in_scale_1.jpg,rolled-in_scale_1.jpg,images,.jpg,e9d0358a2859da86a7a9cc75deb5c235fcb8b14e8773cd92e94593b0289736fd,False,,True,,development
data\NEU-CLS\valid\valid\images\rolled-in_scale_2.jpg,rolled-in_scale_2.jpg,images,.jpg,b8a7cfe68f9863ad7885f5b7e9cdbb7b26a7a22ff9d634f9f19fa8438bc76464,False,,True,,development
data\NEU-CLS\valid\valid\images\rolled-in_scale_3.jpg,rolled-in_scale_3.jpg,images,.jpg,146e4158d3a08e6c0c11c59efefc8c00c9324996be5cd4ec5697a88c89137636,False,,True,,development
data\NEU-CLS\valid\valid\images\rolled-in_scale_4.jpg,rolled-in_scale_4.jpg,images,.jpg,9814344b48b76c748b56d2bbcbb54f74717ef39ab016872a3e0cca19ade9c143,False,,True,,development
data\NEU-CLS\valid\valid\images\rolled-in_scale_5.jpg,rolled-in_scale_5.jpg,images,.jpg,33166fb0d46e89004e309ad0c42ca44360cb550e3597c24a1661a4264c1bec8a,False,,True,,development
data\NEU-CLS\valid\valid\images\scratches_1.jpg,scratches_1.jpg,images,.jpg,500c46e2f5d7065d8c492b0cfb36c3ba77a85a744079bf6453dfc85e02b97a3c,False,,True,,development
data\NEU-CLS\valid\valid\images\scratches_2.jpg,scratches_2.jpg,images,.jpg,960f6b75fb945308181a0736c176aff4c6fd94bb7e7956e26b04fd0cdbdf3657,False,,True,,test
data\NEU-CLS\valid\valid\images\scratches_3.jpg,scratches_3.jpg,images,.jpg,f2e1cb55c6aff957fc5cb7b32703e675fbaf2d9c4ef6c6151e10ab25f48ce78c,False,,True,,development
data\NEU-CLS\valid\valid\images\scratches_4.jpg,scratches_4.jpg,images,.jpg,d7a5a987b96863bb3cdd161c6f81c841ed7c9dadaf048db31fb3bdc70de95f21,False,,True,,development
data\NEU-CLS\valid\valid\images\scratches_5.jpg,scratches_5.jpg,images,.jpg,dfe599fd61cf93513ab221e5731036badaa27b8a304d2c0e5f9b083128b6100c,False,,True,,development
