check,status,detail
Required preparation artefacts exist,PASS,
Preparation passed,PASS,
Split hashes agree,PASS,
Fold hashes agree,PASS,
Fixed protocol recognised,PASS,
Classical result path inside outputs,PASS,
Classical result verified,PASS,
Same folds as classical model,PASS,
Manifest path uniqueness,PASS,
Development count and classes,PASS,
Folds exactly cover development,PASS,
Fold metadata agrees: path,PASS,
Fold metadata agrees: class_name,PASS,
Fold metadata agrees: sha256,PASS,
Fold metadata agrees: pixel_sha256,PASS,
Exactly five predefined folds,PASS,
Unique development content: sha256,PASS,
Unique development content: pixel_sha256,PASS,
Development permission boundary disjoint,PASS,
Fold 0: disjoint and complete,PASS,
Fold 0: all six classes,PASS,
Fold 1: disjoint and complete,PASS,
Fold 1: all six classes,PASS,
Fold 2: disjoint and complete,PASS,
Fold 2: all six classes,PASS,
Fold 3: disjoint and complete,PASS,
Fold 3: all six classes,PASS,
Fold 4: disjoint and complete,PASS,
Fold 4: all six classes,PASS,
Validation coverage exactly once,PASS,
Non-development loader request blocked before access,PASS,
Image hash 0,PASS,data/NEU-CLS/train/train/images/crazing_10.jpg
Image hash 1,PASS,data/NEU-CLS/train/train/images/crazing_101.jpg
Image hash 2,PASS,data/NEU-CLS/train/train/images/crazing_103.jpg
Image hash 3,PASS,data/NEU-CLS/train/train/images/crazing_104.jpg
Image hash 4,PASS,data/NEU-CLS/train/train/images/crazing_105.jpg
Image hash 5,PASS,data/NEU-CLS/train/train/images/crazing_106.jpg
Image hash 6,PASS,data/NEU-CLS/train/train/images/crazing_107.jpg
Image hash 7,PASS,data/NEU-CLS/train/train/images/crazing_108.jpg
Image hash 8,PASS,data/NEU-CLS/train/train/images/crazing_109.jpg
Image hash 9,PASS,data/NEU-CLS/train/train/images/crazing_11.jpg
Image hash 10,PASS,data/NEU-CLS/train/train/images/crazing_110.jpg
Image hash 11,PASS,data/NEU-CLS/train/train/images/crazing_113.jpg
Image hash 12,PASS,data/NEU-CLS/train/train/images/crazing_114.jpg
Image hash 13,PASS,data/NEU-CLS/train/train/images/crazing_115.jpg
Image hash 14,PASS,data/NEU-CLS/train/train/images/crazing_116.jpg
Image hash 15,PASS,data/NEU-CLS/train/train/images/crazing_117.jpg
Image hash 16,PASS,data/NEU-CLS/train/train/images/crazing_12.jpg
Image hash 17,PASS,data/NEU-CLS/train/train/images/crazing_120.jpg
Image hash 18,PASS,data/NEU-CLS/train/train/images/crazing_121.jpg
Image hash 19,PASS,data/NEU-CLS/train/train/images/crazing_122.jpg
Image hash 20,PASS,data/NEU-CLS/train/train/images/crazing_123.jpg
Image hash 21,PASS,data/NEU-CLS/train/train/images/crazing_124.jpg
Image hash 22,PASS,data/NEU-CLS/train/train/images/crazing_125.jpg
Image hash 23,PASS,data/NEU-CLS/train/train/images/crazing_126.jpg
Image hash 24,PASS,data/NEU-CLS/train/train/images/crazing_127.jpg
Image hash 25,PASS,data/NEU-CLS/train/train/images/crazing_128.jpg
Image hash 26,PASS,data/NEU-CLS/train/train/images/crazing_129.jpg
Image hash 27,PASS,data/NEU-CLS/train/train/images/crazing_13.jpg
Image hash 28,PASS,data/NEU-CLS/train/train/images/crazing_131.jpg
Image hash 29,PASS,data/NEU-CLS/train/train/images/crazing_132.jpg
Image hash 30,PASS,data/NEU-CLS/train/train/images/crazing_133.jpg
Image hash 31,PASS,data/NEU-CLS/train/train/images/crazing_134.jpg
Image hash 32,PASS,data/NEU-CLS/train/train/images/crazing_135.jpg
Image hash 33,PASS,data/NEU-CLS/train/train/images/crazing_136.jpg
Image hash 34,PASS,data/NEU-CLS/train/train/images/crazing_137.jpg
Image hash 35,PASS,data/NEU-CLS/train/train/images/crazing_138.jpg
Image hash 36,PASS,data/NEU-CLS/train/train/images/crazing_14.jpg
Image hash 37,PASS,data/NEU-CLS/train/train/images/crazing_140.jpg
Image hash 38,PASS,data/NEU-CLS/train/train/images/crazing_141.jpg
Image hash 39,PASS,data/NEU-CLS/train/train/images/crazing_146.jpg
Image hash 40,PASS,data/NEU-CLS/train/train/images/crazing_15.jpg
Image hash 41,PASS,data/NEU-CLS/train/train/images/crazing_150.jpg
Image hash 42,PASS,data/NEU-CLS/train/train/images/crazing_151.jpg
Image hash 43,PASS,data/NEU-CLS/train/train/images/crazing_153.jpg
Image hash 44,PASS,data/NEU-CLS/train/train/images/crazing_154.jpg
Image hash 45,PASS,data/NEU-CLS/train/train/images/crazing_155.jpg
Image hash 46,PASS,data/NEU-CLS/train/train/images/crazing_156.jpg
Image hash 47,PASS,data/NEU-CLS/train/train/images/crazing_157.jpg
Image hash 48,PASS,data/NEU-CLS/train/train/images/crazing_158.jpg
Image hash 49,PASS,data/NEU-CLS/train/train/images/crazing_159.jpg
Image hash 50,PASS,data/NEU-CLS/train/train/images/crazing_16.jpg
Image hash 51,PASS,data/NEU-CLS/train/train/images/crazing_160.jpg
Image hash 52,PASS,data/NEU-CLS/train/train/images/crazing_161.jpg
Image hash 53,PASS,data/NEU-CLS/train/train/images/crazing_162.jpg
Image hash 54,PASS,data/NEU-CLS/train/train/images/crazing_163.jpg
Image hash 55,PASS,data/NEU-CLS/train/train/images/crazing_165.jpg
Image hash 56,PASS,data/NEU-CLS/train/train/images/crazing_166.jpg
Image hash 57,PASS,data/NEU-CLS/train/train/images/crazing_167.jpg
Image hash 58,PASS,data/NEU-CLS/train/train/images/crazing_168.jpg
Image hash 59,PASS,data/NEU-CLS/train/train/images/crazing_169.jpg
Image hash 60,PASS,data/NEU-CLS/train/train/images/crazing_17.jpg
Image hash 61,PASS,data/NEU-CLS/train/train/images/crazing_170.jpg
Image hash 62,PASS,data/NEU-CLS/train/train/images/crazing_171.jpg
Image hash 63,PASS,data/NEU-CLS/train/train/images/crazing_173.jpg
Image hash 64,PASS,data/NEU-CLS/train/train/images/crazing_174.jpg
Image hash 65,PASS,data/NEU-CLS/train/train/images/crazing_175.jpg
Image hash 66,PASS,data/NEU-CLS/train/train/images/crazing_176.jpg
Image hash 67,PASS,data/NEU-CLS/train/train/images/crazing_177.jpg
Image hash 68,PASS,data/NEU-CLS/train/train/images/crazing_178.jpg
Image hash 69,PASS,data/NEU-CLS/train/train/images/crazing_180.jpg
Image hash 70,PASS,data/NEU-CLS/train/train/images/crazing_181.jpg
Image hash 71,PASS,data/NEU-CLS/train/train/images/crazing_183.jpg
Image hash 72,PASS,data/NEU-CLS/train/train/images/crazing_184.jpg
Image hash 73,PASS,data/NEU-CLS/train/train/images/crazing_186.jpg
Image hash 74,PASS,data/NEU-CLS/train/train/images/crazing_187.jpg
Image hash 75,PASS,data/NEU-CLS/train/train/images/crazing_188.jpg
Image hash 76,PASS,data/NEU-CLS/train/train/images/crazing_189.jpg
Image hash 77,PASS,data/NEU-CLS/train/train/images/crazing_190.jpg
Image hash 78,PASS,data/NEU-CLS/train/train/images/crazing_191.jpg
Image hash 79,PASS,data/NEU-CLS/train/train/images/crazing_193.jpg
Image hash 80,PASS,data/NEU-CLS/train/train/images/crazing_194.jpg
Image hash 81,PASS,data/NEU-CLS/train/train/images/crazing_196.jpg
Image hash 82,PASS,data/NEU-CLS/train/train/images/crazing_197.jpg
Image hash 83,PASS,data/NEU-CLS/train/train/images/crazing_198.jpg
Image hash 84,PASS,data/NEU-CLS/train/train/images/crazing_199.jpg
Image hash 85,PASS,data/NEU-CLS/train/train/images/crazing_20.jpg
Image hash 86,PASS,data/NEU-CLS/train/train/images/crazing_200.jpg
Image hash 87,PASS,data/NEU-CLS/train/train/images/crazing_201.jpg
Image hash 88,PASS,data/NEU-CLS/train/train/images/crazing_202.jpg
Image hash 89,PASS,data/NEU-CLS/train/train/images/crazing_203.jpg
Image hash 90,PASS,data/NEU-CLS/train/train/images/crazing_204.jpg
Image hash 91,PASS,data/NEU-CLS/train/train/images/crazing_205.jpg
Image hash 92,PASS,data/NEU-CLS/train/train/images/crazing_206.jpg
Image hash 93,PASS,data/NEU-CLS/train/train/images/crazing_207.jpg
Image hash 94,PASS,data/NEU-CLS/train/train/images/crazing_208.jpg
Image hash 95,PASS,data/NEU-CLS/train/train/images/crazing_209.jpg
Image hash 96,PASS,data/NEU-CLS/train/train/images/crazing_210.jpg
Image hash 97,PASS,data/NEU-CLS/train/train/images/crazing_211.jpg
Image hash 98,PASS,data/NEU-CLS/train/train/images/crazing_212.jpg
Image hash 99,PASS,data/NEU-CLS/train/train/images/crazing_213.jpg
Image hash 100,PASS,data/NEU-CLS/train/train/images/crazing_214.jpg
Image hash 101,PASS,data/NEU-CLS/train/train/images/crazing_215.jpg
Image hash 102,PASS,data/NEU-CLS/train/train/images/crazing_216.jpg
Image hash 103,PASS,data/NEU-CLS/train/train/images/crazing_217.jpg
Image hash 104,PASS,data/NEU-CLS/train/train/images/crazing_219.jpg
Image hash 105,PASS,data/NEU-CLS/train/train/images/crazing_22.jpg
Image hash 106,PASS,data/NEU-CLS/train/train/images/crazing_220.jpg
Image hash 107,PASS,data/NEU-CLS/train/train/images/crazing_222.jpg
Image hash 108,PASS,data/NEU-CLS/train/train/images/crazing_223.jpg
Image hash 109,PASS,data/NEU-CLS/train/train/images/crazing_224.jpg
Image hash 110,PASS,data/NEU-CLS/train/train/images/crazing_225.jpg
Image hash 111,PASS,data/NEU-CLS/train/train/images/crazing_226.jpg
Image hash 112,PASS,data/NEU-CLS/train/train/images/crazing_227.jpg
Image hash 113,PASS,data/NEU-CLS/train/train/images/crazing_228.jpg
Image hash 114,PASS,data/NEU-CLS/train/train/images/crazing_229.jpg
Image hash 115,PASS,data/NEU-CLS/train/train/images/crazing_23.jpg
Image hash 116,PASS,data/NEU-CLS/train/train/images/crazing_230.jpg
Image hash 117,PASS,data/NEU-CLS/train/train/images/crazing_232.jpg
Image hash 118,PASS,data/NEU-CLS/train/train/images/crazing_233.jpg
Image hash 119,PASS,data/NEU-CLS/train/train/images/crazing_234.jpg
Image hash 120,PASS,data/NEU-CLS/train/train/images/crazing_236.jpg
Image hash 121,PASS,data/NEU-CLS/train/train/images/crazing_238.jpg
Image hash 122,PASS,data/NEU-CLS/train/train/images/crazing_239.jpg
Image hash 123,PASS,data/NEU-CLS/train/train/images/crazing_24.jpg
Image hash 124,PASS,data/NEU-CLS/train/train/images/crazing_240.jpg
Image hash 125,PASS,data/NEU-CLS/train/train/images/crazing_241.jpg
Image hash 126,PASS,data/NEU-CLS/train/train/images/crazing_242.jpg
Image hash 127,PASS,data/NEU-CLS/train/train/images/crazing_243.jpg
Image hash 128,PASS,data/NEU-CLS/train/train/images/crazing_244.jpg
Image hash 129,PASS,data/NEU-CLS/train/train/images/crazing_247.jpg
Image hash 130,PASS,data/NEU-CLS/train/train/images/crazing_248.jpg
Image hash 131,PASS,data/NEU-CLS/train/train/images/crazing_249.jpg
Image hash 132,PASS,data/NEU-CLS/train/train/images/crazing_25.jpg
Image hash 133,PASS,data/NEU-CLS/train/train/images/crazing_251.jpg
Image hash 134,PASS,data/NEU-CLS/train/train/images/crazing_252.jpg
Image hash 135,PASS,data/NEU-CLS/train/train/images/crazing_254.jpg
Image hash 136,PASS,data/NEU-CLS/train/train/images/crazing_255.jpg
Image hash 137,PASS,data/NEU-CLS/train/train/images/crazing_256.jpg
Image hash 138,PASS,data/NEU-CLS/train/train/images/crazing_257.jpg
Image hash 139,PASS,data/NEU-CLS/train/train/images/crazing_259.jpg
Image hash 140,PASS,data/NEU-CLS/train/train/images/crazing_26.jpg
Image hash 141,PASS,data/NEU-CLS/train/train/images/crazing_260.jpg
Image hash 142,PASS,data/NEU-CLS/train/train/images/crazing_261.jpg
Image hash 143,PASS,data/NEU-CLS/train/train/images/crazing_262.jpg
Image hash 144,PASS,data/NEU-CLS/train/train/images/crazing_263.jpg
Image hash 145,PASS,data/NEU-CLS/train/train/images/crazing_264.jpg
Image hash 146,PASS,data/NEU-CLS/train/train/images/crazing_265.jpg
Image hash 147,PASS,data/NEU-CLS/train/train/images/crazing_266.jpg
Image hash 148,PASS,data/NEU-CLS/train/train/images/crazing_267.jpg
Image hash 149,PASS,data/NEU-CLS/train/train/images/crazing_268.jpg
Image hash 150,PASS,data/NEU-CLS/train/train/images/crazing_269.jpg
Image hash 151,PASS,data/NEU-CLS/train/train/images/crazing_274.jpg
Image hash 152,PASS,data/NEU-CLS/train/train/images/crazing_275.jpg
Image hash 153,PASS,data/NEU-CLS/train/train/images/crazing_276.jpg
Image hash 154,PASS,data/NEU-CLS/train/train/images/crazing_277.jpg
Image hash 155,PASS,data/NEU-CLS/train/train/images/crazing_278.jpg
Image hash 156,PASS,data/NEU-CLS/train/train/images/crazing_279.jpg
Image hash 157,PASS,data/NEU-CLS/train/train/images/crazing_28.jpg
Image hash 158,PASS,data/NEU-CLS/train/train/images/crazing_280.jpg
Image hash 159,PASS,data/NEU-CLS/train/train/images/crazing_281.jpg
Image hash 160,PASS,data/NEU-CLS/train/train/images/crazing_283.jpg
Image hash 161,PASS,data/NEU-CLS/train/train/images/crazing_284.jpg
Image hash 162,PASS,data/NEU-CLS/train/train/images/crazing_285.jpg
Image hash 163,PASS,data/NEU-CLS/train/train/images/crazing_287.jpg
Image hash 164,PASS,data/NEU-CLS/train/train/images/crazing_288.jpg
Image hash 165,PASS,data/NEU-CLS/train/train/images/crazing_289.jpg
Image hash 166,PASS,data/NEU-CLS/train/train/images/crazing_29.jpg
Image hash 167,PASS,data/NEU-CLS/train/train/images/crazing_290.jpg
Image hash 168,PASS,data/NEU-CLS/train/train/images/crazing_291.jpg
Image hash 169,PASS,data/NEU-CLS/train/train/images/crazing_292.jpg
Image hash 170,PASS,data/NEU-CLS/train/train/images/crazing_293.jpg
Image hash 171,PASS,data/NEU-CLS/train/train/images/crazing_295.jpg
Image hash 172,PASS,data/NEU-CLS/train/train/images/crazing_296.jpg
Image hash 173,PASS,data/NEU-CLS/train/train/images/crazing_298.jpg
Image hash 174,PASS,data/NEU-CLS/train/train/images/crazing_299.jpg
Image hash 175,PASS,data/NEU-CLS/train/train/images/crazing_300.jpg
Image hash 176,PASS,data/NEU-CLS/train/train/images/crazing_31.jpg
Image hash 177,PASS,data/NEU-CLS/train/train/images/crazing_32.jpg
Image hash 178,PASS,data/NEU-CLS/train/train/images/crazing_33.jpg
Image hash 179,PASS,data/NEU-CLS/train/train/images/crazing_34.jpg
Image hash 180,PASS,data/NEU-CLS/train/train/images/crazing_35.jpg
Image hash 181,PASS,data/NEU-CLS/train/train/images/crazing_37.jpg
Image hash 182,PASS,data/NEU-CLS/train/train/images/crazing_38.jpg
Image hash 183,PASS,data/NEU-CLS/train/train/images/crazing_39.jpg
Image hash 184,PASS,data/NEU-CLS/train/train/images/crazing_40.jpg
Image hash 185,PASS,data/NEU-CLS/train/train/images/crazing_41.jpg
Image hash 186,PASS,data/NEU-CLS/train/train/images/crazing_42.jpg
Image hash 187,PASS,data/NEU-CLS/train/train/images/crazing_43.jpg
Image hash 188,PASS,data/NEU-CLS/train/train/images/crazing_45.jpg
Image hash 189,PASS,data/NEU-CLS/train/train/images/crazing_46.jpg
Image hash 190,PASS,data/NEU-CLS/train/train/images/crazing_47.jpg
Image hash 191,PASS,data/NEU-CLS/train/train/images/crazing_48.jpg
Image hash 192,PASS,data/NEU-CLS/train/train/images/crazing_49.jpg
Image hash 193,PASS,data/NEU-CLS/train/train/images/crazing_51.jpg
Image hash 194,PASS,data/NEU-CLS/train/train/images/crazing_53.jpg
Image hash 195,PASS,data/NEU-CLS/train/train/images/crazing_54.jpg
Image hash 196,PASS,data/NEU-CLS/train/train/images/crazing_55.jpg
Image hash 197,PASS,data/NEU-CLS/train/train/images/crazing_56.jpg
Image hash 198,PASS,data/NEU-CLS/train/train/images/crazing_57.jpg
Image hash 199,PASS,data/NEU-CLS/train/train/images/crazing_58.jpg
Image hash 200,PASS,data/NEU-CLS/train/train/images/crazing_59.jpg
Image hash 201,PASS,data/NEU-CLS/train/train/images/crazing_6.jpg
Image hash 202,PASS,data/NEU-CLS/train/train/images/crazing_61.jpg
Image hash 203,PASS,data/NEU-CLS/train/train/images/crazing_62.jpg
Image hash 204,PASS,data/NEU-CLS/train/train/images/crazing_63.jpg
Image hash 205,PASS,data/NEU-CLS/train/train/images/crazing_66.jpg
Image hash 206,PASS,data/NEU-CLS/train/train/images/crazing_67.jpg
Image hash 207,PASS,data/NEU-CLS/train/train/images/crazing_68.jpg
Image hash 208,PASS,data/NEU-CLS/train/train/images/crazing_69.jpg
Image hash 209,PASS,data/NEU-CLS/train/train/images/crazing_7.jpg
Image hash 210,PASS,data/NEU-CLS/train/train/images/crazing_70.jpg
Image hash 211,PASS,data/NEU-CLS/train/train/images/crazing_72.jpg
Image hash 212,PASS,data/NEU-CLS/train/train/images/crazing_74.jpg
Image hash 213,PASS,data/NEU-CLS/train/train/images/crazing_75.jpg
Image hash 214,PASS,data/NEU-CLS/train/train/images/crazing_76.jpg
Image hash 215,PASS,data/NEU-CLS/train/train/images/crazing_78.jpg
Image hash 216,PASS,data/NEU-CLS/train/train/images/crazing_79.jpg
Image hash 217,PASS,data/NEU-CLS/train/train/images/crazing_8.jpg
Image hash 218,PASS,data/NEU-CLS/train/train/images/crazing_80.jpg
Image hash 219,PASS,data/NEU-CLS/train/train/images/crazing_81.jpg
Image hash 220,PASS,data/NEU-CLS/train/train/images/crazing_83.jpg
Image hash 221,PASS,data/NEU-CLS/train/train/images/crazing_84.jpg
Image hash 222,PASS,data/NEU-CLS/train/train/images/crazing_85.jpg
Image hash 223,PASS,data/NEU-CLS/train/train/images/crazing_86.jpg
Image hash 224,PASS,data/NEU-CLS/train/train/images/crazing_87.jpg
Image hash 225,PASS,data/NEU-CLS/train/train/images/crazing_88.jpg
Image hash 226,PASS,data/NEU-CLS/train/train/images/crazing_89.jpg
Image hash 227,PASS,data/NEU-CLS/train/train/images/crazing_9.jpg
Image hash 228,PASS,data/NEU-CLS/train/train/images/crazing_90.jpg
Image hash 229,PASS,data/NEU-CLS/train/train/images/crazing_92.jpg
Image hash 230,PASS,data/NEU-CLS/train/train/images/crazing_93.jpg
Image hash 231,PASS,data/NEU-CLS/train/train/images/crazing_94.jpg
Image hash 232,PASS,data/NEU-CLS/train/train/images/crazing_96.jpg
Image hash 233,PASS,data/NEU-CLS/train/train/images/crazing_97.jpg
Image hash 234,PASS,data/NEU-CLS/train/train/images/crazing_98.jpg
Image hash 235,PASS,data/NEU-CLS/train/train/images/crazing_99.jpg
Image hash 236,PASS,data/NEU-CLS/train/train/images/inclusion_10.jpg
Image hash 237,PASS,data/NEU-CLS/train/train/images/inclusion_100.jpg
Image hash 238,PASS,data/NEU-CLS/train/train/images/inclusion_101.jpg
Image hash 239,PASS,data/NEU-CLS/train/train/images/inclusion_103.jpg
Image hash 240,PASS,data/NEU-CLS/train/train/images/inclusion_105.jpg
Image hash 241,PASS,data/NEU-CLS/train/train/images/inclusion_106.jpg
Image hash 242,PASS,data/NEU-CLS/train/train/images/inclusion_107.jpg
Image hash 243,PASS,data/NEU-CLS/train/train/images/inclusion_108.jpg
Image hash 244,PASS,data/NEU-CLS/train/train/images/inclusion_109.jpg
Image hash 245,PASS,data/NEU-CLS/train/train/images/inclusion_11.jpg
Image hash 246,PASS,data/NEU-CLS/train/train/images/inclusion_111.jpg
Image hash 247,PASS,data/NEU-CLS/train/train/images/inclusion_112.jpg
Image hash 248,PASS,data/NEU-CLS/train/train/images/inclusion_113.jpg
Image hash 249,PASS,data/NEU-CLS/train/train/images/inclusion_116.jpg
Image hash 250,PASS,data/NEU-CLS/train/train/images/inclusion_118.jpg
Image hash 251,PASS,data/NEU-CLS/train/train/images/inclusion_119.jpg
Image hash 252,PASS,data/NEU-CLS/train/train/images/inclusion_12.jpg
Image hash 253,PASS,data/NEU-CLS/train/train/images/inclusion_120.jpg
Image hash 254,PASS,data/NEU-CLS/train/train/images/inclusion_121.jpg
Image hash 255,PASS,data/NEU-CLS/train/train/images/inclusion_124.jpg
Image hash 256,PASS,data/NEU-CLS/train/train/images/inclusion_125.jpg
Image hash 257,PASS,data/NEU-CLS/train/train/images/inclusion_126.jpg
Image hash 258,PASS,data/NEU-CLS/train/train/images/inclusion_127.jpg
Image hash 259,PASS,data/NEU-CLS/train/train/images/inclusion_128.jpg
Image hash 260,PASS,data/NEU-CLS/train/train/images/inclusion_129.jpg
Image hash 261,PASS,data/NEU-CLS/train/train/images/inclusion_13.jpg
Image hash 262,PASS,data/NEU-CLS/train/train/images/inclusion_133.jpg
Image hash 263,PASS,data/NEU-CLS/train/train/images/inclusion_135.jpg
Image hash 264,PASS,data/NEU-CLS/train/train/images/inclusion_136.jpg
Image hash 265,PASS,data/NEU-CLS/train/train/images/inclusion_137.jpg
Image hash 266,PASS,data/NEU-CLS/train/train/images/inclusion_138.jpg
Image hash 267,PASS,data/NEU-CLS/train/train/images/inclusion_139.jpg
Image hash 268,PASS,data/NEU-CLS/train/train/images/inclusion_14.jpg
Image hash 269,PASS,data/NEU-CLS/train/train/images/inclusion_141.jpg
Image hash 270,PASS,data/NEU-CLS/train/train/images/inclusion_142.jpg
Image hash 271,PASS,data/NEU-CLS/train/train/images/inclusion_145.jpg
Image hash 272,PASS,data/NEU-CLS/train/train/images/inclusion_146.jpg
Image hash 273,PASS,data/NEU-CLS/train/train/images/inclusion_147.jpg
Image hash 274,PASS,data/NEU-CLS/train/train/images/inclusion_149.jpg
Image hash 275,PASS,data/NEU-CLS/train/train/images/inclusion_15.jpg
Image hash 276,PASS,data/NEU-CLS/train/train/images/inclusion_152.jpg
Image hash 277,PASS,data/NEU-CLS/train/train/images/inclusion_154.jpg
Image hash 278,PASS,data/NEU-CLS/train/train/images/inclusion_155.jpg
Image hash 279,PASS,data/NEU-CLS/train/train/images/inclusion_156.jpg
Image hash 280,PASS,data/NEU-CLS/train/train/images/inclusion_157.jpg
Image hash 281,PASS,data/NEU-CLS/train/train/images/inclusion_159.jpg
Image hash 282,PASS,data/NEU-CLS/train/train/images/inclusion_16.jpg
Image hash 283,PASS,data/NEU-CLS/train/train/images/inclusion_160.jpg
Image hash 284,PASS,data/NEU-CLS/train/train/images/inclusion_161.jpg
Image hash 285,PASS,data/NEU-CLS/train/train/images/inclusion_162.jpg
Image hash 286,PASS,data/NEU-CLS/train/train/images/inclusion_163.jpg
Image hash 287,PASS,data/NEU-CLS/train/train/images/inclusion_164.jpg
Image hash 288,PASS,data/NEU-CLS/train/train/images/inclusion_165.jpg
Image hash 289,PASS,data/NEU-CLS/train/train/images/inclusion_166.jpg
Image hash 290,PASS,data/NEU-CLS/train/train/images/inclusion_167.jpg
Image hash 291,PASS,data/NEU-CLS/train/train/images/inclusion_168.jpg
Image hash 292,PASS,data/NEU-CLS/train/train/images/inclusion_169.jpg
Image hash 293,PASS,data/NEU-CLS/train/train/images/inclusion_17.jpg
Image hash 294,PASS,data/NEU-CLS/train/train/images/inclusion_170.jpg
Image hash 295,PASS,data/NEU-CLS/train/train/images/inclusion_171.jpg
Image hash 296,PASS,data/NEU-CLS/train/train/images/inclusion_172.jpg
Image hash 297,PASS,data/NEU-CLS/train/train/images/inclusion_173.jpg
Image hash 298,PASS,data/NEU-CLS/train/train/images/inclusion_174.jpg
Image hash 299,PASS,data/NEU-CLS/train/train/images/inclusion_175.jpg
Image hash 300,PASS,data/NEU-CLS/train/train/images/inclusion_176.jpg
Image hash 301,PASS,data/NEU-CLS/train/train/images/inclusion_177.jpg
Image hash 302,PASS,data/NEU-CLS/train/train/images/inclusion_178.jpg
Image hash 303,PASS,data/NEU-CLS/train/train/images/inclusion_179.jpg
Image hash 304,PASS,data/NEU-CLS/train/train/images/inclusion_18.jpg
Image hash 305,PASS,data/NEU-CLS/train/train/images/inclusion_180.jpg
Image hash 306,PASS,data/NEU-CLS/train/train/images/inclusion_181.jpg
Image hash 307,PASS,data/NEU-CLS/train/train/images/inclusion_182.jpg
Image hash 308,PASS,data/NEU-CLS/train/train/images/inclusion_183.jpg
Image hash 309,PASS,data/NEU-CLS/train/train/images/inclusion_184.jpg
Image hash 310,PASS,data/NEU-CLS/train/train/images/inclusion_186.jpg
Image hash 311,PASS,data/NEU-CLS/train/train/images/inclusion_188.jpg
Image hash 312,PASS,data/NEU-CLS/train/train/images/inclusion_19.jpg
Image hash 313,PASS,data/NEU-CLS/train/train/images/inclusion_190.jpg
Image hash 314,PASS,data/NEU-CLS/train/train/images/inclusion_191.jpg
Image hash 315,PASS,data/NEU-CLS/train/train/images/inclusion_192.jpg
Image hash 316,PASS,data/NEU-CLS/train/train/images/inclusion_194.jpg
Image hash 317,PASS,data/NEU-CLS/train/train/images/inclusion_195.jpg
Image hash 318,PASS,data/NEU-CLS/train/train/images/inclusion_196.jpg
Image hash 319,PASS,data/NEU-CLS/train/train/images/inclusion_197.jpg
Image hash 320,PASS,data/NEU-CLS/train/train/images/inclusion_198.jpg
Image hash 321,PASS,data/NEU-CLS/train/train/images/inclusion_199.jpg
Image hash 322,PASS,data/NEU-CLS/train/train/images/inclusion_20.jpg
Image hash 323,PASS,data/NEU-CLS/train/train/images/inclusion_200.jpg
Image hash 324,PASS,data/NEU-CLS/train/train/images/inclusion_201.jpg
Image hash 325,PASS,data/NEU-CLS/train/train/images/inclusion_203.jpg
Image hash 326,PASS,data/NEU-CLS/train/train/images/inclusion_205.jpg
Image hash 327,PASS,data/NEU-CLS/train/train/images/inclusion_206.jpg
Image hash 328,PASS,data/NEU-CLS/train/train/images/inclusion_207.jpg
Image hash 329,PASS,data/NEU-CLS/train/train/images/inclusion_208.jpg
Image hash 330,PASS,data/NEU-CLS/train/train/images/inclusion_209.jpg
Image hash 331,PASS,data/NEU-CLS/train/train/images/inclusion_21.jpg
Image hash 332,PASS,data/NEU-CLS/train/train/images/inclusion_210.jpg
Image hash 333,PASS,data/NEU-CLS/train/train/images/inclusion_211.jpg
Image hash 334,PASS,data/NEU-CLS/train/train/images/inclusion_212.jpg
Image hash 335,PASS,data/NEU-CLS/train/train/images/inclusion_213.jpg
Image hash 336,PASS,data/NEU-CLS/train/train/images/inclusion_216.jpg
Image hash 337,PASS,data/NEU-CLS/train/train/images/inclusion_217.jpg
Image hash 338,PASS,data/NEU-CLS/train/train/images/inclusion_218.jpg
Image hash 339,PASS,data/NEU-CLS/train/train/images/inclusion_219.jpg
Image hash 340,PASS,data/NEU-CLS/train/train/images/inclusion_22.jpg
Image hash 341,PASS,data/NEU-CLS/train/train/images/inclusion_220.jpg
Image hash 342,PASS,data/NEU-CLS/train/train/images/inclusion_222.jpg
Image hash 343,PASS,data/NEU-CLS/train/train/images/inclusion_223.jpg
Image hash 344,PASS,data/NEU-CLS/train/train/images/inclusion_224.jpg
Image hash 345,PASS,data/NEU-CLS/train/train/images/inclusion_225.jpg
Image hash 346,PASS,data/NEU-CLS/train/train/images/inclusion_226.jpg
Image hash 347,PASS,data/NEU-CLS/train/train/images/inclusion_227.jpg
Image hash 348,PASS,data/NEU-CLS/train/train/images/inclusion_228.jpg
Image hash 349,PASS,data/NEU-CLS/train/train/images/inclusion_229.jpg
Image hash 350,PASS,data/NEU-CLS/train/train/images/inclusion_23.jpg
Image hash 351,PASS,data/NEU-CLS/train/train/images/inclusion_230.jpg
Image hash 352,PASS,data/NEU-CLS/train/train/images/inclusion_231.jpg
Image hash 353,PASS,data/NEU-CLS/train/train/images/inclusion_233.jpg
Image hash 354,PASS,data/NEU-CLS/train/train/images/inclusion_234.jpg
Image hash 355,PASS,data/NEU-CLS/train/train/images/inclusion_235.jpg
Image hash 356,PASS,data/NEU-CLS/train/train/images/inclusion_239.jpg
Image hash 357,PASS,data/NEU-CLS/train/train/images/inclusion_240.jpg
Image hash 358,PASS,data/NEU-CLS/train/train/images/inclusion_241.jpg
Image hash 359,PASS,data/NEU-CLS/train/train/images/inclusion_243.jpg
Image hash 360,PASS,data/NEU-CLS/train/train/images/inclusion_244.jpg
Image hash 361,PASS,data/NEU-CLS/train/train/images/inclusion_246.jpg
Image hash 362,PASS,data/NEU-CLS/train/train/images/inclusion_247.jpg
Image hash 363,PASS,data/NEU-CLS/train/train/images/inclusion_248.jpg
Image hash 364,PASS,data/NEU-CLS/train/train/images/inclusion_249.jpg
Image hash 365,PASS,data/NEU-CLS/train/train/images/inclusion_25.jpg
Image hash 366,PASS,data/NEU-CLS/train/train/images/inclusion_250.jpg
Image hash 367,PASS,data/NEU-CLS/train/train/images/inclusion_251.jpg
Image hash 368,PASS,data/NEU-CLS/train/train/images/inclusion_252.jpg
Image hash 369,PASS,data/NEU-CLS/train/train/images/inclusion_254.jpg
Image hash 370,PASS,data/NEU-CLS/train/train/images/inclusion_258.jpg
Image hash 371,PASS,data/NEU-CLS/train/train/images/inclusion_26.jpg
Image hash 372,PASS,data/NEU-CLS/train/train/images/inclusion_260.jpg
Image hash 373,PASS,data/NEU-CLS/train/train/images/inclusion_261.jpg
Image hash 374,PASS,data/NEU-CLS/train/train/images/inclusion_262.jpg
Image hash 375,PASS,data/NEU-CLS/train/train/images/inclusion_264.jpg
Image hash 376,PASS,data/NEU-CLS/train/train/images/inclusion_265.jpg
Image hash 377,PASS,data/NEU-CLS/train/train/images/inclusion_266.jpg
Image hash 378,PASS,data/NEU-CLS/train/train/images/inclusion_267.jpg
Image hash 379,PASS,data/NEU-CLS/train/train/images/inclusion_268.jpg
Image hash 380,PASS,data/NEU-CLS/train/train/images/inclusion_269.jpg
Image hash 381,PASS,data/NEU-CLS/train/train/images/inclusion_270.jpg
Image hash 382,PASS,data/NEU-CLS/train/train/images/inclusion_271.jpg
Image hash 383,PASS,data/NEU-CLS/train/train/images/inclusion_274.jpg
Image hash 384,PASS,data/NEU-CLS/train/train/images/inclusion_275.jpg
Image hash 385,PASS,data/NEU-CLS/train/train/images/inclusion_276.jpg
Image hash 386,PASS,data/NEU-CLS/train/train/images/inclusion_277.jpg
Image hash 387,PASS,data/NEU-CLS/train/train/images/inclusion_278.jpg
Image hash 388,PASS,data/NEU-CLS/train/train/images/inclusion_279.jpg
Image hash 389,PASS,data/NEU-CLS/train/train/images/inclusion_28.jpg
Image hash 390,PASS,data/NEU-CLS/train/train/images/inclusion_280.jpg
Image hash 391,PASS,data/NEU-CLS/train/train/images/inclusion_281.jpg
Image hash 392,PASS,data/NEU-CLS/train/train/images/inclusion_282.jpg
Image hash 393,PASS,data/NEU-CLS/train/train/images/inclusion_283.jpg
Image hash 394,PASS,data/NEU-CLS/train/train/images/inclusion_284.jpg
Image hash 395,PASS,data/NEU-CLS/train/train/images/inclusion_285.jpg
Image hash 396,PASS,data/NEU-CLS/train/train/images/inclusion_286.jpg
Image hash 397,PASS,data/NEU-CLS/train/train/images/inclusion_287.jpg
Image hash 398,PASS,data/NEU-CLS/train/train/images/inclusion_288.jpg
Image hash 399,PASS,data/NEU-CLS/train/train/images/inclusion_289.jpg
Image hash 400,PASS,data/NEU-CLS/train/train/images/inclusion_29.jpg
Image hash 401,PASS,data/NEU-CLS/train/train/images/inclusion_290.jpg
Image hash 402,PASS,data/NEU-CLS/train/train/images/inclusion_291.jpg
Image hash 403,PASS,data/NEU-CLS/train/train/images/inclusion_292.jpg
Image hash 404,PASS,data/NEU-CLS/train/train/images/inclusion_293.jpg
Image hash 405,PASS,data/NEU-CLS/train/train/images/inclusion_294.jpg
Image hash 406,PASS,data/NEU-CLS/train/train/images/inclusion_295.jpg
Image hash 407,PASS,data/NEU-CLS/train/train/images/inclusion_296.jpg
Image hash 408,PASS,data/NEU-CLS/train/train/images/inclusion_297.jpg
Image hash 409,PASS,data/NEU-CLS/train/train/images/inclusion_298.jpg
Image hash 410,PASS,data/NEU-CLS/train/train/images/inclusion_300.jpg
Image hash 411,PASS,data/NEU-CLS/train/train/images/inclusion_32.jpg
Image hash 412,PASS,data/NEU-CLS/train/train/images/inclusion_33.jpg
Image hash 413,PASS,data/NEU-CLS/train/train/images/inclusion_35.jpg
Image hash 414,PASS,data/NEU-CLS/train/train/images/inclusion_36.jpg
Image hash 415,PASS,data/NEU-CLS/train/train/images/inclusion_37.jpg
Image hash 416,PASS,data/NEU-CLS/train/train/images/inclusion_38.jpg
Image hash 417,PASS,data/NEU-CLS/train/train/images/inclusion_39.jpg
Image hash 418,PASS,data/NEU-CLS/train/train/images/inclusion_40.jpg
Image hash 419,PASS,data/NEU-CLS/train/train/images/inclusion_42.jpg
Image hash 420,PASS,data/NEU-CLS/train/train/images/inclusion_43.jpg
Image hash 421,PASS,data/NEU-CLS/train/train/images/inclusion_44.jpg
Image hash 422,PASS,data/NEU-CLS/train/train/images/inclusion_45.jpg
Image hash 423,PASS,data/NEU-CLS/train/train/images/inclusion_46.jpg
Image hash 424,PASS,data/NEU-CLS/train/train/images/inclusion_47.jpg
Image hash 425,PASS,data/NEU-CLS/train/train/images/inclusion_48.jpg
Image hash 426,PASS,data/NEU-CLS/train/train/images/inclusion_49.jpg
Image hash 427,PASS,data/NEU-CLS/train/train/images/inclusion_50.jpg
Image hash 428,PASS,data/NEU-CLS/train/train/images/inclusion_51.jpg
Image hash 429,PASS,data/NEU-CLS/train/train/images/inclusion_52.jpg
Image hash 430,PASS,data/NEU-CLS/train/train/images/inclusion_53.jpg
Image hash 431,PASS,data/NEU-CLS/train/train/images/inclusion_56.jpg
Image hash 432,PASS,data/NEU-CLS/train/train/images/inclusion_57.jpg
Image hash 433,PASS,data/NEU-CLS/train/train/images/inclusion_58.jpg
Image hash 434,PASS,data/NEU-CLS/train/train/images/inclusion_59.jpg
Image hash 435,PASS,data/NEU-CLS/train/train/images/inclusion_6.jpg
Image hash 436,PASS,data/NEU-CLS/train/train/images/inclusion_61.jpg
Image hash 437,PASS,data/NEU-CLS/train/train/images/inclusion_62.jpg
Image hash 438,PASS,data/NEU-CLS/train/train/images/inclusion_64.jpg
Image hash 439,PASS,data/NEU-CLS/train/train/images/inclusion_65.jpg
Image hash 440,PASS,data/NEU-CLS/train/train/images/inclusion_66.jpg
Image hash 441,PASS,data/NEU-CLS/train/train/images/inclusion_67.jpg
Image hash 442,PASS,data/NEU-CLS/train/train/images/inclusion_68.jpg
Image hash 443,PASS,data/NEU-CLS/train/train/images/inclusion_69.jpg
Image hash 444,PASS,data/NEU-CLS/train/train/images/inclusion_7.jpg
Image hash 445,PASS,data/NEU-CLS/train/train/images/inclusion_70.jpg
Image hash 446,PASS,data/NEU-CLS/train/train/images/inclusion_71.jpg
Image hash 447,PASS,data/NEU-CLS/train/train/images/inclusion_72.jpg
Image hash 448,PASS,data/NEU-CLS/train/train/images/inclusion_73.jpg
Image hash 449,PASS,data/NEU-CLS/train/train/images/inclusion_74.jpg
Image hash 450,PASS,data/NEU-CLS/train/train/images/inclusion_75.jpg
Image hash 451,PASS,data/NEU-CLS/train/train/images/inclusion_76.jpg
Image hash 452,PASS,data/NEU-CLS/train/train/images/inclusion_77.jpg
Image hash 453,PASS,data/NEU-CLS/train/train/images/inclusion_78.jpg
Image hash 454,PASS,data/NEU-CLS/train/train/images/inclusion_79.jpg
Image hash 455,PASS,data/NEU-CLS/train/train/images/inclusion_8.jpg
Image hash 456,PASS,data/NEU-CLS/train/train/images/inclusion_80.jpg
Image hash 457,PASS,data/NEU-CLS/train/train/images/inclusion_81.jpg
Image hash 458,PASS,data/NEU-CLS/train/train/images/inclusion_83.jpg
Image hash 459,PASS,data/NEU-CLS/train/train/images/inclusion_84.jpg
Image hash 460,PASS,data/NEU-CLS/train/train/images/inclusion_85.jpg
Image hash 461,PASS,data/NEU-CLS/train/train/images/inclusion_86.jpg
Image hash 462,PASS,data/NEU-CLS/train/train/images/inclusion_9.jpg
Image hash 463,PASS,data/NEU-CLS/train/train/images/inclusion_91.jpg
Image hash 464,PASS,data/NEU-CLS/train/train/images/inclusion_92.jpg
Image hash 465,PASS,data/NEU-CLS/train/train/images/inclusion_93.jpg
Image hash 466,PASS,data/NEU-CLS/train/train/images/inclusion_94.jpg
Image hash 467,PASS,data/NEU-CLS/train/train/images/inclusion_95.jpg
Image hash 468,PASS,data/NEU-CLS/train/train/images/inclusion_96.jpg
Image hash 469,PASS,data/NEU-CLS/train/train/images/inclusion_97.jpg
Image hash 470,PASS,data/NEU-CLS/train/train/images/inclusion_98.jpg
Image hash 471,PASS,data/NEU-CLS/train/train/images/inclusion_99.jpg
Image hash 472,PASS,data/NEU-CLS/train/train/images/patches_100.jpg
Image hash 473,PASS,data/NEU-CLS/train/train/images/patches_102.jpg
Image hash 474,PASS,data/NEU-CLS/train/train/images/patches_103.jpg
Image hash 475,PASS,data/NEU-CLS/train/train/images/patches_104.jpg
Image hash 476,PASS,data/NEU-CLS/train/train/images/patches_106.jpg
Image hash 477,PASS,data/NEU-CLS/train/train/images/patches_107.jpg
Image hash 478,PASS,data/NEU-CLS/train/train/images/patches_108.jpg
Image hash 479,PASS,data/NEU-CLS/train/train/images/patches_109.jpg
Image hash 480,PASS,data/NEU-CLS/train/train/images/patches_11.jpg
Image hash 481,PASS,data/NEU-CLS/train/train/images/patches_111.jpg
Image hash 482,PASS,data/NEU-CLS/train/train/images/patches_113.jpg
Image hash 483,PASS,data/NEU-CLS/train/train/images/patches_115.jpg
Image hash 484,PASS,data/NEU-CLS/train/train/images/patches_116.jpg
Image hash 485,PASS,data/NEU-CLS/train/train/images/patches_119.jpg
Image hash 486,PASS,data/NEU-CLS/train/train/images/patches_12.jpg
Image hash 487,PASS,data/NEU-CLS/train/train/images/patches_120.jpg
Image hash 488,PASS,data/NEU-CLS/train/train/images/patches_121.jpg
Image hash 489,PASS,data/NEU-CLS/train/train/images/patches_122.jpg
Image hash 490,PASS,data/NEU-CLS/train/train/images/patches_123.jpg
Image hash 491,PASS,data/NEU-CLS/train/train/images/patches_124.jpg
Image hash 492,PASS,data/NEU-CLS/train/train/images/patches_125.jpg
Image hash 493,PASS,data/NEU-CLS/train/train/images/patches_126.jpg
Image hash 494,PASS,data/NEU-CLS/train/train/images/patches_127.jpg
Image hash 495,PASS,data/NEU-CLS/train/train/images/patches_128.jpg
Image hash 496,PASS,data/NEU-CLS/train/train/images/patches_129.jpg
Image hash 497,PASS,data/NEU-CLS/train/train/images/patches_13.jpg
Image hash 498,PASS,data/NEU-CLS/train/train/images/patches_130.jpg
Image hash 499,PASS,data/NEU-CLS/train/train/images/patches_131.jpg
Image hash 500,PASS,data/NEU-CLS/train/train/images/patches_132.jpg
Image hash 501,PASS,data/NEU-CLS/train/train/images/patches_133.jpg
Image hash 502,PASS,data/NEU-CLS/train/train/images/patches_134.jpg
Image hash 503,PASS,data/NEU-CLS/train/train/images/patches_136.jpg
Image hash 504,PASS,data/NEU-CLS/train/train/images/patches_137.jpg
Image hash 505,PASS,data/NEU-CLS/train/train/images/patches_138.jpg
Image hash 506,PASS,data/NEU-CLS/train/train/images/patches_139.jpg
Image hash 507,PASS,data/NEU-CLS/train/train/images/patches_140.jpg
Image hash 508,PASS,data/NEU-CLS/train/train/images/patches_141.jpg
Image hash 509,PASS,data/NEU-CLS/train/train/images/patches_143.jpg
Image hash 510,PASS,data/NEU-CLS/train/train/images/patches_144.jpg
Image hash 511,PASS,data/NEU-CLS/train/train/images/patches_145.jpg
Image hash 512,PASS,data/NEU-CLS/train/train/images/patches_146.jpg
Image hash 513,PASS,data/NEU-CLS/train/train/images/patches_147.jpg
Image hash 514,PASS,data/NEU-CLS/train/train/images/patches_148.jpg
Image hash 515,PASS,data/NEU-CLS/train/train/images/patches_15.jpg
Image hash 516,PASS,data/NEU-CLS/train/train/images/patches_150.jpg
Image hash 517,PASS,data/NEU-CLS/train/train/images/patches_151.jpg
Image hash 518,PASS,data/NEU-CLS/train/train/images/patches_153.jpg
Image hash 519,PASS,data/NEU-CLS/train/train/images/patches_154.jpg
Image hash 520,PASS,data/NEU-CLS/train/train/images/patches_155.jpg
Image hash 521,PASS,data/NEU-CLS/train/train/images/patches_156.jpg
Image hash 522,PASS,data/NEU-CLS/train/train/images/patches_157.jpg
Image hash 523,PASS,data/NEU-CLS/train/train/images/patches_158.jpg
Image hash 524,PASS,data/NEU-CLS/train/train/images/patches_159.jpg
Image hash 525,PASS,data/NEU-CLS/train/train/images/patches_16.jpg
Image hash 526,PASS,data/NEU-CLS/train/train/images/patches_160.jpg
Image hash 527,PASS,data/NEU-CLS/train/train/images/patches_161.jpg
Image hash 528,PASS,data/NEU-CLS/train/train/images/patches_162.jpg
Image hash 529,PASS,data/NEU-CLS/train/train/images/patches_164.jpg
Image hash 530,PASS,data/NEU-CLS/train/train/images/patches_165.jpg
Image hash 531,PASS,data/NEU-CLS/train/train/images/patches_166.jpg
Image hash 532,PASS,data/NEU-CLS/train/train/images/patches_168.jpg
Image hash 533,PASS,data/NEU-CLS/train/train/images/patches_169.jpg
Image hash 534,PASS,data/NEU-CLS/train/train/images/patches_17.jpg
Image hash 535,PASS,data/NEU-CLS/train/train/images/patches_170.jpg
Image hash 536,PASS,data/NEU-CLS/train/train/images/patches_171.jpg
Image hash 537,PASS,data/NEU-CLS/train/train/images/patches_173.jpg
Image hash 538,PASS,data/NEU-CLS/train/train/images/patches_174.jpg
Image hash 539,PASS,data/NEU-CLS/train/train/images/patches_175.jpg
Image hash 540,PASS,data/NEU-CLS/train/train/images/patches_176.jpg
Image hash 541,PASS,data/NEU-CLS/train/train/images/patches_177.jpg
Image hash 542,PASS,data/NEU-CLS/train/train/images/patches_178.jpg
Image hash 543,PASS,data/NEU-CLS/train/train/images/patches_179.jpg
Image hash 544,PASS,data/NEU-CLS/train/train/images/patches_18.jpg
Image hash 545,PASS,data/NEU-CLS/train/train/images/patches_180.jpg
Image hash 546,PASS,data/NEU-CLS/train/train/images/patches_181.jpg
Image hash 547,PASS,data/NEU-CLS/train/train/images/patches_183.jpg
Image hash 548,PASS,data/NEU-CLS/train/train/images/patches_184.jpg
Image hash 549,PASS,data/NEU-CLS/train/train/images/patches_185.jpg
Image hash 550,PASS,data/NEU-CLS/train/train/images/patches_186.jpg
Image hash 551,PASS,data/NEU-CLS/train/train/images/patches_187.jpg
Image hash 552,PASS,data/NEU-CLS/train/train/images/patches_188.jpg
Image hash 553,PASS,data/NEU-CLS/train/train/images/patches_189.jpg
Image hash 554,PASS,data/NEU-CLS/train/train/images/patches_19.jpg
Image hash 555,PASS,data/NEU-CLS/train/train/images/patches_190.jpg
Image hash 556,PASS,data/NEU-CLS/train/train/images/patches_191.jpg
Image hash 557,PASS,data/NEU-CLS/train/train/images/patches_193.jpg
Image hash 558,PASS,data/NEU-CLS/train/train/images/patches_194.jpg
Image hash 559,PASS,data/NEU-CLS/train/train/images/patches_195.jpg
Image hash 560,PASS,data/NEU-CLS/train/train/images/patches_196.jpg
Image hash 561,PASS,data/NEU-CLS/train/train/images/patches_197.jpg
Image hash 562,PASS,data/NEU-CLS/train/train/images/patches_198.jpg
Image hash 563,PASS,data/NEU-CLS/train/train/images/patches_199.jpg
Image hash 564,PASS,data/NEU-CLS/train/train/images/patches_20.jpg
Image hash 565,PASS,data/NEU-CLS/train/train/images/patches_200.jpg
Image hash 566,PASS,data/NEU-CLS/train/train/images/patches_201.jpg
Image hash 567,PASS,data/NEU-CLS/train/train/images/patches_202.jpg
Image hash 568,PASS,data/NEU-CLS/train/train/images/patches_203.jpg
Image hash 569,PASS,data/NEU-CLS/train/train/images/patches_204.jpg
Image hash 570,PASS,data/NEU-CLS/train/train/images/patches_205.jpg
Image hash 571,PASS,data/NEU-CLS/train/train/images/patches_208.jpg
Image hash 572,PASS,data/NEU-CLS/train/train/images/patches_209.jpg
Image hash 573,PASS,data/NEU-CLS/train/train/images/patches_21.jpg
Image hash 574,PASS,data/NEU-CLS/train/train/images/patches_210.jpg
Image hash 575,PASS,data/NEU-CLS/train/train/images/patches_211.jpg
Image hash 576,PASS,data/NEU-CLS/train/train/images/patches_212.jpg
Image hash 577,PASS,data/NEU-CLS/train/train/images/patches_213.jpg
Image hash 578,PASS,data/NEU-CLS/train/train/images/patches_215.jpg
Image hash 579,PASS,data/NEU-CLS/train/train/images/patches_216.jpg
Image hash 580,PASS,data/NEU-CLS/train/train/images/patches_217.jpg
Image hash 581,PASS,data/NEU-CLS/train/train/images/patches_218.jpg
Image hash 582,PASS,data/NEU-CLS/train/train/images/patches_219.jpg
Image hash 583,PASS,data/NEU-CLS/train/train/images/patches_220.jpg
Image hash 584,PASS,data/NEU-CLS/train/train/images/patches_222.jpg
Image hash 585,PASS,data/NEU-CLS/train/train/images/patches_223.jpg
Image hash 586,PASS,data/NEU-CLS/train/train/images/patches_224.jpg
Image hash 587,PASS,data/NEU-CLS/train/train/images/patches_225.jpg
Image hash 588,PASS,data/NEU-CLS/train/train/images/patches_226.jpg
Image hash 589,PASS,data/NEU-CLS/train/train/images/patches_227.jpg
Image hash 590,PASS,data/NEU-CLS/train/train/images/patches_229.jpg
Image hash 591,PASS,data/NEU-CLS/train/train/images/patches_231.jpg
Image hash 592,PASS,data/NEU-CLS/train/train/images/patches_232.jpg
Image hash 593,PASS,data/NEU-CLS/train/train/images/patches_236.jpg
Image hash 594,PASS,data/NEU-CLS/train/train/images/patches_237.jpg
Image hash 595,PASS,data/NEU-CLS/train/train/images/patches_238.jpg
Image hash 596,PASS,data/NEU-CLS/train/train/images/patches_239.jpg
Image hash 597,PASS,data/NEU-CLS/train/train/images/patches_24.jpg
Image hash 598,PASS,data/NEU-CLS/train/train/images/patches_240.jpg
Image hash 599,PASS,data/NEU-CLS/train/train/images/patches_241.jpg
Image hash 600,PASS,data/NEU-CLS/train/train/images/patches_242.jpg
Image hash 601,PASS,data/NEU-CLS/train/train/images/patches_243.jpg
Image hash 602,PASS,data/NEU-CLS/train/train/images/patches_246.jpg
Image hash 603,PASS,data/NEU-CLS/train/train/images/patches_247.jpg
Image hash 604,PASS,data/NEU-CLS/train/train/images/patches_248.jpg
Image hash 605,PASS,data/NEU-CLS/train/train/images/patches_25.jpg
Image hash 606,PASS,data/NEU-CLS/train/train/images/patches_250.jpg
Image hash 607,PASS,data/NEU-CLS/train/train/images/patches_252.jpg
Image hash 608,PASS,data/NEU-CLS/train/train/images/patches_253.jpg
Image hash 609,PASS,data/NEU-CLS/train/train/images/patches_254.jpg
Image hash 610,PASS,data/NEU-CLS/train/train/images/patches_255.jpg
Image hash 611,PASS,data/NEU-CLS/train/train/images/patches_256.jpg
Image hash 612,PASS,data/NEU-CLS/train/train/images/patches_258.jpg
Image hash 613,PASS,data/NEU-CLS/train/train/images/patches_259.jpg
Image hash 614,PASS,data/NEU-CLS/train/train/images/patches_26.jpg
Image hash 615,PASS,data/NEU-CLS/train/train/images/patches_260.jpg
Image hash 616,PASS,data/NEU-CLS/train/train/images/patches_261.jpg
Image hash 617,PASS,data/NEU-CLS/train/train/images/patches_262.jpg
Image hash 618,PASS,data/NEU-CLS/train/train/images/patches_263.jpg
Image hash 619,PASS,data/NEU-CLS/train/train/images/patches_264.jpg
Image hash 620,PASS,data/NEU-CLS/train/train/images/patches_266.jpg
Image hash 621,PASS,data/NEU-CLS/train/train/images/patches_267.jpg
Image hash 622,PASS,data/NEU-CLS/train/train/images/patches_269.jpg
Image hash 623,PASS,data/NEU-CLS/train/train/images/patches_27.jpg
Image hash 624,PASS,data/NEU-CLS/train/train/images/patches_270.jpg
Image hash 625,PASS,data/NEU-CLS/train/train/images/patches_271.jpg
Image hash 626,PASS,data/NEU-CLS/train/train/images/patches_274.jpg
Image hash 627,PASS,data/NEU-CLS/train/train/images/patches_275.jpg
Image hash 628,PASS,data/NEU-CLS/train/train/images/patches_276.jpg
Image hash 629,PASS,data/NEU-CLS/train/train/images/patches_277.jpg
Image hash 630,PASS,data/NEU-CLS/train/train/images/patches_278.jpg
Image hash 631,PASS,data/NEU-CLS/train/train/images/patches_279.jpg
Image hash 632,PASS,data/NEU-CLS/train/train/images/patches_28.jpg
Image hash 633,PASS,data/NEU-CLS/train/train/images/patches_280.jpg
Image hash 634,PASS,data/NEU-CLS/train/train/images/patches_282.jpg
Image hash 635,PASS,data/NEU-CLS/train/train/images/patches_285.jpg
Image hash 636,PASS,data/NEU-CLS/train/train/images/patches_286.jpg
Image hash 637,PASS,data/NEU-CLS/train/train/images/patches_287.jpg
Image hash 638,PASS,data/NEU-CLS/train/train/images/patches_288.jpg
Image hash 639,PASS,data/NEU-CLS/train/train/images/patches_289.jpg
Image hash 640,PASS,data/NEU-CLS/train/train/images/patches_29.jpg
Image hash 641,PASS,data/NEU-CLS/train/train/images/patches_290.jpg
Image hash 642,PASS,data/NEU-CLS/train/train/images/patches_291.jpg
Image hash 643,PASS,data/NEU-CLS/train/train/images/patches_292.jpg
Image hash 644,PASS,data/NEU-CLS/train/train/images/patches_294.jpg
Image hash 645,PASS,data/NEU-CLS/train/train/images/patches_296.jpg
Image hash 646,PASS,data/NEU-CLS/train/train/images/patches_298.jpg
Image hash 647,PASS,data/NEU-CLS/train/train/images/patches_299.jpg
Image hash 648,PASS,data/NEU-CLS/train/train/images/patches_300.jpg
Image hash 649,PASS,data/NEU-CLS/train/train/images/patches_31.jpg
Image hash 650,PASS,data/NEU-CLS/train/train/images/patches_32.jpg
Image hash 651,PASS,data/NEU-CLS/train/train/images/patches_34.jpg
Image hash 652,PASS,data/NEU-CLS/train/train/images/patches_35.jpg
Image hash 653,PASS,data/NEU-CLS/train/train/images/patches_37.jpg
Image hash 654,PASS,data/NEU-CLS/train/train/images/patches_39.jpg
Image hash 655,PASS,data/NEU-CLS/train/train/images/patches_40.jpg
Image hash 656,PASS,data/NEU-CLS/train/train/images/patches_41.jpg
Image hash 657,PASS,data/NEU-CLS/train/train/images/patches_43.jpg
Image hash 658,PASS,data/NEU-CLS/train/train/images/patches_44.jpg
Image hash 659,PASS,data/NEU-CLS/train/train/images/patches_45.jpg
Image hash 660,PASS,data/NEU-CLS/train/train/images/patches_46.jpg
Image hash 661,PASS,data/NEU-CLS/train/train/images/patches_47.jpg
Image hash 662,PASS,data/NEU-CLS/train/train/images/patches_48.jpg
Image hash 663,PASS,data/NEU-CLS/train/train/images/patches_49.jpg
Image hash 664,PASS,data/NEU-CLS/train/train/images/patches_50.jpg
Image hash 665,PASS,data/NEU-CLS/train/train/images/patches_52.jpg
Image hash 666,PASS,data/NEU-CLS/train/train/images/patches_53.jpg
Image hash 667,PASS,data/NEU-CLS/train/train/images/patches_54.jpg
Image hash 668,PASS,data/NEU-CLS/train/train/images/patches_55.jpg
Image hash 669,PASS,data/NEU-CLS/train/train/images/patches_56.jpg
Image hash 670,PASS,data/NEU-CLS/train/train/images/patches_57.jpg
Image hash 671,PASS,data/NEU-CLS/train/train/images/patches_58.jpg
Image hash 672,PASS,data/NEU-CLS/train/train/images/patches_59.jpg
Image hash 673,PASS,data/NEU-CLS/train/train/images/patches_6.jpg
Image hash 674,PASS,data/NEU-CLS/train/train/images/patches_61.jpg
Image hash 675,PASS,data/NEU-CLS/train/train/images/patches_62.jpg
Image hash 676,PASS,data/NEU-CLS/train/train/images/patches_63.jpg
Image hash 677,PASS,data/NEU-CLS/train/train/images/patches_64.jpg
Image hash 678,PASS,data/NEU-CLS/train/train/images/patches_65.jpg
Image hash 679,PASS,data/NEU-CLS/train/train/images/patches_66.jpg
Image hash 680,PASS,data/NEU-CLS/train/train/images/patches_67.jpg
Image hash 681,PASS,data/NEU-CLS/train/train/images/patches_68.jpg
Image hash 682,PASS,data/NEU-CLS/train/train/images/patches_69.jpg
Image hash 683,PASS,data/NEU-CLS/train/train/images/patches_7.jpg
Image hash 684,PASS,data/NEU-CLS/train/train/images/patches_70.jpg
Image hash 685,PASS,data/NEU-CLS/train/train/images/patches_71.jpg
Image hash 686,PASS,data/NEU-CLS/train/train/images/patches_72.jpg
Image hash 687,PASS,data/NEU-CLS/train/train/images/patches_74.jpg
Image hash 688,PASS,data/NEU-CLS/train/train/images/patches_75.jpg
Image hash 689,PASS,data/NEU-CLS/train/train/images/patches_76.jpg
Image hash 690,PASS,data/NEU-CLS/train/train/images/patches_77.jpg
Image hash 691,PASS,data/NEU-CLS/train/train/images/patches_78.jpg
Image hash 692,PASS,data/NEU-CLS/train/train/images/patches_8.jpg
Image hash 693,PASS,data/NEU-CLS/train/train/images/patches_80.jpg
Image hash 694,PASS,data/NEU-CLS/train/train/images/patches_83.jpg
Image hash 695,PASS,data/NEU-CLS/train/train/images/patches_84.jpg
Image hash 696,PASS,data/NEU-CLS/train/train/images/patches_86.jpg
Image hash 697,PASS,data/NEU-CLS/train/train/images/patches_88.jpg
Image hash 698,PASS,data/NEU-CLS/train/train/images/patches_89.jpg
Image hash 699,PASS,data/NEU-CLS/train/train/images/patches_9.jpg
Image hash 700,PASS,data/NEU-CLS/train/train/images/patches_90.jpg
Image hash 701,PASS,data/NEU-CLS/train/train/images/patches_93.jpg
Image hash 702,PASS,data/NEU-CLS/train/train/images/patches_94.jpg
Image hash 703,PASS,data/NEU-CLS/train/train/images/patches_95.jpg
Image hash 704,PASS,data/NEU-CLS/train/train/images/patches_96.jpg
Image hash 705,PASS,data/NEU-CLS/train/train/images/patches_98.jpg
Image hash 706,PASS,data/NEU-CLS/train/train/images/patches_99.jpg
Image hash 707,PASS,data/NEU-CLS/train/train/images/pitted_surface_100.jpg
Image hash 708,PASS,data/NEU-CLS/train/train/images/pitted_surface_101.jpg
Image hash 709,PASS,data/NEU-CLS/train/train/images/pitted_surface_105.jpg
Image hash 710,PASS,data/NEU-CLS/train/train/images/pitted_surface_106.jpg
Image hash 711,PASS,data/NEU-CLS/train/train/images/pitted_surface_107.jpg
Image hash 712,PASS,data/NEU-CLS/train/train/images/pitted_surface_109.jpg
Image hash 713,PASS,data/NEU-CLS/train/train/images/pitted_surface_11.jpg
Image hash 714,PASS,data/NEU-CLS/train/train/images/pitted_surface_111.jpg
Image hash 715,PASS,data/NEU-CLS/train/train/images/pitted_surface_112.jpg
Image hash 716,PASS,data/NEU-CLS/train/train/images/pitted_surface_113.jpg
Image hash 717,PASS,data/NEU-CLS/train/train/images/pitted_surface_114.jpg
Image hash 718,PASS,data/NEU-CLS/train/train/images/pitted_surface_115.jpg
Image hash 719,PASS,data/NEU-CLS/train/train/images/pitted_surface_116.jpg
Image hash 720,PASS,data/NEU-CLS/train/train/images/pitted_surface_118.jpg
Image hash 721,PASS,data/NEU-CLS/train/train/images/pitted_surface_119.jpg
Image hash 722,PASS,data/NEU-CLS/train/train/images/pitted_surface_12.jpg
Image hash 723,PASS,data/NEU-CLS/train/train/images/pitted_surface_120.jpg
Image hash 724,PASS,data/NEU-CLS/train/train/images/pitted_surface_121.jpg
Image hash 725,PASS,data/NEU-CLS/train/train/images/pitted_surface_123.jpg
Image hash 726,PASS,data/NEU-CLS/train/train/images/pitted_surface_124.jpg
Image hash 727,PASS,data/NEU-CLS/train/train/images/pitted_surface_125.jpg
Image hash 728,PASS,data/NEU-CLS/train/train/images/pitted_surface_126.jpg
Image hash 729,PASS,data/NEU-CLS/train/train/images/pitted_surface_128.jpg
Image hash 730,PASS,data/NEU-CLS/train/train/images/pitted_surface_129.jpg
Image hash 731,PASS,data/NEU-CLS/train/train/images/pitted_surface_13.jpg
Image hash 732,PASS,data/NEU-CLS/train/train/images/pitted_surface_130.jpg
Image hash 733,PASS,data/NEU-CLS/train/train/images/pitted_surface_132.jpg
Image hash 734,PASS,data/NEU-CLS/train/train/images/pitted_surface_134.jpg
Image hash 735,PASS,data/NEU-CLS/train/train/images/pitted_surface_136.jpg
Image hash 736,PASS,data/NEU-CLS/train/train/images/pitted_surface_137.jpg
Image hash 737,PASS,data/NEU-CLS/train/train/images/pitted_surface_138.jpg
Image hash 738,PASS,data/NEU-CLS/train/train/images/pitted_surface_139.jpg
Image hash 739,PASS,data/NEU-CLS/train/train/images/pitted_surface_14.jpg
Image hash 740,PASS,data/NEU-CLS/train/train/images/pitted_surface_140.jpg
Image hash 741,PASS,data/NEU-CLS/train/train/images/pitted_surface_142.jpg
Image hash 742,PASS,data/NEU-CLS/train/train/images/pitted_surface_143.jpg
Image hash 743,PASS,data/NEU-CLS/train/train/images/pitted_surface_144.jpg
Image hash 744,PASS,data/NEU-CLS/train/train/images/pitted_surface_145.jpg
Image hash 745,PASS,data/NEU-CLS/train/train/images/pitted_surface_146.jpg
Image hash 746,PASS,data/NEU-CLS/train/train/images/pitted_surface_147.jpg
Image hash 747,PASS,data/NEU-CLS/train/train/images/pitted_surface_148.jpg
Image hash 748,PASS,data/NEU-CLS/train/train/images/pitted_surface_149.jpg
Image hash 749,PASS,data/NEU-CLS/train/train/images/pitted_surface_15.jpg
Image hash 750,PASS,data/NEU-CLS/train/train/images/pitted_surface_150.jpg
Image hash 751,PASS,data/NEU-CLS/train/train/images/pitted_surface_151.jpg
Image hash 752,PASS,data/NEU-CLS/train/train/images/pitted_surface_152.jpg
Image hash 753,PASS,data/NEU-CLS/train/train/images/pitted_surface_153.jpg
Image hash 754,PASS,data/NEU-CLS/train/train/images/pitted_surface_154.jpg
Image hash 755,PASS,data/NEU-CLS/train/train/images/pitted_surface_157.jpg
Image hash 756,PASS,data/NEU-CLS/train/train/images/pitted_surface_159.jpg
Image hash 757,PASS,data/NEU-CLS/train/train/images/pitted_surface_16.jpg
Image hash 758,PASS,data/NEU-CLS/train/train/images/pitted_surface_160.jpg
Image hash 759,PASS,data/NEU-CLS/train/train/images/pitted_surface_161.jpg
Image hash 760,PASS,data/NEU-CLS/train/train/images/pitted_surface_163.jpg
Image hash 761,PASS,data/NEU-CLS/train/train/images/pitted_surface_164.jpg
Image hash 762,PASS,data/NEU-CLS/train/train/images/pitted_surface_165.jpg
Image hash 763,PASS,data/NEU-CLS/train/train/images/pitted_surface_166.jpg
Image hash 764,PASS,data/NEU-CLS/train/train/images/pitted_surface_168.jpg
Image hash 765,PASS,data/NEU-CLS/train/train/images/pitted_surface_169.jpg
Image hash 766,PASS,data/NEU-CLS/train/train/images/pitted_surface_17.jpg
Image hash 767,PASS,data/NEU-CLS/train/train/images/pitted_surface_170.jpg
Image hash 768,PASS,data/NEU-CLS/train/train/images/pitted_surface_171.jpg
Image hash 769,PASS,data/NEU-CLS/train/train/images/pitted_surface_172.jpg
Image hash 770,PASS,data/NEU-CLS/train/train/images/pitted_surface_173.jpg
Image hash 771,PASS,data/NEU-CLS/train/train/images/pitted_surface_174.jpg
Image hash 772,PASS,data/NEU-CLS/train/train/images/pitted_surface_176.jpg
Image hash 773,PASS,data/NEU-CLS/train/train/images/pitted_surface_177.jpg
Image hash 774,PASS,data/NEU-CLS/train/train/images/pitted_surface_178.jpg
Image hash 775,PASS,data/NEU-CLS/train/train/images/pitted_surface_179.jpg
Image hash 776,PASS,data/NEU-CLS/train/train/images/pitted_surface_18.jpg
Image hash 777,PASS,data/NEU-CLS/train/train/images/pitted_surface_181.jpg
Image hash 778,PASS,data/NEU-CLS/train/train/images/pitted_surface_182.jpg
Image hash 779,PASS,data/NEU-CLS/train/train/images/pitted_surface_183.jpg
Image hash 780,PASS,data/NEU-CLS/train/train/images/pitted_surface_186.jpg
Image hash 781,PASS,data/NEU-CLS/train/train/images/pitted_surface_187.jpg
Image hash 782,PASS,data/NEU-CLS/train/train/images/pitted_surface_188.jpg
Image hash 783,PASS,data/NEU-CLS/train/train/images/pitted_surface_189.jpg
Image hash 784,PASS,data/NEU-CLS/train/train/images/pitted_surface_19.jpg
Image hash 785,PASS,data/NEU-CLS/train/train/images/pitted_surface_191.jpg
Image hash 786,PASS,data/NEU-CLS/train/train/images/pitted_surface_192.jpg
Image hash 787,PASS,data/NEU-CLS/train/train/images/pitted_surface_193.jpg
Image hash 788,PASS,data/NEU-CLS/train/train/images/pitted_surface_194.jpg
Image hash 789,PASS,data/NEU-CLS/train/train/images/pitted_surface_195.jpg
Image hash 790,PASS,data/NEU-CLS/train/train/images/pitted_surface_196.jpg
Image hash 791,PASS,data/NEU-CLS/train/train/images/pitted_surface_197.jpg
Image hash 792,PASS,data/NEU-CLS/train/train/images/pitted_surface_198.jpg
Image hash 793,PASS,data/NEU-CLS/train/train/images/pitted_surface_199.jpg
Image hash 794,PASS,data/NEU-CLS/train/train/images/pitted_surface_20.jpg
Image hash 795,PASS,data/NEU-CLS/train/train/images/pitted_surface_202.jpg
Image hash 796,PASS,data/NEU-CLS/train/train/images/pitted_surface_203.jpg
Image hash 797,PASS,data/NEU-CLS/train/train/images/pitted_surface_204.jpg
Image hash 798,PASS,data/NEU-CLS/train/train/images/pitted_surface_205.jpg
Image hash 799,PASS,data/NEU-CLS/train/train/images/pitted_surface_207.jpg
Image hash 800,PASS,data/NEU-CLS/train/train/images/pitted_surface_208.jpg
Image hash 801,PASS,data/NEU-CLS/train/train/images/pitted_surface_209.jpg
Image hash 802,PASS,data/NEU-CLS/train/train/images/pitted_surface_21.jpg
Image hash 803,PASS,data/NEU-CLS/train/train/images/pitted_surface_210.jpg
Image hash 804,PASS,data/NEU-CLS/train/train/images/pitted_surface_211.jpg
Image hash 805,PASS,data/NEU-CLS/train/train/images/pitted_surface_212.jpg
Image hash 806,PASS,data/NEU-CLS/train/train/images/pitted_surface_213.jpg
Image hash 807,PASS,data/NEU-CLS/train/train/images/pitted_surface_214.jpg
Image hash 808,PASS,data/NEU-CLS/train/train/images/pitted_surface_215.jpg
Image hash 809,PASS,data/NEU-CLS/train/train/images/pitted_surface_216.jpg
Image hash 810,PASS,data/NEU-CLS/train/train/images/pitted_surface_218.jpg
Image hash 811,PASS,data/NEU-CLS/train/train/images/pitted_surface_219.jpg
Image hash 812,PASS,data/NEU-CLS/train/train/images/pitted_surface_221.jpg
Image hash 813,PASS,data/NEU-CLS/train/train/images/pitted_surface_222.jpg
Image hash 814,PASS,data/NEU-CLS/train/train/images/pitted_surface_227.jpg
Image hash 815,PASS,data/NEU-CLS/train/train/images/pitted_surface_229.jpg
Image hash 816,PASS,data/NEU-CLS/train/train/images/pitted_surface_23.jpg
Image hash 817,PASS,data/NEU-CLS/train/train/images/pitted_surface_230.jpg
Image hash 818,PASS,data/NEU-CLS/train/train/images/pitted_surface_231.jpg
Image hash 819,PASS,data/NEU-CLS/train/train/images/pitted_surface_232.jpg
Image hash 820,PASS,data/NEU-CLS/train/train/images/pitted_surface_233.jpg
Image hash 821,PASS,data/NEU-CLS/train/train/images/pitted_surface_234.jpg
Image hash 822,PASS,data/NEU-CLS/train/train/images/pitted_surface_238.jpg
Image hash 823,PASS,data/NEU-CLS/train/train/images/pitted_surface_239.jpg
Image hash 824,PASS,data/NEU-CLS/train/train/images/pitted_surface_24.jpg
Image hash 825,PASS,data/NEU-CLS/train/train/images/pitted_surface_240.jpg
Image hash 826,PASS,data/NEU-CLS/train/train/images/pitted_surface_241.jpg
Image hash 827,PASS,data/NEU-CLS/train/train/images/pitted_surface_242.jpg
Image hash 828,PASS,data/NEU-CLS/train/train/images/pitted_surface_243.jpg
Image hash 829,PASS,data/NEU-CLS/train/train/images/pitted_surface_244.jpg
Image hash 830,PASS,data/NEU-CLS/train/train/images/pitted_surface_246.jpg
Image hash 831,PASS,data/NEU-CLS/train/train/images/pitted_surface_247.jpg
Image hash 832,PASS,data/NEU-CLS/train/train/images/pitted_surface_248.jpg
Image hash 833,PASS,data/NEU-CLS/train/train/images/pitted_surface_249.jpg
Image hash 834,PASS,data/NEU-CLS/train/train/images/pitted_surface_25.jpg
Image hash 835,PASS,data/NEU-CLS/train/train/images/pitted_surface_250.jpg
Image hash 836,PASS,data/NEU-CLS/train/train/images/pitted_surface_252.jpg
Image hash 837,PASS,data/NEU-CLS/train/train/images/pitted_surface_253.jpg
Image hash 838,PASS,data/NEU-CLS/train/train/images/pitted_surface_254.jpg
Image hash 839,PASS,data/NEU-CLS/train/train/images/pitted_surface_257.jpg
Image hash 840,PASS,data/NEU-CLS/train/train/images/pitted_surface_258.jpg
Image hash 841,PASS,data/NEU-CLS/train/train/images/pitted_surface_259.jpg
Image hash 842,PASS,data/NEU-CLS/train/train/images/pitted_surface_26.jpg
Image hash 843,PASS,data/NEU-CLS/train/train/images/pitted_surface_261.jpg
Image hash 844,PASS,data/NEU-CLS/train/train/images/pitted_surface_262.jpg
Image hash 845,PASS,data/NEU-CLS/train/train/images/pitted_surface_263.jpg
Image hash 846,PASS,data/NEU-CLS/train/train/images/pitted_surface_264.jpg
Image hash 847,PASS,data/NEU-CLS/train/train/images/pitted_surface_265.jpg
Image hash 848,PASS,data/NEU-CLS/train/train/images/pitted_surface_266.jpg
Image hash 849,PASS,data/NEU-CLS/train/train/images/pitted_surface_267.jpg
Image hash 850,PASS,data/NEU-CLS/train/train/images/pitted_surface_268.jpg
Image hash 851,PASS,data/NEU-CLS/train/train/images/pitted_surface_269.jpg
Image hash 852,PASS,data/NEU-CLS/train/train/images/pitted_surface_27.jpg
Image hash 853,PASS,data/NEU-CLS/train/train/images/pitted_surface_270.jpg
Image hash 854,PASS,data/NEU-CLS/train/train/images/pitted_surface_271.jpg
Image hash 855,PASS,data/NEU-CLS/train/train/images/pitted_surface_272.jpg
Image hash 856,PASS,data/NEU-CLS/train/train/images/pitted_surface_273.jpg
Image hash 857,PASS,data/NEU-CLS/train/train/images/pitted_surface_274.jpg
Image hash 858,PASS,data/NEU-CLS/train/train/images/pitted_surface_276.jpg
Image hash 859,PASS,data/NEU-CLS/train/train/images/pitted_surface_277.jpg
Image hash 860,PASS,data/NEU-CLS/train/train/images/pitted_surface_278.jpg
Image hash 861,PASS,data/NEU-CLS/train/train/images/pitted_surface_28.jpg
Image hash 862,PASS,data/NEU-CLS/train/train/images/pitted_surface_280.jpg
Image hash 863,PASS,data/NEU-CLS/train/train/images/pitted_surface_281.jpg
Image hash 864,PASS,data/NEU-CLS/train/train/images/pitted_surface_282.jpg
Image hash 865,PASS,data/NEU-CLS/train/train/images/pitted_surface_284.jpg
Image hash 866,PASS,data/NEU-CLS/train/train/images/pitted_surface_285.jpg
Image hash 867,PASS,data/NEU-CLS/train/train/images/pitted_surface_286.jpg
Image hash 868,PASS,data/NEU-CLS/train/train/images/pitted_surface_287.jpg
Image hash 869,PASS,data/NEU-CLS/train/train/images/pitted_surface_288.jpg
Image hash 870,PASS,data/NEU-CLS/train/train/images/pitted_surface_289.jpg
Image hash 871,PASS,data/NEU-CLS/train/train/images/pitted_surface_29.jpg
Image hash 872,PASS,data/NEU-CLS/train/train/images/pitted_surface_290.jpg
Image hash 873,PASS,data/NEU-CLS/train/train/images/pitted_surface_292.jpg
Image hash 874,PASS,data/NEU-CLS/train/train/images/pitted_surface_293.jpg
Image hash 875,PASS,data/NEU-CLS/train/train/images/pitted_surface_294.jpg
Image hash 876,PASS,data/NEU-CLS/train/train/images/pitted_surface_295.jpg
Image hash 877,PASS,data/NEU-CLS/train/train/images/pitted_surface_296.jpg
Image hash 878,PASS,data/NEU-CLS/train/train/images/pitted_surface_297.jpg
Image hash 879,PASS,data/NEU-CLS/train/train/images/pitted_surface_298.jpg
Image hash 880,PASS,data/NEU-CLS/train/train/images/pitted_surface_30.jpg
Image hash 881,PASS,data/NEU-CLS/train/train/images/pitted_surface_300.jpg
Image hash 882,PASS,data/NEU-CLS/train/train/images/pitted_surface_32.jpg
Image hash 883,PASS,data/NEU-CLS/train/train/images/pitted_surface_34.jpg
Image hash 884,PASS,data/NEU-CLS/train/train/images/pitted_surface_35.jpg
Image hash 885,PASS,data/NEU-CLS/train/train/images/pitted_surface_36.jpg
Image hash 886,PASS,data/NEU-CLS/train/train/images/pitted_surface_38.jpg
Image hash 887,PASS,data/NEU-CLS/train/train/images/pitted_surface_39.jpg
Image hash 888,PASS,data/NEU-CLS/train/train/images/pitted_surface_40.jpg
Image hash 889,PASS,data/NEU-CLS/train/train/images/pitted_surface_41.jpg
Image hash 890,PASS,data/NEU-CLS/train/train/images/pitted_surface_42.jpg
Image hash 891,PASS,data/NEU-CLS/train/train/images/pitted_surface_43.jpg
Image hash 892,PASS,data/NEU-CLS/train/train/images/pitted_surface_44.jpg
Image hash 893,PASS,data/NEU-CLS/train/train/images/pitted_surface_45.jpg
Image hash 894,PASS,data/NEU-CLS/train/train/images/pitted_surface_46.jpg
Image hash 895,PASS,data/NEU-CLS/train/train/images/pitted_surface_47.jpg
Image hash 896,PASS,data/NEU-CLS/train/train/images/pitted_surface_48.jpg
Image hash 897,PASS,data/NEU-CLS/train/train/images/pitted_surface_49.jpg
Image hash 898,PASS,data/NEU-CLS/train/train/images/pitted_surface_50.jpg
Image hash 899,PASS,data/NEU-CLS/train/train/images/pitted_surface_52.jpg
Image hash 900,PASS,data/NEU-CLS/train/train/images/pitted_surface_53.jpg
Image hash 901,PASS,data/NEU-CLS/train/train/images/pitted_surface_54.jpg
Image hash 902,PASS,data/NEU-CLS/train/train/images/pitted_surface_57.jpg
Image hash 903,PASS,data/NEU-CLS/train/train/images/pitted_surface_58.jpg
Image hash 904,PASS,data/NEU-CLS/train/train/images/pitted_surface_59.jpg
Image hash 905,PASS,data/NEU-CLS/train/train/images/pitted_surface_6.jpg
Image hash 906,PASS,data/NEU-CLS/train/train/images/pitted_surface_60.jpg
Image hash 907,PASS,data/NEU-CLS/train/train/images/pitted_surface_62.jpg
Image hash 908,PASS,data/NEU-CLS/train/train/images/pitted_surface_63.jpg
Image hash 909,PASS,data/NEU-CLS/train/train/images/pitted_surface_64.jpg
Image hash 910,PASS,data/NEU-CLS/train/train/images/pitted_surface_65.jpg
Image hash 911,PASS,data/NEU-CLS/train/train/images/pitted_surface_66.jpg
Image hash 912,PASS,data/NEU-CLS/train/train/images/pitted_surface_67.jpg
Image hash 913,PASS,data/NEU-CLS/train/train/images/pitted_surface_68.jpg
Image hash 914,PASS,data/NEU-CLS/train/train/images/pitted_surface_69.jpg
Image hash 915,PASS,data/NEU-CLS/train/train/images/pitted_surface_7.jpg
Image hash 916,PASS,data/NEU-CLS/train/train/images/pitted_surface_70.jpg
Image hash 917,PASS,data/NEU-CLS/train/train/images/pitted_surface_71.jpg
Image hash 918,PASS,data/NEU-CLS/train/train/images/pitted_surface_72.jpg
Image hash 919,PASS,data/NEU-CLS/train/train/images/pitted_surface_73.jpg
Image hash 920,PASS,data/NEU-CLS/train/train/images/pitted_surface_74.jpg
Image hash 921,PASS,data/NEU-CLS/train/train/images/pitted_surface_75.jpg
Image hash 922,PASS,data/NEU-CLS/train/train/images/pitted_surface_76.jpg
Image hash 923,PASS,data/NEU-CLS/train/train/images/pitted_surface_77.jpg
Image hash 924,PASS,data/NEU-CLS/train/train/images/pitted_surface_78.jpg
Image hash 925,PASS,data/NEU-CLS/train/train/images/pitted_surface_79.jpg
Image hash 926,PASS,data/NEU-CLS/train/train/images/pitted_surface_8.jpg
Image hash 927,PASS,data/NEU-CLS/train/train/images/pitted_surface_80.jpg
Image hash 928,PASS,data/NEU-CLS/train/train/images/pitted_surface_81.jpg
Image hash 929,PASS,data/NEU-CLS/train/train/images/pitted_surface_84.jpg
Image hash 930,PASS,data/NEU-CLS/train/train/images/pitted_surface_85.jpg
Image hash 931,PASS,data/NEU-CLS/train/train/images/pitted_surface_86.jpg
Image hash 932,PASS,data/NEU-CLS/train/train/images/pitted_surface_87.jpg
Image hash 933,PASS,data/NEU-CLS/train/train/images/pitted_surface_88.jpg
Image hash 934,PASS,data/NEU-CLS/train/train/images/pitted_surface_89.jpg
Image hash 935,PASS,data/NEU-CLS/train/train/images/pitted_surface_9.jpg
Image hash 936,PASS,data/NEU-CLS/train/train/images/pitted_surface_90.jpg
Image hash 937,PASS,data/NEU-CLS/train/train/images/pitted_surface_91.jpg
Image hash 938,PASS,data/NEU-CLS/train/train/images/pitted_surface_92.jpg
Image hash 939,PASS,data/NEU-CLS/train/train/images/pitted_surface_94.jpg
Image hash 940,PASS,data/NEU-CLS/train/train/images/pitted_surface_95.jpg
Image hash 941,PASS,data/NEU-CLS/train/train/images/pitted_surface_96.jpg
Image hash 942,PASS,data/NEU-CLS/train/train/images/pitted_surface_98.jpg
Image hash 943,PASS,data/NEU-CLS/train/train/images/pitted_surface_99.jpg
Image hash 944,PASS,data/NEU-CLS/train/train/images/rolled-in_scale_10.jpg
Image hash 945,PASS,data/NEU-CLS/train/train/images/rolled-in_scale_101.jpg
Image hash 946,PASS,data/NEU-CLS/train/train/images/rolled-in_scale_102.jpg
Image hash 947,PASS,data/NEU-CLS/train/train/images/rolled-in_scale_103.jpg
Image hash 948,PASS,data/NEU-CLS/train/train/images/rolled-in_scale_104.jpg
Image hash 949,PASS,data/NEU-CLS/train/train/images/rolled-in_scale_107.jpg
Image hash 950,PASS,data/NEU-CLS/train/train/images/rolled-in_scale_108.jpg
Image hash 951,PASS,data/NEU-CLS/train/train/images/rolled-in_scale_11.jpg
Image hash 952,PASS,data/NEU-CLS/train/train/images/rolled-in_scale_110.jpg
Image hash 953,PASS,data/NEU-CLS/train/train/images/rolled-in_scale_111.jpg
Image hash 954,PASS,data/NEU-CLS/train/train/images/rolled-in_scale_112.jpg
Image hash 955,PASS,data/NEU-CLS/train/train/images/rolled-in_scale_113.jpg
Image hash 956,PASS,data/NEU-CLS/train/train/images/rolled-in_scale_114.jpg
Image hash 957,PASS,data/NEU-CLS/train/train/images/rolled-in_scale_115.jpg
Image hash 958,PASS,data/NEU-CLS/train/train/images/rolled-in_scale_116.jpg
Image hash 959,PASS,data/NEU-CLS/train/train/images/rolled-in_scale_118.jpg
Image hash 960,PASS,data/NEU-CLS/train/train/images/rolled-in_scale_119.jpg
Image hash 961,PASS,data/NEU-CLS/train/train/images/rolled-in_scale_12.jpg
Image hash 962,PASS,data/NEU-CLS/train/train/images/rolled-in_scale_121.jpg
Image hash 963,PASS,data/NEU-CLS/train/train/images/rolled-in_scale_122.jpg
Image hash 964,PASS,data/NEU-CLS/train/train/images/rolled-in_scale_123.jpg
Image hash 965,PASS,data/NEU-CLS/train/train/images/rolled-in_scale_124.jpg
Image hash 966,PASS,data/NEU-CLS/train/train/images/rolled-in_scale_125.jpg
Image hash 967,PASS,data/NEU-CLS/train/train/images/rolled-in_scale_126.jpg
Image hash 968,PASS,data/NEU-CLS/train/train/images/rolled-in_scale_127.jpg
Image hash 969,PASS,data/NEU-CLS/train/train/images/rolled-in_scale_128.jpg
Image hash 970,PASS,data/NEU-CLS/train/train/images/rolled-in_scale_129.jpg
Image hash 971,PASS,data/NEU-CLS/train/train/images/rolled-in_scale_13.jpg
Image hash 972,PASS,data/NEU-CLS/train/train/images/rolled-in_scale_130.jpg
Image hash 973,PASS,data/NEU-CLS/train/train/images/rolled-in_scale_132.jpg
Image hash 974,PASS,data/NEU-CLS/train/train/images/rolled-in_scale_133.jpg
Image hash 975,PASS,data/NEU-CLS/train/train/images/rolled-in_scale_134.jpg
Image hash 976,PASS,data/NEU-CLS/train/train/images/rolled-in_scale_135.jpg
Image hash 977,PASS,data/NEU-CLS/train/train/images/rolled-in_scale_136.jpg
Image hash 978,PASS,data/NEU-CLS/train/train/images/rolled-in_scale_137.jpg
Image hash 979,PASS,data/NEU-CLS/train/train/images/rolled-in_scale_138.jpg
Image hash 980,PASS,data/NEU-CLS/train/train/images/rolled-in_scale_139.jpg
Image hash 981,PASS,data/NEU-CLS/train/train/images/rolled-in_scale_14.jpg
Image hash 982,PASS,data/NEU-CLS/train/train/images/rolled-in_scale_140.jpg
Image hash 983,PASS,data/NEU-CLS/train/train/images/rolled-in_scale_141.jpg
Image hash 984,PASS,data/NEU-CLS/train/train/images/rolled-in_scale_142.jpg
Image hash 985,PASS,data/NEU-CLS/train/train/images/rolled-in_scale_143.jpg
Image hash 986,PASS,data/NEU-CLS/train/train/images/rolled-in_scale_144.jpg
Image hash 987,PASS,data/NEU-CLS/train/train/images/rolled-in_scale_146.jpg
Image hash 988,PASS,data/NEU-CLS/train/train/images/rolled-in_scale_15.jpg
Image hash 989,PASS,data/NEU-CLS/train/train/images/rolled-in_scale_150.jpg
Image hash 990,PASS,data/NEU-CLS/train/train/images/rolled-in_scale_151.jpg
Image hash 991,PASS,data/NEU-CLS/train/train/images/rolled-in_scale_153.jpg
Image hash 992,PASS,data/NEU-CLS/train/train/images/rolled-in_scale_154.jpg
Image hash 993,PASS,data/NEU-CLS/train/train/images/rolled-in_scale_155.jpg
Image hash 994,PASS,data/NEU-CLS/train/train/images/rolled-in_scale_156.jpg
Image hash 995,PASS,data/NEU-CLS/train/train/images/rolled-in_scale_157.jpg
Image hash 996,PASS,data/NEU-CLS/train/train/images/rolled-in_scale_158.jpg
Image hash 997,PASS,data/NEU-CLS/train/train/images/rolled-in_scale_159.jpg
Image hash 998,PASS,data/NEU-CLS/train/train/images/rolled-in_scale_160.jpg
Image hash 999,PASS,data/NEU-CLS/train/train/images/rolled-in_scale_161.jpg
Image hash 1000,PASS,data/NEU-CLS/train/train/images/rolled-in_scale_162.jpg
Image hash 1001,PASS,data/NEU-CLS/train/train/images/rolled-in_scale_163.jpg
Image hash 1002,PASS,data/NEU-CLS/train/train/images/rolled-in_scale_164.jpg
Image hash 1003,PASS,data/NEU-CLS/train/train/images/rolled-in_scale_165.jpg
Image hash 1004,PASS,data/NEU-CLS/train/train/images/rolled-in_scale_166.jpg
Image hash 1005,PASS,data/NEU-CLS/train/train/images/rolled-in_scale_167.jpg
Image hash 1006,PASS,data/NEU-CLS/train/train/images/rolled-in_scale_168.jpg
Image hash 1007,PASS,data/NEU-CLS/train/train/images/rolled-in_scale_169.jpg
Image hash 1008,PASS,data/NEU-CLS/train/train/images/rolled-in_scale_170.jpg
Image hash 1009,PASS,data/NEU-CLS/train/train/images/rolled-in_scale_171.jpg
Image hash 1010,PASS,data/NEU-CLS/train/train/images/rolled-in_scale_174.jpg
Image hash 1011,PASS,data/NEU-CLS/train/train/images/rolled-in_scale_175.jpg
Image hash 1012,PASS,data/NEU-CLS/train/train/images/rolled-in_scale_18.jpg
Image hash 1013,PASS,data/NEU-CLS/train/train/images/rolled-in_scale_180.jpg
Image hash 1014,PASS,data/NEU-CLS/train/train/images/rolled-in_scale_181.jpg
Image hash 1015,PASS,data/NEU-CLS/train/train/images/rolled-in_scale_183.jpg
Image hash 1016,PASS,data/NEU-CLS/train/train/images/rolled-in_scale_184.jpg
Image hash 1017,PASS,data/NEU-CLS/train/train/images/rolled-in_scale_185.jpg
Image hash 1018,PASS,data/NEU-CLS/train/train/images/rolled-in_scale_188.jpg
Image hash 1019,PASS,data/NEU-CLS/train/train/images/rolled-in_scale_19.jpg
Image hash 1020,PASS,data/NEU-CLS/train/train/images/rolled-in_scale_190.jpg
Image hash 1021,PASS,data/NEU-CLS/train/train/images/rolled-in_scale_191.jpg
Image hash 1022,PASS,data/NEU-CLS/train/train/images/rolled-in_scale_192.jpg
Image hash 1023,PASS,data/NEU-CLS/train/train/images/rolled-in_scale_193.jpg
Image hash 1024,PASS,data/NEU-CLS/train/train/images/rolled-in_scale_194.jpg
Image hash 1025,PASS,data/NEU-CLS/train/train/images/rolled-in_scale_195.jpg
Image hash 1026,PASS,data/NEU-CLS/train/train/images/rolled-in_scale_196.jpg
Image hash 1027,PASS,data/NEU-CLS/train/train/images/rolled-in_scale_198.jpg
Image hash 1028,PASS,data/NEU-CLS/train/train/images/rolled-in_scale_199.jpg
Image hash 1029,PASS,data/NEU-CLS/train/train/images/rolled-in_scale_20.jpg
Image hash 1030,PASS,data/NEU-CLS/train/train/images/rolled-in_scale_201.jpg
Image hash 1031,PASS,data/NEU-CLS/train/train/images/rolled-in_scale_202.jpg
Image hash 1032,PASS,data/NEU-CLS/train/train/images/rolled-in_scale_203.jpg
Image hash 1033,PASS,data/NEU-CLS/train/train/images/rolled-in_scale_204.jpg
Image hash 1034,PASS,data/NEU-CLS/train/train/images/rolled-in_scale_205.jpg
Image hash 1035,PASS,data/NEU-CLS/train/train/images/rolled-in_scale_206.jpg
Image hash 1036,PASS,data/NEU-CLS/train/train/images/rolled-in_scale_209.jpg
Image hash 1037,PASS,data/NEU-CLS/train/train/images/rolled-in_scale_21.jpg
Image hash 1038,PASS,data/NEU-CLS/train/train/images/rolled-in_scale_210.jpg
Image hash 1039,PASS,data/NEU-CLS/train/train/images/rolled-in_scale_211.jpg
Image hash 1040,PASS,data/NEU-CLS/train/train/images/rolled-in_scale_212.jpg
Image hash 1041,PASS,data/NEU-CLS/train/train/images/rolled-in_scale_213.jpg
Image hash 1042,PASS,data/NEU-CLS/train/train/images/rolled-in_scale_214.jpg
Image hash 1043,PASS,data/NEU-CLS/train/train/images/rolled-in_scale_216.jpg
Image hash 1044,PASS,data/NEU-CLS/train/train/images/rolled-in_scale_217.jpg
Image hash 1045,PASS,data/NEU-CLS/train/train/images/rolled-in_scale_218.jpg
Image hash 1046,PASS,data/NEU-CLS/train/train/images/rolled-in_scale_219.jpg
Image hash 1047,PASS,data/NEU-CLS/train/train/images/rolled-in_scale_22.jpg
Image hash 1048,PASS,data/NEU-CLS/train/train/images/rolled-in_scale_220.jpg
Image hash 1049,PASS,data/NEU-CLS/train/train/images/rolled-in_scale_221.jpg
Image hash 1050,PASS,data/NEU-CLS/train/train/images/rolled-in_scale_222.jpg
Image hash 1051,PASS,data/NEU-CLS/train/train/images/rolled-in_scale_223.jpg
Image hash 1052,PASS,data/NEU-CLS/train/train/images/rolled-in_scale_224.jpg
Image hash 1053,PASS,data/NEU-CLS/train/train/images/rolled-in_scale_225.jpg
Image hash 1054,PASS,data/NEU-CLS/train/train/images/rolled-in_scale_226.jpg
Image hash 1055,PASS,data/NEU-CLS/train/train/images/rolled-in_scale_227.jpg
Image hash 1056,PASS,data/NEU-CLS/train/train/images/rolled-in_scale_228.jpg
Image hash 1057,PASS,data/NEU-CLS/train/train/images/rolled-in_scale_229.jpg
Image hash 1058,PASS,data/NEU-CLS/train/train/images/rolled-in_scale_23.jpg
Image hash 1059,PASS,data/NEU-CLS/train/train/images/rolled-in_scale_230.jpg
Image hash 1060,PASS,data/NEU-CLS/train/train/images/rolled-in_scale_231.jpg
Image hash 1061,PASS,data/NEU-CLS/train/train/images/rolled-in_scale_233.jpg
Image hash 1062,PASS,data/NEU-CLS/train/train/images/rolled-in_scale_234.jpg
Image hash 1063,PASS,data/NEU-CLS/train/train/images/rolled-in_scale_235.jpg
Image hash 1064,PASS,data/NEU-CLS/train/train/images/rolled-in_scale_237.jpg
Image hash 1065,PASS,data/NEU-CLS/train/train/images/rolled-in_scale_238.jpg
Image hash 1066,PASS,data/NEU-CLS/train/train/images/rolled-in_scale_239.jpg
Image hash 1067,PASS,data/NEU-CLS/train/train/images/rolled-in_scale_24.jpg
Image hash 1068,PASS,data/NEU-CLS/train/train/images/rolled-in_scale_240.jpg
Image hash 1069,PASS,data/NEU-CLS/train/train/images/rolled-in_scale_241.jpg
Image hash 1070,PASS,data/NEU-CLS/train/train/images/rolled-in_scale_243.jpg
Image hash 1071,PASS,data/NEU-CLS/train/train/images/rolled-in_scale_244.jpg
Image hash 1072,PASS,data/NEU-CLS/train/train/images/rolled-in_scale_247.jpg
Image hash 1073,PASS,data/NEU-CLS/train/train/images/rolled-in_scale_248.jpg
Image hash 1074,PASS,data/NEU-CLS/train/train/images/rolled-in_scale_25.jpg
Image hash 1075,PASS,data/NEU-CLS/train/train/images/rolled-in_scale_250.jpg
Image hash 1076,PASS,data/NEU-CLS/train/train/images/rolled-in_scale_251.jpg
Image hash 1077,PASS,data/NEU-CLS/train/train/images/rolled-in_scale_252.jpg
Image hash 1078,PASS,data/NEU-CLS/train/train/images/rolled-in_scale_253.jpg
Image hash 1079,PASS,data/NEU-CLS/train/train/images/rolled-in_scale_254.jpg
Image hash 1080,PASS,data/NEU-CLS/train/train/images/rolled-in_scale_256.jpg
Image hash 1081,PASS,data/NEU-CLS/train/train/images/rolled-in_scale_257.jpg
Image hash 1082,PASS,data/NEU-CLS/train/train/images/rolled-in_scale_258.jpg
Image hash 1083,PASS,data/NEU-CLS/train/train/images/rolled-in_scale_259.jpg
Image hash 1084,PASS,data/NEU-CLS/train/train/images/rolled-in_scale_26.jpg
Image hash 1085,PASS,data/NEU-CLS/train/train/images/rolled-in_scale_261.jpg
Image hash 1086,PASS,data/NEU-CLS/train/train/images/rolled-in_scale_262.jpg
Image hash 1087,PASS,data/NEU-CLS/train/train/images/rolled-in_scale_263.jpg
Image hash 1088,PASS,data/NEU-CLS/train/train/images/rolled-in_scale_265.jpg
Image hash 1089,PASS,data/NEU-CLS/train/train/images/rolled-in_scale_266.jpg
Image hash 1090,PASS,data/NEU-CLS/train/train/images/rolled-in_scale_267.jpg
Image hash 1091,PASS,data/NEU-CLS/train/train/images/rolled-in_scale_268.jpg
Image hash 1092,PASS,data/NEU-CLS/train/train/images/rolled-in_scale_269.jpg
Image hash 1093,PASS,data/NEU-CLS/train/train/images/rolled-in_scale_270.jpg
Image hash 1094,PASS,data/NEU-CLS/train/train/images/rolled-in_scale_271.jpg
Image hash 1095,PASS,data/NEU-CLS/train/train/images/rolled-in_scale_272.jpg
Image hash 1096,PASS,data/NEU-CLS/train/train/images/rolled-in_scale_273.jpg
Image hash 1097,PASS,data/NEU-CLS/train/train/images/rolled-in_scale_274.jpg
Image hash 1098,PASS,data/NEU-CLS/train/train/images/rolled-in_scale_275.jpg
Image hash 1099,PASS,data/NEU-CLS/train/train/images/rolled-in_scale_277.jpg
Image hash 1100,PASS,data/NEU-CLS/train/train/images/rolled-in_scale_279.jpg
Image hash 1101,PASS,data/NEU-CLS/train/train/images/rolled-in_scale_28.jpg
Image hash 1102,PASS,data/NEU-CLS/train/train/images/rolled-in_scale_280.jpg
Image hash 1103,PASS,data/NEU-CLS/train/train/images/rolled-in_scale_281.jpg
Image hash 1104,PASS,data/NEU-CLS/train/train/images/rolled-in_scale_283.jpg
Image hash 1105,PASS,data/NEU-CLS/train/train/images/rolled-in_scale_284.jpg
Image hash 1106,PASS,data/NEU-CLS/train/train/images/rolled-in_scale_285.jpg
Image hash 1107,PASS,data/NEU-CLS/train/train/images/rolled-in_scale_286.jpg
Image hash 1108,PASS,data/NEU-CLS/train/train/images/rolled-in_scale_287.jpg
Image hash 1109,PASS,data/NEU-CLS/train/train/images/rolled-in_scale_288.jpg
Image hash 1110,PASS,data/NEU-CLS/train/train/images/rolled-in_scale_289.jpg
Image hash 1111,PASS,data/NEU-CLS/train/train/images/rolled-in_scale_29.jpg
Image hash 1112,PASS,data/NEU-CLS/train/train/images/rolled-in_scale_290.jpg
Image hash 1113,PASS,data/NEU-CLS/train/train/images/rolled-in_scale_291.jpg
Image hash 1114,PASS,data/NEU-CLS/train/train/images/rolled-in_scale_292.jpg
Image hash 1115,PASS,data/NEU-CLS/train/train/images/rolled-in_scale_293.jpg
Image hash 1116,PASS,data/NEU-CLS/train/train/images/rolled-in_scale_295.jpg
Image hash 1117,PASS,data/NEU-CLS/train/train/images/rolled-in_scale_296.jpg
Image hash 1118,PASS,data/NEU-CLS/train/train/images/rolled-in_scale_297.jpg
Image hash 1119,PASS,data/NEU-CLS/train/train/images/rolled-in_scale_298.jpg
Image hash 1120,PASS,data/NEU-CLS/train/train/images/rolled-in_scale_299.jpg
Image hash 1121,PASS,data/NEU-CLS/train/train/images/rolled-in_scale_30.jpg
Image hash 1122,PASS,data/NEU-CLS/train/train/images/rolled-in_scale_32.jpg
Image hash 1123,PASS,data/NEU-CLS/train/train/images/rolled-in_scale_33.jpg
Image hash 1124,PASS,data/NEU-CLS/train/train/images/rolled-in_scale_35.jpg
Image hash 1125,PASS,data/NEU-CLS/train/train/images/rolled-in_scale_36.jpg
Image hash 1126,PASS,data/NEU-CLS/train/train/images/rolled-in_scale_38.jpg
Image hash 1127,PASS,data/NEU-CLS/train/train/images/rolled-in_scale_39.jpg
Image hash 1128,PASS,data/NEU-CLS/train/train/images/rolled-in_scale_40.jpg
Image hash 1129,PASS,data/NEU-CLS/train/train/images/rolled-in_scale_41.jpg
Image hash 1130,PASS,data/NEU-CLS/train/train/images/rolled-in_scale_43.jpg
Image hash 1131,PASS,data/NEU-CLS/train/train/images/rolled-in_scale_44.jpg
Image hash 1132,PASS,data/NEU-CLS/train/train/images/rolled-in_scale_45.jpg
Image hash 1133,PASS,data/NEU-CLS/train/train/images/rolled-in_scale_48.jpg
Image hash 1134,PASS,data/NEU-CLS/train/train/images/rolled-in_scale_49.jpg
Image hash 1135,PASS,data/NEU-CLS/train/train/images/rolled-in_scale_50.jpg
Image hash 1136,PASS,data/NEU-CLS/train/train/images/rolled-in_scale_51.jpg
Image hash 1137,PASS,data/NEU-CLS/train/train/images/rolled-in_scale_53.jpg
Image hash 1138,PASS,data/NEU-CLS/train/train/images/rolled-in_scale_54.jpg
Image hash 1139,PASS,data/NEU-CLS/train/train/images/rolled-in_scale_56.jpg
Image hash 1140,PASS,data/NEU-CLS/train/train/images/rolled-in_scale_59.jpg
Image hash 1141,PASS,data/NEU-CLS/train/train/images/rolled-in_scale_6.jpg
Image hash 1142,PASS,data/NEU-CLS/train/train/images/rolled-in_scale_60.jpg
Image hash 1143,PASS,data/NEU-CLS/train/train/images/rolled-in_scale_61.jpg
Image hash 1144,PASS,data/NEU-CLS/train/train/images/rolled-in_scale_64.jpg
Image hash 1145,PASS,data/NEU-CLS/train/train/images/rolled-in_scale_65.jpg
Image hash 1146,PASS,data/NEU-CLS/train/train/images/rolled-in_scale_66.jpg
Image hash 1147,PASS,data/NEU-CLS/train/train/images/rolled-in_scale_67.jpg
Image hash 1148,PASS,data/NEU-CLS/train/train/images/rolled-in_scale_68.jpg
Image hash 1149,PASS,data/NEU-CLS/train/train/images/rolled-in_scale_69.jpg
Image hash 1150,PASS,data/NEU-CLS/train/train/images/rolled-in_scale_71.jpg
Image hash 1151,PASS,data/NEU-CLS/train/train/images/rolled-in_scale_72.jpg
Image hash 1152,PASS,data/NEU-CLS/train/train/images/rolled-in_scale_73.jpg
Image hash 1153,PASS,data/NEU-CLS/train/train/images/rolled-in_scale_74.jpg
Image hash 1154,PASS,data/NEU-CLS/train/train/images/rolled-in_scale_75.jpg
Image hash 1155,PASS,data/NEU-CLS/train/train/images/rolled-in_scale_76.jpg
Image hash 1156,PASS,data/NEU-CLS/train/train/images/rolled-in_scale_77.jpg
Image hash 1157,PASS,data/NEU-CLS/train/train/images/rolled-in_scale_78.jpg
Image hash 1158,PASS,data/NEU-CLS/train/train/images/rolled-in_scale_79.jpg
Image hash 1159,PASS,data/NEU-CLS/train/train/images/rolled-in_scale_8.jpg
Image hash 1160,PASS,data/NEU-CLS/train/train/images/rolled-in_scale_80.jpg
Image hash 1161,PASS,data/NEU-CLS/train/train/images/rolled-in_scale_81.jpg
Image hash 1162,PASS,data/NEU-CLS/train/train/images/rolled-in_scale_82.jpg
Image hash 1163,PASS,data/NEU-CLS/train/train/images/rolled-in_scale_83.jpg
Image hash 1164,PASS,data/NEU-CLS/train/train/images/rolled-in_scale_84.jpg
Image hash 1165,PASS,data/NEU-CLS/train/train/images/rolled-in_scale_86.jpg
Image hash 1166,PASS,data/NEU-CLS/train/train/images/rolled-in_scale_87.jpg
Image hash 1167,PASS,data/NEU-CLS/train/train/images/rolled-in_scale_88.jpg
Image hash 1168,PASS,data/NEU-CLS/train/train/images/rolled-in_scale_89.jpg
Image hash 1169,PASS,data/NEU-CLS/train/train/images/rolled-in_scale_9.jpg
Image hash 1170,PASS,data/NEU-CLS/train/train/images/rolled-in_scale_90.jpg
Image hash 1171,PASS,data/NEU-CLS/train/train/images/rolled-in_scale_91.jpg
Image hash 1172,PASS,data/NEU-CLS/train/train/images/rolled-in_scale_93.jpg
Image hash 1173,PASS,data/NEU-CLS/train/train/images/rolled-in_scale_94.jpg
Image hash 1174,PASS,data/NEU-CLS/train/train/images/rolled-in_scale_95.jpg
Image hash 1175,PASS,data/NEU-CLS/train/train/images/rolled-in_scale_96.jpg
Image hash 1176,PASS,data/NEU-CLS/train/train/images/rolled-in_scale_97.jpg
Image hash 1177,PASS,data/NEU-CLS/train/train/images/rolled-in_scale_98.jpg
Image hash 1178,PASS,data/NEU-CLS/train/train/images/rolled-in_scale_99.jpg
Image hash 1179,PASS,data/NEU-CLS/train/train/images/scratches_10.jpg
Image hash 1180,PASS,data/NEU-CLS/train/train/images/scratches_100.jpg
Image hash 1181,PASS,data/NEU-CLS/train/train/images/scratches_102.jpg
Image hash 1182,PASS,data/NEU-CLS/train/train/images/scratches_104.jpg
Image hash 1183,PASS,data/NEU-CLS/train/train/images/scratches_105.jpg
Image hash 1184,PASS,data/NEU-CLS/train/train/images/scratches_106.jpg
Image hash 1185,PASS,data/NEU-CLS/train/train/images/scratches_108.jpg
Image hash 1186,PASS,data/NEU-CLS/train/train/images/scratches_109.jpg
Image hash 1187,PASS,data/NEU-CLS/train/train/images/scratches_11.jpg
Image hash 1188,PASS,data/NEU-CLS/train/train/images/scratches_110.jpg
Image hash 1189,PASS,data/NEU-CLS/train/train/images/scratches_111.jpg
Image hash 1190,PASS,data/NEU-CLS/train/train/images/scratches_112.jpg
Image hash 1191,PASS,data/NEU-CLS/train/train/images/scratches_113.jpg
Image hash 1192,PASS,data/NEU-CLS/train/train/images/scratches_114.jpg
Image hash 1193,PASS,data/NEU-CLS/train/train/images/scratches_115.jpg
Image hash 1194,PASS,data/NEU-CLS/train/train/images/scratches_116.jpg
Image hash 1195,PASS,data/NEU-CLS/train/train/images/scratches_118.jpg
Image hash 1196,PASS,data/NEU-CLS/train/train/images/scratches_119.jpg
Image hash 1197,PASS,data/NEU-CLS/train/train/images/scratches_12.jpg
Image hash 1198,PASS,data/NEU-CLS/train/train/images/scratches_120.jpg
Image hash 1199,PASS,data/NEU-CLS/train/train/images/scratches_122.jpg
Image hash 1200,PASS,data/NEU-CLS/train/train/images/scratches_123.jpg
Image hash 1201,PASS,data/NEU-CLS/train/train/images/scratches_126.jpg
Image hash 1202,PASS,data/NEU-CLS/train/train/images/scratches_127.jpg
Image hash 1203,PASS,data/NEU-CLS/train/train/images/scratches_128.jpg
Image hash 1204,PASS,data/NEU-CLS/train/train/images/scratches_129.jpg
Image hash 1205,PASS,data/NEU-CLS/train/train/images/scratches_13.jpg
Image hash 1206,PASS,data/NEU-CLS/train/train/images/scratches_130.jpg
Image hash 1207,PASS,data/NEU-CLS/train/train/images/scratches_131.jpg
Image hash 1208,PASS,data/NEU-CLS/train/train/images/scratches_134.jpg
Image hash 1209,PASS,data/NEU-CLS/train/train/images/scratches_136.jpg
Image hash 1210,PASS,data/NEU-CLS/train/train/images/scratches_137.jpg
Image hash 1211,PASS,data/NEU-CLS/train/train/images/scratches_138.jpg
Image hash 1212,PASS,data/NEU-CLS/train/train/images/scratches_139.jpg
Image hash 1213,PASS,data/NEU-CLS/train/train/images/scratches_14.jpg
Image hash 1214,PASS,data/NEU-CLS/train/train/images/scratches_140.jpg
Image hash 1215,PASS,data/NEU-CLS/train/train/images/scratches_142.jpg
Image hash 1216,PASS,data/NEU-CLS/train/train/images/scratches_143.jpg
Image hash 1217,PASS,data/NEU-CLS/train/train/images/scratches_144.jpg
Image hash 1218,PASS,data/NEU-CLS/train/train/images/scratches_145.jpg
Image hash 1219,PASS,data/NEU-CLS/train/train/images/scratches_146.jpg
Image hash 1220,PASS,data/NEU-CLS/train/train/images/scratches_147.jpg
Image hash 1221,PASS,data/NEU-CLS/train/train/images/scratches_149.jpg
Image hash 1222,PASS,data/NEU-CLS/train/train/images/scratches_15.jpg
Image hash 1223,PASS,data/NEU-CLS/train/train/images/scratches_150.jpg
Image hash 1224,PASS,data/NEU-CLS/train/train/images/scratches_151.jpg
Image hash 1225,PASS,data/NEU-CLS/train/train/images/scratches_152.jpg
Image hash 1226,PASS,data/NEU-CLS/train/train/images/scratches_156.jpg
Image hash 1227,PASS,data/NEU-CLS/train/train/images/scratches_157.jpg
Image hash 1228,PASS,data/NEU-CLS/train/train/images/scratches_158.jpg
Image hash 1229,PASS,data/NEU-CLS/train/train/images/scratches_159.jpg
Image hash 1230,PASS,data/NEU-CLS/train/train/images/scratches_16.jpg
Image hash 1231,PASS,data/NEU-CLS/train/train/images/scratches_161.jpg
Image hash 1232,PASS,data/NEU-CLS/train/train/images/scratches_162.jpg
Image hash 1233,PASS,data/NEU-CLS/train/train/images/scratches_163.jpg
Image hash 1234,PASS,data/NEU-CLS/train/train/images/scratches_165.jpg
Image hash 1235,PASS,data/NEU-CLS/train/train/images/scratches_166.jpg
Image hash 1236,PASS,data/NEU-CLS/train/train/images/scratches_167.jpg
Image hash 1237,PASS,data/NEU-CLS/train/train/images/scratches_168.jpg
Image hash 1238,PASS,data/NEU-CLS/train/train/images/scratches_169.jpg
Image hash 1239,PASS,data/NEU-CLS/train/train/images/scratches_17.jpg
Image hash 1240,PASS,data/NEU-CLS/train/train/images/scratches_170.jpg
Image hash 1241,PASS,data/NEU-CLS/train/train/images/scratches_171.jpg
Image hash 1242,PASS,data/NEU-CLS/train/train/images/scratches_173.jpg
Image hash 1243,PASS,data/NEU-CLS/train/train/images/scratches_174.jpg
Image hash 1244,PASS,data/NEU-CLS/train/train/images/scratches_175.jpg
Image hash 1245,PASS,data/NEU-CLS/train/train/images/scratches_176.jpg
Image hash 1246,PASS,data/NEU-CLS/train/train/images/scratches_177.jpg
Image hash 1247,PASS,data/NEU-CLS/train/train/images/scratches_178.jpg
Image hash 1248,PASS,data/NEU-CLS/train/train/images/scratches_179.jpg
Image hash 1249,PASS,data/NEU-CLS/train/train/images/scratches_181.jpg
Image hash 1250,PASS,data/NEU-CLS/train/train/images/scratches_182.jpg
Image hash 1251,PASS,data/NEU-CLS/train/train/images/scratches_183.jpg
Image hash 1252,PASS,data/NEU-CLS/train/train/images/scratches_184.jpg
Image hash 1253,PASS,data/NEU-CLS/train/train/images/scratches_185.jpg
Image hash 1254,PASS,data/NEU-CLS/train/train/images/scratches_186.jpg
Image hash 1255,PASS,data/NEU-CLS/train/train/images/scratches_187.jpg
Image hash 1256,PASS,data/NEU-CLS/train/train/images/scratches_19.jpg
Image hash 1257,PASS,data/NEU-CLS/train/train/images/scratches_190.jpg
Image hash 1258,PASS,data/NEU-CLS/train/train/images/scratches_191.jpg
Image hash 1259,PASS,data/NEU-CLS/train/train/images/scratches_192.jpg
Image hash 1260,PASS,data/NEU-CLS/train/train/images/scratches_193.jpg
Image hash 1261,PASS,data/NEU-CLS/train/train/images/scratches_195.jpg
Image hash 1262,PASS,data/NEU-CLS/train/train/images/scratches_197.jpg
Image hash 1263,PASS,data/NEU-CLS/train/train/images/scratches_198.jpg
Image hash 1264,PASS,data/NEU-CLS/train/train/images/scratches_199.jpg
Image hash 1265,PASS,data/NEU-CLS/train/train/images/scratches_20.jpg
Image hash 1266,PASS,data/NEU-CLS/train/train/images/scratches_200.jpg
Image hash 1267,PASS,data/NEU-CLS/train/train/images/scratches_201.jpg
Image hash 1268,PASS,data/NEU-CLS/train/train/images/scratches_203.jpg
Image hash 1269,PASS,data/NEU-CLS/train/train/images/scratches_204.jpg
Image hash 1270,PASS,data/NEU-CLS/train/train/images/scratches_205.jpg
Image hash 1271,PASS,data/NEU-CLS/train/train/images/scratches_206.jpg
Image hash 1272,PASS,data/NEU-CLS/train/train/images/scratches_207.jpg
Image hash 1273,PASS,data/NEU-CLS/train/train/images/scratches_209.jpg
Image hash 1274,PASS,data/NEU-CLS/train/train/images/scratches_21.jpg
Image hash 1275,PASS,data/NEU-CLS/train/train/images/scratches_212.jpg
Image hash 1276,PASS,data/NEU-CLS/train/train/images/scratches_213.jpg
Image hash 1277,PASS,data/NEU-CLS/train/train/images/scratches_214.jpg
Image hash 1278,PASS,data/NEU-CLS/train/train/images/scratches_215.jpg
Image hash 1279,PASS,data/NEU-CLS/train/train/images/scratches_216.jpg
Image hash 1280,PASS,data/NEU-CLS/train/train/images/scratches_217.jpg
Image hash 1281,PASS,data/NEU-CLS/train/train/images/scratches_218.jpg
Image hash 1282,PASS,data/NEU-CLS/train/train/images/scratches_219.jpg
Image hash 1283,PASS,data/NEU-CLS/train/train/images/scratches_220.jpg
Image hash 1284,PASS,data/NEU-CLS/train/train/images/scratches_221.jpg
Image hash 1285,PASS,data/NEU-CLS/train/train/images/scratches_222.jpg
Image hash 1286,PASS,data/NEU-CLS/train/train/images/scratches_224.jpg
Image hash 1287,PASS,data/NEU-CLS/train/train/images/scratches_225.jpg
Image hash 1288,PASS,data/NEU-CLS/train/train/images/scratches_226.jpg
Image hash 1289,PASS,data/NEU-CLS/train/train/images/scratches_227.jpg
Image hash 1290,PASS,data/NEU-CLS/train/train/images/scratches_228.jpg
Image hash 1291,PASS,data/NEU-CLS/train/train/images/scratches_229.jpg
Image hash 1292,PASS,data/NEU-CLS/train/train/images/scratches_23.jpg
Image hash 1293,PASS,data/NEU-CLS/train/train/images/scratches_232.jpg
Image hash 1294,PASS,data/NEU-CLS/train/train/images/scratches_233.jpg
Image hash 1295,PASS,data/NEU-CLS/train/train/images/scratches_234.jpg
Image hash 1296,PASS,data/NEU-CLS/train/train/images/scratches_235.jpg
Image hash 1297,PASS,data/NEU-CLS/train/train/images/scratches_236.jpg
Image hash 1298,PASS,data/NEU-CLS/train/train/images/scratches_237.jpg
Image hash 1299,PASS,data/NEU-CLS/train/train/images/scratches_238.jpg
Image hash 1300,PASS,data/NEU-CLS/train/train/images/scratches_239.jpg
Image hash 1301,PASS,data/NEU-CLS/train/train/images/scratches_24.jpg
Image hash 1302,PASS,data/NEU-CLS/train/train/images/scratches_240.jpg
Image hash 1303,PASS,data/NEU-CLS/train/train/images/scratches_241.jpg
Image hash 1304,PASS,data/NEU-CLS/train/train/images/scratches_242.jpg
Image hash 1305,PASS,data/NEU-CLS/train/train/images/scratches_243.jpg
Image hash 1306,PASS,data/NEU-CLS/train/train/images/scratches_245.jpg
Image hash 1307,PASS,data/NEU-CLS/train/train/images/scratches_246.jpg
Image hash 1308,PASS,data/NEU-CLS/train/train/images/scratches_247.jpg
Image hash 1309,PASS,data/NEU-CLS/train/train/images/scratches_248.jpg
Image hash 1310,PASS,data/NEU-CLS/train/train/images/scratches_249.jpg
Image hash 1311,PASS,data/NEU-CLS/train/train/images/scratches_25.jpg
Image hash 1312,PASS,data/NEU-CLS/train/train/images/scratches_250.jpg
Image hash 1313,PASS,data/NEU-CLS/train/train/images/scratches_251.jpg
Image hash 1314,PASS,data/NEU-CLS/train/train/images/scratches_252.jpg
Image hash 1315,PASS,data/NEU-CLS/train/train/images/scratches_254.jpg
Image hash 1316,PASS,data/NEU-CLS/train/train/images/scratches_255.jpg
Image hash 1317,PASS,data/NEU-CLS/train/train/images/scratches_256.jpg
Image hash 1318,PASS,data/NEU-CLS/train/train/images/scratches_257.jpg
Image hash 1319,PASS,data/NEU-CLS/train/train/images/scratches_258.jpg
Image hash 1320,PASS,data/NEU-CLS/train/train/images/scratches_261.jpg
Image hash 1321,PASS,data/NEU-CLS/train/train/images/scratches_262.jpg
Image hash 1322,PASS,data/NEU-CLS/train/train/images/scratches_263.jpg
Image hash 1323,PASS,data/NEU-CLS/train/train/images/scratches_264.jpg
Image hash 1324,PASS,data/NEU-CLS/train/train/images/scratches_265.jpg
Image hash 1325,PASS,data/NEU-CLS/train/train/images/scratches_266.jpg
Image hash 1326,PASS,data/NEU-CLS/train/train/images/scratches_267.jpg
Image hash 1327,PASS,data/NEU-CLS/train/train/images/scratches_268.jpg
Image hash 1328,PASS,data/NEU-CLS/train/train/images/scratches_269.jpg
Image hash 1329,PASS,data/NEU-CLS/train/train/images/scratches_27.jpg
Image hash 1330,PASS,data/NEU-CLS/train/train/images/scratches_270.jpg
Image hash 1331,PASS,data/NEU-CLS/train/train/images/scratches_271.jpg
Image hash 1332,PASS,data/NEU-CLS/train/train/images/scratches_272.jpg
Image hash 1333,PASS,data/NEU-CLS/train/train/images/scratches_273.jpg
Image hash 1334,PASS,data/NEU-CLS/train/train/images/scratches_274.jpg
Image hash 1335,PASS,data/NEU-CLS/train/train/images/scratches_275.jpg
Image hash 1336,PASS,data/NEU-CLS/train/train/images/scratches_277.jpg
Image hash 1337,PASS,data/NEU-CLS/train/train/images/scratches_28.jpg
Image hash 1338,PASS,data/NEU-CLS/train/train/images/scratches_280.jpg
Image hash 1339,PASS,data/NEU-CLS/train/train/images/scratches_281.jpg
Image hash 1340,PASS,data/NEU-CLS/train/train/images/scratches_282.jpg
Image hash 1341,PASS,data/NEU-CLS/train/train/images/scratches_283.jpg
Image hash 1342,PASS,data/NEU-CLS/train/train/images/scratches_284.jpg
Image hash 1343,PASS,data/NEU-CLS/train/train/images/scratches_286.jpg
Image hash 1344,PASS,data/NEU-CLS/train/train/images/scratches_287.jpg
Image hash 1345,PASS,data/NEU-CLS/train/train/images/scratches_288.jpg
Image hash 1346,PASS,data/NEU-CLS/train/train/images/scratches_289.jpg
Image hash 1347,PASS,data/NEU-CLS/train/train/images/scratches_29.jpg
Image hash 1348,PASS,data/NEU-CLS/train/train/images/scratches_290.jpg
Image hash 1349,PASS,data/NEU-CLS/train/train/images/scratches_291.jpg
Image hash 1350,PASS,data/NEU-CLS/train/train/images/scratches_292.jpg
Image hash 1351,PASS,data/NEU-CLS/train/train/images/scratches_293.jpg
Image hash 1352,PASS,data/NEU-CLS/train/train/images/scratches_296.jpg
Image hash 1353,PASS,data/NEU-CLS/train/train/images/scratches_298.jpg
Image hash 1354,PASS,data/NEU-CLS/train/train/images/scratches_299.jpg
Image hash 1355,PASS,data/NEU-CLS/train/train/images/scratches_30.jpg
Image hash 1356,PASS,data/NEU-CLS/train/train/images/scratches_300.jpg
Image hash 1357,PASS,data/NEU-CLS/train/train/images/scratches_31.jpg
Image hash 1358,PASS,data/NEU-CLS/train/train/images/scratches_32.jpg
Image hash 1359,PASS,data/NEU-CLS/train/train/images/scratches_33.jpg
Image hash 1360,PASS,data/NEU-CLS/train/train/images/scratches_36.jpg
Image hash 1361,PASS,data/NEU-CLS/train/train/images/scratches_37.jpg
Image hash 1362,PASS,data/NEU-CLS/train/train/images/scratches_38.jpg
Image hash 1363,PASS,data/NEU-CLS/train/train/images/scratches_39.jpg
Image hash 1364,PASS,data/NEU-CLS/train/train/images/scratches_40.jpg
Image hash 1365,PASS,data/NEU-CLS/train/train/images/scratches_41.jpg
Image hash 1366,PASS,data/NEU-CLS/train/train/images/scratches_42.jpg
Image hash 1367,PASS,data/NEU-CLS/train/train/images/scratches_43.jpg
Image hash 1368,PASS,data/NEU-CLS/train/train/images/scratches_44.jpg
Image hash 1369,PASS,data/NEU-CLS/train/train/images/scratches_45.jpg
Image hash 1370,PASS,data/NEU-CLS/train/train/images/scratches_46.jpg
Image hash 1371,PASS,data/NEU-CLS/train/train/images/scratches_47.jpg
Image hash 1372,PASS,data/NEU-CLS/train/train/images/scratches_48.jpg
Image hash 1373,PASS,data/NEU-CLS/train/train/images/scratches_50.jpg
Image hash 1374,PASS,data/NEU-CLS/train/train/images/scratches_52.jpg
Image hash 1375,PASS,data/NEU-CLS/train/train/images/scratches_53.jpg
Image hash 1376,PASS,data/NEU-CLS/train/train/images/scratches_55.jpg
Image hash 1377,PASS,data/NEU-CLS/train/train/images/scratches_56.jpg
Image hash 1378,PASS,data/NEU-CLS/train/train/images/scratches_57.jpg
Image hash 1379,PASS,data/NEU-CLS/train/train/images/scratches_58.jpg
Image hash 1380,PASS,data/NEU-CLS/train/train/images/scratches_6.jpg
Image hash 1381,PASS,data/NEU-CLS/train/train/images/scratches_61.jpg
Image hash 1382,PASS,data/NEU-CLS/train/train/images/scratches_62.jpg
Image hash 1383,PASS,data/NEU-CLS/train/train/images/scratches_63.jpg
Image hash 1384,PASS,data/NEU-CLS/train/train/images/scratches_64.jpg
Image hash 1385,PASS,data/NEU-CLS/train/train/images/scratches_65.jpg
Image hash 1386,PASS,data/NEU-CLS/train/train/images/scratches_67.jpg
Image hash 1387,PASS,data/NEU-CLS/train/train/images/scratches_7.jpg
Image hash 1388,PASS,data/NEU-CLS/train/train/images/scratches_71.jpg
Image hash 1389,PASS,data/NEU-CLS/train/train/images/scratches_72.jpg
Image hash 1390,PASS,data/NEU-CLS/train/train/images/scratches_74.jpg
Image hash 1391,PASS,data/NEU-CLS/train/train/images/scratches_76.jpg
Image hash 1392,PASS,data/NEU-CLS/train/train/images/scratches_77.jpg
Image hash 1393,PASS,data/NEU-CLS/train/train/images/scratches_78.jpg
Image hash 1394,PASS,data/NEU-CLS/train/train/images/scratches_79.jpg
Image hash 1395,PASS,data/NEU-CLS/train/train/images/scratches_8.jpg
Image hash 1396,PASS,data/NEU-CLS/train/train/images/scratches_80.jpg
Image hash 1397,PASS,data/NEU-CLS/train/train/images/scratches_81.jpg
Image hash 1398,PASS,data/NEU-CLS/train/train/images/scratches_82.jpg
Image hash 1399,PASS,data/NEU-CLS/train/train/images/scratches_83.jpg
Image hash 1400,PASS,data/NEU-CLS/train/train/images/scratches_84.jpg
Image hash 1401,PASS,data/NEU-CLS/train/train/images/scratches_85.jpg
Image hash 1402,PASS,data/NEU-CLS/train/train/images/scratches_86.jpg
Image hash 1403,PASS,data/NEU-CLS/train/train/images/scratches_87.jpg
Image hash 1404,PASS,data/NEU-CLS/train/train/images/scratches_88.jpg
Image hash 1405,PASS,data/NEU-CLS/train/train/images/scratches_89.jpg
Image hash 1406,PASS,data/NEU-CLS/train/train/images/scratches_9.jpg
Image hash 1407,PASS,data/NEU-CLS/train/train/images/scratches_90.jpg
Image hash 1408,PASS,data/NEU-CLS/train/train/images/scratches_92.jpg
Image hash 1409,PASS,data/NEU-CLS/train/train/images/scratches_93.jpg
Image hash 1410,PASS,data/NEU-CLS/train/train/images/scratches_94.jpg
Image hash 1411,PASS,data/NEU-CLS/train/train/images/scratches_95.jpg
Image hash 1412,PASS,data/NEU-CLS/train/train/images/scratches_96.jpg
Image hash 1413,PASS,data/NEU-CLS/train/train/images/scratches_97.jpg
Image hash 1414,PASS,data/NEU-CLS/train/train/images/scratches_98.jpg
Image hash 1415,PASS,data/NEU-CLS/train/train/images/scratches_99.jpg
Image hash 1416,PASS,data/NEU-CLS/valid/valid/images/crazing_1.jpg
Image hash 1417,PASS,data/NEU-CLS/valid/valid/images/crazing_2.jpg
Image hash 1418,PASS,data/NEU-CLS/valid/valid/images/crazing_4.jpg
Image hash 1419,PASS,data/NEU-CLS/valid/valid/images/crazing_5.jpg
Image hash 1420,PASS,data/NEU-CLS/valid/valid/images/inclusion_1.jpg
Image hash 1421,PASS,data/NEU-CLS/valid/valid/images/inclusion_3.jpg
Image hash 1422,PASS,data/NEU-CLS/valid/valid/images/inclusion_4.jpg
Image hash 1423,PASS,data/NEU-CLS/valid/valid/images/inclusion_5.jpg
Image hash 1424,PASS,data/NEU-CLS/valid/valid/images/patches_2.jpg
Image hash 1425,PASS,data/NEU-CLS/valid/valid/images/patches_3.jpg
Image hash 1426,PASS,data/NEU-CLS/valid/valid/images/patches_4.jpg
Image hash 1427,PASS,data/NEU-CLS/valid/valid/images/patches_5.jpg
Image hash 1428,PASS,data/NEU-CLS/valid/valid/images/pitted_surface_1.jpg
Image hash 1429,PASS,data/NEU-CLS/valid/valid/images/pitted_surface_3.jpg
Image hash 1430,PASS,data/NEU-CLS/valid/valid/images/pitted_surface_4.jpg
Image hash 1431,PASS,data/NEU-CLS/valid/valid/images/rolled-in_scale_1.jpg
Image hash 1432,PASS,data/NEU-CLS/valid/valid/images/rolled-in_scale_2.jpg
Image hash 1433,PASS,data/NEU-CLS/valid/valid/images/rolled-in_scale_3.jpg
Image hash 1434,PASS,data/NEU-CLS/valid/valid/images/rolled-in_scale_4.jpg
Image hash 1435,PASS,data/NEU-CLS/valid/valid/images/rolled-in_scale_5.jpg
Image hash 1436,PASS,data/NEU-CLS/valid/valid/images/scratches_2.jpg
Image hash 1437,PASS,data/NEU-CLS/valid/valid/images/scratches_4.jpg
Image hash 1438,PASS,data/NEU-CLS/valid/valid/images/scratches_5.jpg
All and only development images loaded,PASS,
Six finite logits and finite gradients,PASS,
Same-seed synthetic update reproducible,PASS,
Captum synthetic LayerGradCam compatibility,PASS,
Fold 0: best checkpoint reproduced,PASS,
Fold 0: no repeated OOF predictions,PASS,
Fold 0: checkpoint epoch selection,PASS,
Fold 1: best checkpoint reproduced,PASS,
Fold 1: no repeated OOF predictions,PASS,
Fold 1: checkpoint epoch selection,PASS,
Fold 2: best checkpoint reproduced,PASS,
Fold 2: no repeated OOF predictions,PASS,
Fold 2: checkpoint epoch selection,PASS,
Fold 3: best checkpoint reproduced,PASS,
Fold 3: no repeated OOF predictions,PASS,
Fold 3: checkpoint epoch selection,PASS,
Fold 4: best checkpoint reproduced,PASS,
Fold 4: no repeated OOF predictions,PASS,
Fold 4: checkpoint epoch selection,PASS,
All five folds completed,PASS,
Exactly one selected validation prediction per development image,PASS,
Classical comparison includes five matching folds,PASS,
Final checkpoint round-trip logits identical,PASS,
Five-fold result table complete,PASS,
Metrics and histories finite,PASS,
Training stayed within declared epoch bounds,PASS,
Logged image opens are development only,PASS,
Validation registry contains only development rows,PASS,
All preparation and comparison artefacts unchanged,PASS,
All development raw files unchanged,PASS,
Fold 0 checkpoint persisted,PASS,
Fold 1 checkpoint persisted,PASS,
Fold 2 checkpoint persisted,PASS,
Fold 3 checkpoint persisted,PASS,
Fold 4 checkpoint persisted,PASS,
