path,filename,class_name,label_source,extension,sha256,pixel_sha256,is_duplicate,duplicate_group,canonical_path,include_in_modelling,exclusion_reason,split
data/NEU-CLS/train/train/images/crazing_10.jpg,crazing_10.jpg,crazing,filename_prefix,.jpg,522352a6c3532d45a64184b7b1435a74e8cdb732ebdc8e062ced67fa737cf63c,8d5ff9aaebda7a1c9cd16ed59074b9054e57943bbfe9b364d94a17bf49417aab,False,,data/NEU-CLS/train/train/images/crazing_10.jpg,True,,development
data/NEU-CLS/train/train/images/crazing_100.jpg,crazing_100.jpg,crazing,filename_prefix,.jpg,9d0d09aec1914e8bdc876052f357c8d898acfe38d1f9eae835944e5de432f969,bc47338e7028bbf4e7b8d44baff49922cfc6c611072b791561d43e5fdb8f5232,False,,data/NEU-CLS/train/train/images/crazing_100.jpg,True,,test
data/NEU-CLS/train/train/images/crazing_101.jpg,crazing_101.jpg,crazing,filename_prefix,.jpg,0c4ccbfd539aa9d0a151f25b3e798fbad36d2a3532218bcc5c313f06c2c1dda4,92a033647ee0fa357ea409fd7bea9dbd30e4704495e3c97da77acfb2390dc163,False,,data/NEU-CLS/train/train/images/crazing_101.jpg,True,,development
data/NEU-CLS/train/train/images/crazing_102.jpg,crazing_102.jpg,crazing,filename_prefix,.jpg,b4e276eb131f61b44084d0c06640b00cbaecbffb48d3a8f3120d7aaa5cc84a53,67280b2f1851275397e12a11c0b82f61750f70e8f42328e2abc577f4ec55460c,False,,data/NEU-CLS/train/train/images/crazing_102.jpg,True,,test
data/NEU-CLS/train/train/images/crazing_103.jpg,crazing_103.jpg,crazing,filename_prefix,.jpg,244204c49439f6b663a277e2e8c65344e0f2e51b5c3c763fa02a3ae925933f64,89b7252ad710ae3fc899ad3a64e24f38b928e023ceac6b4641adc992a25a40ae,False,,data/NEU-CLS/train/train/images/crazing_103.jpg,True,,development
data/NEU-CLS/train/train/images/crazing_104.jpg,crazing_104.jpg,crazing,filename_prefix,.jpg,1b60cd12649d9a695a693be42c29b1b3837fe81788b923a37546f6505b4e221c,43228264da1a173826a7085385cd911dfe16feff1715fa8853273ef321b1b460,False,,data/NEU-CLS/train/train/images/crazing_104.jpg,True,,development
data/NEU-CLS/train/train/images/crazing_105.jpg,crazing_105.jpg,crazing,filename_prefix,.jpg,1163a4f6e0a9f9fc950748e1abe52b6c6fc6d8253d13fb36af3c90e78aaee884,ae2092721c6ab981dbbb9ed36ccccf1375090b0a65aa822157c3e5657272b0fd,False,,data/NEU-CLS/train/train/images/crazing_105.jpg,True,,development
data/NEU-CLS/train/train/images/crazing_106.jpg,crazing_106.jpg,crazing,filename_prefix,.jpg,1dc8951b8ea88596d00487e98772e8c2a5403940e94772ae5ee7363e4718a287,9445f720e25daf830ac1239ed357ff4014462c8cd8caf018499a354374355437,False,,data/NEU-CLS/train/train/images/crazing_106.jpg,True,,development
data/NEU-CLS/train/train/images/crazing_107.jpg,crazing_107.jpg,crazing,filename_prefix,.jpg,e1bddbbe0200853e17a71649a61eb6867286847f6a532e270769d4f345e183ed,d51c70eef886e8ce940a7af416bb755b2b1df8850a8bd7f984f2231a864bc3d5,False,,data/NEU-CLS/train/train/images/crazing_107.jpg,True,,development
data/NEU-CLS/train/train/images/crazing_108.jpg,crazing_108.jpg,crazing,filename_prefix,.jpg,f3fa6a34aecaa1af2e1e31c2359b1d730f450c166377a622ef29f85848c26c54,b94017fd9f7b4c668e6d8500aa93b2519b75febfd76b4c316ce4fc50aeb33bc5,False,,data/NEU-CLS/train/train/images/crazing_108.jpg,True,,development
data/NEU-CLS/train/train/images/crazing_109.jpg,crazing_109.jpg,crazing,filename_prefix,.jpg,798ada3a99c5c1d694902dbe04a9b74f834f9b21f1c7477eeefede49256dce06,63a230c83cc5bf43f93614a39a2aa87bade21076018a93b0c879d45b145e133f,False,,data/NEU-CLS/train/train/images/crazing_109.jpg,True,,development
data/NEU-CLS/train/train/images/crazing_11.jpg,crazing_11.jpg,crazing,filename_prefix,.jpg,dd961ee1c4139335b50ffa9ba2c6b8d366d92c82107b3fc0b8ed6f3957db6f3c,17ef757ad76c1d64bd03786898ffcfdd3774c0cc026455683cb8acfce348bc21,False,,data/NEU-CLS/train/train/images/crazing_11.jpg,True,,development
data/NEU-CLS/train/train/images/crazing_110.jpg,crazing_110.jpg,crazing,filename_prefix,.jpg,7ee07aebfe8997bd5c57f958e494b9468fd788b10a73a7f390e777e7602f938d,259b3d8ddd338716a9851c1b984fa89ef0b94080fbbedde7b3aeccf06382da9e,False,,data/NEU-CLS/train/train/images/crazing_110.jpg,True,,development
data/NEU-CLS/train/train/images/crazing_111.jpg,crazing_111.jpg,crazing,filename_prefix,.jpg,28e8357c2731740ea42757c69d52e9308119cda379da601a8fbd63bb83b68962,7183be010befa85c2c9cdf1caf22bb54213c3770414796e1f5d442074d0ea2cb,False,,data/NEU-CLS/train/train/images/crazing_111.jpg,True,,test
data/NEU-CLS/train/train/images/crazing_112.jpg,crazing_112.jpg,crazing,filename_prefix,.jpg,851ad33e391aae4854136029058467881d156d4318714c60542f5d2acc4cfcec,c86a090c47c356c7727b05a12be04302e32641743caedbec8af6f0958e226823,False,,data/NEU-CLS/train/train/images/crazing_112.jpg,True,,test
data/NEU-CLS/train/train/images/crazing_113.jpg,crazing_113.jpg,crazing,filename_prefix,.jpg,d3b215c4e9bdac856fce33b9c59029583439010135c26d9e75adc24744594d32,4f2bb94aaababe10c77d87e16c9fab5e39f75e94299aec97d222c555cf6cd586,False,,data/NEU-CLS/train/train/images/crazing_113.jpg,True,,development
data/NEU-CLS/train/train/images/crazing_114.jpg,crazing_114.jpg,crazing,filename_prefix,.jpg,bfbf237d5d9cdd29527db2d4c2a7d825d3cbcf8a188977f812917b6b49519781,d34c2859d2d0425b23d8d357e68bf35be574b8b13591e1730e7c075df40d106c,False,,data/NEU-CLS/train/train/images/crazing_114.jpg,True,,development
data/NEU-CLS/train/train/images/crazing_115.jpg,crazing_115.jpg,crazing,filename_prefix,.jpg,778fb5214ca3559c563dc5f7e498f51285f45fa4fae0e04db78206b3b9c4304d,39a8436a9c009b7cd81a2f6ec8b2978442a480e999887ef5d6edeaa35030844e,False,,data/NEU-CLS/train/train/images/crazing_115.jpg,True,,development
data/NEU-CLS/train/train/images/crazing_116.jpg,crazing_116.jpg,crazing,filename_prefix,.jpg,941e6bd4be28f83dc5892c69fbca178867d385d6088d0310c942ebdefb9f8b59,3c5bdae3941dca26bb4942e9dad149bf5ed9f60781975e03e2c88b519c8fd24e,False,,data/NEU-CLS/train/train/images/crazing_116.jpg,True,,development
data/NEU-CLS/train/train/images/crazing_117.jpg,crazing_117.jpg,crazing,filename_prefix,.jpg,20db791a37ebb26f078cf8575568a3b147256ba5477fed59fb9755db7e9ca3c4,f63bfd7cad09f4065ceb34ad459730176b08bdbea34b3d1c20530164760af231,False,,data/NEU-CLS/train/train/images/crazing_117.jpg,True,,development
data/NEU-CLS/train/train/images/crazing_118.jpg,crazing_118.jpg,crazing,filename_prefix,.jpg,f9c42b5730267693e831f3286b900e8df2eca14441380c75975e0e1ac10ffcd9,0afba24e74e2cee0e2e0aa366e559734cc96d401bc115cecb89dfb62a6e79b3e,False,,data/NEU-CLS/train/train/images/crazing_118.jpg,True,,test
data/NEU-CLS/train/train/images/crazing_119.jpg,crazing_119.jpg,crazing,filename_prefix,.jpg,812c159da60d62e21e3c1e56b720385cd0b0a2c5dbdd19503612b355915e433e,23eebd23fd745dde12f1001dc4f3c31a8d7017776f7d0ee832b81a133e839a5e,False,,data/NEU-CLS/train/train/images/crazing_119.jpg,True,,test
data/NEU-CLS/train/train/images/crazing_12.jpg,crazing_12.jpg,crazing,filename_prefix,.jpg,13311f667aec82e20670265337866b50a4a546dd6845f3700fda088c0172afeb,68b74f9865785a6831146e0d7e596d4c2664250a2eb83dfe8233e29f7264f6b6,False,,data/NEU-CLS/train/train/images/crazing_12.jpg,True,,development
data/NEU-CLS/train/train/images/crazing_120.jpg,crazing_120.jpg,crazing,filename_prefix,.jpg,9e88d467b31b526f0cf3732264d72af070365a87edfcbcccbe0f9a3845a30974,ed16abe5cb9c426ab788541b9ecc85fccf6a771cc926c30eda41467fb6c9c5c0,False,,data/NEU-CLS/train/train/images/crazing_120.jpg,True,,development
data/NEU-CLS/train/train/images/crazing_121.jpg,crazing_121.jpg,crazing,filename_prefix,.jpg,e8a92b1981daca6071464cad61b03a41cabe33e921d01d4c12ccc767576457c0,eaa3921819dcd970944def8229884344d086959e60521cc3b7f5b244a4e17090,False,,data/NEU-CLS/train/train/images/crazing_121.jpg,True,,development
data/NEU-CLS/train/train/images/crazing_122.jpg,crazing_122.jpg,crazing,filename_prefix,.jpg,1e6cb35c14532fa7d1a47012c2a6c0b5117eaf6f8ece0870a12b4d0a7b3e2bee,1b0fbe68b3ab4f1ecb01bcb8ad905814a510e5235c0366867db61902c8e899d9,False,,data/NEU-CLS/train/train/images/crazing_122.jpg,True,,development
data/NEU-CLS/train/train/images/crazing_123.jpg,crazing_123.jpg,crazing,filename_prefix,.jpg,bb2020c554decdfbc6a8499e2d9179781e2aa3427f31d48c626a3da367abb15e,918a4c048fb1d4c8289202d0725f6c188221d73cc2eecc2a3748311fa7c2bc56,False,,data/NEU-CLS/train/train/images/crazing_123.jpg,True,,development
data/NEU-CLS/train/train/images/crazing_124.jpg,crazing_124.jpg,crazing,filename_prefix,.jpg,25e1b0b087e53166451ae14ea9f8c46959c156f0560cdb253abddf6c9eedace7,f71c50d8f09b85b1c2ef4943084a56d70ba16e8bb41d9fe6019a127bf0fbf60b,False,,data/NEU-CLS/train/train/images/crazing_124.jpg,True,,development
data/NEU-CLS/train/train/images/crazing_125.jpg,crazing_125.jpg,crazing,filename_prefix,.jpg,efb63be3add2d88ca121a33a77e39955b14f3ab32917896a98a8923f3c838dbd,3d8fc1c5e039ee4f5f9b2e8264d54f8c22d589a58462a8d24dbda9e573f56345,False,,data/NEU-CLS/train/train/images/crazing_125.jpg,True,,development
data/NEU-CLS/train/train/images/crazing_126.jpg,crazing_126.jpg,crazing,filename_prefix,.jpg,16db7a20320de7c04fd4d40701bee6caca636d7d436bc642075d07b38dd43f29,32a2fa0ce6b069f12ee07532241cff56f9e0fb979c5aa19b084f1596d1c3946a,False,,data/NEU-CLS/train/train/images/crazing_126.jpg,True,,development
data/NEU-CLS/train/train/images/crazing_127.jpg,crazing_127.jpg,crazing,filename_prefix,.jpg,a223d7201459a1206bec6a6ddedaa5297d2e0ce54ac31659b394cba23352e98f,5343cca49a86bb96cb026fb4f98f6a34d584d4f78c6f8db81b22ad6a24386849,False,,data/NEU-CLS/train/train/images/crazing_127.jpg,True,,development
data/NEU-CLS/train/train/images/crazing_128.jpg,crazing_128.jpg,crazing,filename_prefix,.jpg,6c9f506429318b9eda3235d4fdbb150fbf81c5cca42fd2213ca9a88a01377402,d6ebc917ac443ad666be22cc40c4d719e2777eca2305f97baa703ecb5c49ddac,False,,data/NEU-CLS/train/train/images/crazing_128.jpg,True,,development
data/NEU-CLS/train/train/images/crazing_129.jpg,crazing_129.jpg,crazing,filename_prefix,.jpg,a466019aae3e0d4a5324e0bd2a9c1d8298eb113b7792f90354ee400a59574a7c,88ae29ab85df684ac69b1eef99e7a863275c7a04bcb0228b6dfa7d2694f48400,False,,data/NEU-CLS/train/train/images/crazing_129.jpg,True,,development
data/NEU-CLS/train/train/images/crazing_13.jpg,crazing_13.jpg,crazing,filename_prefix,.jpg,428a5d25cf2fa0487cf9737d637ad160008c0b3ca84e7dab89c0f93dae83c7a2,2879ca99b81dd1c4eee880a094fc9721238d6ae31f9f7a5dd20785466d9e8f26,False,,data/NEU-CLS/train/train/images/crazing_13.jpg,True,,development
data/NEU-CLS/train/train/images/crazing_130.jpg,crazing_130.jpg,crazing,filename_prefix,.jpg,79cef251160019422e3e4fec09c37bb0376574018990d604c505188f50e879c3,e73f8359ecbd4e14b4d7f17b6e1be967ea1dac875947e78ddc50901e5482bf5b,False,,data/NEU-CLS/train/train/images/crazing_130.jpg,True,,test
data/NEU-CLS/train/train/images/crazing_131.jpg,crazing_131.jpg,crazing,filename_prefix,.jpg,d5d3daf656fa4d7c7a66cdccbe90b7b1eed94725446f6b228f02620deabeb64a,f022501d7c3edb21647bb9be1752ba5710b3b1f6f0a8120490d82eb1b1ccf353,False,,data/NEU-CLS/train/train/images/crazing_131.jpg,True,,development
data/NEU-CLS/train/train/images/crazing_132.jpg,crazing_132.jpg,crazing,filename_prefix,.jpg,311f5cb186dcaa5163d470088ede7e45948c0b0a2ee6be5d6711cf32e61639b2,4cb1c92c73eb50f784ad7d9c554a4930f4a8d0730f407b5f36a7082f20302fb2,False,,data/NEU-CLS/train/train/images/crazing_132.jpg,True,,development
data/NEU-CLS/train/train/images/crazing_133.jpg,crazing_133.jpg,crazing,filename_prefix,.jpg,81511a77a5cd85d208c411bd87242168bc80b652706e07461071b5596bb459b6,7f7e796c7478a1798fd8608e775cded8e1fb45073a6a61b2804f16b3a9173b57,False,,data/NEU-CLS/train/train/images/crazing_133.jpg,True,,development
data/NEU-CLS/train/train/images/crazing_134.jpg,crazing_134.jpg,crazing,filename_prefix,.jpg,35fa0a639b596f8fb7be7e69b10bd3369913d7a3ccab83a5871da2ab32709747,97ca8323c7e172d6ffe3bf80170bb18e58da73a7cc5c6609f82de616e62c079d,False,,data/NEU-CLS/train/train/images/crazing_134.jpg,True,,development
data/NEU-CLS/train/train/images/crazing_135.jpg,crazing_135.jpg,crazing,filename_prefix,.jpg,6173b9bd597a0b8cf594b5e257a1c4912568f786966dae96e59dd5ebc1821ff5,92bbdc84a864124f2c6c6179718c90cb41164c5932a0d11fb4baa42be0f9f8c6,False,,data/NEU-CLS/train/train/images/crazing_135.jpg,True,,development
data/NEU-CLS/train/train/images/crazing_136.jpg,crazing_136.jpg,crazing,filename_prefix,.jpg,e21ec9cc6273ca4729a58a991368b5b66c6cd7b05b945bb1d0725fb48987a2e7,c8aab8f7980943f276649d650d230d6505f0ff54aa55af0e4c2451b41903843d,False,,data/NEU-CLS/train/train/images/crazing_136.jpg,True,,development
data/NEU-CLS/train/train/images/crazing_137.jpg,crazing_137.jpg,crazing,filename_prefix,.jpg,cf573f466bc44d4cb0316eb3c661b8bc44776fe186ba237bdfbc4e5011cadd2a,3f9db922d4ff24925c34cb05edca7cd853f824beff2f5517f95de6fc83fa5215,False,,data/NEU-CLS/train/train/images/crazing_137.jpg,True,,development
data/NEU-CLS/train/train/images/crazing_138.jpg,crazing_138.jpg,crazing,filename_prefix,.jpg,b30b127032406ef0d87df5e1c227ec9b37074254ae9dede42dda31a94ebf8565,94971ec54120df7002afb141cad20bf1825e53c686de2eef230168fd861256c1,False,,data/NEU-CLS/train/train/images/crazing_138.jpg,True,,development
data/NEU-CLS/train/train/images/crazing_139.jpg,crazing_139.jpg,crazing,filename_prefix,.jpg,b73e2cec62b9478c3ad32b6081d7a87c7dd5da7d8b5a44b2d0f29cd7ceba2ed7,79561683259e8629c15d97f802f5514a1aa618d1617c6bb82693a1a63a584e61,False,,data/NEU-CLS/train/train/images/crazing_139.jpg,True,,test
data/NEU-CLS/train/train/images/crazing_14.jpg,crazing_14.jpg,crazing,filename_prefix,.jpg,97c5efc6fcc1e2ff1279718c15554e2a3681b95c8f70ad6603f6264f6ea5e660,aa1278e8a0b9e6a4b405638f3c11e28f31760aad78d8792105d3d4a782cdd1cc,False,,data/NEU-CLS/train/train/images/crazing_14.jpg,True,,development
data/NEU-CLS/train/train/images/crazing_140.jpg,crazing_140.jpg,crazing,filename_prefix,.jpg,e93030abf5c2b941529e6b105767aa0a6edd92b18c96792a2ef07865c39d7253,58c4d567afc661168aa726c9af27acd005411ea7d7f193e87371ab753600334b,False,,data/NEU-CLS/train/train/images/crazing_140.jpg,True,,development
data/NEU-CLS/train/train/images/crazing_141.jpg,crazing_141.jpg,crazing,filename_prefix,.jpg,57fc38c627bf90303f8a6463748416de11212a5d0b5914e68403da487755269c,80267d1cb44b74ec3295b84257399bef30a66fde8457b9fb8dd33c5522343e96,False,,data/NEU-CLS/train/train/images/crazing_141.jpg,True,,development
data/NEU-CLS/train/train/images/crazing_142.jpg,crazing_142.jpg,crazing,filename_prefix,.jpg,9dcca212ac2d94a88e9a5ad3131ffd21ce83d27a5942af15890c0fabcb8c7d1a,0b6d352168d11976198cb139beb79215e17b6e45951b0c913a87c5325c4c0722,False,,data/NEU-CLS/train/train/images/crazing_142.jpg,True,,test
data/NEU-CLS/train/train/images/crazing_143.jpg,crazing_143.jpg,crazing,filename_prefix,.jpg,eb154bae7ada35115e9bb8d2c2a8f9e4d87ab5c9d2b48aaa331814aa62eca3a5,505bc23f5fe6b28f9eef26d90f3cba952ecaa81a833ededc92e1d38dc2dccc7e,False,,data/NEU-CLS/train/train/images/crazing_143.jpg,True,,test
data/NEU-CLS/train/train/images/crazing_144.jpg,crazing_144.jpg,crazing,filename_prefix,.jpg,e4a2071037607429d8d859c4b0f3b81141e5e6a450d33831f4a83d5fb240e66b,3e0d3275dd1c0e06be2f554df7e2ed70657f7d89a552603c5c8a77b1b47bf7b1,False,,data/NEU-CLS/train/train/images/crazing_144.jpg,True,,test
data/NEU-CLS/train/train/images/crazing_145.jpg,crazing_145.jpg,crazing,filename_prefix,.jpg,c91b2e3ee3b1a86d955389405bb97e16922d410df54f3fbddb5cf5f4a8bdb16b,c47276a2b05216471b6a8b8eb38849815b946c4497d73fbcfe31d5dc54c77145,False,,data/NEU-CLS/train/train/images/crazing_145.jpg,True,,test
data/NEU-CLS/train/train/images/crazing_146.jpg,crazing_146.jpg,crazing,filename_prefix,.jpg,4bb4d14eeb2ab476b79177cc7bbc57436daf376a3d4ce0f098107e5efb111ee4,3fe1860273c1574181294a52e0b4465034bad40864ce4de03b572b3e47f8c466,False,,data/NEU-CLS/train/train/images/crazing_146.jpg,True,,development
data/NEU-CLS/train/train/images/crazing_147.jpg,crazing_147.jpg,crazing,filename_prefix,.jpg,bff0d186bc10a8a65572e9239920d7efa4a39addccf0f3451b59abb35b1a23d7,079cbbc1daec41222d352c84d2edd00ce44b248d872ccfec754d6e3873e39bad,False,,data/NEU-CLS/train/train/images/crazing_147.jpg,True,,test
data/NEU-CLS/train/train/images/crazing_148.jpg,crazing_148.jpg,crazing,filename_prefix,.jpg,0f4369b2b9aaea4e843cf4c6a169aa6fadff8fba16abe3e9a1c109a7e2ec7071,4fc04615ce189043e5c84517afa0c34513b44da26a221eabc2241ff06c40ab45,False,,data/NEU-CLS/train/train/images/crazing_148.jpg,True,,test
data/NEU-CLS/train/train/images/crazing_149.jpg,crazing_149.jpg,crazing,filename_prefix,.jpg,de6c4056279bc72e580ebdc50ade0d28fa020272b1be34f77588425071f8f0bd,3eced6d15d4540a011c250f7333a34431a3ea66572946358d012f9f6cf8f7500,False,,data/NEU-CLS/train/train/images/crazing_149.jpg,True,,test
data/NEU-CLS/train/train/images/crazing_15.jpg,crazing_15.jpg,crazing,filename_prefix,.jpg,466fc481bd3e6d378058b4aa9a4a4612e27da31a6a1844fe9d863e85ab47a5e8,ee688a2e87e184537821e990b9b729b0108933ef5fd3000b22909e31004ee8a4,False,,data/NEU-CLS/train/train/images/crazing_15.jpg,True,,development
data/NEU-CLS/train/train/images/crazing_150.jpg,crazing_150.jpg,crazing,filename_prefix,.jpg,78bad28f4e809d41a679584659abb94911736b7a86bec2ebbfda83492965a818,0547933d051bdf1734b7c093ea824c3cc9dfef69e925189a259b10f4aa1880f0,False,,data/NEU-CLS/train/train/images/crazing_150.jpg,True,,development
data/NEU-CLS/train/train/images/crazing_151.jpg,crazing_151.jpg,crazing,filename_prefix,.jpg,2f0f486f51c31a7c7e5f1f5b0755537f18372c61c55b0a09bc7dadc8971262b8,e9ba6c32279cfbeaa370f8ba7ee29862f8f443405f078952ad1e7c05255b3ef4,False,,data/NEU-CLS/train/train/images/crazing_151.jpg,True,,development
data/NEU-CLS/train/train/images/crazing_152.jpg,crazing_152.jpg,crazing,filename_prefix,.jpg,7e68d49434009772b394535968ea15d8f1c9707c945d99e47a00eeeaace46960,8392a09019f3b2c0d0ec818b32aa01a2b4ff1390577e892a97ebe9dfa03d6dc4,False,,data/NEU-CLS/train/train/images/crazing_152.jpg,True,,test
data/NEU-CLS/train/train/images/crazing_153.jpg,crazing_153.jpg,crazing,filename_prefix,.jpg,9568a72ddc882108a6defe0f6bb2600e22e278f2e684716b9c563dc810b33bac,1c941a9de43b66840c35156f24edd4dfbbb5449fd3ebf0271a0b085b41fffce4,False,,data/NEU-CLS/train/train/images/crazing_153.jpg,True,,development
data/NEU-CLS/train/train/images/crazing_154.jpg,crazing_154.jpg,crazing,filename_prefix,.jpg,dcda48b1fa04518744e30db7a378702fbc77baebc2db6c03e4d9c4f9ecb14565,1e199b934c98147be2a6203d861b457b4528abfa39f795a11eb7c135f4b63263,False,,data/NEU-CLS/train/train/images/crazing_154.jpg,True,,development
data/NEU-CLS/train/train/images/crazing_155.jpg,crazing_155.jpg,crazing,filename_prefix,.jpg,af9f0321f3acedf982a652f5f2e9310a783d3ec890c80e4228a66646e9afced4,25c11d691f0e081e7af18919c76e87271264e400d59a7f3bd4e78699b3172878,False,,data/NEU-CLS/train/train/images/crazing_155.jpg,True,,development
data/NEU-CLS/train/train/images/crazing_156.jpg,crazing_156.jpg,crazing,filename_prefix,.jpg,ce6c5cb055c2710fc0169e3ac58c54985b176f0da300b60c00e08ae8f3a9dd1b,a7abae2902fa87a75da8ad8915416a04b70ee3c1360ee2576b51d6c19bb85004,False,,data/NEU-CLS/train/train/images/crazing_156.jpg,True,,development
data/NEU-CLS/train/train/images/crazing_157.jpg,crazing_157.jpg,crazing,filename_prefix,.jpg,c50b115700ed6408936e788e261d4243480380e3793a2fd0d25c2a91419a2b23,f345f5b60bbdc42c3bdb37747e93a9cd1242cba0f920aef077a52e8ca69edb82,False,,data/NEU-CLS/train/train/images/crazing_157.jpg,True,,development
data/NEU-CLS/train/train/images/crazing_158.jpg,crazing_158.jpg,crazing,filename_prefix,.jpg,525d70534373c48ced12e1bc6d8923488f5a7db80a925f98d9afbb34cff5d507,fefb90d20cfa3a19623c8fa44368933413de2b816904b9530f5b2daced33d1d0,False,,data/NEU-CLS/train/train/images/crazing_158.jpg,True,,development
data/NEU-CLS/train/train/images/crazing_159.jpg,crazing_159.jpg,crazing,filename_prefix,.jpg,d9bef22fa9c71d22b0eb2e89176dac41d604361e3756b1dd2882bad1563c7723,a1d20d9bb295f255b43836c16535a91565fbcd6e292633f9796c9543c37681ec,False,,data/NEU-CLS/train/train/images/crazing_159.jpg,True,,development
data/NEU-CLS/train/train/images/crazing_16.jpg,crazing_16.jpg,crazing,filename_prefix,.jpg,4fecf9b0e5c9fe781c51277884fa930ab02ebe3c28af636567dd5d52a6f807a6,65efe4f11e1ec19da20a89af9bb4f02e13f28c63d44665235710014a3175ae0a,False,,data/NEU-CLS/train/train/images/crazing_16.jpg,True,,development
data/NEU-CLS/train/train/images/crazing_160.jpg,crazing_160.jpg,crazing,filename_prefix,.jpg,7481e41a90a324d1a6cbde8ea0d1a3996d4a295be5d876f6a14dbe0f3fa6e02b,02184cc3d94125d4e72fc544d00169c58c0779197bac73bdad2cd21701a0a234,False,,data/NEU-CLS/train/train/images/crazing_160.jpg,True,,development
data/NEU-CLS/train/train/images/crazing_161.jpg,crazing_161.jpg,crazing,filename_prefix,.jpg,e79aae5302ce4fbe38f7b2e5c32af5f6125a6dd141861e3ed54cc2e407d49673,3c21ff94a68873cea45a4e87d7bf9638c7923525c2a08992201162a10c1df1e3,False,,data/NEU-CLS/train/train/images/crazing_161.jpg,True,,development
data/NEU-CLS/train/train/images/crazing_162.jpg,crazing_162.jpg,crazing,filename_prefix,.jpg,1f6e7bea3a7748605249b5f149910ec71a20d0db43b774c0d5047421f4a71d23,675281fd7d8043a4b644cc93b652167ea2f6ca2b72c8f7de9229f4ee24ffa5f6,False,,data/NEU-CLS/train/train/images/crazing_162.jpg,True,,development
data/NEU-CLS/train/train/images/crazing_163.jpg,crazing_163.jpg,crazing,filename_prefix,.jpg,12f84f78d5e9f8d8490e5a8842be619cf54b9b477f81e94156aed833958e49cf,87c9ac0b3f0c463ec0b4ab99c1ef0e5d1fa15d6b507544171e51e83c0563407c,False,,data/NEU-CLS/train/train/images/crazing_163.jpg,True,,development
data/NEU-CLS/train/train/images/crazing_164.jpg,crazing_164.jpg,crazing,filename_prefix,.jpg,01c1ce5196958f543a8fd3039eb0e3b66157f8ffb125cc3e1f500bc0548f1913,e16495fb342090cf20baa774da57361015359a7c879ea9f3c388e7cea41f8912,False,,data/NEU-CLS/train/train/images/crazing_164.jpg,True,,test
data/NEU-CLS/train/train/images/crazing_165.jpg,crazing_165.jpg,crazing,filename_prefix,.jpg,840c450bc6c1a69bdb48e59abc822db5f23e2cd8997b7b0695d49d6117a95b1b,cd7e790420d17b56c472eecafde4fda817c1b50331f48ac07a0448f12fdd935f,False,,data/NEU-CLS/train/train/images/crazing_165.jpg,True,,development
data/NEU-CLS/train/train/images/crazing_166.jpg,crazing_166.jpg,crazing,filename_prefix,.jpg,bebbae671824925d0537d8c3306120c58e1f2dad688fbe8c2057d32ae5eae13d,b37a09657239afe382a48ec45b7df519cb087e7f7d62502d3bf05b2004ab305d,False,,data/NEU-CLS/train/train/images/crazing_166.jpg,True,,development
data/NEU-CLS/train/train/images/crazing_167.jpg,crazing_167.jpg,crazing,filename_prefix,.jpg,e2587baf277081662a2034d5204589da064b6151e0a49c77a05592b6022d5e0d,707607eae949bc2f74469b7ee60049bea74ef5db8c3f8d81b6ca5d22378a783b,False,,data/NEU-CLS/train/train/images/crazing_167.jpg,True,,development
data/NEU-CLS/train/train/images/crazing_168.jpg,crazing_168.jpg,crazing,filename_prefix,.jpg,caacd794d43649ca3788087be60e16b024c611c66832d4d0aff2364428919b33,4dd8b889cd6a76a56d1928d98e660f995dbb69d2d332535e8482fab12951e545,False,,data/NEU-CLS/train/train/images/crazing_168.jpg,True,,development
data/NEU-CLS/train/train/images/crazing_169.jpg,crazing_169.jpg,crazing,filename_prefix,.jpg,84a1bd8144ad8b9b280400ec22d2ae1ca09012108b24a90a9599235f1a01f313,dea9e4ad7058f6aebb481efecdf9f2af69ef0c7d906beba6be9a23152b1d2d1d,False,,data/NEU-CLS/train/train/images/crazing_169.jpg,True,,development
data/NEU-CLS/train/train/images/crazing_17.jpg,crazing_17.jpg,crazing,filename_prefix,.jpg,c811854bc098b5524d3de6c31c21ccbb2dfde665309317a8d92cc59137263e0e,3ac0c67bf1002fe2217aa56220d6bea7f7e8f48480a9be90c5f95e1b1f953625,False,,data/NEU-CLS/train/train/images/crazing_17.jpg,True,,development
data/NEU-CLS/train/train/images/crazing_170.jpg,crazing_170.jpg,crazing,filename_prefix,.jpg,ec427bca7b07023ad943e750070bf9caccc054ccd313bc4875d0727816f1ed43,6aeff27bc39f57ef7ef3ef16b6793f2bd2d731dbabd1d1ec3f2c8aef91a94a48,False,,data/NEU-CLS/train/train/images/crazing_170.jpg,True,,development
data/NEU-CLS/train/train/images/crazing_171.jpg,crazing_171.jpg,crazing,filename_prefix,.jpg,1d3046dfd62c8bb7d4f3bed64d8f0dd1df21523c1261faa8c09e10d76f29cfda,9a7b9bef29877f319de0573bcc8861cedf9de87ccb1191d49d95ce94d1f16cde,False,,data/NEU-CLS/train/train/images/crazing_171.jpg,True,,development
data/NEU-CLS/train/train/images/crazing_172.jpg,crazing_172.jpg,crazing,filename_prefix,.jpg,3374f8f27498b03a8a815a28d4e63a5a745549f6baa38a6ad93c489ee664f492,17d541cc651490a2115a07824fdd068a0ffdf4b08b68afc41b8a34f96f8af03a,False,,data/NEU-CLS/train/train/images/crazing_172.jpg,True,,test
data/NEU-CLS/train/train/images/crazing_173.jpg,crazing_173.jpg,crazing,filename_prefix,.jpg,7b44afee9a0978d37328b34ce12909dff980856ffb97fab7fb71ef5d25eafe23,d4e4b3537c6bd55ff6300095e8e688df72781670495dce62e85ec08579f35658,False,,data/NEU-CLS/train/train/images/crazing_173.jpg,True,,development
data/NEU-CLS/train/train/images/crazing_174.jpg,crazing_174.jpg,crazing,filename_prefix,.jpg,8acd00d4737b9aa6817b2961c82d2d10ff8dae8a0687996b71b158af0c08c3b6,16ea95bec01a43c92418ca0bb02da05bec567fa707e3abcc462c2fac81f32d87,False,,data/NEU-CLS/train/train/images/crazing_174.jpg,True,,development
data/NEU-CLS/train/train/images/crazing_175.jpg,crazing_175.jpg,crazing,filename_prefix,.jpg,6be1274fe64d462318296583b601eb7cbe4dc9d2cd81e407f8f380ca53eed7fe,d564346c92ece1b0f94036e86b7ecf7acaf84bb8ad6c7f2987dc43bc2d15b4b8,False,,data/NEU-CLS/train/train/images/crazing_175.jpg,True,,development
data/NEU-CLS/train/train/images/crazing_176.jpg,crazing_176.jpg,crazing,filename_prefix,.jpg,20e375fe90ecf726ed1d482c0db90f7aaf7b166f595a65b7a592cc38a401216c,0bae37b027e7856e2368810617fa11067b691097b2f7ab16890f9cec87bd391d,False,,data/NEU-CLS/train/train/images/crazing_176.jpg,True,,development
data/NEU-CLS/train/train/images/crazing_177.jpg,crazing_177.jpg,crazing,filename_prefix,.jpg,7cfad80ed8df45124dce13a24dce66949b774750fe13ab9f3a29ae7ecf32d4ef,7b916a1b0a85b52785430fc7f09c0d19be7abf13402bc920f3a53ab1e9b76110,False,,data/NEU-CLS/train/train/images/crazing_177.jpg,True,,development
data/NEU-CLS/train/train/images/crazing_178.jpg,crazing_178.jpg,crazing,filename_prefix,.jpg,6a867904651264bedc9470410bb5e1d7125e0bbe15f70ac5b9f50434be9b90d5,a4f618f8e4ffad4755ff10bee4333fd303a977ead021a2e0fa3d535b506d21c5,False,,data/NEU-CLS/train/train/images/crazing_178.jpg,True,,development
data/NEU-CLS/train/train/images/crazing_179.jpg,crazing_179.jpg,crazing,filename_prefix,.jpg,a796d606ae9c573d722bdec9d282c53cd543006e1d49e4a5152072fe61505d08,188ed02cbbe2fa3cf64fb4042d8b6cf7035be575b8973bb0b401cf689ab798ca,False,,data/NEU-CLS/train/train/images/crazing_179.jpg,True,,test
data/NEU-CLS/train/train/images/crazing_18.jpg,crazing_18.jpg,crazing,filename_prefix,.jpg,56b79f6438ea95ae5219c47ed4b7186a1c3cba37d5eeabce21f5e647aba6dc10,a00bb0016152c7b93cf808a474a9d837da7a49b84add02e3585c48de885b273a,False,,data/NEU-CLS/train/train/images/crazing_18.jpg,True,,test
data/NEU-CLS/train/train/images/crazing_180.jpg,crazing_180.jpg,crazing,filename_prefix,.jpg,7b42c2cfe2071328ae4f5c33fedc31ff5aa5a81600ea3c165a8eb223548886ae,d9853c7a16a64d0586e8505905a86fadb550d54c512c4b78fb2ab5dd6b54b5e9,False,,data/NEU-CLS/train/train/images/crazing_180.jpg,True,,development
data/NEU-CLS/train/train/images/crazing_181.jpg,crazing_181.jpg,crazing,filename_prefix,.jpg,4dc33b6795a8cea10123e21134a63b0fb8bd79308f8aa53de62ea407d2f0dc4e,c34965bbbce55bdb4dec9965da08591aabc1adb7c964d30047ef4a20059fdf0f,False,,data/NEU-CLS/train/train/images/crazing_181.jpg,True,,development
data/NEU-CLS/train/train/images/crazing_182.jpg,crazing_182.jpg,crazing,filename_prefix,.jpg,2fc9cab35c3683874721070262c4b6d0185653b68866173d47fadf51c152b07c,8ae5405c81c4d5bb8e8351d5ae4e9e8aa9031a7193a60de88dbf5ce7b410edb6,False,,data/NEU-CLS/train/train/images/crazing_182.jpg,True,,test
data/NEU-CLS/train/train/images/crazing_183.jpg,crazing_183.jpg,crazing,filename_prefix,.jpg,235d4d003fcd9444e789cd5e0e1ba547049c7ce1b1e309fa6f8c839697683157,d7e5e431390b4160eb97422058ccb171948087259ad51ce730f22f0bdb3eddc3,False,,data/NEU-CLS/train/train/images/crazing_183.jpg,True,,development
data/NEU-CLS/train/train/images/crazing_184.jpg,crazing_184.jpg,crazing,filename_prefix,.jpg,8f8338544c1af240c972cb9b65364ccf940fa99a9b49031600eeffeea8e162e7,990ea527a1e7a4251bc223ad9daf86b6c3c47e0e08d8b6dc7e916173305159d0,False,,data/NEU-CLS/train/train/images/crazing_184.jpg,True,,development
data/NEU-CLS/train/train/images/crazing_185.jpg,crazing_185.jpg,crazing,filename_prefix,.jpg,2ecd30de32c5fcaeadedbd7b97efe6910e037a88b7d4a1d82800d5b837977c2e,c88c146e3de1f9326838961e8b1921972339a7668c4a29a9a998b7aa30ca7585,False,,data/NEU-CLS/train/train/images/crazing_185.jpg,True,,test
data/NEU-CLS/train/train/images/crazing_186.jpg,crazing_186.jpg,crazing,filename_prefix,.jpg,323876549bcf8a22d791d2bccd4f4e227f6338eb5aa3e810b1a57ce470a4260b,07833293e39334e51849709ca4310ddb74af19683071d1a1e1e65803daeaebde,False,,data/NEU-CLS/train/train/images/crazing_186.jpg,True,,development
data/NEU-CLS/train/train/images/crazing_187.jpg,crazing_187.jpg,crazing,filename_prefix,.jpg,bf302c6472f4fe52779500515f03789f10533b6a285047bb1248981ca2bf05bc,03879af7a38a9704d2aa4f4de1e356bf09476f7da1c94def5037f1b35222e8c2,False,,data/NEU-CLS/train/train/images/crazing_187.jpg,True,,development
data/NEU-CLS/train/train/images/crazing_188.jpg,crazing_188.jpg,crazing,filename_prefix,.jpg,45670819395294b3d2f7ddf0fa702b4a5573f447aecc9b699926e27fb24f66b1,770f29d94d6abe41efca521ae40f647cf40231d015e36951ddc2e9e0e5dd1f2c,False,,data/NEU-CLS/train/train/images/crazing_188.jpg,True,,development
data/NEU-CLS/train/train/images/crazing_189.jpg,crazing_189.jpg,crazing,filename_prefix,.jpg,8064bef326ab2f1e88f8bdca2b1486f267fe505e5faeed78d6963dae21129ea0,33083105f1770a0cc499ca21d1ce742935c791282457ebbb19e696a4c675e33b,False,,data/NEU-CLS/train/train/images/crazing_189.jpg,True,,development
data/NEU-CLS/train/train/images/crazing_19.jpg,crazing_19.jpg,crazing,filename_prefix,.jpg,9301e1cf2e515a61190106315cd09b2014e912b7c25d7f59bef1953ced7a5cf7,2fee828b3bfd0e62b0757c8a59a26e0fe82e9d0780df9110eb9d793e7e85013d,False,,data/NEU-CLS/train/train/images/crazing_19.jpg,True,,test
data/NEU-CLS/train/train/images/crazing_190.jpg,crazing_190.jpg,crazing,filename_prefix,.jpg,2cc88396c55f661fb52bf4cd17c6175a25c079596352986cc030cdb46c77f3a6,72e2fe184c0ead4b480d24f63a6f002a9c419d84234998fe16b86eb16a68684c,False,,data/NEU-CLS/train/train/images/crazing_190.jpg,True,,development
data/NEU-CLS/train/train/images/crazing_191.jpg,crazing_191.jpg,crazing,filename_prefix,.jpg,69a87d220c2665f465cc70fcfb4ffc703e15181df1d5e916f425958d7fa78bfc,5adbac0abbd481edf6e2bc7a541355f1c06a4e5cbc6e1df3e7cede6e7df26f49,False,,data/NEU-CLS/train/train/images/crazing_191.jpg,True,,development
data/NEU-CLS/train/train/images/crazing_192.jpg,crazing_192.jpg,crazing,filename_prefix,.jpg,695a2adff6f47c44e7d0b46efe27b39e935006e261eb773d634f9e3bc2d69b77,0a140770fe1c1aa80b3258f813d7769d09bac3f0eb92cac79212a0bf6448cd64,False,,data/NEU-CLS/train/train/images/crazing_192.jpg,True,,test
data/NEU-CLS/train/train/images/crazing_193.jpg,crazing_193.jpg,crazing,filename_prefix,.jpg,ad8b326145b04c0e36e738451b010691094b1213792a64d911c093f3a3310c17,9b3bfb903007b1a44d0909e3bc03d6902d6fd63eac33e3f43d58d3585e5ce244,False,,data/NEU-CLS/train/train/images/crazing_193.jpg,True,,development
data/NEU-CLS/train/train/images/crazing_194.jpg,crazing_194.jpg,crazing,filename_prefix,.jpg,abdec7a1f84a30c28709f0e373a165c912a18f15aa8e7c992d4b5b0314fc0038,27fe60799cf7baadf7156463df650f2b4f43088c853fe1707b7191c4dab1a730,False,,data/NEU-CLS/train/train/images/crazing_194.jpg,True,,development
data/NEU-CLS/train/train/images/crazing_195.jpg,crazing_195.jpg,crazing,filename_prefix,.jpg,1795a0947d87383d2923f69d179e74f532e0f6aa777dafcde7162e445cbde91e,6caeebdfb531dae44d276dd9e99335b68fe8024ee182b25f9880f6e6fa2de342,False,,data/NEU-CLS/train/train/images/crazing_195.jpg,True,,test
data/NEU-CLS/train/train/images/crazing_196.jpg,crazing_196.jpg,crazing,filename_prefix,.jpg,ccb1cfb869dfc39ecec28cf20e6f6e3df0fc5739bbbea41a1f487ebe607ff45d,b1b774e2a5755f43ffde88d17b295b88201f02201a9ffbd8d6f2fb091674b633,False,,data/NEU-CLS/train/train/images/crazing_196.jpg,True,,development
data/NEU-CLS/train/train/images/crazing_197.jpg,crazing_197.jpg,crazing,filename_prefix,.jpg,4a621bcec1670cf3afbb75ddc98d45a8c5575cf0753c66ef406cd09546a1baec,a25e5e698e22ea5ae06b61b3c1bbe1f4f4e0b59e29a85fe264510b8821fcca08,False,,data/NEU-CLS/train/train/images/crazing_197.jpg,True,,development
data/NEU-CLS/train/train/images/crazing_198.jpg,crazing_198.jpg,crazing,filename_prefix,.jpg,f158dd46f2c647afd928affd30218434d91a54f15678c3b38a103e70f2c3fb82,46b6b5ac188998335ee32ba66b7f8438bb861a23f6a3655a1417dcf1c8ae003a,False,,data/NEU-CLS/train/train/images/crazing_198.jpg,True,,development
data/NEU-CLS/train/train/images/crazing_199.jpg,crazing_199.jpg,crazing,filename_prefix,.jpg,045dd7295bb1c32e3d180ab5092618fd4015852c747a667a67c5b53048c0fd2a,f7e35d5500c0e19d1133e19fa20f07765fdbff535104757c3ea09ea9fb36c51f,False,,data/NEU-CLS/train/train/images/crazing_199.jpg,True,,development
data/NEU-CLS/train/train/images/crazing_20.jpg,crazing_20.jpg,crazing,filename_prefix,.jpg,c81fdfa4f7e457c21bbe7dca824ffcdb602dadf60aa59f6aeaf4ddc71054386c,a9ba86861991a722950c58d599064923b9de3793740505ff98d7d3f05c05109d,False,,data/NEU-CLS/train/train/images/crazing_20.jpg,True,,development
data/NEU-CLS/train/train/images/crazing_200.jpg,crazing_200.jpg,crazing,filename_prefix,.jpg,2a2ab581557322cb12c8916a6a3b74c81ccd788aea7bc0950918f89c0dae701e,5554e410a52996244c913ee82fe0f364725ce6e3d90a661dad3703e3b2255c20,False,,data/NEU-CLS/train/train/images/crazing_200.jpg,True,,development
data/NEU-CLS/train/train/images/crazing_201.jpg,crazing_201.jpg,crazing,filename_prefix,.jpg,20ae74412c2c5e1271d975356217412b3a2f8c1c68ced06c5175028fa74566d9,0bbe33de998214d269692b37049ada6b7d7c3ca3bc0913ffe570e604da447bd7,False,,data/NEU-CLS/train/train/images/crazing_201.jpg,True,,development
data/NEU-CLS/train/train/images/crazing_202.jpg,crazing_202.jpg,crazing,filename_prefix,.jpg,0c9e4a2a4ace6ececf47b659f9f3babf48dba32b4bf6d7bf26e0b579893b01a0,442149626ef452032ac3bdc06fc3bae75efd32a35f1f864a5aba5e3293ebd4f3,False,,data/NEU-CLS/train/train/images/crazing_202.jpg,True,,development
data/NEU-CLS/train/train/images/crazing_203.jpg,crazing_203.jpg,crazing,filename_prefix,.jpg,b8cc3d4cf816a1f02b5844c5f7344667db80947581b57f86e3a3363734620fd4,7d02af5dcf9f8b7d9b57f2d2c4cb68439c2ef9dc98e5b024a59aabb96073e382,False,,data/NEU-CLS/train/train/images/crazing_203.jpg,True,,development
data/NEU-CLS/train/train/images/crazing_204.jpg,crazing_204.jpg,crazing,filename_prefix,.jpg,b2f9e0689212c067d3dd36923e753371114697911d9e5533dd51f2a775ddef0d,62cc147ac516cac0aacdc650e9cd5c15436026a982b6629473ed8e1f19b85e53,False,,data/NEU-CLS/train/train/images/crazing_204.jpg,True,,development
data/NEU-CLS/train/train/images/crazing_205.jpg,crazing_205.jpg,crazing,filename_prefix,.jpg,893f11bee876f47786e05acecf0acd3007e78908329bdf3eaae7203b13d3dc7b,3f583565c695ea2ef1bba5202e967717a040877bcc18e3d114be59e23407910f,False,,data/NEU-CLS/train/train/images/crazing_205.jpg,True,,development
data/NEU-CLS/train/train/images/crazing_206.jpg,crazing_206.jpg,crazing,filename_prefix,.jpg,40bbb613dd990d44eb4cf2f8c0b9620ae47d556c041b7555baa52d4d94480d46,de7ff1f08ca1704a54b0b7d1a6c95d00fa19e8c09f6716037497db40b2e24528,False,,data/NEU-CLS/train/train/images/crazing_206.jpg,True,,development
data/NEU-CLS/train/train/images/crazing_207.jpg,crazing_207.jpg,crazing,filename_prefix,.jpg,27f77016ee364560e53e2c3083bd9f47d9d205340714efbe57462bd8365c252b,4a9147f93a69e6571e69768cee8b63f7b1d4b1ea843d5597ddf7e9824f5f16a1,False,,data/NEU-CLS/train/train/images/crazing_207.jpg,True,,development
data/NEU-CLS/train/train/images/crazing_208.jpg,crazing_208.jpg,crazing,filename_prefix,.jpg,2ecfe579cfe9d6105a160f6d005ca6bcaa3cc6b04131ece0c909a50803a33ad0,84b34e2954b68d88251e5523ab3354fc04c174cc38073db87f16707ca94c48a9,False,,data/NEU-CLS/train/train/images/crazing_208.jpg,True,,development
data/NEU-CLS/train/train/images/crazing_209.jpg,crazing_209.jpg,crazing,filename_prefix,.jpg,77e8903891d20e2997a793c3789823ff8133e909b404ce8ffdbd4bb7cc470d64,23de5fc6674216dad10e66cee25480a022e2f13f26582853ea1ed4dffa2a1da3,False,,data/NEU-CLS/train/train/images/crazing_209.jpg,True,,development
data/NEU-CLS/train/train/images/crazing_21.jpg,crazing_21.jpg,crazing,filename_prefix,.jpg,299bdf591092a9582b866d295173c77278b5e2e5adfc82880eea3427dac8d413,c614e40d554cbd05effe9de48a68683c3c42edd385cb3b826331f976ee5d3bc9,False,,data/NEU-CLS/train/train/images/crazing_21.jpg,True,,test
data/NEU-CLS/train/train/images/crazing_210.jpg,crazing_210.jpg,crazing,filename_prefix,.jpg,0eb758928ba3664ebce598e52f122e973ac1f7e8de648bb20c3f54c30e35d2b0,c6fd88b7532aac6d43649fca5a5a0bfbb8af7f3af6212e37f8a1622fc2a3ba9e,False,,data/NEU-CLS/train/train/images/crazing_210.jpg,True,,development
data/NEU-CLS/train/train/images/crazing_211.jpg,crazing_211.jpg,crazing,filename_prefix,.jpg,36bc59a5854fbe928a35b2b41478f37456721a5d8b5aa723be04a3e5fe6c3bbb,67a896e156cb7959090c4924d88ad145e04ea9c580984b857b1a20f8b32e67e6,False,,data/NEU-CLS/train/train/images/crazing_211.jpg,True,,development
data/NEU-CLS/train/train/images/crazing_212.jpg,crazing_212.jpg,crazing,filename_prefix,.jpg,a7ce3566d8246d17290452bd22d8e4c8c526d2703204d0491a15fe1d31628fe7,8ab1cdfbaf55a91a96c674dfc3d8bc75af0149dec0863e12edbb80573f0500b3,False,,data/NEU-CLS/train/train/images/crazing_212.jpg,True,,development
data/NEU-CLS/train/train/images/crazing_213.jpg,crazing_213.jpg,crazing,filename_prefix,.jpg,ecbcc17281d66963b480397632d6dc90be81cab2d69340d6b379d2f416cf3602,6d2fa02f7ab529b9848aeb53b27e7f5022851d7f0482bb7c3f4afcd198482bd3,False,,data/NEU-CLS/train/train/images/crazing_213.jpg,True,,development
data/NEU-CLS/train/train/images/crazing_214.jpg,crazing_214.jpg,crazing,filename_prefix,.jpg,0046405b60f2f012edc86c68264e839d574b20bf77777df10cc61acb763de3fa,392965d91bd5f6d9f633a98afb751cc238934193f54019691f460a4a04b6b25f,False,,data/NEU-CLS/train/train/images/crazing_214.jpg,True,,development
data/NEU-CLS/train/train/images/crazing_215.jpg,crazing_215.jpg,crazing,filename_prefix,.jpg,2598ee75cb31b6717eadeedb5f7039893ea8b4fb08417212332f7fe3b7bd7b09,fae0bbc0763db3135a8fac892fa032b224a380917f379e484f0907730640eb8e,False,,data/NEU-CLS/train/train/images/crazing_215.jpg,True,,development
data/NEU-CLS/train/train/images/crazing_216.jpg,crazing_216.jpg,crazing,filename_prefix,.jpg,23d057d6150dddcf0e0a83e75d2fee86af4a52ce801e454539301431ad2d12fe,40c4f337b3230174517889008275e3c06bee66e3db6e7ddf9041a75d1a1aeca8,False,,data/NEU-CLS/train/train/images/crazing_216.jpg,True,,development
data/NEU-CLS/train/train/images/crazing_217.jpg,crazing_217.jpg,crazing,filename_prefix,.jpg,dd0e2f8a2c6901cc540c53aa7194af40fa2e8ed38a0825608e1b56c846fcf01e,ff6ca9c3da91fe89aebc68cef37afa4f2d58021e9e18d933d5c9dbb0618a4318,False,,data/NEU-CLS/train/train/images/crazing_217.jpg,True,,development
data/NEU-CLS/train/train/images/crazing_218.jpg,crazing_218.jpg,crazing,filename_prefix,.jpg,0391916cc44a7dbfebd764dd85759974cd636da8208b3a3a47df2d73538ee6fb,1ac7b3410a61f89478744aaf8296cd74ed66d6383b881c471ecf7f713d694b2b,False,,data/NEU-CLS/train/train/images/crazing_218.jpg,True,,test
data/NEU-CLS/train/train/images/crazing_219.jpg,crazing_219.jpg,crazing,filename_prefix,.jpg,11e62a880f9d69352c265469c3e6d49783125880a3f2ce31e0a8bdc8f410e258,822bc22ab4dc78d3d250f7a183239d9e41cba576949625274096ab883f8cd3b4,False,,data/NEU-CLS/train/train/images/crazing_219.jpg,True,,development
data/NEU-CLS/train/train/images/crazing_22.jpg,crazing_22.jpg,crazing,filename_prefix,.jpg,feca81a11578690771b14f50dd53d6a4656bc18a7a80aaab8ad19d48b78a8f39,b45cc2c55d5509f24c9502781b59b77c0be9a3aee5f0dd5bc1982a552f274c48,False,,data/NEU-CLS/train/train/images/crazing_22.jpg,True,,development
data/NEU-CLS/train/train/images/crazing_220.jpg,crazing_220.jpg,crazing,filename_prefix,.jpg,ee6d32c95f87d6489f177f035f4464b5c78e919b72800c33ec029d2292988c89,0e0ab1b3a4475dfbb23e59d965fa9b9128beb14deb792a690af77e7fc0793758,False,,data/NEU-CLS/train/train/images/crazing_220.jpg,True,,development
data/NEU-CLS/train/train/images/crazing_221.jpg,crazing_221.jpg,crazing,filename_prefix,.jpg,ebdc18e201d36b0c1d68ed71fbdaf0954b04acfc69224b19f51e7fe2b919e77c,2885519932e7ddd9f442ab490995f7ceb9951bfdfc1d58e870b718fea03e346c,False,,data/NEU-CLS/train/train/images/crazing_221.jpg,True,,test
data/NEU-CLS/train/train/images/crazing_222.jpg,crazing_222.jpg,crazing,filename_prefix,.jpg,90521f05d4c3c2fc3f15475e8d00a7af52111db2f8884cc8befd9aeb14b661ed,10171e44bc36d4fc5f772e75533440920d59faf97a1d91b1c5a1372345d7d2dc,False,,data/NEU-CLS/train/train/images/crazing_222.jpg,True,,development
data/NEU-CLS/train/train/images/crazing_223.jpg,crazing_223.jpg,crazing,filename_prefix,.jpg,62753656212be7a89c7a882a18e589bf51effc711f9b01bb15fdbeb67a5f80fd,a5e963e77f3b9ccee5eba4b927188b7df3982455ec9c1c6fcd33ace886dc60a9,False,,data/NEU-CLS/train/train/images/crazing_223.jpg,True,,development
data/NEU-CLS/train/train/images/crazing_224.jpg,crazing_224.jpg,crazing,filename_prefix,.jpg,420d84308e801c4d24c125c8b2b0b15f53fa7dc7a1c0e51e129a25b428224e37,68dda0366289a8d7ed58d843aeed0b8aa2d2b11b3960f623a28fcb5948aa5422,False,,data/NEU-CLS/train/train/images/crazing_224.jpg,True,,development
data/NEU-CLS/train/train/images/crazing_225.jpg,crazing_225.jpg,crazing,filename_prefix,.jpg,cf6c9fb4f506098d208ad0e77fd60da60eebb7f483eae9a5a56876157f39a428,ccefdb6f348f75a57abb00bd91b6d1a79e4e41d29d3ebf9bdebb33e4810bf15c,False,,data/NEU-CLS/train/train/images/crazing_225.jpg,True,,development
data/NEU-CLS/train/train/images/crazing_226.jpg,crazing_226.jpg,crazing,filename_prefix,.jpg,cf59e7a9b758c9af450503774af88a65ce22546907fe59a73ca5533e96c70a75,b548ef6cf18bb025db5d34c1d9f2a18874de23073db2783c6899150496cf32b6,False,,data/NEU-CLS/train/train/images/crazing_226.jpg,True,,development
data/NEU-CLS/train/train/images/crazing_227.jpg,crazing_227.jpg,crazing,filename_prefix,.jpg,67499dd21306030c383b07abf5c7a7d597313d24d8420e16a46d797fba6d1195,9a0a02bc275d825dbdddc830bdff27c0370368c0c70cf9c83804d7e5f23d9e9b,False,,data/NEU-CLS/train/train/images/crazing_227.jpg,True,,development
data/NEU-CLS/train/train/images/crazing_228.jpg,crazing_228.jpg,crazing,filename_prefix,.jpg,acaf388126e0a346c5f5a76920cefcab08ef6121a8edffb1ac4da56fd0a95188,6216a56f1aff41f6c9cf422f21a4df221e9ed216e8a6dadd64a23f89ea0c52d5,False,,data/NEU-CLS/train/train/images/crazing_228.jpg,True,,development
data/NEU-CLS/train/train/images/crazing_229.jpg,crazing_229.jpg,crazing,filename_prefix,.jpg,f837bf055e053b796928091851c0b848c1c0646de7e458b43df3107ac16db285,4cac3f46f134a3a00184b887a6f27c1ad307bd6604d526b115916c7c86782831,False,,data/NEU-CLS/train/train/images/crazing_229.jpg,True,,development
data/NEU-CLS/train/train/images/crazing_23.jpg,crazing_23.jpg,crazing,filename_prefix,.jpg,a395ac78920129571f89635111d30b50ad88b593fe44856d586c7c4adf8f24e5,660b219f8e753dbea02df42b99926523e48f15d762ba793a87ed46fede07f547,False,,data/NEU-CLS/train/train/images/crazing_23.jpg,True,,development
data/NEU-CLS/train/train/images/crazing_230.jpg,crazing_230.jpg,crazing,filename_prefix,.jpg,ed6f3c3c49fa25742c0b87379e9e05ca950adcc4d734a15e941b2d13aefbafc0,288a869c16c89908667c356d6e8a38b7b04651c3b4746b774771be62c5b845b7,False,,data/NEU-CLS/train/train/images/crazing_230.jpg,True,,development
data/NEU-CLS/train/train/images/crazing_231.jpg,crazing_231.jpg,crazing,filename_prefix,.jpg,89526e779b3ef99fe1a115262f58d9ad2e7f0012e62a8f86b59ab7c3f770e2d4,78baa412218c237178f849b27ca56f8ce642dc06743041bcfb8abe50137ba64f,False,,data/NEU-CLS/train/train/images/crazing_231.jpg,True,,test
data/NEU-CLS/train/train/images/crazing_232.jpg,crazing_232.jpg,crazing,filename_prefix,.jpg,783748168663bbb816334df63cdc72f8802944e4ad3dd318bcc74ca9b8829ab2,3a4bc6197325a0b1f98eb6f23c094b4c8c71af2c3503e934654bcd37c5a3f6c4,False,,data/NEU-CLS/train/train/images/crazing_232.jpg,True,,development
data/NEU-CLS/train/train/images/crazing_233.jpg,crazing_233.jpg,crazing,filename_prefix,.jpg,6d36474a8491a431c9965b54c53a51538c4bba96752c9af72bd3d82b3f4a85ef,922d9f35383de81cc78753619dfd7ab982e84735893697b82cf1356d688db909,False,,data/NEU-CLS/train/train/images/crazing_233.jpg,True,,development
data/NEU-CLS/train/train/images/crazing_234.jpg,crazing_234.jpg,crazing,filename_prefix,.jpg,3beefc152c0661038c722d0ffb4e2242ca6180a7bb88d196b3683287d92a2efc,45756750563e034da9afba30c905926300705a8b9b1f4c9cb3fef12d2609498d,False,,data/NEU-CLS/train/train/images/crazing_234.jpg,True,,development
data/NEU-CLS/train/train/images/crazing_235.jpg,crazing_235.jpg,crazing,filename_prefix,.jpg,2f70c13563551d283461a163bc2f6deced9c678740118db144404bf4b9ad61e0,79034f69b26f7453ea1feabbc313fcffdad6ac4225a7b7d413d2ea9a6dda1076,False,,data/NEU-CLS/train/train/images/crazing_235.jpg,True,,test
data/NEU-CLS/train/train/images/crazing_236.jpg,crazing_236.jpg,crazing,filename_prefix,.jpg,6326aa9e8a757535553482e8d99d75f8995f39705b0bf355749dc3ef65427bef,d83de27bc29a6af06b0b1ad205c981839db92526e08da0e3835385920bf6d87a,False,,data/NEU-CLS/train/train/images/crazing_236.jpg,True,,development
data/NEU-CLS/train/train/images/crazing_237.jpg,crazing_237.jpg,crazing,filename_prefix,.jpg,18f8b0bcf9692da645238c25dcd17a8f29d9119ec6f84079f9b97bd93d9557cf,13ddedda84506010941f3c145d16cb26f6cafd85061becec42ad1a56a9f7ed32,False,,data/NEU-CLS/train/train/images/crazing_237.jpg,True,,test
data/NEU-CLS/train/train/images/crazing_238.jpg,crazing_238.jpg,crazing,filename_prefix,.jpg,8eee0652524255e28c455d460e04389c38c6e8ad8ef6bcf60f6e9ca1110aabf2,f96f42e16428e3374ad8f83f78812a9e70be3d3ce90a424b39424e72e1e81a6a,False,,data/NEU-CLS/train/train/images/crazing_238.jpg,True,,development
data/NEU-CLS/train/train/images/crazing_239.jpg,crazing_239.jpg,crazing,filename_prefix,.jpg,c2c86495e80860b742b5deb1ef96f8a9a6d2fbbbda9cf8ab8f20a675e4800eab,34f8df1b5f14d846a4b8ea1727dec9462733fb366cb01a9ee3036d9d5a7651ff,False,,data/NEU-CLS/train/train/images/crazing_239.jpg,True,,development
data/NEU-CLS/train/train/images/crazing_24.jpg,crazing_24.jpg,crazing,filename_prefix,.jpg,26341b60aa1ce81a0f2c000942a9c71deb7eac2de9b58f3bd21b6dd54d1ad4d7,52242e543b7932d4792bed2f61e6f46be10d4a82b09435afbad0a72dce4ef33c,False,,data/NEU-CLS/train/train/images/crazing_24.jpg,True,,development
data/NEU-CLS/train/train/images/crazing_240.jpg,crazing_240.jpg,crazing,filename_prefix,.jpg,81e5ca1b935489de16db4808ec37b4f8525b493d7d3f65f913b5a95696ae8a81,5a6aa50c1d2ff96ca439499c7c48290f70a44851065d44307691a560f4d56799,False,,data/NEU-CLS/train/train/images/crazing_240.jpg,True,,development
data/NEU-CLS/train/train/images/crazing_241.jpg,crazing_241.jpg,crazing,filename_prefix,.jpg,1d65ef27eaa9bf27608d954dfe57b40e401fc1aed435884400f35e8000bbf98d,56d649523fd38cb446a1c174f4c1e687491f5c9d61b46dc01b8bd4a376cae6db,False,,data/NEU-CLS/train/train/images/crazing_241.jpg,True,,development
data/NEU-CLS/train/train/images/crazing_242.jpg,crazing_242.jpg,crazing,filename_prefix,.jpg,6471b0b8300f5b0c809ff9802c4a1c7f747c0738929a952b30ced6d0e65f61f3,c7441d9773d8850e52beab8a05b667d80037c8fa751cf951cdb6e054cc500ce8,False,,data/NEU-CLS/train/train/images/crazing_242.jpg,True,,development
data/NEU-CLS/train/train/images/crazing_243.jpg,crazing_243.jpg,crazing,filename_prefix,.jpg,94e839f26e6b51d8dee5d8a8c3ffc0d4f820015f18e7bcb5fef9582a2df2b295,8e024db242b5b869d59893ddd9a63c0b57814d26c7a62bd262147bc934d33198,False,,data/NEU-CLS/train/train/images/crazing_243.jpg,True,,development
data/NEU-CLS/train/train/images/crazing_244.jpg,crazing_244.jpg,crazing,filename_prefix,.jpg,fa3d0c5d7a23b82da1533df61a39a7056a21b021f879da6426f6dc6326abd0a1,1254380427b3ec131ee8a1d5c8cb37a27d1daad9d03b10343f91829a4b5438a1,False,,data/NEU-CLS/train/train/images/crazing_244.jpg,True,,development
data/NEU-CLS/train/train/images/crazing_245.jpg,crazing_245.jpg,crazing,filename_prefix,.jpg,933abef72d56ca78e0398d4da001d51df4070e4d796af398359b843eaaea4d90,d5844f06156fefd4bd691252d2a32578e205c84dff91c310fd7ac979b3d2602e,False,,data/NEU-CLS/train/train/images/crazing_245.jpg,True,,test
data/NEU-CLS/train/train/images/crazing_246.jpg,crazing_246.jpg,crazing,filename_prefix,.jpg,0018b62c07b5dfd379d0563721fe46d15d72bf3bdbc1e39d7f8e081692c0266d,056b4f3e1e6c5923b9ef0e88154f49a2de0332808accef1a32473dc060564b49,False,,data/NEU-CLS/train/train/images/crazing_246.jpg,True,,test
data/NEU-CLS/train/train/images/crazing_247.jpg,crazing_247.jpg,crazing,filename_prefix,.jpg,8f41f3d185b0de0fe9197e70631c7fa148180067ddd8d95e87ca1aa2ecd1807f,46885415b94b897d3c0ceaf6061786a145f22589ab68e79f9c62d0c30026ba4d,False,,data/NEU-CLS/train/train/images/crazing_247.jpg,True,,development
data/NEU-CLS/train/train/images/crazing_248.jpg,crazing_248.jpg,crazing,filename_prefix,.jpg,461c41b74f61f2b38c1110194b783f7652edf89784c69b4a79f521fd7117079b,243c6ae8f9df079150691d8a55fbd054f5e7cbe640162f2bd8ad8a0dc85e43bb,False,,data/NEU-CLS/train/train/images/crazing_248.jpg,True,,development
data/NEU-CLS/train/train/images/crazing_249.jpg,crazing_249.jpg,crazing,filename_prefix,.jpg,e8a366fe396aaaea124716a1baad189f43971bf78b88e4a4c4c8bbd3ceb849a9,d033117041296610235d3ce4703990a67c251b47f6c5b5ede99909ab978a6043,False,,data/NEU-CLS/train/train/images/crazing_249.jpg,True,,development
data/NEU-CLS/train/train/images/crazing_25.jpg,crazing_25.jpg,crazing,filename_prefix,.jpg,0357ebe4e802a34427d3a5c1c2ccd7c3674f690bf8fce4dd0d622d79a29ca1d8,8a3ab4e0dae1f5be7dc94b5adac408e51460081a20805f95f2c1e948a9d4aa30,False,,data/NEU-CLS/train/train/images/crazing_25.jpg,True,,development
data/NEU-CLS/train/train/images/crazing_250.jpg,crazing_250.jpg,crazing,filename_prefix,.jpg,811d2e1f215e2d4eecba1dff15b08f138187626e34f57b3c1bb334f45e25e4a2,3e87c98497911c78fbf66aa09ed66b93bef5af2f9b3e173584f60f3ea4bfccd3,False,,data/NEU-CLS/train/train/images/crazing_250.jpg,True,,test
data/NEU-CLS/train/train/images/crazing_251.jpg,crazing_251.jpg,crazing,filename_prefix,.jpg,d5a8082d1ffe47364d9d09bec23d5ff6bee3e1e69f8f50016d7e7ae3e486f97b,e98e37f25acf54e0702b718e1558381050002045dab6959a88cde0e399830732,False,,data/NEU-CLS/train/train/images/crazing_251.jpg,True,,development
data/NEU-CLS/train/train/images/crazing_252.jpg,crazing_252.jpg,crazing,filename_prefix,.jpg,0e7db66e291981d959158176443d58c2d54491bb9c804db19b7e6a2529ff29bb,63a927ed1f30bb23f4199496dad1ff3be1cc1a4a20cc284b7c00c2674cae8b81,False,,data/NEU-CLS/train/train/images/crazing_252.jpg,True,,development
data/NEU-CLS/train/train/images/crazing_253.jpg,crazing_253.jpg,crazing,filename_prefix,.jpg,1b4d78036b2313669f4cdfbf4a77619998c68f0807d1e655cbf3edcc70158f80,9563ed18c576683150aff5b8e757738a3c7296fd5e2ec4add0c1f1f72c49b416,False,,data/NEU-CLS/train/train/images/crazing_253.jpg,True,,test
data/NEU-CLS/train/train/images/crazing_254.jpg,crazing_254.jpg,crazing,filename_prefix,.jpg,eca94052417c7982259fce8aa9a6aca1693ea34570d9dee9b46374dda8094154,ddbb061deb4121ec9ac453934e11cbc46b096f71c7fe8e194169d6c447787767,False,,data/NEU-CLS/train/train/images/crazing_254.jpg,True,,development
data/NEU-CLS/train/train/images/crazing_255.jpg,crazing_255.jpg,crazing,filename_prefix,.jpg,a96b1fd4135862349a69a761e76dfbb3af6faccdc3efb97e0d4e52a1f605076d,2cdda978c57e3ae47723de7cacbd6a39fc0a6020f2c38a98453a68296237c86e,False,,data/NEU-CLS/train/train/images/crazing_255.jpg,True,,development
data/NEU-CLS/train/train/images/crazing_256.jpg,crazing_256.jpg,crazing,filename_prefix,.jpg,c609f66d29dcff487eaaf6c43e4b7410792a9f07974ed085eaf508c593fa9a2e,3867c90b517db8719a5c4706c9072112dcf8906c226b011c68884b4d96d9d37b,False,,data/NEU-CLS/train/train/images/crazing_256.jpg,True,,development
data/NEU-CLS/train/train/images/crazing_257.jpg,crazing_257.jpg,crazing,filename_prefix,.jpg,f4e5cf14e8e352b89da12ed84a98de3d5b7e7e402694d64ecaed9acb7efe9454,36031eaebf1761286e075e145f76fd2ac681934342d9484863b561bb7baf04ba,False,,data/NEU-CLS/train/train/images/crazing_257.jpg,True,,development
data/NEU-CLS/train/train/images/crazing_258.jpg,crazing_258.jpg,crazing,filename_prefix,.jpg,714900c25988c034626be50863b7e570430d1d3f2009c5a2e01784a7678f7aae,1ec1939d662d7dc53a3c5aab772f80b78bb8557a73f4ab6870c5a186dbbb65f3,False,,data/NEU-CLS/train/train/images/crazing_258.jpg,True,,test
data/NEU-CLS/train/train/images/crazing_259.jpg,crazing_259.jpg,crazing,filename_prefix,.jpg,a877fc65b57470befe6d482650fc613d2cda028b55df0eb86d25fffd0dba781a,b88cb3f72dade975f7936bfb43c6aab842cff57f9e3dac24b80e8f0f6c57202b,False,,data/NEU-CLS/train/train/images/crazing_259.jpg,True,,development
data/NEU-CLS/train/train/images/crazing_26.jpg,crazing_26.jpg,crazing,filename_prefix,.jpg,6c24d211a06a25d7b1ab80038402f9cebd3932cdc73b348b7871fb690047f0d3,6ceb9d4ab547620140098226966dd2484333b7671bce0e95bef817b944b8c934,False,,data/NEU-CLS/train/train/images/crazing_26.jpg,True,,development
data/NEU-CLS/train/train/images/crazing_260.jpg,crazing_260.jpg,crazing,filename_prefix,.jpg,f8f182527157c5fad4a77848f79231a203f2366ed8cee3eb7d0dee516d3f1143,688a22cacb3016ba8783b4a4a02a132952c5bbf9b83c17a8673b65d2d64f3109,False,,data/NEU-CLS/train/train/images/crazing_260.jpg,True,,development
data/NEU-CLS/train/train/images/crazing_261.jpg,crazing_261.jpg,crazing,filename_prefix,.jpg,3f8df47b873cf6e2ade7b42ad3d18d361dbf504e0f1921bfab3dc7a207499e92,0c38687eaf46da4a4f27691981d6a548b35443bd1ec0628c802978abce90e444,False,,data/NEU-CLS/train/train/images/crazing_261.jpg,True,,development
data/NEU-CLS/train/train/images/crazing_262.jpg,crazing_262.jpg,crazing,filename_prefix,.jpg,abc6b2581de60b19137ef9cb68e4b237a1b5a1302820df4809506b5454d02c19,b09242acc2732cb761cd90acc876cd35ecc37dccceb77048b2acad9f7ccb601a,False,,data/NEU-CLS/train/train/images/crazing_262.jpg,True,,development
data/NEU-CLS/train/train/images/crazing_263.jpg,crazing_263.jpg,crazing,filename_prefix,.jpg,1e232e717c44df26f4700547935f55a177ff78ff3187179cf94321471fc93298,31d039f09a718e00a18233b44fc39f7e316b77b468aba96e0b8e20fbaab1f831,False,,data/NEU-CLS/train/train/images/crazing_263.jpg,True,,development
data/NEU-CLS/train/train/images/crazing_264.jpg,crazing_264.jpg,crazing,filename_prefix,.jpg,b69102d4b251f77872eef741bd0e8dcc342bf2ab59d90e8a45dd8c5535265477,536bf43936f8aa509c1c10c49a48d60ad2097a4be172fd3d69984f10c7dd3dd9,False,,data/NEU-CLS/train/train/images/crazing_264.jpg,True,,development
data/NEU-CLS/train/train/images/crazing_265.jpg,crazing_265.jpg,crazing,filename_prefix,.jpg,707d4e141e42dfb3c41fd09764e62423913a54d844b3e851fb9b5ea68cc3181c,876ee84d357dbb83c6dc2a83ce0760a693a0c3a3a1011a239c88c8fb92a5c04e,False,,data/NEU-CLS/train/train/images/crazing_265.jpg,True,,development
data/NEU-CLS/train/train/images/crazing_266.jpg,crazing_266.jpg,crazing,filename_prefix,.jpg,a59b97cf9671a0ca80101ca67291e977a172f5223f295edc1c8760b7224762e4,83299681ee68f08d51ae9a8d311a68361cee612f0d9c8cac492cb69dace0729c,False,,data/NEU-CLS/train/train/images/crazing_266.jpg,True,,development
data/NEU-CLS/train/train/images/crazing_267.jpg,crazing_267.jpg,crazing,filename_prefix,.jpg,e2e8e6f90ca2b9d2135613801ef954565e81881938917b241b5c7ffa89ea02b2,f022b400a34f81da1077c5efd3ab659a0352ca4b2add6c777a1b22dea2ddafc9,False,,data/NEU-CLS/train/train/images/crazing_267.jpg,True,,development
data/NEU-CLS/train/train/images/crazing_268.jpg,crazing_268.jpg,crazing,filename_prefix,.jpg,35cc3d2e7ad513f2bd1fd22d105e2eb68106df4609f4f727a71fb7ce5b9b48ce,2ff60d9277ed966bb74b7a5fa9f39978eeaf762c31a037d196a203f2648d932a,False,,data/NEU-CLS/train/train/images/crazing_268.jpg,True,,development
data/NEU-CLS/train/train/images/crazing_269.jpg,crazing_269.jpg,crazing,filename_prefix,.jpg,4cac3f7a6ef724ab817f6e4c0fe8f80117880efb5a80fdbae565a5edc70b32d4,b54e1fa69cc1346f8e480b5d0ce7cfd5b0c5052568a67d897892b81fdf98dea0,False,,data/NEU-CLS/train/train/images/crazing_269.jpg,True,,development
data/NEU-CLS/train/train/images/crazing_27.jpg,crazing_27.jpg,crazing,filename_prefix,.jpg,10626e2b51d15ee8d30e107d3f92b4d02017ef40188f029ebb7c64d77bace16b,76bf58e507fbd4dad7ebd18fffee87638e4a7a3894e67077c129b41c8419b813,False,,data/NEU-CLS/train/train/images/crazing_27.jpg,True,,test
data/NEU-CLS/train/train/images/crazing_270.jpg,crazing_270.jpg,crazing,filename_prefix,.jpg,4c67250c57703f8fabb6d97cc0ad72000b690e8412c071f0a63fc5a03bb2a5b7,32a1f7ecce1448290d09e7b5388a933c5418852bc9956c2a8b69cb8c4b9146f0,False,,data/NEU-CLS/train/train/images/crazing_270.jpg,True,,test
data/NEU-CLS/train/train/images/crazing_271.jpg,crazing_271.jpg,crazing,filename_prefix,.jpg,2227d033081e4b5d83589d4dea528b0af45d94d22c2a916e1204bf00b372a6fe,2ebf593c51ed9a07383dfffc5f465547d2e02e798f362dcc93820972aa1bc48f,False,,data/NEU-CLS/train/train/images/crazing_271.jpg,True,,test
data/NEU-CLS/train/train/images/crazing_272.jpg,crazing_272.jpg,crazing,filename_prefix,.jpg,e57ac6b9b586284ae7d07cf487540d03092daa569d6f949f67db398d23cfa439,db75b189aa89bb652557d9cb095ac406176cfcd0a39625152937c3021f985043,False,,data/NEU-CLS/train/train/images/crazing_272.jpg,True,,test
data/NEU-CLS/train/train/images/crazing_273.jpg,crazing_273.jpg,crazing,filename_prefix,.jpg,b67c916c81548576bf226c07c29c081f2fe0a73d2c2b37be5b762bffdb605810,a4810b37bee381a8f685f0fd1817cd971a082af352c79769de61a6c25706f764,False,,data/NEU-CLS/train/train/images/crazing_273.jpg,True,,test
data/NEU-CLS/train/train/images/crazing_274.jpg,crazing_274.jpg,crazing,filename_prefix,.jpg,7666107c448d2234f43fcf14541e7bf958d41583e7ca38449f59547e030a5f6c,90dc1a4a441c0cd921c11d970a50111bd1d7d5f7b3ed39c724e1750adda89305,False,,data/NEU-CLS/train/train/images/crazing_274.jpg,True,,development
data/NEU-CLS/train/train/images/crazing_275.jpg,crazing_275.jpg,crazing,filename_prefix,.jpg,6ae4426aaf22b79d3eacb74fc03893ccf3a2ff1f489fd37bd1a402a78a8d5949,9ccb6b1ff658f3575c8bcf7e97ca8996331865eb53adc52d00ad625300a5cd9f,False,,data/NEU-CLS/train/train/images/crazing_275.jpg,True,,development
data/NEU-CLS/train/train/images/crazing_276.jpg,crazing_276.jpg,crazing,filename_prefix,.jpg,8440b30fbde2cb5f3d254648340dbc2e4094df6ace47089511ec685f953a2bf8,94e4f254bcf02231ab4a1ae61650d0f924c038115994f668f75a91d31a4ccbb7,False,,data/NEU-CLS/train/train/images/crazing_276.jpg,True,,development
data/NEU-CLS/train/train/images/crazing_277.jpg,crazing_277.jpg,crazing,filename_prefix,.jpg,41dee519ca65f342c25b91f0e8a6fa82c0bf90fb36be8ed47360ab57f72b7d82,6e7c4990cbe6dc5329276c94b23dc42932391a9a8ac50fd031b929179f14335d,False,,data/NEU-CLS/train/train/images/crazing_277.jpg,True,,development
data/NEU-CLS/train/train/images/crazing_278.jpg,crazing_278.jpg,crazing,filename_prefix,.jpg,8aa0adc94ab37ba8bc08f828343a938e0a8e24ea459e0eb5ed93a65ab0fbabdc,db2ed6e5c5d6e5ac30b617a1f1e0892ad82cb4b618de5348eece3023561c8f05,False,,data/NEU-CLS/train/train/images/crazing_278.jpg,True,,development
data/NEU-CLS/train/train/images/crazing_279.jpg,crazing_279.jpg,crazing,filename_prefix,.jpg,edb42fccfd1f9754fdd6866a0517c1550a46775f004618d3f6747229ba7f1b67,c09bfb74dd77c989ead6bc54a4280b6a4094a17bba03f4833578758fb9053ba2,False,,data/NEU-CLS/train/train/images/crazing_279.jpg,True,,development
data/NEU-CLS/train/train/images/crazing_28.jpg,crazing_28.jpg,crazing,filename_prefix,.jpg,933e2ddde52372191f1c211d8750a719f656ce6f8c82a0b381e57a7945b02341,366baa09d15ca229d899c3469486de9d595614e2fca6b5155e9228b91c9ef8ff,False,,data/NEU-CLS/train/train/images/crazing_28.jpg,True,,development
data/NEU-CLS/train/train/images/crazing_280.jpg,crazing_280.jpg,crazing,filename_prefix,.jpg,f67462e22e7e025d07a09854282b519ad30a5bd802d79ae3c4fb17c609fdb570,6cbd53a3321dc7f0d7402e926fd7dbf569de43c75d10adc3bf1e1b2718b5b88b,False,,data/NEU-CLS/train/train/images/crazing_280.jpg,True,,development
data/NEU-CLS/train/train/images/crazing_281.jpg,crazing_281.jpg,crazing,filename_prefix,.jpg,72c1c814e984a539b879e0a03bd81fc0a1e5146b7d95bd12aea2db9a73d3a846,33a4c16920bd4fb7a402304bef342dfca543189af06e352a1d355591337a4aad,False,,data/NEU-CLS/train/train/images/crazing_281.jpg,True,,development
data/NEU-CLS/train/train/images/crazing_282.jpg,crazing_282.jpg,crazing,filename_prefix,.jpg,541ea674fef6a8964b6485fd3f14ee79c2a2cd24ab9d03f80e6e669d29e8378d,53102368ee648b98688b16da25dd736cb0f5b5d8f402f2d914cf820f8fc3c711,False,,data/NEU-CLS/train/train/images/crazing_282.jpg,True,,test
data/NEU-CLS/train/train/images/crazing_283.jpg,crazing_283.jpg,crazing,filename_prefix,.jpg,09ec881115d4ea3652342ea63a1bb225cfaf4c9624ed13838208b1477f611ded,8c4e777833448a345ab60f4db05916f863b607bb5cab435f65de8fa2e9c91e69,False,,data/NEU-CLS/train/train/images/crazing_283.jpg,True,,development
data/NEU-CLS/train/train/images/crazing_284.jpg,crazing_284.jpg,crazing,filename_prefix,.jpg,7e298fc6d48cd74212b6e50c7cbd5c193f91c6ce5ea3b5787804a8cdae3870ea,6411e5aad033f59d4391f06f46178b9ad7d8d34f939c28bf14a328d26d3c3453,False,,data/NEU-CLS/train/train/images/crazing_284.jpg,True,,development
data/NEU-CLS/train/train/images/crazing_285.jpg,crazing_285.jpg,crazing,filename_prefix,.jpg,f93b867670dc0f2ac94cf98db4fa8abcaec09bd2b3a22098bc46a20cdea1c891,114bc8cb23e343f6e4ac60def8728eb470357bbd27989d17280fefe123a04557,False,,data/NEU-CLS/train/train/images/crazing_285.jpg,True,,development
data/NEU-CLS/train/train/images/crazing_286.jpg,crazing_286.jpg,crazing,filename_prefix,.jpg,590a7b94145bc859adbf27001833c28dcdc58d8bc67e5f0dd1e3eb978d99b571,456f6b5d5f4c2aef6493057a1bf0d1595c4abb0cd3865dfa9abdfd64d1db458d,False,,data/NEU-CLS/train/train/images/crazing_286.jpg,True,,test
data/NEU-CLS/train/train/images/crazing_287.jpg,crazing_287.jpg,crazing,filename_prefix,.jpg,793aa8808f567cd6552258c01904817b28d481c5224cce86c6b78bdd2721d42f,e5ec68dc146ae82c03226e0732478e7a08ec3a589c1b79ed543f829f17ee5a2f,False,,data/NEU-CLS/train/train/images/crazing_287.jpg,True,,development
data/NEU-CLS/train/train/images/crazing_288.jpg,crazing_288.jpg,crazing,filename_prefix,.jpg,48efd269655d26e04df4dda98d72deac85963a3bee9390be7b26f81889a64bea,790b119b2802d853af5c39c59215fe9bc4538613b2cf0e98c377053ff9501cd9,False,,data/NEU-CLS/train/train/images/crazing_288.jpg,True,,development
data/NEU-CLS/train/train/images/crazing_289.jpg,crazing_289.jpg,crazing,filename_prefix,.jpg,e8a4eb437e3586cdedf11bbca2fc2698cfbfeabcb8df251c80696b9b7780318c,9694beb9e2d3071d89edce54848454aea992939a28abc790e3347aea6c4ca353,False,,data/NEU-CLS/train/train/images/crazing_289.jpg,True,,development
data/NEU-CLS/train/train/images/crazing_29.jpg,crazing_29.jpg,crazing,filename_prefix,.jpg,9718f45776957ad8492f896067db6783e448911992b49564f29b0342e5ad02b5,a3806dc634426eab8c3271ac72b1ad399556a41b801442b71a4e520f6e2adab7,False,,data/NEU-CLS/train/train/images/crazing_29.jpg,True,,development
data/NEU-CLS/train/train/images/crazing_290.jpg,crazing_290.jpg,crazing,filename_prefix,.jpg,adcb1bb45c8e9a837bde4b39b3979eabf08a2ad921bb2b660b3d61a17c6c8800,620cab1bc93b230fa859abf37697430440ea3e9b057d36ef2c36f36df8c9db7a,False,,data/NEU-CLS/train/train/images/crazing_290.jpg,True,,development
data/NEU-CLS/train/train/images/crazing_291.jpg,crazing_291.jpg,crazing,filename_prefix,.jpg,f08ee4fd02d4b59f72263bc8b11bf3af8561d7527be9c5636f1eb4f7398534ea,519300884232fb0ebb6113c3dc97dd88f28407cc45d1a41c4f564c4332b47ae4,False,,data/NEU-CLS/train/train/images/crazing_291.jpg,True,,development
data/NEU-CLS/train/train/images/crazing_292.jpg,crazing_292.jpg,crazing,filename_prefix,.jpg,091518252229e30c7a01b80f32aa02a9f1c576b1649deaa7bca26bc4b2b67203,caaade1894f48f9e7bb7e5464806c150ec38e5a5492b07f8df949715975d2662,False,,data/NEU-CLS/train/train/images/crazing_292.jpg,True,,development
data/NEU-CLS/train/train/images/crazing_293.jpg,crazing_293.jpg,crazing,filename_prefix,.jpg,d2ba33bf399dabc564bd17c2a3b104d832decf6eaf585ae09e3d3a3eec1911d3,3821acec5076faa012b1709b93fa476b3809f9003c9b0664d0674c7698601362,False,,data/NEU-CLS/train/train/images/crazing_293.jpg,True,,development
data/NEU-CLS/train/train/images/crazing_294.jpg,crazing_294.jpg,crazing,filename_prefix,.jpg,067a4d6dd8fbae0a53fe3ed2242c7ceb0cabd778003db32a25205a45ca9f1230,4fb01290af428f8adbabcd84f143e1ef3e175621d2608d74e3404ac25046b3ec,False,,data/NEU-CLS/train/train/images/crazing_294.jpg,True,,test
data/NEU-CLS/train/train/images/crazing_295.jpg,crazing_295.jpg,crazing,filename_prefix,.jpg,baf96b62005b06f8f3e14fd87e5b9748b52f0f8e1598c26d10cff50692bfc6b6,5c8a3dfc5cc1dc37fd0e1f9d1bc95b165f3a4031f87929a946c01a25af2d55fd,False,,data/NEU-CLS/train/train/images/crazing_295.jpg,True,,development
data/NEU-CLS/train/train/images/crazing_296.jpg,crazing_296.jpg,crazing,filename_prefix,.jpg,92a1d48c1f1b08a495abbc40d999e54f6a2fdb910ecf40cc9675aeb917db3b5e,04a97faafea6b43432a5f10f7576d717e265d22d4da8dde6ce1573726e041361,False,,data/NEU-CLS/train/train/images/crazing_296.jpg,True,,development
data/NEU-CLS/train/train/images/crazing_297.jpg,crazing_297.jpg,crazing,filename_prefix,.jpg,f747b0d994279d4e000f854793f762f3592becb5909afb704d512b9e74f2dbd4,18a0f2a9763839c7cd8ec53f25036901a6910ed0ad93b77cba17f64764f49515,False,,data/NEU-CLS/train/train/images/crazing_297.jpg,True,,test
data/NEU-CLS/train/train/images/crazing_298.jpg,crazing_298.jpg,crazing,filename_prefix,.jpg,767ef7b4c31afd770cd2dfd17341af33ca3eec6a0018ad9cf9ef6c69c13c97a0,d4722432755f571bfc37159075cbe721d8ff7e098b5f430fd3d127773e33165a,False,,data/NEU-CLS/train/train/images/crazing_298.jpg,True,,development
data/NEU-CLS/train/train/images/crazing_299.jpg,crazing_299.jpg,crazing,filename_prefix,.jpg,37cb5a5f9ffcf7226ac5a1963823da5b918c26750897d1926c9bc90b0eb7ec67,d7388b13a79ba9374fb85e9119a87c54985a029c48511da9373be14bbed71903,False,,data/NEU-CLS/train/train/images/crazing_299.jpg,True,,development
data/NEU-CLS/train/train/images/crazing_30.jpg,crazing_30.jpg,crazing,filename_prefix,.jpg,81aff6312a4ceae245855ced6e56719e7e8e3d0911345317d2bb9f8ebbb9847e,fbf6057c2a6445024a2026328b226a1f94e2e16b63e604fd3b419a95271ad246,False,,data/NEU-CLS/train/train/images/crazing_30.jpg,True,,test
data/NEU-CLS/train/train/images/crazing_300.jpg,crazing_300.jpg,crazing,filename_prefix,.jpg,87595c05d2a5f7792c219dfa245dce2cfc26784e165a5172fecaab73eaee288d,2990c830c033dc92caff5af51b0eb324f9523f8cebbe5377e49d4677d8f019d8,False,,data/NEU-CLS/train/train/images/crazing_300.jpg,True,,development
data/NEU-CLS/train/train/images/crazing_31.jpg,crazing_31.jpg,crazing,filename_prefix,.jpg,11811c52e18ce0f75735982d56a593e8c7d55ce91acbbb276e716d921de03c6c,04b43a8bfe3b69fb8d3b733886de3be2a16ca0a51c914b5a35e11f0feff4b039,False,,data/NEU-CLS/train/train/images/crazing_31.jpg,True,,development
data/NEU-CLS/train/train/images/crazing_32.jpg,crazing_32.jpg,crazing,filename_prefix,.jpg,f57a1208c7883891c0bea1879d9d6e45df7d5640a47caccc0df53615f87b5533,66ee5550f66c99ba214d96a3dbb105dc3a7d500169f4220e4df35ee3bbef1481,False,,data/NEU-CLS/train/train/images/crazing_32.jpg,True,,development
data/NEU-CLS/train/train/images/crazing_33.jpg,crazing_33.jpg,crazing,filename_prefix,.jpg,448d39af4c31bc49221dbaaca70522b51a5c9b000499f395db8292f421788931,965ffeef2bb25cb78803c176a476d3c6f241cfddfb18bd29febe6615c4d0a904,False,,data/NEU-CLS/train/train/images/crazing_33.jpg,True,,development
data/NEU-CLS/train/train/images/crazing_34.jpg,crazing_34.jpg,crazing,filename_prefix,.jpg,fdee1c20f4c0476d35b7348d2325e4a933b8992465ed2fb409435cde08f0197e,fa79249356d899ac658922e1c56036ee8cfcd2721d55d45c74f6cddd1b67e85f,False,,data/NEU-CLS/train/train/images/crazing_34.jpg,True,,development
data/NEU-CLS/train/train/images/crazing_35.jpg,crazing_35.jpg,crazing,filename_prefix,.jpg,744ed04f33da9d31c23f0c1b1d97157c96e39fb5e8b38a5f98f97473b86baff9,55779f8e33cbd75de32fbcfe801b14c77e65f3c76bd13d51833b0c8bf26f5f11,False,,data/NEU-CLS/train/train/images/crazing_35.jpg,True,,development
data/NEU-CLS/train/train/images/crazing_36.jpg,crazing_36.jpg,crazing,filename_prefix,.jpg,84294a46d3ecfbaab1882f992230e73a56852ce3778d0187e8f6ed352e763103,a3f7b139ceb2ed4264ec809044feb6f24880dd26dad1d0a0546487e5f6cbf1e4,False,,data/NEU-CLS/train/train/images/crazing_36.jpg,True,,test
data/NEU-CLS/train/train/images/crazing_37.jpg,crazing_37.jpg,crazing,filename_prefix,.jpg,4ffcf91ed3cf1fdd3f2d840553b6cb569e4ca1ab0eece4db7810082a7fa7026d,ce8aa40f2d4198e8712fd815856e23c8d1ac5058b672af91c3f8a6e5346c7d3b,False,,data/NEU-CLS/train/train/images/crazing_37.jpg,True,,development
data/NEU-CLS/train/train/images/crazing_38.jpg,crazing_38.jpg,crazing,filename_prefix,.jpg,5e16cb2c52345acb8e71cf29e98082a6e52074a8e823452ea59705e482b8c4c2,cc38eacf4af6018eb31f5ec028068ec7848e39d39dbd0435a461e13bb4aaf22e,False,,data/NEU-CLS/train/train/images/crazing_38.jpg,True,,development
data/NEU-CLS/train/train/images/crazing_39.jpg,crazing_39.jpg,crazing,filename_prefix,.jpg,4a2b97c587ee93b2ca5ba820ce2c09c4d25fe95a731fce3bd96d6fe91d04f594,a9ad288973906babd85258cc92ee753b17d36148c4d836028aecffc711f805d4,False,,data/NEU-CLS/train/train/images/crazing_39.jpg,True,,development
data/NEU-CLS/train/train/images/crazing_40.jpg,crazing_40.jpg,crazing,filename_prefix,.jpg,5af42f7b29116f3a377435738a7cada23e573e81998b6a34b1c3f8e137f18dbc,1b7e806b569af8bd335d9d5ac50512da4f54b9e90fc2c2b813f0bb1c7c44b33c,False,,data/NEU-CLS/train/train/images/crazing_40.jpg,True,,development
data/NEU-CLS/train/train/images/crazing_41.jpg,crazing_41.jpg,crazing,filename_prefix,.jpg,53b23674f9756ffbee2d8e24d622ab80c797f9380b881734a62d8f8383bd1f49,a94a480e0e1c0477e0fd31fd50f9b217213acecdeef73bef741597789c1ac020,False,,data/NEU-CLS/train/train/images/crazing_41.jpg,True,,development
data/NEU-CLS/train/train/images/crazing_42.jpg,crazing_42.jpg,crazing,filename_prefix,.jpg,9381527988faf21bd1241ad42d0dc85f53bc54e0c83c8b5bfdf3b4a0f430b640,b8806f7b903419dfead0c25e7b29d42e968be246db580cafe8571bd49e1a5225,False,,data/NEU-CLS/train/train/images/crazing_42.jpg,True,,development
data/NEU-CLS/train/train/images/crazing_43.jpg,crazing_43.jpg,crazing,filename_prefix,.jpg,0e3fae3fea8ac95c28d5d5f791418a967b76ab1f73512677ca13a9148874150e,498bb8475b150fc27d141034fd4213e8c21ce40f3cb750f5d8c7fe2a9b4a4771,False,,data/NEU-CLS/train/train/images/crazing_43.jpg,True,,development
data/NEU-CLS/train/train/images/crazing_44.jpg,crazing_44.jpg,crazing,filename_prefix,.jpg,4b95e1f850b1cf16c6117525ffee5cd0669bd8211ef9ad58507d7b3f3c423b9a,479a1ecdd90d4b303278c32b8efac11d417f2976fc83e8a7df4db994a9142782,False,,data/NEU-CLS/train/train/images/crazing_44.jpg,True,,test
data/NEU-CLS/train/train/images/crazing_45.jpg,crazing_45.jpg,crazing,filename_prefix,.jpg,d3dce85fea7604f681e3da01982c40842e1fb564242c1a755fac59355816df56,dd6c4d13987721c55f924e2aab3a4bc22e985385e5af28b8679c7b54534231e0,False,,data/NEU-CLS/train/train/images/crazing_45.jpg,True,,development
data/NEU-CLS/train/train/images/crazing_46.jpg,crazing_46.jpg,crazing,filename_prefix,.jpg,ebbb23464a4c5be52235fd3088e89930c60802de487a1fa1c608bee259a48526,7cec58a29073b95d7ac565aa90626ff8a74e84a99003350e74f18f0e7c1c5c63,False,,data/NEU-CLS/train/train/images/crazing_46.jpg,True,,development
data/NEU-CLS/train/train/images/crazing_47.jpg,crazing_47.jpg,crazing,filename_prefix,.jpg,d77ee250330fd1743874dadec8bedd898266c285e810be192742fe470aeec688,b7adb0d0a9a5279c5167242b75218280d7acb0e2f72023c57025084cd4e8cc88,False,,data/NEU-CLS/train/train/images/crazing_47.jpg,True,,development
data/NEU-CLS/train/train/images/crazing_48.jpg,crazing_48.jpg,crazing,filename_prefix,.jpg,d79b1cf76ffa81315a8e1a870e374076bdcc01196e4eb9796c8d43297ca4d8cc,e4b1b4c3b60966b699d7bf2343f75ef10796f872b54704b38f80175a91e0b8e5,False,,data/NEU-CLS/train/train/images/crazing_48.jpg,True,,development
data/NEU-CLS/train/train/images/crazing_49.jpg,crazing_49.jpg,crazing,filename_prefix,.jpg,d9beeff73a60926ebf5a2763df3f02c22275f0d9164b81204d30a4926a1ebcce,cee5fef6774717ec1f6bf9770eb9152e2999b170308c751fbe836849f33cbaee,False,,data/NEU-CLS/train/train/images/crazing_49.jpg,True,,development
data/NEU-CLS/train/train/images/crazing_50.jpg,crazing_50.jpg,crazing,filename_prefix,.jpg,a7a11fa9737a118af9703e8ea983bee26d5db78ba2c6fe067d536cc200366323,96b1682718a4db1d94af50433d48766225c50e816ec1fee7f24ada8e5e0c35a1,False,,data/NEU-CLS/train/train/images/crazing_50.jpg,True,,test
data/NEU-CLS/train/train/images/crazing_51.jpg,crazing_51.jpg,crazing,filename_prefix,.jpg,185daa31428cf2467d48f9f57ff582575d07a796cd26d77f3e05537bae681503,5c171dc5fce5e6362ec7423e6ee09e2c2ad7c7c1449ce35bc961d54398b77091,False,,data/NEU-CLS/train/train/images/crazing_51.jpg,True,,development
data/NEU-CLS/train/train/images/crazing_52.jpg,crazing_52.jpg,crazing,filename_prefix,.jpg,055986e899fafa4a46e80fe01e5dad5255a5158b55e77325bed3b1c9bdc5b9c9,524febb2478f5580ec9e0c9144ef01ee3b82d9ea9ac05b76bedb95e875d4d9b8,False,,data/NEU-CLS/train/train/images/crazing_52.jpg,True,,test
data/NEU-CLS/train/train/images/crazing_53.jpg,crazing_53.jpg,crazing,filename_prefix,.jpg,a16828a58ab03f0c6cd5947f4a7015eef72febf6e5528b49fb165539046b53fa,af4487be5d1d5ab60c6fdcd35542bfca2f2e60a6a3e8a39bddab4d02950ec121,False,,data/NEU-CLS/train/train/images/crazing_53.jpg,True,,development
data/NEU-CLS/train/train/images/crazing_54.jpg,crazing_54.jpg,crazing,filename_prefix,.jpg,1bb2a0b5f536370e8565466ec3d6147071fe5a17925ef706b5166bca8f1dd1f9,d6780e91902bd7bcdd09f485a6a92fcba1bf1ceb29965cea8c628a94c535e68f,False,,data/NEU-CLS/train/train/images/crazing_54.jpg,True,,development
data/NEU-CLS/train/train/images/crazing_55.jpg,crazing_55.jpg,crazing,filename_prefix,.jpg,ef625b79fbd0636ce5a4af56e0ff832f5ab3c1b25dc7c0e648b20fbcadf1a798,4c9f820ac6280f2bb7c1493f605f41b96fca005bff8f66f3247b6b081b9346f4,False,,data/NEU-CLS/train/train/images/crazing_55.jpg,True,,development
data/NEU-CLS/train/train/images/crazing_56.jpg,crazing_56.jpg,crazing,filename_prefix,.jpg,f0db4ea8f3b579799fac33d14d621dc7de2e0c56c0bf83bf2539c56cac1ac3f5,e8f1b67c9d9a743b769aeabe2937d692c1580f8eb5203908bb81e031b9574370,False,,data/NEU-CLS/train/train/images/crazing_56.jpg,True,,development
data/NEU-CLS/train/train/images/crazing_57.jpg,crazing_57.jpg,crazing,filename_prefix,.jpg,d962440b85f1a1b6a3fbfc38562dd10fba994c3e8b269ae34b28f2f44b0edff0,b416dc40218aea532058213b89db00b6ad53a72a825b471e422526cfd711886d,False,,data/NEU-CLS/train/train/images/crazing_57.jpg,True,,development
data/NEU-CLS/train/train/images/crazing_58.jpg,crazing_58.jpg,crazing,filename_prefix,.jpg,b65f1e18d496df96231807c74aab701d680a5d529be56ad97497f6f52443d977,c388fe230412ff5bca09562788f153fc5f4acdd8ea12921d0abc26477c35af54,False,,data/NEU-CLS/train/train/images/crazing_58.jpg,True,,development
data/NEU-CLS/train/train/images/crazing_59.jpg,crazing_59.jpg,crazing,filename_prefix,.jpg,a00621e2838535650cc053346039c394cb920e4166eb08785c68b8cc8e65bbec,108d61b229fdfaa0c4316cb9579be2b50d7433b4e53e4d06039d2a56ab777685,False,,data/NEU-CLS/train/train/images/crazing_59.jpg,True,,development
data/NEU-CLS/train/train/images/crazing_6.jpg,crazing_6.jpg,crazing,filename_prefix,.jpg,34646d48f4e27f58a044ddac5e893c3208e855676e724a33f9d8e588bc78b2bd,35571d170006b23d0778177f53a11f516a3a04cd11f52962be4660b232d96db5,False,,data/NEU-CLS/train/train/images/crazing_6.jpg,True,,development
data/NEU-CLS/train/train/images/crazing_60.jpg,crazing_60.jpg,crazing,filename_prefix,.jpg,564d10bccbc68f4c7e1983493469c7adb25dc89ab37456c748c3e70acf232f57,31856bd7c708a14b56c56ecec3e03f28e6cb97737ad2b1fe8435567b03c7e61a,False,,data/NEU-CLS/train/train/images/crazing_60.jpg,True,,test
data/NEU-CLS/train/train/images/crazing_61.jpg,crazing_61.jpg,crazing,filename_prefix,.jpg,d0e4e13c6a2680da14861607445dec73092103187163bcd0d677d8f43028ef10,1eea8b53ff62bc35609a5034123e48f8ea5f807c7b92714c799b1cb38873b7c9,False,,data/NEU-CLS/train/train/images/crazing_61.jpg,True,,development
data/NEU-CLS/train/train/images/crazing_62.jpg,crazing_62.jpg,crazing,filename_prefix,.jpg,8abc2a5ba3bb3c562fddf2c815f0803f4ae32d6a05c83ffd424465011e55769e,71018f62f57ffd90dc71bf266d99f9ca945c3506caefba16d9537208c2ce26f3,False,,data/NEU-CLS/train/train/images/crazing_62.jpg,True,,development
data/NEU-CLS/train/train/images/crazing_63.jpg,crazing_63.jpg,crazing,filename_prefix,.jpg,b6870a0cc504de5913c485b462c538bcc6242771cf4fe3f2cb22ba37cae0483a,4332cf597ae2e5e76090530d59ed3b63b224220a7d999921b5da9a0e365db3f5,False,,data/NEU-CLS/train/train/images/crazing_63.jpg,True,,development
data/NEU-CLS/train/train/images/crazing_64.jpg,crazing_64.jpg,crazing,filename_prefix,.jpg,41f29f1de1be87c832619d28a4e30515b2efec24b9b29560efe1957b01ac49a3,22445a619218f3f129577d619e357fd32b24285ab63ffffa6c70d5ce7438fd7f,False,,data/NEU-CLS/train/train/images/crazing_64.jpg,True,,test
data/NEU-CLS/train/train/images/crazing_65.jpg,crazing_65.jpg,crazing,filename_prefix,.jpg,a35f3d67bd8f90728ff701ab77e49073085bc8ad2fa3ba4bf7ef8599140f1a08,7a5a359e1090378d8063536e6de268c80d1b537a66f8b70a2535095735df57ba,False,,data/NEU-CLS/train/train/images/crazing_65.jpg,True,,test
data/NEU-CLS/train/train/images/crazing_66.jpg,crazing_66.jpg,crazing,filename_prefix,.jpg,c905e814bfb7385132197f1f8efd5b7b76414398c1534dd90114681b3d2a6144,4bd9340077a7bd4b38129f1b69a00bfa3caee27590f672ec973b7fcac5fb20d0,False,,data/NEU-CLS/train/train/images/crazing_66.jpg,True,,development
data/NEU-CLS/train/train/images/crazing_67.jpg,crazing_67.jpg,crazing,filename_prefix,.jpg,c4f1027db43a4cc746e12b1dda42f5d1728ecc093ee73bbb2ec8961e4aaa72cb,c2baebbf8de08e74b2f1e49749c2313dd64d190c25629b972ffc980ef7a971f0,False,,data/NEU-CLS/train/train/images/crazing_67.jpg,True,,development
data/NEU-CLS/train/train/images/crazing_68.jpg,crazing_68.jpg,crazing,filename_prefix,.jpg,cc1a491bafa45b321edbd4e82a147279093824fa258a74e942be76f0cc6ed3e2,c1c7b1582cc92b3a8fe4080dd678c42e24ba2d0fe61754e4b87d83de597888ca,False,,data/NEU-CLS/train/train/images/crazing_68.jpg,True,,development
data/NEU-CLS/train/train/images/crazing_69.jpg,crazing_69.jpg,crazing,filename_prefix,.jpg,f83a0b7c191f807566e02550ca6d8c3a530c0bf225a50fd68c0da84aaa1b86bd,38ea8ba9b56fcf6aac94fc47f064a1ddec53d2933cf5eff5a62892e914d404d9,False,,data/NEU-CLS/train/train/images/crazing_69.jpg,True,,development
data/NEU-CLS/train/train/images/crazing_7.jpg,crazing_7.jpg,crazing,filename_prefix,.jpg,cc919de8775d5528872dc90d26ef796a64e73bfc04310d1a993455ce7a3a9f39,66255199a0de2132a0a4e66e288c9184d4e4ddf1b982acc92f1d68d30e02e6fa,False,,data/NEU-CLS/train/train/images/crazing_7.jpg,True,,development
data/NEU-CLS/train/train/images/crazing_70.jpg,crazing_70.jpg,crazing,filename_prefix,.jpg,2c4a6204c48c5a072726320d3cefbf94a8667580a52b88800bc72997a4b4b653,5ef08b3a34da1c2c2cbacfa4d995a6b58094629f25f124a4501b812de64583ac,False,,data/NEU-CLS/train/train/images/crazing_70.jpg,True,,development
data/NEU-CLS/train/train/images/crazing_71.jpg,crazing_71.jpg,crazing,filename_prefix,.jpg,a73890705e7a0d3e52254d0aec000ed0307968450e10f860a7b7e45fe9e085db,e101ae8455e7946f8e668c46f19aac14b3fdef6b5abb5bd6fd3e993ae7f16610,False,,data/NEU-CLS/train/train/images/crazing_71.jpg,True,,test
data/NEU-CLS/train/train/images/crazing_72.jpg,crazing_72.jpg,crazing,filename_prefix,.jpg,8477e24640fb56d2644a2460b57c3e653e259d8eb768d87d7342983389c5d4fb,392f38d9ea2060bb0fe8a7e8e59ec1666c9ceafbf6ba0908a8cddb6a1148395f,False,,data/NEU-CLS/train/train/images/crazing_72.jpg,True,,development
data/NEU-CLS/train/train/images/crazing_73.jpg,crazing_73.jpg,crazing,filename_prefix,.jpg,01da434c490153c66593c10ec70ab8a776a68d6468c7a28894fe09a5a81b50e7,b5810ada941ec1afdef0ec28c727ee4ba327d56ad5e359274569b3ec136fb180,False,,data/NEU-CLS/train/train/images/crazing_73.jpg,True,,test
data/NEU-CLS/train/train/images/crazing_74.jpg,crazing_74.jpg,crazing,filename_prefix,.jpg,93458f9a74b514a0e88a19b98cdba20ecf2a085d0847b2320133b3765501ed57,26d58bd725a004ba741afb1ca747e4d380f6f258ea5236345b3cc85bccd8ddc5,False,,data/NEU-CLS/train/train/images/crazing_74.jpg,True,,development
data/NEU-CLS/train/train/images/crazing_75.jpg,crazing_75.jpg,crazing,filename_prefix,.jpg,06eb9b9386adbe1416941871e2f20ac2de1396c623e783ca78252f8549b11008,0396c9b4850dd690ab82c88db42e3906830f2e8a7e66c0c1c2e29544fab59db4,False,,data/NEU-CLS/train/train/images/crazing_75.jpg,True,,development
data/NEU-CLS/train/train/images/crazing_76.jpg,crazing_76.jpg,crazing,filename_prefix,.jpg,8e670b781eb7113474cc63d5cf47b58070206ac5aeb4b82b6890097e212b4250,f440d1e07e3e3e15c5f5a234d9c5d37c9a8834cc4b511fffbf5b4c8f77757484,False,,data/NEU-CLS/train/train/images/crazing_76.jpg,True,,development
data/NEU-CLS/train/train/images/crazing_77.jpg,crazing_77.jpg,crazing,filename_prefix,.jpg,055ee2a21ea7f1edb8034df061a2a9867048640c4f3993e46c28bb92dba6a9a4,11e3188cd6b3234c2209c863ecb560fc5e771bed3abd8f8266f918f0ee9171ae,False,,data/NEU-CLS/train/train/images/crazing_77.jpg,True,,test
data/NEU-CLS/train/train/images/crazing_78.jpg,crazing_78.jpg,crazing,filename_prefix,.jpg,89bf4eaf2c246bbb9cd378c6231fe2b188b1ded2e6648f89b5bbe7e4d1f01342,f6bee0430c6d84a1c1ee32a881c69d831c2ece93f4d72a73ea8fbbfea0eec8ac,False,,data/NEU-CLS/train/train/images/crazing_78.jpg,True,,development
data/NEU-CLS/train/train/images/crazing_79.jpg,crazing_79.jpg,crazing,filename_prefix,.jpg,05ea42b4023df81cdcab5da55b25f800345152c6a55d62f0d8d413209c8cf0bd,66d31ae8def86971bc48ed8bc7664e731675475f17e6d318691f3c950920908e,False,,data/NEU-CLS/train/train/images/crazing_79.jpg,True,,development
data/NEU-CLS/train/train/images/crazing_8.jpg,crazing_8.jpg,crazing,filename_prefix,.jpg,641e7ed94550b4f44709faa8d5ccb5b206c82abe81e298e18c4db6f0d29d6df1,86c35a7a8f57e4ad85aaa1c404f3d064e3198517c18c07852ad5f5d5407fa5a1,False,,data/NEU-CLS/train/train/images/crazing_8.jpg,True,,development
data/NEU-CLS/train/train/images/crazing_80.jpg,crazing_80.jpg,crazing,filename_prefix,.jpg,ce76e8ff95c334621fd7c603b101abdca5ac945e3766967268332831ba41417a,c2d84eeb34497f06eb1f45418b6edf6469fe55dfb1d77260f17e16ce4d929f54,False,,data/NEU-CLS/train/train/images/crazing_80.jpg,True,,development
data/NEU-CLS/train/train/images/crazing_81.jpg,crazing_81.jpg,crazing,filename_prefix,.jpg,79bef32f8309a3e38a5c96e56a1e54bfd5057b58d4b000e08a5815a28bcffaef,7c9d24944abc74b7445e493727cdef899943fd7e7d1bb8855ec5dc8b79d60f30,False,,data/NEU-CLS/train/train/images/crazing_81.jpg,True,,development
data/NEU-CLS/train/train/images/crazing_82.jpg,crazing_82.jpg,crazing,filename_prefix,.jpg,70ba79d6bd7962c5b1130db39351a223dcd3f5bafd7820c30ab66573e3d4a159,6b7accdca3fca91bf53e11bc3025edd6612873098e928440498ff5c733cc2cd9,False,,data/NEU-CLS/train/train/images/crazing_82.jpg,True,,test
data/NEU-CLS/train/train/images/crazing_83.jpg,crazing_83.jpg,crazing,filename_prefix,.jpg,b44de873cabd306c7fd31edebcedde3c8b6aebd35ee4d22304324da5db5b6e01,b9b4c85fdeb97696af26b7fe6ab8de2e59fdac71c07ee7feaae0c72046be504a,False,,data/NEU-CLS/train/train/images/crazing_83.jpg,True,,development
data/NEU-CLS/train/train/images/crazing_84.jpg,crazing_84.jpg,crazing,filename_prefix,.jpg,c5669030d7526877ac547e46b9bfe8cedcc6e6e0e4f7bb481c8c52706215ae0e,1fa078e7d056a18a5f8e1c8514df77f8f60e5ab07619d1d611e40c0afa341fc1,False,,data/NEU-CLS/train/train/images/crazing_84.jpg,True,,development
data/NEU-CLS/train/train/images/crazing_85.jpg,crazing_85.jpg,crazing,filename_prefix,.jpg,2b8c862c81366fe5c8e7d3600216f7d5b80c1b10aa55b1540d18d5eb60461ccc,ffbf6e6b09678050d9be07a62f0d0dd510f17e7a7c246c012a21f7c96a718f2d,False,,data/NEU-CLS/train/train/images/crazing_85.jpg,True,,development
data/NEU-CLS/train/train/images/crazing_86.jpg,crazing_86.jpg,crazing,filename_prefix,.jpg,bdfee0b1201604e89f9ed8953bea9f820375c70335c109fe7a434c326868f9b4,51703d2d954d2030d1d878b0741341757fed444717f68516a4ab7d73dfd9c0f7,False,,data/NEU-CLS/train/train/images/crazing_86.jpg,True,,development
data/NEU-CLS/train/train/images/crazing_87.jpg,crazing_87.jpg,crazing,filename_prefix,.jpg,b8d2d75a4a252c9b8735931f45c6dd576219ba514823cf41e40076b685023958,5c30d3bca53d3a563bf923c7979320e6cbd37cb23e7c15b5be32fac8bd69a57c,False,,data/NEU-CLS/train/train/images/crazing_87.jpg,True,,development
data/NEU-CLS/train/train/images/crazing_88.jpg,crazing_88.jpg,crazing,filename_prefix,.jpg,9519c11fd80a47c30c9b46f2820a57a967d0cf74d9db0b2b06345c7af3194751,d7232bb93a602b4e3c666059765010f9eb86f43ef9a8fbbf02f91dbce2acae47,False,,data/NEU-CLS/train/train/images/crazing_88.jpg,True,,development
data/NEU-CLS/train/train/images/crazing_89.jpg,crazing_89.jpg,crazing,filename_prefix,.jpg,b74f577a82e82a76db9450526b2fc5863ecc761cfb6d243fef8907559711afb5,c23be6b2c5f9b7a191826ad8c4dde815d734b1893170d397365f20a014263eb6,False,,data/NEU-CLS/train/train/images/crazing_89.jpg,True,,development
data/NEU-CLS/train/train/images/crazing_9.jpg,crazing_9.jpg,crazing,filename_prefix,.jpg,77fa42b142e72ebaadeb44516b791bddcf511db1a4448655e4c16180012a263d,1fce0534ea5d0ccc104b6a2592f6d30068832cf02a633bb344fe10842cb6052e,False,,data/NEU-CLS/train/train/images/crazing_9.jpg,True,,development
data/NEU-CLS/train/train/images/crazing_90.jpg,crazing_90.jpg,crazing,filename_prefix,.jpg,d0ffb5df9fa35be28448d4f9b9efc5fd881868fcbd989a66981adee52b061f1e,dda3de943c18b47a53bbe3625193525a2970945f99dec6c1d0dafa055c83cd89,False,,data/NEU-CLS/train/train/images/crazing_90.jpg,True,,development
data/NEU-CLS/train/train/images/crazing_91.jpg,crazing_91.jpg,crazing,filename_prefix,.jpg,f7b2c16c4506a6c7b3cb97f5a5c7db6ae55d3dcdcea66828866ad2aba7b029c1,ccf802e5dbb58732c4854f3a4f8731562fcee5cb8da93992ef9bcde9b9a0aacc,False,,data/NEU-CLS/train/train/images/crazing_91.jpg,True,,test
data/NEU-CLS/train/train/images/crazing_92.jpg,crazing_92.jpg,crazing,filename_prefix,.jpg,6d73bee0a96f6225aa34bef31b62743b657c1254023eeebf604d7bad83142deb,dc1bc0b2e68a9ec3d4d482854d3a04b3a50654bd8d3c45d20ec077384d4c7367,False,,data/NEU-CLS/train/train/images/crazing_92.jpg,True,,development
data/NEU-CLS/train/train/images/crazing_93.jpg,crazing_93.jpg,crazing,filename_prefix,.jpg,2585ec106fb28318a0b6ddc3e5b80f3f80876bd0cd3bdd4f6a99f5d7daac44df,d602196a9cf532a52795d72df600ce6d6a73ba9a5b9e90ebb51921426754671f,False,,data/NEU-CLS/train/train/images/crazing_93.jpg,True,,development
data/NEU-CLS/train/train/images/crazing_94.jpg,crazing_94.jpg,crazing,filename_prefix,.jpg,d33a7c76a9097cbd713eaad36560aa59a825710de6b4e1f11ff7b3050bee602f,c70c2f2ed9ef6fa064377e319a7f09d255687fed85e9f06ad350a0fea7e1a87c,False,,data/NEU-CLS/train/train/images/crazing_94.jpg,True,,development
data/NEU-CLS/train/train/images/crazing_95.jpg,crazing_95.jpg,crazing,filename_prefix,.jpg,b12e69d530b6835b738cd918273ba8689b4eb12b931771e3a729571a8f0eaed6,a71f40a5f578d397567ea30e2e94ee37d17f0255f858dbf8c854d20613f43d9a,False,,data/NEU-CLS/train/train/images/crazing_95.jpg,True,,test
data/NEU-CLS/train/train/images/crazing_96.jpg,crazing_96.jpg,crazing,filename_prefix,.jpg,a678a984ad795c63e8db2587831755f6d8bad4b5116361ab48a1d93a12479c9f,b8ec8d5d37722e426e1c1f031e17b7f27d48e090b3a308367776b5ecd69445c5,False,,data/NEU-CLS/train/train/images/crazing_96.jpg,True,,development
data/NEU-CLS/train/train/images/crazing_97.jpg,crazing_97.jpg,crazing,filename_prefix,.jpg,a613d4150cdcc04fae34a4e95814a877e1cccc939851343b46f8e11386190b68,a61ee1ea9e1a7167db6f3e92469eb44bc76ba5421e79f88e13ed2145801255f7,False,,data/NEU-CLS/train/train/images/crazing_97.jpg,True,,development
data/NEU-CLS/train/train/images/crazing_98.jpg,crazing_98.jpg,crazing,filename_prefix,.jpg,8bad4ff0ef7fd0b090e649037db185543ef3db586b3f52e00fd7a1b13516092f,805396f221f51bd555123825ee09b3c4f0474e1f2123af246c8f50b24a5868a0,False,,data/NEU-CLS/train/train/images/crazing_98.jpg,True,,development
data/NEU-CLS/train/train/images/crazing_99.jpg,crazing_99.jpg,crazing,filename_prefix,.jpg,2fdc9b193fd36431552fab516805c037a5f6e972ef61f6e0d95ab0892925d96d,7e115b4df5e27310125e531297c98b847f111e4f82b1486d29764327e90195b5,False,,data/NEU-CLS/train/train/images/crazing_99.jpg,True,,development
data/NEU-CLS/train/train/images/inclusion_10.jpg,inclusion_10.jpg,inclusion,filename_prefix,.jpg,67a9e66628070a2508aced5103bb920ba0a48c8e1897d0ee5058647bc0f67f02,dfc289e3e36f12204238d8ed1a247ed828c6b2e337c50d924003ae92d1216456,False,,data/NEU-CLS/train/train/images/inclusion_10.jpg,True,,development
data/NEU-CLS/train/train/images/inclusion_100.jpg,inclusion_100.jpg,inclusion,filename_prefix,.jpg,4a204bd8c11a28973c0f7abd57439cc1116af08aa4e7e1e1dd36eae887c9dec7,40fbd579c922a366544cb0fb0b8502575a522d38975f6412bbb2721a07dfaf70,False,,data/NEU-CLS/train/train/images/inclusion_100.jpg,True,,development
data/NEU-CLS/train/train/images/inclusion_101.jpg,inclusion_101.jpg,inclusion,filename_prefix,.jpg,314b71b87c87fe49edd16b947d7161546fdbacc2655c7695da041a31c7026d7a,a7b42a6a3261a5939c25aaea888719ea0c3492062232c9880eba25c70365daed,False,,data/NEU-CLS/train/train/images/inclusion_101.jpg,True,,development
data/NEU-CLS/train/train/images/inclusion_102.jpg,inclusion_102.jpg,inclusion,filename_prefix,.jpg,0b60560ad9252b5c0f1187c7b5a6a9ec732157ac79b0bd11493cc3b6d44bd3e3,adfb8ac5548ad163a019899597555800ccdd88ab1ca88e2beaa0831f0a92478b,False,,data/NEU-CLS/train/train/images/inclusion_102.jpg,True,,test
data/NEU-CLS/train/train/images/inclusion_103.jpg,inclusion_103.jpg,inclusion,filename_prefix,.jpg,2dcc3bb7d8c5ac7f3ef0821f9d4bd3a35a7964be1628a80a534ba0bf4646f3fc,9606a8603ec321e54e74f90e29340e7b6c2f39a5b7ff5e06f27870b7328cea9b,False,,data/NEU-CLS/train/train/images/inclusion_103.jpg,True,,development
data/NEU-CLS/train/train/images/inclusion_104.jpg,inclusion_104.jpg,inclusion,filename_prefix,.jpg,f6d1f086d618e7898841c26ad7f6d1016ed53d61bf472c63f6dad11bd290d5f2,2072f5dd091f7d675b0c0b259174a38c673196242c4b4e3f44ca368ad7345e6e,False,,data/NEU-CLS/train/train/images/inclusion_104.jpg,True,,test
data/NEU-CLS/train/train/images/inclusion_105.jpg,inclusion_105.jpg,inclusion,filename_prefix,.jpg,b017cecce1ed22826088c567cf600c2d7925e2e002b69a0b6abf7f494d8cde86,3dd534c831f150695c1568eec0fed4529999e3d6c4724b81e88c5e1367db9e25,False,,data/NEU-CLS/train/train/images/inclusion_105.jpg,True,,development
data/NEU-CLS/train/train/images/inclusion_106.jpg,inclusion_106.jpg,inclusion,filename_prefix,.jpg,daa14864329dffb7423a3bebb1d09e135caa573e059f888b0df8ed73e277b6b2,c2ef5f9790ffaed904ac5b7b7a9b127d59157edcde50f2c17ec0e4025251aaa9,False,,data/NEU-CLS/train/train/images/inclusion_106.jpg,True,,development
data/NEU-CLS/train/train/images/inclusion_107.jpg,inclusion_107.jpg,inclusion,filename_prefix,.jpg,e4e9f9a990f83be32b5c034ceb0c4221773b990ac3e16b1f50a4b9198928c931,98820067687a4f5e65b0696a58084b74129e6ffe0da6fdc2b043bf435f257690,False,,data/NEU-CLS/train/train/images/inclusion_107.jpg,True,,development
data/NEU-CLS/train/train/images/inclusion_108.jpg,inclusion_108.jpg,inclusion,filename_prefix,.jpg,bfcdd7d31d4dd71195b20d5ee0ef212776706c1aade4741cb105ce9206bc23cf,3cdc5c16ed771f13e82be4ed49c062438f35542cdf5d9e448e42dd66f9185420,False,,data/NEU-CLS/train/train/images/inclusion_108.jpg,True,,development
data/NEU-CLS/train/train/images/inclusion_109.jpg,inclusion_109.jpg,inclusion,filename_prefix,.jpg,8056fae340d0cf22cc6abf3ab0ca43dc32e22fb75f423acb3a59fe0f6c389e15,58087fc875422c9c726dd785b21aa95483a20b75085974280164a3f2df737cf1,False,,data/NEU-CLS/train/train/images/inclusion_109.jpg,True,,development
data/NEU-CLS/train/train/images/inclusion_11.jpg,inclusion_11.jpg,inclusion,filename_prefix,.jpg,26f65a8837796443967138e5addc16cc21d481795dbdf63da8baf6579d4bbf5b,214e5bef2dddd58a38f010261730e11969ab44b3f8da633037c7346996be842a,False,,data/NEU-CLS/train/train/images/inclusion_11.jpg,True,,development
data/NEU-CLS/train/train/images/inclusion_110.jpg,inclusion_110.jpg,inclusion,filename_prefix,.jpg,ec3ab6724ba7ed34889aceee6de8c9776905df1ad2224ef6c104fa54c0fefbe5,c54f36ecff36dfc02658a910931319e735257ab9c70be5d0c14bc06b3ab725ab,False,,data/NEU-CLS/train/train/images/inclusion_110.jpg,True,,test
data/NEU-CLS/train/train/images/inclusion_111.jpg,inclusion_111.jpg,inclusion,filename_prefix,.jpg,78c04620e339ecb660b05e50fb3e51dc92ac9bc0e41e4ec4c6fbef9431db04d8,d6035d43adb9b0fff0d455a29d058232320dfaa252bffd103c7ee055896d7c09,False,,data/NEU-CLS/train/train/images/inclusion_111.jpg,True,,development
data/NEU-CLS/train/train/images/inclusion_112.jpg,inclusion_112.jpg,inclusion,filename_prefix,.jpg,1d54cf98773f6ed810b6958ec7ea873e2b44311d38c40ee02feb794def78fddc,54e20350c9f18cb2414a35ac298f243991973aff755c55bff637edadfb9d6a61,False,,data/NEU-CLS/train/train/images/inclusion_112.jpg,True,,development
data/NEU-CLS/train/train/images/inclusion_113.jpg,inclusion_113.jpg,inclusion,filename_prefix,.jpg,a2659ec4b2525f131436db9793d8771c00580577ad002d410e106600f42fa1b4,44aab7c574723e00a8ddaca931649674d38839c58566bcbfc3e22ee7c3bd986d,False,,data/NEU-CLS/train/train/images/inclusion_113.jpg,True,,development
data/NEU-CLS/train/train/images/inclusion_114.jpg,inclusion_114.jpg,inclusion,filename_prefix,.jpg,c91a9bd5ce5a0afad4c1d879dfec669d1aa5252477921d115bd16c2aff034efa,c2ae06ecf3e684b01a048f8133b94a5e69516dd0b780ec222096637f8fa9b743,False,,data/NEU-CLS/train/train/images/inclusion_114.jpg,True,,test
data/NEU-CLS/train/train/images/inclusion_115.jpg,inclusion_115.jpg,inclusion,filename_prefix,.jpg,e3f6a03fb6aa11cba667ab45b03671dcd4108b183bbac71ef28e620d9864cc89,d4a8c59b878906b5388a58ac70de0ba50195349a752aa29ddc5a186cc022dfad,False,,data/NEU-CLS/train/train/images/inclusion_115.jpg,True,,test
data/NEU-CLS/train/train/images/inclusion_116.jpg,inclusion_116.jpg,inclusion,filename_prefix,.jpg,17297ed59542a7be793813baf3c7441e2f74e5f79636101c669171e91f0e927e,6b93a1783a72260a5d5867d9fe5460bf26ff62fe792fc392406955b36c8114a4,False,,data/NEU-CLS/train/train/images/inclusion_116.jpg,True,,development
data/NEU-CLS/train/train/images/inclusion_117.jpg,inclusion_117.jpg,inclusion,filename_prefix,.jpg,84a71148648b705f3697197e5660b36a7e0319acf77300015aafe78d0d555ef6,ac369fa4f77fb61d7b31e4e41bb7d7fd55f634fb9d8b43c9887c09623cbeec6e,False,,data/NEU-CLS/train/train/images/inclusion_117.jpg,True,,test
data/NEU-CLS/train/train/images/inclusion_118.jpg,inclusion_118.jpg,inclusion,filename_prefix,.jpg,033306a176d01d3ed5f0c6ab29b5842ac44e4a52a63e28a852628056cf0cf66c,bd25e3d776671e19d9aa50bd5e9ed838f0a235c07b0015096975c76fc45c6280,False,,data/NEU-CLS/train/train/images/inclusion_118.jpg,True,,development
data/NEU-CLS/train/train/images/inclusion_119.jpg,inclusion_119.jpg,inclusion,filename_prefix,.jpg,f4562ead6fe00c0051cee44830c0c654dbb48b9f198e24d1baf26429aa814256,fe53e95c0e10be1f3d0ebac0c67fe2c2a40d0838f27128d8ba3f0519032a550a,False,,data/NEU-CLS/train/train/images/inclusion_119.jpg,True,,development
data/NEU-CLS/train/train/images/inclusion_12.jpg,inclusion_12.jpg,inclusion,filename_prefix,.jpg,399c512883d199635f6233e27e7a7a3d5bed3eb7aab15083dc5bf9f265d2baa6,e02ab94a1e83b5b75b84c9c1cdf0ceeafd702462b89d528abbb3861d7d0f6be9,False,,data/NEU-CLS/train/train/images/inclusion_12.jpg,True,,development
data/NEU-CLS/train/train/images/inclusion_120.jpg,inclusion_120.jpg,inclusion,filename_prefix,.jpg,9deed64441fc84ee4d040cc532076cb2b68f2c227cf011c10f3ce43b9ee57ff6,4fe6a527b8316102edf0095b6afb4a59fee309cd637d7410c90db5f12d77578c,False,,data/NEU-CLS/train/train/images/inclusion_120.jpg,True,,development
data/NEU-CLS/train/train/images/inclusion_121.jpg,inclusion_121.jpg,inclusion,filename_prefix,.jpg,8a441bf016f67aaa0f21112bfbd35a032f157df1869f5b97154063f527891151,54ad0f29ad0256d6de0d2d3b35786ecf4b947311b1c59f67f4fc8e71f470158d,False,,data/NEU-CLS/train/train/images/inclusion_121.jpg,True,,development
data/NEU-CLS/train/train/images/inclusion_122.jpg,inclusion_122.jpg,inclusion,filename_prefix,.jpg,be11bdbb46072c78e354a3531e4370efb39780b56bc59cbe1b776f3986832919,12fd64121cfc46236fd138b46a1566246f9397fbc2d7c5cf9356e77bfe520b54,False,,data/NEU-CLS/train/train/images/inclusion_122.jpg,True,,test
data/NEU-CLS/train/train/images/inclusion_123.jpg,inclusion_123.jpg,inclusion,filename_prefix,.jpg,e5aa3842ea4186e83d97099d5c413fa7ce27296b1cacc374976547412f0d8f10,a646af53da54129c3cdb157b212cf8b34b153f39b11c3a77bb9432b7e4eb958c,False,,data/NEU-CLS/train/train/images/inclusion_123.jpg,True,,test
data/NEU-CLS/train/train/images/inclusion_124.jpg,inclusion_124.jpg,inclusion,filename_prefix,.jpg,97fa15032df6ad2d76d39216b2ffc67f672cb9d84d1dd1d5c8375565e75f4b02,387192528448b3eeb18ad16b53196befd6cdd81a8bfa9a6e3c90e7fc6b42df2b,False,,data/NEU-CLS/train/train/images/inclusion_124.jpg,True,,development
data/NEU-CLS/train/train/images/inclusion_125.jpg,inclusion_125.jpg,inclusion,filename_prefix,.jpg,155cf4ea1d3586310a12fcfe9ed6df92b7bb7f02ed9b83434b65243d6d1eb24a,c51ced2c732419517e05141568f199d7c3653d3e19dc6349e9385a3137144141,False,,data/NEU-CLS/train/train/images/inclusion_125.jpg,True,,development
data/NEU-CLS/train/train/images/inclusion_126.jpg,inclusion_126.jpg,inclusion,filename_prefix,.jpg,8d4fd5282bca4cdcf7ba5996fa44924a89742990cbdbf7dfdc5056344dbfb2c1,af3762253d720abc8473c328dc25046e3eee2dc4bd61345d36f76773605a8595,False,,data/NEU-CLS/train/train/images/inclusion_126.jpg,True,,development
data/NEU-CLS/train/train/images/inclusion_127.jpg,inclusion_127.jpg,inclusion,filename_prefix,.jpg,f5491face05957d5c441d52295f15e0d9b917ac2500cd84d8baa0f2d2c39f75f,2809a5f4e2b216d3dbd3d3f940b80982a6339acd23416056dcbb348072667f7b,False,,data/NEU-CLS/train/train/images/inclusion_127.jpg,True,,development
data/NEU-CLS/train/train/images/inclusion_128.jpg,inclusion_128.jpg,inclusion,filename_prefix,.jpg,679ef3b3bbd5634a8083ec6e29530980d52bf139d98e2cea973f9ebe714272d8,b2ab076d55d18757d45f765c17bc75a021f7290f540b7823295585543b396e40,False,,data/NEU-CLS/train/train/images/inclusion_128.jpg,True,,development
data/NEU-CLS/train/train/images/inclusion_129.jpg,inclusion_129.jpg,inclusion,filename_prefix,.jpg,26b493e2bc04505e128c9a3d1f1b5ab4d248ffc9b50739848fa389cf07643b0b,a4130d6b4c2084a653aa41b848fa47ed42d889dfbecd4b5b9937816966a522c9,False,,data/NEU-CLS/train/train/images/inclusion_129.jpg,True,,development
data/NEU-CLS/train/train/images/inclusion_13.jpg,inclusion_13.jpg,inclusion,filename_prefix,.jpg,b7a8d1df8c1325f4d62076db47c1e08e42a38a7e19e4bf79a38bc98edffb8312,9b323a58714d893513177f0b6ad21ecfd0086283f731a743077c849620fc40f6,False,,data/NEU-CLS/train/train/images/inclusion_13.jpg,True,,development
data/NEU-CLS/train/train/images/inclusion_130.jpg,inclusion_130.jpg,inclusion,filename_prefix,.jpg,7d1a7e9f9c8d77814ed0e7f1c64afdeb930f4107556ec754654ab679b28995c4,0c07750b62c2ad376d0b6f907e61aa616375242f94cc931fcf27aa7f2ae73f1b,False,,data/NEU-CLS/train/train/images/inclusion_130.jpg,True,,test
data/NEU-CLS/train/train/images/inclusion_131.jpg,inclusion_131.jpg,inclusion,filename_prefix,.jpg,121102528272c406ef04d6ed35dc09445581465c39bb3280d15dc9ef837b1fa0,b1f24d588e77f39e18dd476b9de8c3986738b4e5b478d763c39225eac3ed0905,False,,data/NEU-CLS/train/train/images/inclusion_131.jpg,True,,test
data/NEU-CLS/train/train/images/inclusion_132.jpg,inclusion_132.jpg,inclusion,filename_prefix,.jpg,a999cd13bff0c4a30a879391da70c8f0a39894ae18ce905e3df58a28ae99468a,dc9d0befa6cf51e56e1749419564e2f00ea32898b7daa1fa280655635f5db2ed,False,,data/NEU-CLS/train/train/images/inclusion_132.jpg,True,,test
data/NEU-CLS/train/train/images/inclusion_133.jpg,inclusion_133.jpg,inclusion,filename_prefix,.jpg,5304fe6f94b65fa9ee8871e9b3f6d7cc279de4c3dc4802f8e314a0df60139d86,80bdd50f36801647c1e942a25e660e8f15e8077ebc786ffcd93afdc29010935d,False,,data/NEU-CLS/train/train/images/inclusion_133.jpg,True,,development
data/NEU-CLS/train/train/images/inclusion_134.jpg,inclusion_134.jpg,inclusion,filename_prefix,.jpg,56268a1aca392a04bb1a27cd6180614baa5bbcfe2cebbdd9f8e8dce64af9643f,1ad43b5d4ce12e204ceef4ecd89f94b05106d9c3a1225da4f2ea865a3423ddc9,False,,data/NEU-CLS/train/train/images/inclusion_134.jpg,True,,test
data/NEU-CLS/train/train/images/inclusion_135.jpg,inclusion_135.jpg,inclusion,filename_prefix,.jpg,96a0fd79d5c8d6eab03b09e2331e258b931fd1b4523668b5b49f8ab69075ce67,09c8ab6f48bdb0f8ada3c2ba549a5c5bd0b379c538d4039f6860128e2dfa23d5,False,,data/NEU-CLS/train/train/images/inclusion_135.jpg,True,,development
data/NEU-CLS/train/train/images/inclusion_136.jpg,inclusion_136.jpg,inclusion,filename_prefix,.jpg,e3f794540ebe533da72cf1066ed395705d0d46013911015619477d01a5123aa6,70cda19687fcc25e7b9149422019b0f3a52f621380650d8ce929b1c878af0fee,False,,data/NEU-CLS/train/train/images/inclusion_136.jpg,True,,development
data/NEU-CLS/train/train/images/inclusion_137.jpg,inclusion_137.jpg,inclusion,filename_prefix,.jpg,83e36ce6a0c6c52df50800121a1f786b0b5006a0af5034bcbb64f76feb3a1a02,a91e54e77bc1c50a8c394b8eb88e40d1a48cfa6b1b4286da60e3cdeaa986c881,False,,data/NEU-CLS/train/train/images/inclusion_137.jpg,True,,development
data/NEU-CLS/train/train/images/inclusion_138.jpg,inclusion_138.jpg,inclusion,filename_prefix,.jpg,adba4d9671f1e57d2360ac94f566fce3c56c531ea69921530d71c251a643ee6e,f434834bf29cbdd9c569157b6b88145b4e37dfe54854cb35824e9353cc701b6c,False,,data/NEU-CLS/train/train/images/inclusion_138.jpg,True,,development
data/NEU-CLS/train/train/images/inclusion_139.jpg,inclusion_139.jpg,inclusion,filename_prefix,.jpg,916b7498706c9af4adfdaf71e8c10a0611699328cfa2d44003fc089c38385b5b,324a0d0f7c8d786c788d9f13ce7a7fd4d394f658b30799d1a50a82c4c96b63da,False,,data/NEU-CLS/train/train/images/inclusion_139.jpg,True,,development
data/NEU-CLS/train/train/images/inclusion_14.jpg,inclusion_14.jpg,inclusion,filename_prefix,.jpg,3e5d44a4bd16a2674b3365eab98670cbce42be701f6215e13e32cc2d1dd74b66,d869c123a7b367536c4bbf852600832c4ae25898698efbeffa1f23782a7fe2e8,False,,data/NEU-CLS/train/train/images/inclusion_14.jpg,True,,development
data/NEU-CLS/train/train/images/inclusion_140.jpg,inclusion_140.jpg,inclusion,filename_prefix,.jpg,39b0022061709787cf48658c6fb8dd15731e66c4610fe9d75712366d74a2a7ae,0a658ef02335442549bc68477fba1977f3fc2e3052f650cf50e8c15fc41501c6,False,,data/NEU-CLS/train/train/images/inclusion_140.jpg,True,,test
data/NEU-CLS/train/train/images/inclusion_141.jpg,inclusion_141.jpg,inclusion,filename_prefix,.jpg,84a06d731f725be3d828a132c4a5af91d30a4c04e9ba1ab1129d44fef35066c9,c55d19d8b7bfc0e629fc28b76ccc757eca3cc1136510104bb6ced3f58dd1211c,False,,data/NEU-CLS/train/train/images/inclusion_141.jpg,True,,development
data/NEU-CLS/train/train/images/inclusion_142.jpg,inclusion_142.jpg,inclusion,filename_prefix,.jpg,3ea22fcbc9559df0c49efd5c847dc1b8e2bac974845996bcfdca20013aa22572,fec0bc42178df61af0269c83063131b39286368dcecab843ef348e1560fed012,False,,data/NEU-CLS/train/train/images/inclusion_142.jpg,True,,development
data/NEU-CLS/train/train/images/inclusion_143.jpg,inclusion_143.jpg,inclusion,filename_prefix,.jpg,32e8bd39347f2d1d039aec781076f7a096afd5a80df15958abfbfa59e40cefaf,8f44f94e03ac388074ca26551bbc7d4d35dcd4ba8cee17544ec33d7ad7b05906,False,,data/NEU-CLS/train/train/images/inclusion_143.jpg,True,,test
data/NEU-CLS/train/train/images/inclusion_144.jpg,inclusion_144.jpg,inclusion,filename_prefix,.jpg,8aa78a39a516fda6f89c9ff12162e9eac95f09f2e308436b84c561ad64579f52,d1e8e8ed77b2c4e0b4da7858e8eb4ccb37f8704b7153846bd0f7f3972ae3f0c8,False,,data/NEU-CLS/train/train/images/inclusion_144.jpg,True,,test
data/NEU-CLS/train/train/images/inclusion_145.jpg,inclusion_145.jpg,inclusion,filename_prefix,.jpg,bd928a997d31ef67da19b3fb130b504e198e0687dd5ab5adaf5f1d888f2b9f95,c7896cd820462ab1fe156494983b6bedaf66d98caa0a55a87245f6e5d408766e,False,,data/NEU-CLS/train/train/images/inclusion_145.jpg,True,,development
data/NEU-CLS/train/train/images/inclusion_146.jpg,inclusion_146.jpg,inclusion,filename_prefix,.jpg,a6df6483c6af20b75a4833e3727863820153949d6c9a9a85903846571925ca00,2b2782f46e8b21271cfbd885dd4abf114583161357aa61b37005806a71583fd0,False,,data/NEU-CLS/train/train/images/inclusion_146.jpg,True,,development
data/NEU-CLS/train/train/images/inclusion_147.jpg,inclusion_147.jpg,inclusion,filename_prefix,.jpg,87066da067983f42d34b65bcf8daf90f8a88081805eb83190cefffd587e55528,c172d34e93f1851e7c09e778a61732da21f11da6e63dbd8940ed629477ceaafc,False,,data/NEU-CLS/train/train/images/inclusion_147.jpg,True,,development
data/NEU-CLS/train/train/images/inclusion_148.jpg,inclusion_148.jpg,inclusion,filename_prefix,.jpg,08fadc55bbfc38e5b1bfb98edf6647e8071a03b440d905a4b5a075ea8e20c7ec,924fb49f1ee222f81c6ddf1d5d57a44a5c4d0fa5be6904f2c091435da6370811,False,,data/NEU-CLS/train/train/images/inclusion_148.jpg,True,,test
data/NEU-CLS/train/train/images/inclusion_149.jpg,inclusion_149.jpg,inclusion,filename_prefix,.jpg,ce474a3f31f2970dbe9c0ffdca8450df075601d75043a5f3443be5b8eb35f907,ff78dc75ffc6d6668d0edf50282b12b57452146aaa6826489822eda30fd002f9,False,,data/NEU-CLS/train/train/images/inclusion_149.jpg,True,,development
data/NEU-CLS/train/train/images/inclusion_15.jpg,inclusion_15.jpg,inclusion,filename_prefix,.jpg,d97cf69a0e573de757e2eaaaa35451f9121242ce528a872b6e38927feb537fb8,fc4bc94cd63fae1cca82208db7ad3b9db9e25f9c5ac38db545e370e581631d69,False,,data/NEU-CLS/train/train/images/inclusion_15.jpg,True,,development
data/NEU-CLS/train/train/images/inclusion_150.jpg,inclusion_150.jpg,inclusion,filename_prefix,.jpg,d1c6327a8e25505b2fc0d78a7a4acfd6a178d33bd57153c4ad19cde34151b073,d658b900540c388112083dba7b346b8502a1feb87405c0777945bc21c599130d,False,,data/NEU-CLS/train/train/images/inclusion_150.jpg,True,,test
data/NEU-CLS/train/train/images/inclusion_151.jpg,inclusion_151.jpg,inclusion,filename_prefix,.jpg,2f54b0fd9e6dc52ffcc99a6b21a9ea87ea2c2f87bdc1004cb65f9a6ec4fe9fe8,af6e00b7e468e2cb05a8a1ff92fe176e1e356a48ff4a774392f87559a31752fd,False,,data/NEU-CLS/train/train/images/inclusion_151.jpg,True,,test
data/NEU-CLS/train/train/images/inclusion_152.jpg,inclusion_152.jpg,inclusion,filename_prefix,.jpg,b001742d109eaca3abdbcda69c81e660f07eb26b687e98f13cafda10656d5b49,89e59f8601cbde4948199dfae392c2b204629689ed0b8cff31d611789aed8cca,False,,data/NEU-CLS/train/train/images/inclusion_152.jpg,True,,development
data/NEU-CLS/train/train/images/inclusion_153.jpg,inclusion_153.jpg,inclusion,filename_prefix,.jpg,45d7514244ee1334c276973371a33bf1d5791ba3ee8548a19ed996ecc4279bf5,2a989e741e40ed11b44d89a30630a0a3d1394d17868887ba8c031f576ab1c20c,False,,data/NEU-CLS/train/train/images/inclusion_153.jpg,True,,test
data/NEU-CLS/train/train/images/inclusion_154.jpg,inclusion_154.jpg,inclusion,filename_prefix,.jpg,93ced17f4532f10811fe84d12c5b7c366e778f5f1cde4da0923be991d10a2305,af31308d3eeddcf9a6ef1a26d3567d09861b2ef42ec3030c2cf05fb927b1cb3b,False,,data/NEU-CLS/train/train/images/inclusion_154.jpg,True,,development
data/NEU-CLS/train/train/images/inclusion_155.jpg,inclusion_155.jpg,inclusion,filename_prefix,.jpg,c5858265ba4571fe22ec933cb3e43d91742f98e57d39a2a7c36734b1a140ff5e,2ed7cde9e3d7a266d42f12550fe776ba3bec9b1e6680157c827f150f6712c124,False,,data/NEU-CLS/train/train/images/inclusion_155.jpg,True,,development
data/NEU-CLS/train/train/images/inclusion_156.jpg,inclusion_156.jpg,inclusion,filename_prefix,.jpg,ff382e577013e3c6ed9c2edb09ca4a2fa01c9dc7b2c6926577136b72bd0f8f31,1f4ca40766cb1a0baa7f52e99bfcd7d6dac3f97dbaff9c009c81c0239b1998fe,False,,data/NEU-CLS/train/train/images/inclusion_156.jpg,True,,development
data/NEU-CLS/train/train/images/inclusion_157.jpg,inclusion_157.jpg,inclusion,filename_prefix,.jpg,43a920eaf92b342c118b81d1cb5d9996dc73bb2ecbcad3ad2ea69c7f61c8d271,96a0029f8256f4e8fdfaf48d26461ba67576ff6f16ab45cb6af2939fb8d179a7,False,,data/NEU-CLS/train/train/images/inclusion_157.jpg,True,,development
data/NEU-CLS/train/train/images/inclusion_158.jpg,inclusion_158.jpg,inclusion,filename_prefix,.jpg,1708c782c65037a4e1002c179ec593782fcd4f0b086a5cac0ffd573ef58dc7a4,2a620350511b9308f564123137de12bf5751f5321d6791a89807a336ce227cc8,False,,data/NEU-CLS/train/train/images/inclusion_158.jpg,True,,test
data/NEU-CLS/train/train/images/inclusion_159.jpg,inclusion_159.jpg,inclusion,filename_prefix,.jpg,334f175f1c20608fe83aca78b84d5e5e174f0faf0e2f0d573a94a58b7978734f,1a2e6e90fa9624e281ced23bdd47f79a25ee89b5a90f3a9c325c25097a66d993,False,,data/NEU-CLS/train/train/images/inclusion_159.jpg,True,,development
data/NEU-CLS/train/train/images/inclusion_16.jpg,inclusion_16.jpg,inclusion,filename_prefix,.jpg,1ff85f67c5d902bf00a37895e4ea86ca2a49bb1c452fa9fc44d0431f154a3940,48307f1450faf1b330222fd6e5e243a2b5cfeda70e03377227254ab5f88d2bc3,False,,data/NEU-CLS/train/train/images/inclusion_16.jpg,True,,development
data/NEU-CLS/train/train/images/inclusion_160.jpg,inclusion_160.jpg,inclusion,filename_prefix,.jpg,1d313b57bc9d79f93550317dbd2a783a94c718c5a59e60953430655b8a2804f7,4b5f29ce2b6acd3deca08b11cdd4549ee1d39902bad1a500d04727d12141324b,False,,data/NEU-CLS/train/train/images/inclusion_160.jpg,True,,development
data/NEU-CLS/train/train/images/inclusion_161.jpg,inclusion_161.jpg,inclusion,filename_prefix,.jpg,a4cd53d1d2e625c7af5487dfe0710b0b731e5fa84a4f32e2942b2db49286c02a,337808decb8b76403a54ea66682ba584118d7b7d490b8ef038043e20b70fc56e,False,,data/NEU-CLS/train/train/images/inclusion_161.jpg,True,,development
data/NEU-CLS/train/train/images/inclusion_162.jpg,inclusion_162.jpg,inclusion,filename_prefix,.jpg,f759a7280dbeb3ac000845c90d2f5d9d0324330c543dcfe23771fa3ff550fe69,fa9e44a94aefecaabe9f4f475209efc25304b49a2a5af1c42d31f164660dbef8,False,,data/NEU-CLS/train/train/images/inclusion_162.jpg,True,,development
data/NEU-CLS/train/train/images/inclusion_163.jpg,inclusion_163.jpg,inclusion,filename_prefix,.jpg,0c18abd9ca29890c846e8f8515ea5b676f927333169180b02c83cfe0fd258d00,1c6ffdd63437ecf4860f46b636903eedc228417029708f1f8e835e670805e4df,False,,data/NEU-CLS/train/train/images/inclusion_163.jpg,True,,development
data/NEU-CLS/train/train/images/inclusion_164.jpg,inclusion_164.jpg,inclusion,filename_prefix,.jpg,99bca7b247dbf186658ebcf83f5746b579a48b6c80ac6dcc2e9abdb38cc6ae7c,e1e984203f5ff91941b28e28750452e2fede61e287d8db6297c88bf2e34134fc,False,,data/NEU-CLS/train/train/images/inclusion_164.jpg,True,,development
data/NEU-CLS/train/train/images/inclusion_165.jpg,inclusion_165.jpg,inclusion,filename_prefix,.jpg,c58092575544dd1697cbe20f5b87b7e45bb1234a5cceb7d0b3399aa786272d72,32c9ca17fdeeb2ecaa3e4eaffbe8de43be4cd79fa3ea66bb730a3a59593e62da,False,,data/NEU-CLS/train/train/images/inclusion_165.jpg,True,,development
data/NEU-CLS/train/train/images/inclusion_166.jpg,inclusion_166.jpg,inclusion,filename_prefix,.jpg,6ab19736190e97e57643404649b0ed3d2cb75ab6bc66f1c2bece67d888458573,717e0357c9ff627d9e3c5824596bd61553f29a3f8d2c1ed34ca72de19cc44d42,False,,data/NEU-CLS/train/train/images/inclusion_166.jpg,True,,development
data/NEU-CLS/train/train/images/inclusion_167.jpg,inclusion_167.jpg,inclusion,filename_prefix,.jpg,5010d4ddf544bbf92f607d8d52659978e1d4c9aab299a222304ce8a5807c3fa1,303545677733c5eecd454051f90856305ed8ed2baf1ae7441394d473e49bc259,False,,data/NEU-CLS/train/train/images/inclusion_167.jpg,True,,development
data/NEU-CLS/train/train/images/inclusion_168.jpg,inclusion_168.jpg,inclusion,filename_prefix,.jpg,993844e1b0fc263877c6b0be51967d55e3f58dfab3774cdc4fa4576e811e0001,108ba3e9f8232a85af47d22ef10241ff32184b0ba5c4da243bbd286086ce8d4b,False,,data/NEU-CLS/train/train/images/inclusion_168.jpg,True,,development
data/NEU-CLS/train/train/images/inclusion_169.jpg,inclusion_169.jpg,inclusion,filename_prefix,.jpg,e4936ff375f3bc21a1b7e43c9a0ecce642b1e603ee33d53231b065b458c77d0b,a4250328cf68fea0f26ee4d2d91ed82abf3f53ef18e233574cef1857c1824e88,False,,data/NEU-CLS/train/train/images/inclusion_169.jpg,True,,development
data/NEU-CLS/train/train/images/inclusion_17.jpg,inclusion_17.jpg,inclusion,filename_prefix,.jpg,87581da8b895c19669fe724b00b2180dd183fec337a3af9e0b88d574dba7e66f,8928970703553d38c19814d8644b0a5971e17bb7438ea78a65f024cd5f4fe885,False,,data/NEU-CLS/train/train/images/inclusion_17.jpg,True,,development
data/NEU-CLS/train/train/images/inclusion_170.jpg,inclusion_170.jpg,inclusion,filename_prefix,.jpg,257c47ee8cb4152c4541ba6bad002a52f9de6cd65f20de0d6067fe55ff18b853,545896a8d6d9234e100ef581ab76b9df58dba6cff15caa245788a6d2b85f88cb,False,,data/NEU-CLS/train/train/images/inclusion_170.jpg,True,,development
data/NEU-CLS/train/train/images/inclusion_171.jpg,inclusion_171.jpg,inclusion,filename_prefix,.jpg,abdc50d7591e7dcdb26660803594aa3dcf81c48fbf52b5b8f46a3c2250e2f276,1597d0233a85929e2ca67988bc5c557c0acbe75ad04984c16c23a24cd160e0b2,False,,data/NEU-CLS/train/train/images/inclusion_171.jpg,True,,development
data/NEU-CLS/train/train/images/inclusion_172.jpg,inclusion_172.jpg,inclusion,filename_prefix,.jpg,aa18ffe8e33f56dddfd1b88fd54e89aeeff1983c71b9f325c6baa021320c185c,1a5858b2879a19de9a5027a6bedea2bf3477bec238ef90ad729e60e402a0e553,False,,data/NEU-CLS/train/train/images/inclusion_172.jpg,True,,development
data/NEU-CLS/train/train/images/inclusion_173.jpg,inclusion_173.jpg,inclusion,filename_prefix,.jpg,709e3ad3e08c8b75d794df22678327ed67c1683eb2d66d88342621cb6df3a871,2367dfa981e584988f73aad382078a29b9e31251c6640d266ad2065be8f1b3ee,False,,data/NEU-CLS/train/train/images/inclusion_173.jpg,True,,development
data/NEU-CLS/train/train/images/inclusion_174.jpg,inclusion_174.jpg,inclusion,filename_prefix,.jpg,e7904a51bc0734dfb82dbe02ad4deb759942fe04dc918de1d1decde464a7e367,9caab73c6292f05370130c6ceaff4947a70d1f77c5df52f95186148ae22bf343,False,,data/NEU-CLS/train/train/images/inclusion_174.jpg,True,,development
data/NEU-CLS/train/train/images/inclusion_175.jpg,inclusion_175.jpg,inclusion,filename_prefix,.jpg,f57dca12b473803c71d29d3450367083fa6b7da91370a3bea73b951d6914a3c8,53a46df2715dbb5f85c7b62a4496193d7f3fd0ac4d5c091e9e9254bc4e6a3a2c,False,,data/NEU-CLS/train/train/images/inclusion_175.jpg,True,,development
data/NEU-CLS/train/train/images/inclusion_176.jpg,inclusion_176.jpg,inclusion,filename_prefix,.jpg,27dbfca58b88c6317b60ffac4c27d61c14e8a3d6b78aca99ed4045009ba4ef9b,b8061306bb67e1ea169ee32be656e570f6edc62444ab92ce3a67e956fb883ac6,False,,data/NEU-CLS/train/train/images/inclusion_176.jpg,True,,development
data/NEU-CLS/train/train/images/inclusion_177.jpg,inclusion_177.jpg,inclusion,filename_prefix,.jpg,bfe34c1cf0883fb91bbb6c8f91c39f0fa174e3f3f566b6ddee04786764f546d2,7ce11495e5e18261eefb6e2fe7965e980051463053bad03d4cf8c905237a7e76,False,,data/NEU-CLS/train/train/images/inclusion_177.jpg,True,,development
data/NEU-CLS/train/train/images/inclusion_178.jpg,inclusion_178.jpg,inclusion,filename_prefix,.jpg,bf168cf60edf6b98da2946fea9f2eae33c8a3d8f7c1127bd0b83fe01b1e703e2,cb6f03758f5246fc14a9d28c753b5a9b4f51fd1151d37e6d2ffee8f3bd3fd186,False,,data/NEU-CLS/train/train/images/inclusion_178.jpg,True,,development
data/NEU-CLS/train/train/images/inclusion_179.jpg,inclusion_179.jpg,inclusion,filename_prefix,.jpg,d2332e2fe067d2143cd44ea60dd023bf5311a74617b761eaa197096cbe0479b3,ae2b12a8ef895d57cfb2e458bb84b0015d2e616028b6d1581dfae64fb37f890e,False,,data/NEU-CLS/train/train/images/inclusion_179.jpg,True,,development
data/NEU-CLS/train/train/images/inclusion_18.jpg,inclusion_18.jpg,inclusion,filename_prefix,.jpg,c1c54814ecaf2bf4f6d84aaf5c744fb648dc3c8323c3b0cfe1bd9f55df20788b,240fe630010ec781204956cd716a6a52f7f8869ef1b4d091aac747d1c7ddf476,False,,data/NEU-CLS/train/train/images/inclusion_18.jpg,True,,development
data/NEU-CLS/train/train/images/inclusion_180.jpg,inclusion_180.jpg,inclusion,filename_prefix,.jpg,d3c5b0f3abcf8c4b8ac9e2ebb5b32dfa2fe9e1f588ffb71562a73492901902b8,90b387193ff2ba6a42799113925cd07217b02d38988caf1ee9bb2f1d670d0adc,False,,data/NEU-CLS/train/train/images/inclusion_180.jpg,True,,development
data/NEU-CLS/train/train/images/inclusion_181.jpg,inclusion_181.jpg,inclusion,filename_prefix,.jpg,0aaf882e14c80680751a9dee49bc7120a1e78bd270b797535275dd4f40d0e075,b295a7b358d90cd83af1b1708cc8698a41d4ea71d689dd331008bdb7db664a53,False,,data/NEU-CLS/train/train/images/inclusion_181.jpg,True,,development
data/NEU-CLS/train/train/images/inclusion_182.jpg,inclusion_182.jpg,inclusion,filename_prefix,.jpg,63a2bac652e184372820aa13360ec1595ac8e4ea3ae9242f75ddac79f395c582,54a309b01846060275471bb074d09b2d3878847a051025cdafd081532fe6fdde,False,,data/NEU-CLS/train/train/images/inclusion_182.jpg,True,,development
data/NEU-CLS/train/train/images/inclusion_183.jpg,inclusion_183.jpg,inclusion,filename_prefix,.jpg,a757f09c4119e5429c9b17381e528a6c52a094856387ea26a7249b0dac43eef6,4cecf5931a957c181bf14e8f8d6e6ff36459b5b72bb9e90a022905f37c4624e9,False,,data/NEU-CLS/train/train/images/inclusion_183.jpg,True,,development
data/NEU-CLS/train/train/images/inclusion_184.jpg,inclusion_184.jpg,inclusion,filename_prefix,.jpg,bd12f5787eea047e32b3873e3b0dda4cc12bdfef9a9fee6c4086cde1acfabbb7,3c2742499003de03a2d1427b9764a82af60793fcfeb7d88176aff44e192c503f,False,,data/NEU-CLS/train/train/images/inclusion_184.jpg,True,,development
data/NEU-CLS/train/train/images/inclusion_185.jpg,inclusion_185.jpg,inclusion,filename_prefix,.jpg,044e6041678c98a6ea41fdb7da1eadd75fd29ced0c8f538b43a663d42910f10b,61894522ced265fa293e1e4f4dc59e1dfb1a255800c14d504f4a39fb8ee85e9f,False,,data/NEU-CLS/train/train/images/inclusion_185.jpg,True,,test
data/NEU-CLS/train/train/images/inclusion_186.jpg,inclusion_186.jpg,inclusion,filename_prefix,.jpg,01d2800e361e3ac79a3a8b07647fe17813559b47f40235c6d12ab29596e6d35d,c65d6ada65477431c0d7a5f9d896b974d210e73d5df01e9e6c659d84a949b9ca,False,,data/NEU-CLS/train/train/images/inclusion_186.jpg,True,,development
data/NEU-CLS/train/train/images/inclusion_187.jpg,inclusion_187.jpg,inclusion,filename_prefix,.jpg,b50fde7cffeeb0d207aa54bbab64f3a22c387042392c25a4c3a24b5d47c6b6a2,fb6f1927a45d0f36843d6277570f8a65d1cf9d938b0f63d424e1850206b9f70f,False,,data/NEU-CLS/train/train/images/inclusion_187.jpg,True,,test
data/NEU-CLS/train/train/images/inclusion_188.jpg,inclusion_188.jpg,inclusion,filename_prefix,.jpg,15bf876da4e1fab29aef9ec5509c8a35a2d6db00f025a061fc33d1baaa460721,8fddd78a02a4b75c768474175a11fbdced99002808a167ec21aafe31c859f220,False,,data/NEU-CLS/train/train/images/inclusion_188.jpg,True,,development
data/NEU-CLS/train/train/images/inclusion_189.jpg,inclusion_189.jpg,inclusion,filename_prefix,.jpg,be2f6c38b05bcb93ada47d50aa0abe2ff4d0cf9ddb7b9a0eb60310ee2cae51d6,7a9c2a21b4529cefc79132b3553260cf38c7962dbd07fd83c2cd01993e4e5831,False,,data/NEU-CLS/train/train/images/inclusion_189.jpg,True,,test
data/NEU-CLS/train/train/images/inclusion_19.jpg,inclusion_19.jpg,inclusion,filename_prefix,.jpg,616a573f0334ba53b23e18b7861df0e7017c2a28492b368f46ad1ffa39f1fd57,6a69a2d302ed25616287a1758b590e9020810c70b76bdb0b4eb9b719508b3dba,False,,data/NEU-CLS/train/train/images/inclusion_19.jpg,True,,development
data/NEU-CLS/train/train/images/inclusion_190.jpg,inclusion_190.jpg,inclusion,filename_prefix,.jpg,9b6a8769184e5b4fee387653ec7c2843b3fba233059c1914a0746fbcc1d9e5bb,eaa03cb18ec9e428c676b30644c5c582925824d4ab6091e7ce5f789403889f90,False,,data/NEU-CLS/train/train/images/inclusion_190.jpg,True,,development
data/NEU-CLS/train/train/images/inclusion_191.jpg,inclusion_191.jpg,inclusion,filename_prefix,.jpg,e9ecee694c4e4f78c234679f04f199bf2711599a59a22efc4b87af4ce7962e7c,04fc3cf79851f6166925f7f0a7a454f4143214d3b5c9bb8633a520760b801c43,False,,data/NEU-CLS/train/train/images/inclusion_191.jpg,True,,development
data/NEU-CLS/train/train/images/inclusion_192.jpg,inclusion_192.jpg,inclusion,filename_prefix,.jpg,150a6917674ff35cc2bae745a3275a26839178074323a08d0ef0bc7360688463,3a3621edc75561ab16521a41abc4bdc0c9f48b0b38937a5172b75df59330e99f,False,,data/NEU-CLS/train/train/images/inclusion_192.jpg,True,,development
data/NEU-CLS/train/train/images/inclusion_193.jpg,inclusion_193.jpg,inclusion,filename_prefix,.jpg,12f915d6f44c1366132a023c00ed8d932320f8777301705087f784ed2b5c8fa7,833e32390a2d6958fec1286af764b8620a93bd6147fb9e1887d5abed3ab7eec7,False,,data/NEU-CLS/train/train/images/inclusion_193.jpg,True,,test
data/NEU-CLS/train/train/images/inclusion_194.jpg,inclusion_194.jpg,inclusion,filename_prefix,.jpg,55073f4ed8e7f803cb1412ad27e998fc4c59ccc5476597114703ee9210cc994f,4beb383a1c5b07349929e37737d9c7ecf03d680e07a97baaedfd3c39ab8e2ee6,False,,data/NEU-CLS/train/train/images/inclusion_194.jpg,True,,development
data/NEU-CLS/train/train/images/inclusion_195.jpg,inclusion_195.jpg,inclusion,filename_prefix,.jpg,788bea257894ff1be02820f29d5b4d71b8618189615a989db9122c64cf14fb07,a3c1f0f0e80e98b12e8d2d4e20f25fef14ab78937dfb66e357e796f5beb1b7e2,False,,data/NEU-CLS/train/train/images/inclusion_195.jpg,True,,development
data/NEU-CLS/train/train/images/inclusion_196.jpg,inclusion_196.jpg,inclusion,filename_prefix,.jpg,3065bc0d2a74672b529bd3862b08d598bbc2e40c08842db33df83d6c5f72d215,45a3a698f14304d1669933ab204073bc7492ad51d6d94efaf4e45f80a648b1c4,False,,data/NEU-CLS/train/train/images/inclusion_196.jpg,True,,development
data/NEU-CLS/train/train/images/inclusion_197.jpg,inclusion_197.jpg,inclusion,filename_prefix,.jpg,38d33f3610b6897a49b7f2277689fc1a92619f25d621c31808decb08848ff2f1,2a7c044b063ea691844ccd07b395c841712e60ab2a140a60a6c5b5ec55300554,False,,data/NEU-CLS/train/train/images/inclusion_197.jpg,True,,development
data/NEU-CLS/train/train/images/inclusion_198.jpg,inclusion_198.jpg,inclusion,filename_prefix,.jpg,6da68748488c972257aed5deffb37c06845808490dee0c92d0c3b680a7d0e850,68eefe8e249b28d9af9c815e3f5b4c38b790c3af4b25b7bd082452f9fd1d2559,False,,data/NEU-CLS/train/train/images/inclusion_198.jpg,True,,development
data/NEU-CLS/train/train/images/inclusion_199.jpg,inclusion_199.jpg,inclusion,filename_prefix,.jpg,1a94db598829589f75908a2dffd07030d76f3304606dfe7794e7204926384949,5cf1caa5c549ea7f8074b59d3c9779838c6dccd3bef764881cba3a6ff6354d6d,False,,data/NEU-CLS/train/train/images/inclusion_199.jpg,True,,development
data/NEU-CLS/train/train/images/inclusion_20.jpg,inclusion_20.jpg,inclusion,filename_prefix,.jpg,ded73e4967cc83fb26ceb01b84eeb6cd27157029a82cec6ac96014ed802167d8,d4e9736847591f9ec021e668c1a3456458f54b55912decede0751677696cd005,False,,data/NEU-CLS/train/train/images/inclusion_20.jpg,True,,development
data/NEU-CLS/train/train/images/inclusion_200.jpg,inclusion_200.jpg,inclusion,filename_prefix,.jpg,25ff4fddec2e56e41ec1589fee3739f0b9166c858a1eb33ac51090d75b352bce,afeca9624ae0bdddb8f7417f9fcb86e3e1b795f8cf1d7443596f43cf7c5e07ee,False,,data/NEU-CLS/train/train/images/inclusion_200.jpg,True,,development
data/NEU-CLS/train/train/images/inclusion_201.jpg,inclusion_201.jpg,inclusion,filename_prefix,.jpg,1d7ffba898128163002177abf22766d368700f6504f4273db2481835d247bd14,f3032b6181178dc44b9c9d9432db22a4902788d705bd3f7a76bdca7f75f29393,False,,data/NEU-CLS/train/train/images/inclusion_201.jpg,True,,development
data/NEU-CLS/train/train/images/inclusion_202.jpg,inclusion_202.jpg,inclusion,filename_prefix,.jpg,c9ae789533f168d6d93ff866072d605e6612915396ef56aa6e9c77876a3a102e,bbc3bbc2583d05140d936aabc39faa77039209658b779977477355c6c8c5d8f0,False,,data/NEU-CLS/train/train/images/inclusion_202.jpg,True,,test
data/NEU-CLS/train/train/images/inclusion_203.jpg,inclusion_203.jpg,inclusion,filename_prefix,.jpg,b840d901af6bf20738486500037931a6c0e8b331f0a8022bf3fa846570aa116c,971364f10069336e845b31e7ea22c460cb05b91cee6722414107407102268999,False,,data/NEU-CLS/train/train/images/inclusion_203.jpg,True,,development
data/NEU-CLS/train/train/images/inclusion_204.jpg,inclusion_204.jpg,inclusion,filename_prefix,.jpg,16effdf1bcb08b21d5bea1d9d5a659d905951fb721b16e65261ca7d64a2d40b9,211b54f2782730b0ad293689fab01037e2be96bfdfb0f72bd8d09e9fe323be2d,False,,data/NEU-CLS/train/train/images/inclusion_204.jpg,True,,test
data/NEU-CLS/train/train/images/inclusion_205.jpg,inclusion_205.jpg,inclusion,filename_prefix,.jpg,e5b195d4dae57206a538f2213c1cb94a6bcb5ddd66790b39ae03391eaf8f8fbc,f5af7548fc0b96e7b923eb3dcd96760224a8b07c23a68ed5399f8c0005cac32e,False,,data/NEU-CLS/train/train/images/inclusion_205.jpg,True,,development
data/NEU-CLS/train/train/images/inclusion_206.jpg,inclusion_206.jpg,inclusion,filename_prefix,.jpg,e925ccd5afe370eae3a6513a3e6e3f8c6ee11c43d8e5c8c4a00c8fda09e1d512,9538a26d43a33acf7a893aea0f444f927701ded1518d3f90192427cc1777af2d,False,,data/NEU-CLS/train/train/images/inclusion_206.jpg,True,,development
data/NEU-CLS/train/train/images/inclusion_207.jpg,inclusion_207.jpg,inclusion,filename_prefix,.jpg,7512debcf6fc4857fcb2d42326c6787e227e59f819425dfd50dcb2fba37d37cc,26b17d681085f247567d9c06dfa059de45f0730b4408778c1c05012f3e80f3aa,False,,data/NEU-CLS/train/train/images/inclusion_207.jpg,True,,development
data/NEU-CLS/train/train/images/inclusion_208.jpg,inclusion_208.jpg,inclusion,filename_prefix,.jpg,8dac05de84c8383bbf18eccd6e4434d12d0a924e58eb74cb8650141fde74d599,b51d1f35f9c0b4aec39a74f2ede89b77b4c7687d57eb919d63714ccd71882d9b,False,,data/NEU-CLS/train/train/images/inclusion_208.jpg,True,,development
data/NEU-CLS/train/train/images/inclusion_209.jpg,inclusion_209.jpg,inclusion,filename_prefix,.jpg,208c94c15ca21363b31067979f1a7e215262ffa61bf45374aa1683c8dd939083,846d026dcf1de612cff8f3c75a4b4c76cd824a731d85fc6283bd5906ad631933,False,,data/NEU-CLS/train/train/images/inclusion_209.jpg,True,,development
data/NEU-CLS/train/train/images/inclusion_21.jpg,inclusion_21.jpg,inclusion,filename_prefix,.jpg,fc3d9a98b5a93305aa7ffb438c6de65e66e4f34e81020944cd90328a4d712090,189b1ea7b599776b28015381c2e64963e581dcd292a2958ddd6fa42dffb8250f,False,,data/NEU-CLS/train/train/images/inclusion_21.jpg,True,,development
data/NEU-CLS/train/train/images/inclusion_210.jpg,inclusion_210.jpg,inclusion,filename_prefix,.jpg,722df1d6a537db019f7bc0cbf839edda12fa08f9debec9e81e37df0b4496ce65,ac1768adec15e168cf2b3e58c52d7cd0da44da0880eda0599d629da1be3ae264,False,,data/NEU-CLS/train/train/images/inclusion_210.jpg,True,,development
data/NEU-CLS/train/train/images/inclusion_211.jpg,inclusion_211.jpg,inclusion,filename_prefix,.jpg,1500a2dd882ede87ee5c3e0b48ec03f247d6072d51ead9924d63a10ad25cf03f,371b7f2a567740fcc9043a4143e31ee578678b282215b3bebb86d08b80da3c5c,False,,data/NEU-CLS/train/train/images/inclusion_211.jpg,True,,development
data/NEU-CLS/train/train/images/inclusion_212.jpg,inclusion_212.jpg,inclusion,filename_prefix,.jpg,3b7e5c4031b950e6f198321c3746895dc30ba0442c0bcea34a7e257ae56b2987,7ab0415af218e84b7265c5ef0f5e755e98881d0d2fc36d59a20b95ee979fb94a,False,,data/NEU-CLS/train/train/images/inclusion_212.jpg,True,,development
data/NEU-CLS/train/train/images/inclusion_213.jpg,inclusion_213.jpg,inclusion,filename_prefix,.jpg,4a3e4b850316da72a5aed186b33c93305740253df78f830c16aebe44e0e16e9b,3c397d96fd6fbd43f8f95116a8fba0c2882308507110133362f7b6c119ad4bd7,False,,data/NEU-CLS/train/train/images/inclusion_213.jpg,True,,development
data/NEU-CLS/train/train/images/inclusion_214.jpg,inclusion_214.jpg,inclusion,filename_prefix,.jpg,900b3af488116eb8dc24da60180598a497c4338fd72d1b0065b8ce8194ef5988,2d2ccfca71187dc47203e8796e83b224014bccb6e938188437879268e1ed8551,False,,data/NEU-CLS/train/train/images/inclusion_214.jpg,True,,test
data/NEU-CLS/train/train/images/inclusion_215.jpg,inclusion_215.jpg,inclusion,filename_prefix,.jpg,a5fe8af5a90c4ed816914375bf77ee49b4a2840022523cbe59f15e045f3acdf3,03401c1d154847f8fdff511be008d6b0ae55757fb5b838bbc37a6b773d1e837a,False,,data/NEU-CLS/train/train/images/inclusion_215.jpg,True,,test
data/NEU-CLS/train/train/images/inclusion_216.jpg,inclusion_216.jpg,inclusion,filename_prefix,.jpg,8e5dd324e45046e19a7db5111b54ff15510161f288f6b996d15bf2eb28b00e73,e7eb4a6da1538bcafc7294434ecf8f165233489839f5262778ac954d0c69a3e0,False,,data/NEU-CLS/train/train/images/inclusion_216.jpg,True,,development
data/NEU-CLS/train/train/images/inclusion_217.jpg,inclusion_217.jpg,inclusion,filename_prefix,.jpg,e40821c51a341286572663cbba1159e7efe8a7cd729c763a5c439d851e6a9c77,dcc25926ff8a4885d44612f65c7b1b7baff400ef8db7f7e7796024c58960b03b,False,,data/NEU-CLS/train/train/images/inclusion_217.jpg,True,,development
data/NEU-CLS/train/train/images/inclusion_218.jpg,inclusion_218.jpg,inclusion,filename_prefix,.jpg,26a96e68851c910ba49738157d5e5ac8b5ab6c1fe776de2647f443e8e36f88d7,c8c7d92ada97d691559b7a2f19c0a95a7d660b70373211e05021e501be15ced3,False,,data/NEU-CLS/train/train/images/inclusion_218.jpg,True,,development
data/NEU-CLS/train/train/images/inclusion_219.jpg,inclusion_219.jpg,inclusion,filename_prefix,.jpg,50cf3517b529e47d4c1dd74921d6ec9bd7c6530e0afdaf70ccd05c29b90a5f49,a0c1eb13bc27402aaf91d4b9077f6d525e13c9c013ad648501f95b87a9dbe0c4,False,,data/NEU-CLS/train/train/images/inclusion_219.jpg,True,,development
data/NEU-CLS/train/train/images/inclusion_22.jpg,inclusion_22.jpg,inclusion,filename_prefix,.jpg,9879e0ccbe89389e88f8b8ed320f5f7b20ad0eeaa817a55431dd4e55db1902d7,c4fd344339e51a9605a3dad47ba80e729f8448fa2dbd3741f7dc08d4e48e2d59,False,,data/NEU-CLS/train/train/images/inclusion_22.jpg,True,,development
data/NEU-CLS/train/train/images/inclusion_220.jpg,inclusion_220.jpg,inclusion,filename_prefix,.jpg,d84460af1a06a7ecf8761192044de1ec0723dee2143bc5dd9a1e64171b2d14f8,df09d26a9912562f490bd8c20bf61c164f2e08f10f95e42ba6e3ba2a67df7946,False,,data/NEU-CLS/train/train/images/inclusion_220.jpg,True,,development
data/NEU-CLS/train/train/images/inclusion_221.jpg,inclusion_221.jpg,inclusion,filename_prefix,.jpg,20f3b47345589e838fa0c942b95fd8f75ece7b1be6909acb3c4cd58edfbc368e,dc7f4e3c60c6727fa90783a197ce8ac53b3a74c099a58c25a12c4c085ca014ff,False,,data/NEU-CLS/train/train/images/inclusion_221.jpg,True,,test
data/NEU-CLS/train/train/images/inclusion_222.jpg,inclusion_222.jpg,inclusion,filename_prefix,.jpg,d589f433204f5f9bc298a210a9473a5c87eee136d15b493dfb61e185f389fd7d,c57bee8309b19f5606748ee3d5020bb3cf980c4f04650acf0795c3bf6b1dd78a,False,,data/NEU-CLS/train/train/images/inclusion_222.jpg,True,,development
data/NEU-CLS/train/train/images/inclusion_223.jpg,inclusion_223.jpg,inclusion,filename_prefix,.jpg,a3491c40b1182bfa8e0584efefc0a4513814dd8169f79fb054ca3e77818c8f25,f71b1dcf7831418e38e31f2e805c08193784500e0c6db94a1c00817f69494055,False,,data/NEU-CLS/train/train/images/inclusion_223.jpg,True,,development
data/NEU-CLS/train/train/images/inclusion_224.jpg,inclusion_224.jpg,inclusion,filename_prefix,.jpg,6058d7ef1984735335046fa8c73fd9c4d9bef0b680e5c66b6ff0419ec0c7ccd1,fa820d51e9de1e311c002887e7a76a3ecfbeddd2ac6731adadb75e992f23df27,False,,data/NEU-CLS/train/train/images/inclusion_224.jpg,True,,development
data/NEU-CLS/train/train/images/inclusion_225.jpg,inclusion_225.jpg,inclusion,filename_prefix,.jpg,0b3e713521a07d8074214175c96692a61e5f29e10c8d150e6095a48b2da271f9,68bf55111c3140d8a3e84bd47aa7f9273828763fa7b7b0ec32fdf5442bde9b31,False,,data/NEU-CLS/train/train/images/inclusion_225.jpg,True,,development
data/NEU-CLS/train/train/images/inclusion_226.jpg,inclusion_226.jpg,inclusion,filename_prefix,.jpg,c638b74f0dbc79994f93a558c9fa716dc8d6c5e05881553060f6b7efaf39eed2,d54929f648ecc8c86523e96799936d1f0f6fb4a9393b0a6f1f52f24d040cc6e3,False,,data/NEU-CLS/train/train/images/inclusion_226.jpg,True,,development
data/NEU-CLS/train/train/images/inclusion_227.jpg,inclusion_227.jpg,inclusion,filename_prefix,.jpg,0eb6e04979f48f5e325633dee54162a4a724f5fe6d4ffca9edff000917b615ca,d3da686e8d44b1ca44b0fef49d56f0a6b81f0a3629ed5bd632407b6eaf1c45f4,False,,data/NEU-CLS/train/train/images/inclusion_227.jpg,True,,development
data/NEU-CLS/train/train/images/inclusion_228.jpg,inclusion_228.jpg,inclusion,filename_prefix,.jpg,b4113a4f6c021f81f12f160a617273c98ab3a5d45046f2185de11632d7dd9c83,0608b358fff334df630874f496aed77f315d3426ed3a8971bf877154ee151031,False,,data/NEU-CLS/train/train/images/inclusion_228.jpg,True,,development
data/NEU-CLS/train/train/images/inclusion_229.jpg,inclusion_229.jpg,inclusion,filename_prefix,.jpg,ca68d1569d0181418d9abd00a3568db2a8cbf7af1813b5beccc99f432f8db560,299317193931871e35c61222d5f40864ec325c2ccbe4f376a811d8824111c4f0,False,,data/NEU-CLS/train/train/images/inclusion_229.jpg,True,,development
data/NEU-CLS/train/train/images/inclusion_23.jpg,inclusion_23.jpg,inclusion,filename_prefix,.jpg,0488dd21d5ea64366bf55529ed2cf05ede3b19821d82c6903f3a1bfc863792df,b9e5967311b0057abd91a78cf7b60becc3422a27b13a74dde4d9c82a310754a5,False,,data/NEU-CLS/train/train/images/inclusion_23.jpg,True,,development
data/NEU-CLS/train/train/images/inclusion_230.jpg,inclusion_230.jpg,inclusion,filename_prefix,.jpg,6e55505a3c2d7e044fcd9c1592fdcc1260ad213f916afa551a8625c99d886b58,8f484dadfc5069b7fca56febfc17f38d04fe589bdc9ca7b8ceeb6c92b205570f,False,,data/NEU-CLS/train/train/images/inclusion_230.jpg,True,,development
data/NEU-CLS/train/train/images/inclusion_231.jpg,inclusion_231.jpg,inclusion,filename_prefix,.jpg,c0be442399f4699c3923f943958dbbdddd43f5c2a667f83da79c0b0652bd79e4,58f8ed3a6c403bef28af7c1dc9acd99150586466c529024542fe01024ea391cd,False,,data/NEU-CLS/train/train/images/inclusion_231.jpg,True,,development
data/NEU-CLS/train/train/images/inclusion_232.jpg,inclusion_232.jpg,inclusion,filename_prefix,.jpg,53eec1389bb21d3630924236f200c8a3a0600763a34ef69bd4f92bd0c4e45b51,9de10501ae43e004842bb97f27de66ce5b5eca9c0317f272ef707df346b026bb,False,,data/NEU-CLS/train/train/images/inclusion_232.jpg,True,,test
data/NEU-CLS/train/train/images/inclusion_233.jpg,inclusion_233.jpg,inclusion,filename_prefix,.jpg,b623a1f88d2a7437eee86af7bd73b27456056775b4394694d6ebc331fe5f02bf,a404a16a3aae9801b5b9a026798f96e8c5d4f4938d0546e3d0e5802ad5e1d784,False,,data/NEU-CLS/train/train/images/inclusion_233.jpg,True,,development
data/NEU-CLS/train/train/images/inclusion_234.jpg,inclusion_234.jpg,inclusion,filename_prefix,.jpg,c1ece08822cb134c2bdc981d2ab3b79ebc4fc06108877fdbc0bb9e6ef4bcaa2b,c4a65866601ef382ebace47333fa048164ecf8234a8d37736f53c1578b414b5d,False,,data/NEU-CLS/train/train/images/inclusion_234.jpg,True,,development
data/NEU-CLS/train/train/images/inclusion_235.jpg,inclusion_235.jpg,inclusion,filename_prefix,.jpg,25a0ae931457ddc495dacbc038fee25b864c3edd07cce19f13674f2bbe14623b,be3c1acd1a8c1be3f7dc44fdac3bf76e0a7b491db91bacd03c5dd1ec719467f6,False,,data/NEU-CLS/train/train/images/inclusion_235.jpg,True,,development
data/NEU-CLS/train/train/images/inclusion_236.jpg,inclusion_236.jpg,inclusion,filename_prefix,.jpg,fbfbacb788ef4f9f954bdc1da938c3fae6ecf9ab973f9bbb7f2eb20b0b282a0b,7350e7ad9dc1d86746d523638fe6f76df1de277e6f8aa331516bd9efd7dc66bc,False,,data/NEU-CLS/train/train/images/inclusion_236.jpg,True,,test
data/NEU-CLS/train/train/images/inclusion_237.jpg,inclusion_237.jpg,inclusion,filename_prefix,.jpg,301e2a0bc4c7b465bbd4dcc282c4053f5433bd56e1f63166fc752a217978ba26,0e7dc310d2043a351bf032cefe0e33fcaffc737963994a44d18f35e4244c5996,False,,data/NEU-CLS/train/train/images/inclusion_237.jpg,True,,test
data/NEU-CLS/train/train/images/inclusion_238.jpg,inclusion_238.jpg,inclusion,filename_prefix,.jpg,8a04962fa7fa2fab2ee030691eabe58abfd1a949a62cb94d1668027eebabfbb5,67b04c390296bf109e930eb7cb5b2134c33383d0a056a1ed3b23caf30a6c0950,False,,data/NEU-CLS/train/train/images/inclusion_238.jpg,True,,test
data/NEU-CLS/train/train/images/inclusion_239.jpg,inclusion_239.jpg,inclusion,filename_prefix,.jpg,321b16bf72aa45ae7ff393757ed1b4b608e1a71be81ad34bbd92af46bc8e059a,65020a025f47237b124157461ff8d2a637706e946c3fda50ac545511d0a96338,False,,data/NEU-CLS/train/train/images/inclusion_239.jpg,True,,development
data/NEU-CLS/train/train/images/inclusion_24.jpg,inclusion_24.jpg,inclusion,filename_prefix,.jpg,bee1ef7420c6f45fdc2a6e20d96a6ab30a8c22e158c7113d251c31cab436d336,941f771a5c8f9a78d5954c2551b809f03db7fe853b66878c0e11c2772f1c2931,False,,data/NEU-CLS/train/train/images/inclusion_24.jpg,True,,test
data/NEU-CLS/train/train/images/inclusion_240.jpg,inclusion_240.jpg,inclusion,filename_prefix,.jpg,f9f4b2365d0af5b80cc7e4ff3db9209e599884c89aa70d789618578a90244ff3,7aa397326f2b269d2480ba91c8955ba162385569de0e3ca63ca6b32841d848db,False,,data/NEU-CLS/train/train/images/inclusion_240.jpg,True,,development
data/NEU-CLS/train/train/images/inclusion_241.jpg,inclusion_241.jpg,inclusion,filename_prefix,.jpg,5af978330766fcf9acd3823e99bcac51352dcb5315f0e2d9d39109120c60ddc8,82440f4a4313b084e7ecfcefd0cc4edc0417eaa8ab12233896c7abee0c0eee9f,False,,data/NEU-CLS/train/train/images/inclusion_241.jpg,True,,development
data/NEU-CLS/train/train/images/inclusion_242.jpg,inclusion_242.jpg,inclusion,filename_prefix,.jpg,2e604be637f1bebbbb211ebf72e04feb17c14fda5e5135fb7e2e6fc5cf96d1d0,b782760ab18f01b1d5e76a0fe73d4ff6eb055228f7b71105d5a38f7739606a0e,False,,data/NEU-CLS/train/train/images/inclusion_242.jpg,True,,test
data/NEU-CLS/train/train/images/inclusion_243.jpg,inclusion_243.jpg,inclusion,filename_prefix,.jpg,bc912fa169b782795d9cca21f50b8e9c991147d964fed06a146cf6a07e056a4b,7f983f37d002e96d636d3a8a68d5f5add926c6ee165813035257954673ffa1f8,False,,data/NEU-CLS/train/train/images/inclusion_243.jpg,True,,development
data/NEU-CLS/train/train/images/inclusion_244.jpg,inclusion_244.jpg,inclusion,filename_prefix,.jpg,5e648e4d5c5c8f4bd19bfb7b0304addcf2ac408c9478601509fee08eb4561972,4d2883fdf10626fcfc115328b7f6070965e80a74fa6243f8159c4a784c542eb0,False,,data/NEU-CLS/train/train/images/inclusion_244.jpg,True,,development
data/NEU-CLS/train/train/images/inclusion_245.jpg,inclusion_245.jpg,inclusion,filename_prefix,.jpg,5b0acd8274705c0c8a79c57d3465b7c97e263f4e0f5715d92a001c6ce7092900,6ee0c9c64dfd8e8f7d7a853c5191f256a89113f4b5d7e030d0728ea352ff799f,False,,data/NEU-CLS/train/train/images/inclusion_245.jpg,True,,test
data/NEU-CLS/train/train/images/inclusion_246.jpg,inclusion_246.jpg,inclusion,filename_prefix,.jpg,5da6a636813c7b68b0d740874ca6bc7ea03124b6e69c7a4f4b09df51361c16cb,2072e2f83a520aa6ceddb731d1d5fbf8952ff5398c3fdfd36115b54ac55dec3e,False,,data/NEU-CLS/train/train/images/inclusion_246.jpg,True,,development
data/NEU-CLS/train/train/images/inclusion_247.jpg,inclusion_247.jpg,inclusion,filename_prefix,.jpg,5cc7d9256d647c16830ee1ddc4fc57c2fc0b90ed259961da7ebe2ba219252e84,a3ce7f82b74ef16857b0372dbf737db645bb95f5ec4995fdf1dd792c686bee86,False,,data/NEU-CLS/train/train/images/inclusion_247.jpg,True,,development
data/NEU-CLS/train/train/images/inclusion_248.jpg,inclusion_248.jpg,inclusion,filename_prefix,.jpg,bdc1619098be2940f365b1ebd7da6a1ce81983c5840be386ae15d00fc77ee89a,b77acb30f3f07bcde189a56c9c995a1fe2d2847a20d573d990cbac99f11da18c,False,,data/NEU-CLS/train/train/images/inclusion_248.jpg,True,,development
data/NEU-CLS/train/train/images/inclusion_249.jpg,inclusion_249.jpg,inclusion,filename_prefix,.jpg,9dc3e60e59bf1db44db73f55031bc44c97dc663241b343dfb4109d15f40247a2,df467ed293af097bf82215865c51f540e1808405abe0acf812fc04122b5a80f3,False,,data/NEU-CLS/train/train/images/inclusion_249.jpg,True,,development
data/NEU-CLS/train/train/images/inclusion_25.jpg,inclusion_25.jpg,inclusion,filename_prefix,.jpg,12364ff0521a417eb27bb5504a6698849a5e45810d5a60055368d69034c6122c,513e902e24046babb11f4883cea39cf7b00fc02fa8332b9510d1c44462174bf2,False,,data/NEU-CLS/train/train/images/inclusion_25.jpg,True,,development
data/NEU-CLS/train/train/images/inclusion_250.jpg,inclusion_250.jpg,inclusion,filename_prefix,.jpg,5ef5d6fccd6032f3ca4d2026eb0b98199436f7e280b58e95b5b1a5fff4f2288a,35f8014b4c278dfebf6cc4c522bd3ae53ed041d28c3c4430666c86a96584d77b,False,,data/NEU-CLS/train/train/images/inclusion_250.jpg,True,,development
data/NEU-CLS/train/train/images/inclusion_251.jpg,inclusion_251.jpg,inclusion,filename_prefix,.jpg,34ff2376988c4f420ecf434de2b2c3d98f2c23ebbda0ba87c87797f64bfa3a66,3dbe38ef4db06dd62db05741abf16a1c3d94f875c0623f80250435c2cca25208,False,,data/NEU-CLS/train/train/images/inclusion_251.jpg,True,,development
data/NEU-CLS/train/train/images/inclusion_252.jpg,inclusion_252.jpg,inclusion,filename_prefix,.jpg,bf6d4b109becbcdb13b22dbde18ebceba0082e58227bb671c65e40e71c087a65,9d26b1987b49693ac382b475c830ed89a7cb21933eaebfd626cd90a872d60b71,False,,data/NEU-CLS/train/train/images/inclusion_252.jpg,True,,development
data/NEU-CLS/train/train/images/inclusion_253.jpg,inclusion_253.jpg,inclusion,filename_prefix,.jpg,78720df6afaf5d771b71cabdb7009856de535560351867d55380e69ab8cf5749,6e817c66a2ace6a24e1d1c5ebfdc9f149e0705853fff2c3075c43a96967808a6,False,,data/NEU-CLS/train/train/images/inclusion_253.jpg,True,,test
data/NEU-CLS/train/train/images/inclusion_254.jpg,inclusion_254.jpg,inclusion,filename_prefix,.jpg,236100869b6ec735343d8044489064f9f30e82bc0d07408c3923fbcc7de6c254,304e4edfde98d24c117ba964b5d46d1b7e4e348c553e246d826bbc0c2e05a506,False,,data/NEU-CLS/train/train/images/inclusion_254.jpg,True,,development
data/NEU-CLS/train/train/images/inclusion_255.jpg,inclusion_255.jpg,inclusion,filename_prefix,.jpg,aa1149e239a31e679e30cc8b54cb5e7891f110ad1befdf8530cef58a206d4188,c805d7de8ec870810a0d7587d2161286bcaaf547abb649d12f354650ab5d510a,False,,data/NEU-CLS/train/train/images/inclusion_255.jpg,True,,test
data/NEU-CLS/train/train/images/inclusion_256.jpg,inclusion_256.jpg,inclusion,filename_prefix,.jpg,f6a08b773749caf1435416d99fe25457a4cb1fb2a1baf6cd2ba63fe05c616b3c,1fac1fe936a2e4c26bb0dc722e054f5109418fd6331da9c2f4778a227e4520e6,False,,data/NEU-CLS/train/train/images/inclusion_256.jpg,True,,test
data/NEU-CLS/train/train/images/inclusion_257.jpg,inclusion_257.jpg,inclusion,filename_prefix,.jpg,e276da9fa99083be544b0ac21a958e1754e3ef80598c0f5756dcd7d3786c4745,f3474dc5d8f6b4ef2f92f98bbebd6fc8dbff6e22bba493ef4f71181bcc3ea3eb,False,,data/NEU-CLS/train/train/images/inclusion_257.jpg,True,,test
data/NEU-CLS/train/train/images/inclusion_258.jpg,inclusion_258.jpg,inclusion,filename_prefix,.jpg,207faafef30696c821b5e605cf299f4a75d8d9f0adc8d03c3de9140c04a6da08,57102a8ef1aa5e4d103c433239584c80c80ae57dcc581cdf843c361941987abc,False,,data/NEU-CLS/train/train/images/inclusion_258.jpg,True,,development
data/NEU-CLS/train/train/images/inclusion_259.jpg,inclusion_259.jpg,inclusion,filename_prefix,.jpg,fa31cbdd9952ac4f904db477f5ee7e173c3238b2bd064cfe15c9eb003f69fb43,4f413d25cae14fbeb3efc3c4cd2bf86b7cf2cc3268e5ff6233d6164f475e9420,False,,data/NEU-CLS/train/train/images/inclusion_259.jpg,True,,test
data/NEU-CLS/train/train/images/inclusion_26.jpg,inclusion_26.jpg,inclusion,filename_prefix,.jpg,ed21ac756ad80d8649b7c1ffe8be98c9a9a309d6d21bd036e87e7e7c34c93443,e2178054716c29a4430a60c428de5b0955b022f4c2066d37a5794bf6e7f3e8c8,False,,data/NEU-CLS/train/train/images/inclusion_26.jpg,True,,development
data/NEU-CLS/train/train/images/inclusion_260.jpg,inclusion_260.jpg,inclusion,filename_prefix,.jpg,f78638a524ae537623c5ebfb32f8499c55088720bf0054cf7de495441f40d423,2770050653a81f62464689e5114f6074962cf59cc0a09bc6ddfff7e6f813c2c0,False,,data/NEU-CLS/train/train/images/inclusion_260.jpg,True,,development
data/NEU-CLS/train/train/images/inclusion_261.jpg,inclusion_261.jpg,inclusion,filename_prefix,.jpg,efe10fb4f77ce8af5093e941097b9473201b7b797bbdd40a96ee8fba4f715724,1e1ec66f8ad86776adfec2ad62923e4b75160f74be1d4acb67b522437b0a3987,False,,data/NEU-CLS/train/train/images/inclusion_261.jpg,True,,development
data/NEU-CLS/train/train/images/inclusion_262.jpg,inclusion_262.jpg,inclusion,filename_prefix,.jpg,a7ce7f9929c6a524442a6e6373580912b8d0193b0609c965553898606052fdff,02f9f73b31207e32b9b86b2efa7868981fe3190c672b2a88a3d3ecfc673512b2,False,,data/NEU-CLS/train/train/images/inclusion_262.jpg,True,,development
data/NEU-CLS/train/train/images/inclusion_263.jpg,inclusion_263.jpg,inclusion,filename_prefix,.jpg,f3c2363177cccfc7bce51d78484f54ae42db54a2ad878b1479c5d0d0e2960872,026228346a6f97d6a0ca8957a34dbec06ce4f1a6610939a463f3862a9f372c5e,False,,data/NEU-CLS/train/train/images/inclusion_263.jpg,True,,test
data/NEU-CLS/train/train/images/inclusion_264.jpg,inclusion_264.jpg,inclusion,filename_prefix,.jpg,73e0e76bef45d9cacef8485f13c73dd2aecaaf04685bbac11646583ee769825d,3fdd0090e47e7b6a2825d37eb15566d5dd115073600b6d9b664138d4b0cef2f9,False,,data/NEU-CLS/train/train/images/inclusion_264.jpg,True,,development
data/NEU-CLS/train/train/images/inclusion_265.jpg,inclusion_265.jpg,inclusion,filename_prefix,.jpg,d1b022534e4ec2c3c12fc86ed3120a39510845ebd12212d8a31abfc56ede086c,6bb72277828c7212a64aea5024a8e1727f87df35224788f43bc48f6e906c0385,False,,data/NEU-CLS/train/train/images/inclusion_265.jpg,True,,development
data/NEU-CLS/train/train/images/inclusion_266.jpg,inclusion_266.jpg,inclusion,filename_prefix,.jpg,cbecbb02e9949bb63a03e790317c872f30ec5f8e37db6ab8ca96c9d23faabd47,f3a117adf6ef8410890b627b669f770af98ffdb88b189e9681b5f2adf91d51d7,False,,data/NEU-CLS/train/train/images/inclusion_266.jpg,True,,development
data/NEU-CLS/train/train/images/inclusion_267.jpg,inclusion_267.jpg,inclusion,filename_prefix,.jpg,6cfdc2541251da0ce97c64abdfba7fa7934d4f6b572bb4d98782abb5765864c4,51118354b6d0e9902d283c867f769316c1ae7f7aaf1f5f94eda35a04f8f489d5,False,,data/NEU-CLS/train/train/images/inclusion_267.jpg,True,,development
data/NEU-CLS/train/train/images/inclusion_268.jpg,inclusion_268.jpg,inclusion,filename_prefix,.jpg,a84b3716b2f7effc2243206de8dafa6874fd19f56b451773aef371c76e6f3a28,dc57b76d6e077cde76764242dbc3b63cd60e144f20dcdca90ef73f233b3717fb,False,,data/NEU-CLS/train/train/images/inclusion_268.jpg,True,,development
data/NEU-CLS/train/train/images/inclusion_269.jpg,inclusion_269.jpg,inclusion,filename_prefix,.jpg,4b1084c0834d5b10be64fedf6e6b61cbc8673b8a8f8d420eadd6c116fcdf463a,c313b40f5d1015aa5f358a9871866ff5526c6be4801dd230385f5d68490fb64b,False,,data/NEU-CLS/train/train/images/inclusion_269.jpg,True,,development
data/NEU-CLS/train/train/images/inclusion_27.jpg,inclusion_27.jpg,inclusion,filename_prefix,.jpg,15baf7fe4860f24a2dab40d16fec6d9ad7ab44b17d87859726323969dd631dd9,5dc3ae5643cea4d5d22448cde9bc87188f657d19e67de7f6d9f35f7bca2bde6c,False,,data/NEU-CLS/train/train/images/inclusion_27.jpg,True,,test
data/NEU-CLS/train/train/images/inclusion_270.jpg,inclusion_270.jpg,inclusion,filename_prefix,.jpg,3c3e1d109a401b6cb4abeaa4da07bf3d621794041c8b02e80768282614f5073a,ca89cb38897b8bdaab58e940e8c25731ce97bc0fd5b7618c93cc101a15daa6f4,False,,data/NEU-CLS/train/train/images/inclusion_270.jpg,True,,development
data/NEU-CLS/train/train/images/inclusion_271.jpg,inclusion_271.jpg,inclusion,filename_prefix,.jpg,48487d8742cb496db2f311a7e71f64c295977a62f329faa9720e7a73d5585375,8bb8287c0c8b6d5dbdbbda872b5f0ae14c2fd0890122ea7c9b7276a78811989e,False,,data/NEU-CLS/train/train/images/inclusion_271.jpg,True,,development
data/NEU-CLS/train/train/images/inclusion_272.jpg,inclusion_272.jpg,inclusion,filename_prefix,.jpg,c15071996140e92cf42aedc58a27e178a20c3f592dbbf62f9bcc18a9ebdfdbdc,751f10f423c8179ef5395e414fe4dc80e6ae7b5bb99c2093959496b29c7690e1,False,,data/NEU-CLS/train/train/images/inclusion_272.jpg,True,,test
data/NEU-CLS/train/train/images/inclusion_273.jpg,inclusion_273.jpg,inclusion,filename_prefix,.jpg,e913ec752513deb8cbe6d87432e9314b2a5d41aef881c909180a8f6fc353d1ce,24a50fe0a4bfc2580f3fd5defdce8f657f6b5b34da4b5a31207fbaf3587d1bbc,False,,data/NEU-CLS/train/train/images/inclusion_273.jpg,True,,test
data/NEU-CLS/train/train/images/inclusion_274.jpg,inclusion_274.jpg,inclusion,filename_prefix,.jpg,b5b5718577b5522fedde36f8e22811226cb305fab86541b391b551068998608c,7714fd48b2fcbf37ef39ddeda374e9300155ba7b63feb1b414c0590de09e22c5,False,,data/NEU-CLS/train/train/images/inclusion_274.jpg,True,,development
data/NEU-CLS/train/train/images/inclusion_275.jpg,inclusion_275.jpg,inclusion,filename_prefix,.jpg,6c466e7953b1c97b20163b6d69b1e895b92f050219e7d1653ac30b86230f1d1f,7c43b7ad8c425df168a2566c312467b6b2a8d9c30ed4994ca4ab8371008baa1b,False,,data/NEU-CLS/train/train/images/inclusion_275.jpg,True,,development
data/NEU-CLS/train/train/images/inclusion_276.jpg,inclusion_276.jpg,inclusion,filename_prefix,.jpg,45ed75a4a0b57ccc34b0e27282153a856920353ae075168aea91ff2c5103c26d,a31259aa56c7490b54451c74e9772dc3018d8e9ba59162abe163b6fd2374d8ac,False,,data/NEU-CLS/train/train/images/inclusion_276.jpg,True,,development
data/NEU-CLS/train/train/images/inclusion_277.jpg,inclusion_277.jpg,inclusion,filename_prefix,.jpg,ccb16c05fb1c4e6bacd347363e37a7abdbde9d19542f3f25366631ec0380ee36,7fb39c9e3863e1ff4e665c9a4006785649f5f21164f329c45f26927c0bef564a,False,,data/NEU-CLS/train/train/images/inclusion_277.jpg,True,,development
data/NEU-CLS/train/train/images/inclusion_278.jpg,inclusion_278.jpg,inclusion,filename_prefix,.jpg,c8e8a4a7e4f73be0dc85a31a112b09e953f98a2760f0fa60ccabeffb1b5006d8,e6545eea55dccf6334aeb7bff564269abef6b584eb23c6ceb2013293b28c2f16,False,,data/NEU-CLS/train/train/images/inclusion_278.jpg,True,,development
data/NEU-CLS/train/train/images/inclusion_279.jpg,inclusion_279.jpg,inclusion,filename_prefix,.jpg,94a38ea1934412a178570519e0d1c42f7bd5e848c46be510c52e4accaad9c2dd,57dadff66283eb1f9c9ebeb1f4171f9d330bd297403c54db572430a684c5e498,False,,data/NEU-CLS/train/train/images/inclusion_279.jpg,True,,development
data/NEU-CLS/train/train/images/inclusion_28.jpg,inclusion_28.jpg,inclusion,filename_prefix,.jpg,38bc145c261f094ce9af5c51a8126645b75584f768fc1d6ecfce63f4bf6aad04,6e3f6102f9f460fd6f9480e9261de453b6ebde27c37187882cb009677cfddf6a,False,,data/NEU-CLS/train/train/images/inclusion_28.jpg,True,,development
data/NEU-CLS/train/train/images/inclusion_280.jpg,inclusion_280.jpg,inclusion,filename_prefix,.jpg,d12b66004f348638474b6cf7b299494e263963d9639cf250ac0f3fce96c6d437,dda81de4c7bb0ad1be6e17d98ba629aa1d56f1582933af32d3b4d61eeaa6c9cd,False,,data/NEU-CLS/train/train/images/inclusion_280.jpg,True,,development
data/NEU-CLS/train/train/images/inclusion_281.jpg,inclusion_281.jpg,inclusion,filename_prefix,.jpg,8ea45458a7691285a0c197399d2f2b19f1111cb7a3a7336c5dfc02c222fc5825,b76afa9654bb97bb1819d6faeda889c8f8b23bbce6be926495638464fd1d2039,False,,data/NEU-CLS/train/train/images/inclusion_281.jpg,True,,development
data/NEU-CLS/train/train/images/inclusion_282.jpg,inclusion_282.jpg,inclusion,filename_prefix,.jpg,7baa41a3a61051f22e5e99400ae072f8a9a359d41bc47dc6172ec3b76e9f7ca6,2a625de94ad660f16c847f94fd3efde246d5a2b89f04bf95d073ed8bd2afd34a,False,,data/NEU-CLS/train/train/images/inclusion_282.jpg,True,,development
data/NEU-CLS/train/train/images/inclusion_283.jpg,inclusion_283.jpg,inclusion,filename_prefix,.jpg,20ab6fc6330d683b417404eb49dbc8b6932dcd159a9037c69cd130c12d75ee04,3d9abaf6649e657ea85bb372a9bb72d42ef2f419558e19033435918784d6acb9,False,,data/NEU-CLS/train/train/images/inclusion_283.jpg,True,,development
data/NEU-CLS/train/train/images/inclusion_284.jpg,inclusion_284.jpg,inclusion,filename_prefix,.jpg,4bd59750b701df9dcf8b7380309ef5fcb94d896aae4891b53abfcc1942df8ca2,66e3b638fb96394db2b93b9a6ef2fb2d4c40be1aad71ec2b1fe1a7c3389bf895,False,,data/NEU-CLS/train/train/images/inclusion_284.jpg,True,,development
data/NEU-CLS/train/train/images/inclusion_285.jpg,inclusion_285.jpg,inclusion,filename_prefix,.jpg,7e4866042e496e3e7af263172c498ff5a3d75584797ce827e4ad3dd869de43ea,1a88359775ab3bec82a3e647424f82c69015271083c7d463a41f66f1d96e42ad,False,,data/NEU-CLS/train/train/images/inclusion_285.jpg,True,,development
data/NEU-CLS/train/train/images/inclusion_286.jpg,inclusion_286.jpg,inclusion,filename_prefix,.jpg,62525a1b2cae83b20f3a4b8c05ed577086492454adf18609e7fae5668551b87a,26f596efd1d055c33e83d7a663b28b660ed1108abbd502d6f3f4bfef28993e38,False,,data/NEU-CLS/train/train/images/inclusion_286.jpg,True,,development
data/NEU-CLS/train/train/images/inclusion_287.jpg,inclusion_287.jpg,inclusion,filename_prefix,.jpg,aa4a04bfc65ad081a4165644e442ef1ce050501215dd1b83219ff2481b1a23e9,5d47f9764e818f91123ccb678842597214eee5ba692904dc1543eac929b6bfbe,False,,data/NEU-CLS/train/train/images/inclusion_287.jpg,True,,development
data/NEU-CLS/train/train/images/inclusion_288.jpg,inclusion_288.jpg,inclusion,filename_prefix,.jpg,6d738aa8d938af3847e17d260b5626e85152a55572dd2d2bfa3774e7e8a1a5a9,cb4edf760c30d3ce95768515712f7872eb1caa0e2eec89081d9f28cafec130ba,False,,data/NEU-CLS/train/train/images/inclusion_288.jpg,True,,development
data/NEU-CLS/train/train/images/inclusion_289.jpg,inclusion_289.jpg,inclusion,filename_prefix,.jpg,ab9e9667fd3cd58c3b532936c69b4dbb117d5671334e5bcbaacb3722a22162ea,91fc93d81cd027e975d87f3bc9ffafa24c8a02ec37cf5b967aa57dd4bf678809,False,,data/NEU-CLS/train/train/images/inclusion_289.jpg,True,,development
data/NEU-CLS/train/train/images/inclusion_29.jpg,inclusion_29.jpg,inclusion,filename_prefix,.jpg,818b2deae9ccf07d41c876d0b7372ca892a9813d331aedfa3e6e34ef693d6ba8,cf36e1193d3cac6d4ae9cf1f031357d67b811d8b87d9615f8385bf86255d5294,False,,data/NEU-CLS/train/train/images/inclusion_29.jpg,True,,development
data/NEU-CLS/train/train/images/inclusion_290.jpg,inclusion_290.jpg,inclusion,filename_prefix,.jpg,f965707a2b7f4645df819d433fa24ed2e5affcb4e492b6b7154505fbb5136c8c,9745b89ec32e0e6f31b2b4cb93eb15dc9f50503106308c736238dc05f666fc60,False,,data/NEU-CLS/train/train/images/inclusion_290.jpg,True,,development
data/NEU-CLS/train/train/images/inclusion_291.jpg,inclusion_291.jpg,inclusion,filename_prefix,.jpg,ba590ecd26f874380ca45fd7e6f5bb9d5e9f135acec0745d69111b382d887f88,404ea2103cfe553e8bb8c18d3bf1996d2a9232ca76c33fb399a6802fa08ca528,False,,data/NEU-CLS/train/train/images/inclusion_291.jpg,True,,development
data/NEU-CLS/train/train/images/inclusion_292.jpg,inclusion_292.jpg,inclusion,filename_prefix,.jpg,7a688ec367df776ee3b1142d281f6abed8c81ea49bea2bd3d01f9c9ebc1ab993,6f72d1b52b7ab46d7fbc622e53658b77096e7c942e938c2d2f82c6cf71ada364,False,,data/NEU-CLS/train/train/images/inclusion_292.jpg,True,,development
data/NEU-CLS/train/train/images/inclusion_293.jpg,inclusion_293.jpg,inclusion,filename_prefix,.jpg,5cfae097f87a05dc4b1a6de558aa305f1820f75143e20bf286efb7128ae6342d,31571493e4b6a57710007b38a42165d63d30771c70d853ecd612eef6bd5ade36,False,,data/NEU-CLS/train/train/images/inclusion_293.jpg,True,,development
data/NEU-CLS/train/train/images/inclusion_294.jpg,inclusion_294.jpg,inclusion,filename_prefix,.jpg,cdf27f9337292c89f59b2e48c79ff16c1767df3864490a42b41d6f6aa32efe26,4b4dd0af5dd4fa976bf5f10d78baa34c2dd6e2b59c43ca40e3a8e066afacaa26,False,,data/NEU-CLS/train/train/images/inclusion_294.jpg,True,,development
data/NEU-CLS/train/train/images/inclusion_295.jpg,inclusion_295.jpg,inclusion,filename_prefix,.jpg,c1233156b17a5bbaefc9700881b44fb512cc4ba12bf00b8718af00addb34f6b2,fb5c30afcbf4005846fcbfc1c4e5e496379db6bc3a1ae23a69684ba14b610f20,False,,data/NEU-CLS/train/train/images/inclusion_295.jpg,True,,development
data/NEU-CLS/train/train/images/inclusion_296.jpg,inclusion_296.jpg,inclusion,filename_prefix,.jpg,b47270b2b088b4934f9e6b4a5f26de8805860d695deab4fdf5d437ee8c1a0b28,8f93a586cb116ef3d0c4a8bf965ab6223ac89a32f34a13af83fe170ad60a2ca3,False,,data/NEU-CLS/train/train/images/inclusion_296.jpg,True,,development
data/NEU-CLS/train/train/images/inclusion_297.jpg,inclusion_297.jpg,inclusion,filename_prefix,.jpg,cb9c3d5c69cb4c566781d0263b40e1290c44ddfb951a02b58a7945f956166390,d7388963ad6701779596ec4c84a6221c20b226647f86338dfea70a49eb5066ac,False,,data/NEU-CLS/train/train/images/inclusion_297.jpg,True,,development
data/NEU-CLS/train/train/images/inclusion_298.jpg,inclusion_298.jpg,inclusion,filename_prefix,.jpg,8b05aaa4648d3760f79e9d6805e2070c332f9648a9df7415533adcc17d9ecf3e,782eefc9574e5b8f3c8ec4878cd42938b8b2d5b17fa04ec0c3d7a3bf1a5c2ea2,False,,data/NEU-CLS/train/train/images/inclusion_298.jpg,True,,development
data/NEU-CLS/train/train/images/inclusion_299.jpg,inclusion_299.jpg,inclusion,filename_prefix,.jpg,c7e999cc03a2e6dcd3ba42fc9a21e3592bfa9f21f4cec7c4f602dd1d417f6a5c,f411343942739c5d78e915ccf90370f7a038643f2fa05a05d7e7ed7fb07d989b,False,,data/NEU-CLS/train/train/images/inclusion_299.jpg,True,,test
data/NEU-CLS/train/train/images/inclusion_30.jpg,inclusion_30.jpg,inclusion,filename_prefix,.jpg,6472211d35f109b7697637359174f97800ecbaa0990a77f674bcd78a662b212f,2d4ac13e89c8726941a4b3771c3dd4154abbb01e39b390a62ff484628c6dbdcc,False,,data/NEU-CLS/train/train/images/inclusion_30.jpg,True,,test
data/NEU-CLS/train/train/images/inclusion_300.jpg,inclusion_300.jpg,inclusion,filename_prefix,.jpg,0aa52d34c0e0baf7e5288f54cb48307c5c76492081ba736cbbdea1edfb94c47b,9ef28f6898e6e264aa695e8dcca2143c721e17af22d713d46e98640d8b79a3c4,False,,data/NEU-CLS/train/train/images/inclusion_300.jpg,True,,development
data/NEU-CLS/train/train/images/inclusion_31.jpg,inclusion_31.jpg,inclusion,filename_prefix,.jpg,139571bd8aa1d6ccde3e7435a23440cf4641a68684a354b1fc7afbe540bcac24,f8867827abe0abea94793c3932322dbbb0f6a2e39f38cbc91742bf08196d8125,False,,data/NEU-CLS/train/train/images/inclusion_31.jpg,True,,test
data/NEU-CLS/train/train/images/inclusion_32.jpg,inclusion_32.jpg,inclusion,filename_prefix,.jpg,0dc574a58f0e017fdb612bfad855a50cea451a50b5ca15960f8b5e37fa40abb7,8ed86dc027230ea4948a01e2caad1e378cadc9e428b0e153998d3328af4f9aa9,False,,data/NEU-CLS/train/train/images/inclusion_32.jpg,True,,development
data/NEU-CLS/train/train/images/inclusion_33.jpg,inclusion_33.jpg,inclusion,filename_prefix,.jpg,38e21661768ed76f443f3ecfcfc009dfa3297870e30731bb1c3a16ee6babfabe,14f79ea71e0e4771a7390359df4ab916a3a3a937c63e13a8dd61c8a0c51bab52,False,,data/NEU-CLS/train/train/images/inclusion_33.jpg,True,,development
data/NEU-CLS/train/train/images/inclusion_34.jpg,inclusion_34.jpg,inclusion,filename_prefix,.jpg,82b8711bbdbd0339337db43a5964b53a522ba31c8b766941dca9299755c8f190,421f3d869edeccbf9db5ace10ce22545c5ef2da04f62f38e947bf8d362448dc3,False,,data/NEU-CLS/train/train/images/inclusion_34.jpg,True,,test
data/NEU-CLS/train/train/images/inclusion_35.jpg,inclusion_35.jpg,inclusion,filename_prefix,.jpg,10eac5c3d002ca0b4ae0955d6003da0226e73b0b9cf12b3d54a8153b8732d284,06959fa0e8f24839cb07046ac62dbe1c45113f35a7355a715653dbc9b4d915c6,False,,data/NEU-CLS/train/train/images/inclusion_35.jpg,True,,development
data/NEU-CLS/train/train/images/inclusion_36.jpg,inclusion_36.jpg,inclusion,filename_prefix,.jpg,03d0c7947ba20593012275692691070501daf9609168f2eaec15dae935dd5adf,210efba6d199aaae098f8475198b7b2b987660ac811b12f9fc57bc65de3c9d2a,False,,data/NEU-CLS/train/train/images/inclusion_36.jpg,True,,development
data/NEU-CLS/train/train/images/inclusion_37.jpg,inclusion_37.jpg,inclusion,filename_prefix,.jpg,3af4243d7ebdcd2c2f7ab6c11abc1529395bbd9a1878a13f545c83df276f90a4,c2025e7f30094504516a6125a95cd5a7ae3f710587480cb525f567cbf5dd5380,False,,data/NEU-CLS/train/train/images/inclusion_37.jpg,True,,development
data/NEU-CLS/train/train/images/inclusion_38.jpg,inclusion_38.jpg,inclusion,filename_prefix,.jpg,6ed3dd061cc183e90d3fe15fa0045855f24e0027a028a1b25750fb530cea0cb1,9e8967189abf7084e836658908f16cb304921a1ff0d4ef27803da3033b843433,False,,data/NEU-CLS/train/train/images/inclusion_38.jpg,True,,development
data/NEU-CLS/train/train/images/inclusion_39.jpg,inclusion_39.jpg,inclusion,filename_prefix,.jpg,4ee5e42f34d3976b193484ec7a8b16a0b16f7303bcc774b795cd6fa31b95abbf,635ab95fe526b66415cba9cc8ceb869c9cbb07e323b4d5cef03263e77ec28a97,False,,data/NEU-CLS/train/train/images/inclusion_39.jpg,True,,development
data/NEU-CLS/train/train/images/inclusion_40.jpg,inclusion_40.jpg,inclusion,filename_prefix,.jpg,7d184ad36e7785f3af0eeef6749f8bb23418fd1132b8c14090e351dbde9e9798,da0cc84d0ce38e20fe28a60abc86a93ebc725e27e2af5db28068419daabdffd2,False,,data/NEU-CLS/train/train/images/inclusion_40.jpg,True,,development
data/NEU-CLS/train/train/images/inclusion_41.jpg,inclusion_41.jpg,inclusion,filename_prefix,.jpg,28612ab5241da32535d450c8f68a632551f8c26e391e8766e592a288ebd3507e,54522cd76a80884127abec835c2f3a963187cab63d312d75af39b18a72d95a27,False,,data/NEU-CLS/train/train/images/inclusion_41.jpg,True,,test
data/NEU-CLS/train/train/images/inclusion_42.jpg,inclusion_42.jpg,inclusion,filename_prefix,.jpg,af1f43f4066ce205fc2551daecd5fbc5113222bc11886c69272ee0a2754d9c76,32afbc9118ad5c9942d2bbc861f3fb7c22f9e88c31ec931837a797dbe7c8e914,False,,data/NEU-CLS/train/train/images/inclusion_42.jpg,True,,development
data/NEU-CLS/train/train/images/inclusion_43.jpg,inclusion_43.jpg,inclusion,filename_prefix,.jpg,a8d41006cce96894094a5fa1a294fefa063840dbbfe2e7b0d9734aaff22184c2,eb4b5910f21fee79213c2a6b42b30844906e5fc3263ae803345be64eea194500,False,,data/NEU-CLS/train/train/images/inclusion_43.jpg,True,,development
data/NEU-CLS/train/train/images/inclusion_44.jpg,inclusion_44.jpg,inclusion,filename_prefix,.jpg,b9fed34b03b2f459b7f11b7957585fa6624326bfb7284d5ab284a0234cc33172,65102db486d36fa28beffc57ba5b43ade07daf1bfc93345f96d32da814fdf75b,False,,data/NEU-CLS/train/train/images/inclusion_44.jpg,True,,development
data/NEU-CLS/train/train/images/inclusion_45.jpg,inclusion_45.jpg,inclusion,filename_prefix,.jpg,162307be7f8060a0f4b83762ebd23cb7e73e2b80659226f598b0ce899568723e,6df3373227268a9162c07ddc2e694f68e007bb796bc8be0adf01b4a32bc1a1f3,False,,data/NEU-CLS/train/train/images/inclusion_45.jpg,True,,development
data/NEU-CLS/train/train/images/inclusion_46.jpg,inclusion_46.jpg,inclusion,filename_prefix,.jpg,d23590d9155e0f3fd1460c8b5b89f1d41bdd74bbe8b2ebddf91fa94df122369a,2cf27d30f699b07dba7d857352e25dc4196060ea2019fd6f72fc2661d0125984,False,,data/NEU-CLS/train/train/images/inclusion_46.jpg,True,,development
data/NEU-CLS/train/train/images/inclusion_47.jpg,inclusion_47.jpg,inclusion,filename_prefix,.jpg,30e0f1e631a3e102c3470971257e2713cfcb7ab8eb202c2c3ae5e13670e79334,56cc894f1729557a710797de6560ccde7da1402a1d4ad7f1e5849ca9bddbd21f,False,,data/NEU-CLS/train/train/images/inclusion_47.jpg,True,,development
data/NEU-CLS/train/train/images/inclusion_48.jpg,inclusion_48.jpg,inclusion,filename_prefix,.jpg,2dc77674ad9a14b32fcad2c9405d8d2d92fdd8b3ff7b98ada46a6f1558cd80db,a877564ea75caf53089d18ff55f2cb19a736cd789da8d1f27a8126fa1135c56b,False,,data/NEU-CLS/train/train/images/inclusion_48.jpg,True,,development
data/NEU-CLS/train/train/images/inclusion_49.jpg,inclusion_49.jpg,inclusion,filename_prefix,.jpg,2f73b68667c43d84a593cab12432b333c62d4d67236d6d578071f8141fd78ae0,66fb5f5d5871f603e1e95e1a648bc07b4a3eca73feb6b70f96d1d770f54c13c7,False,,data/NEU-CLS/train/train/images/inclusion_49.jpg,True,,development
data/NEU-CLS/train/train/images/inclusion_50.jpg,inclusion_50.jpg,inclusion,filename_prefix,.jpg,ad278704f51eb28d6c62da130d27563dd5ec248aec8df771545e4cf11652dfb2,466b1283ecd2f92d95623bd883fb99c7d4be052e56aba791776b572421332c68,False,,data/NEU-CLS/train/train/images/inclusion_50.jpg,True,,development
data/NEU-CLS/train/train/images/inclusion_51.jpg,inclusion_51.jpg,inclusion,filename_prefix,.jpg,6b3c673e82e489f1e49482bb5173a76dfb477ad006c39c773de5719e8ab6ff60,575d1bc4e0ef01c4a12f8df96ecf59564373d84eab2ad4db55379875063cfd98,False,,data/NEU-CLS/train/train/images/inclusion_51.jpg,True,,development
data/NEU-CLS/train/train/images/inclusion_52.jpg,inclusion_52.jpg,inclusion,filename_prefix,.jpg,25be1de5f930c94e4b146bfe20b87a9bc2fa6c8fd4b456f1f7d764fb4c1bfcd0,13ed972feeac505bc89b89f751f46d1ee659202f5ddecd3e90852f7ff53982a7,False,,data/NEU-CLS/train/train/images/inclusion_52.jpg,True,,development
data/NEU-CLS/train/train/images/inclusion_53.jpg,inclusion_53.jpg,inclusion,filename_prefix,.jpg,cfcbeda713cbbdebc17a0a9847bbd0a9e9e7171500dea6d7e763b8b8a03e4398,2b5b4b7fb0c64f831466b40f6edfa5a382890860dd350a51a46773829bee9d68,False,,data/NEU-CLS/train/train/images/inclusion_53.jpg,True,,development
data/NEU-CLS/train/train/images/inclusion_54.jpg,inclusion_54.jpg,inclusion,filename_prefix,.jpg,10b35f5da4a3ff79ed9af7cf75abb84f2535d809023c51b7b1e3badaa38a7390,7e936d6108781864f13cb16f1fa5051d56a3b881ba0d51a601e7a681b6a333a1,False,,data/NEU-CLS/train/train/images/inclusion_54.jpg,True,,test
data/NEU-CLS/train/train/images/inclusion_55.jpg,inclusion_55.jpg,inclusion,filename_prefix,.jpg,4c209b20eb9a0cf81dd831e226daa7521b348412956749b0859267b021b46508,3f3888d02c169b7a3a06abbc406c7db5464153965e8717c949a6147852772ccd,False,,data/NEU-CLS/train/train/images/inclusion_55.jpg,True,,test
data/NEU-CLS/train/train/images/inclusion_56.jpg,inclusion_56.jpg,inclusion,filename_prefix,.jpg,d31ace34a9b85472eea0169cc2243653756cc3fc71c512dd794927274a7a6f16,3adc22112f35af7a3a5e9d778b192682f26ad38b8d163061002a345df4b44b77,False,,data/NEU-CLS/train/train/images/inclusion_56.jpg,True,,development
data/NEU-CLS/train/train/images/inclusion_57.jpg,inclusion_57.jpg,inclusion,filename_prefix,.jpg,f51b7b9c213b8584377c251fd29b0d49087ac1bd2433bdfc69195e8cde481b00,2df1d30534a1df2c7c1aee3ffa287b9afaf1473d4bacc523e235b62bb480c932,False,,data/NEU-CLS/train/train/images/inclusion_57.jpg,True,,development
data/NEU-CLS/train/train/images/inclusion_58.jpg,inclusion_58.jpg,inclusion,filename_prefix,.jpg,aa7779ddbe6690026ad73c6d12f24f573e5b3be527edc064c10344d5837a8d22,9c96289a564063e4769f233f17c8690a8e05050d526e86fcbb35d0ad40a8cdd8,False,,data/NEU-CLS/train/train/images/inclusion_58.jpg,True,,development
data/NEU-CLS/train/train/images/inclusion_59.jpg,inclusion_59.jpg,inclusion,filename_prefix,.jpg,8852c6966fd374fe4072b1c9b7ac1e36e3b922b57409e37e8f914d9b4803aaec,15355f9c7ca49d9d83b9059c973b72b156fd616ecf7ed9412c7c16b9c41f2eea,False,,data/NEU-CLS/train/train/images/inclusion_59.jpg,True,,development
data/NEU-CLS/train/train/images/inclusion_6.jpg,inclusion_6.jpg,inclusion,filename_prefix,.jpg,c3e8d16676654a022b58559e9879e882476a25c57be200044140b0e08ce73a11,bf41eb328571c906e7200d439703892a3721418f3b225eb904c59021b55c2958,False,,data/NEU-CLS/train/train/images/inclusion_6.jpg,True,,development
data/NEU-CLS/train/train/images/inclusion_60.jpg,inclusion_60.jpg,inclusion,filename_prefix,.jpg,36abe20b2d92bf520ef3a2929ac42f12d220317b05d7ec43b6cb43dae5ec5370,6f50dda78249429c5d845a481600075dcb6e62d2c953f129ee32986b74ace9f3,False,,data/NEU-CLS/train/train/images/inclusion_60.jpg,True,,test
data/NEU-CLS/train/train/images/inclusion_61.jpg,inclusion_61.jpg,inclusion,filename_prefix,.jpg,064eb68a6d22169cc6816daaab8b4cafdecd9c2cb82b5b4fb6318fad99e5c3a4,d49884051e0c63097016fb77571d43ed5377e0e3264585cc54ef6c741101f79f,False,,data/NEU-CLS/train/train/images/inclusion_61.jpg,True,,development
data/NEU-CLS/train/train/images/inclusion_62.jpg,inclusion_62.jpg,inclusion,filename_prefix,.jpg,8e0054f0340926877170c7b74183e76334ac73b213e45f8c19cb49f1fa1c0d08,930d1f400100691b6ce5e98b57da5d9e08b6ed2387fa19a55525d5168b9bd9fd,False,,data/NEU-CLS/train/train/images/inclusion_62.jpg,True,,development
data/NEU-CLS/train/train/images/inclusion_63.jpg,inclusion_63.jpg,inclusion,filename_prefix,.jpg,549aa383a27d057e88120683adf0ebdf912a22ec26ed52a383fdda64f8685764,e2d13ea29996356f3dee09fed7fd581b0f493198833ad42933835e940b3b463d,False,,data/NEU-CLS/train/train/images/inclusion_63.jpg,True,,test
data/NEU-CLS/train/train/images/inclusion_64.jpg,inclusion_64.jpg,inclusion,filename_prefix,.jpg,08a995fddf11e95c56b6db06ccb6c36dd2f2340dc0edac8544d6c5354efae52d,23b96196560466623194ce829583d308515b2e97f4e8bd1a59e3bc41ee078277,False,,data/NEU-CLS/train/train/images/inclusion_64.jpg,True,,development
data/NEU-CLS/train/train/images/inclusion_65.jpg,inclusion_65.jpg,inclusion,filename_prefix,.jpg,e59317cb276342730a6b07328219fc8b8461fa62d53afca6f921d0c5787651d4,78353bcd5e2fd52f3785497a78dfcc07e9ad570735334836bd099b5f638acb54,False,,data/NEU-CLS/train/train/images/inclusion_65.jpg,True,,development
data/NEU-CLS/train/train/images/inclusion_66.jpg,inclusion_66.jpg,inclusion,filename_prefix,.jpg,30f324e65df6f93a5b9b59cb5df7af34cc4c05412c685c58d888077606863acf,81501f962b153e864df10280ff657648fa6b0ec764a80e97d7153cec92dbb725,False,,data/NEU-CLS/train/train/images/inclusion_66.jpg,True,,development
data/NEU-CLS/train/train/images/inclusion_67.jpg,inclusion_67.jpg,inclusion,filename_prefix,.jpg,2847607777c2a4e5f9f406cfccfbdd97f4f7c9cbedae33b6c6cb4ec819de9481,1889b279fedd1b1b337f4de78c13a73d94efb7647e67b41bc70698e5814122cc,False,,data/NEU-CLS/train/train/images/inclusion_67.jpg,True,,development
data/NEU-CLS/train/train/images/inclusion_68.jpg,inclusion_68.jpg,inclusion,filename_prefix,.jpg,9e237565781dcb4535fd8213a959ff2a5a57b9303bc3edf504c7651e9a46517f,b610b9be89625fbeee524f743e3eb56b1f8e86d002b98b49cde22cfdf2d87ca3,False,,data/NEU-CLS/train/train/images/inclusion_68.jpg,True,,development
data/NEU-CLS/train/train/images/inclusion_69.jpg,inclusion_69.jpg,inclusion,filename_prefix,.jpg,8ec63b200162284c686649b438a7db5b47b89b092ea52e5bf7e65c733ebe961b,dc515a42832c4ffcf3638f7d4ef5f25319d9fd09a84277abe449246e9e7a5515,False,,data/NEU-CLS/train/train/images/inclusion_69.jpg,True,,development
data/NEU-CLS/train/train/images/inclusion_7.jpg,inclusion_7.jpg,inclusion,filename_prefix,.jpg,267f327e8898fc186132dd385ffdc8a75c954e09c9046c9456629e24c4e7f032,74ed4b1a4a1849698f7dffd1330c72235dc0e3519b6bb233ca85821fd086f929,False,,data/NEU-CLS/train/train/images/inclusion_7.jpg,True,,development
data/NEU-CLS/train/train/images/inclusion_70.jpg,inclusion_70.jpg,inclusion,filename_prefix,.jpg,a4501360a85494ce2d302663c0baed512eb1778dbefaa937e0b7aff440641814,e07b7b0567d1b8333cb3c08fbaa1e893eabec83296e0d381b4f864ca1f1c45ec,False,,data/NEU-CLS/train/train/images/inclusion_70.jpg,True,,development
data/NEU-CLS/train/train/images/inclusion_71.jpg,inclusion_71.jpg,inclusion,filename_prefix,.jpg,7a244787ebbf3a69dd5fc5cff3eb5e176fda798149284e8e58ec4bd00d3cc64c,35ad691c3b9e734001d7b5f950cd0fc46b592bd42a0b417f44f702c0af62d0d3,False,,data/NEU-CLS/train/train/images/inclusion_71.jpg,True,,development
data/NEU-CLS/train/train/images/inclusion_72.jpg,inclusion_72.jpg,inclusion,filename_prefix,.jpg,39da29b48daf4aa2dd6a38bcbf744bf6981004eba96c2494f2e91f73d331807b,f96376d8b26236732faaf7d6aad83f7719a75d747d182cbf1d64dcf41df1050c,False,,data/NEU-CLS/train/train/images/inclusion_72.jpg,True,,development
data/NEU-CLS/train/train/images/inclusion_73.jpg,inclusion_73.jpg,inclusion,filename_prefix,.jpg,3d0b1faa0d49f2eca6d707d0ded89df614aef91c15a8bf301ec0ee6824a312b2,4970897112a622fe0a812d0dda51655521fe05a86a4c8b45c8a30cad63ac4c80,False,,data/NEU-CLS/train/train/images/inclusion_73.jpg,True,,development
data/NEU-CLS/train/train/images/inclusion_74.jpg,inclusion_74.jpg,inclusion,filename_prefix,.jpg,cb58115fe0d97b8a6fdaf3b800a1b8a98f1eaa9b1771f85b2f50454ef828310d,b1cbc99b3020c8fb3092fe71ddcb3f2d1ffba5a29136b5a34f3a6c02573bb173,False,,data/NEU-CLS/train/train/images/inclusion_74.jpg,True,,development
data/NEU-CLS/train/train/images/inclusion_75.jpg,inclusion_75.jpg,inclusion,filename_prefix,.jpg,a98b7c77c5cb906f24bc2e49e485895dde8d93b8424b0ba9a2934f0f44491f8f,71b8c76397a10640849afd914af02fc11b2ffe7fb9ca4442aeba0780cc8128cc,False,,data/NEU-CLS/train/train/images/inclusion_75.jpg,True,,development
data/NEU-CLS/train/train/images/inclusion_76.jpg,inclusion_76.jpg,inclusion,filename_prefix,.jpg,e17afff1b887a22390e1f348be5bec04655313549a76cbbae5bebb06a8d79fba,1e97d19c69218d6ed3e2954f8b803e679a860f4f0028bab93f36d0efd05a9fdd,False,,data/NEU-CLS/train/train/images/inclusion_76.jpg,True,,development
data/NEU-CLS/train/train/images/inclusion_77.jpg,inclusion_77.jpg,inclusion,filename_prefix,.jpg,1a7653ee84dd218bdced6d380aef4d394af046e49a5283e7d82d8fb1d73a973b,701506fbb98d8e91e0cf77b300742082b76e32ff99d8e0b3f359928e3f9d20b4,False,,data/NEU-CLS/train/train/images/inclusion_77.jpg,True,,development
data/NEU-CLS/train/train/images/inclusion_78.jpg,inclusion_78.jpg,inclusion,filename_prefix,.jpg,4b5f5b95bc5c489e8bb75338e700a31d2f9a540638d803878940a2a5effada48,ac131450531f9f8a945f1c1ca9a20a920643af6868009675d325e465db360a07,False,,data/NEU-CLS/train/train/images/inclusion_78.jpg,True,,development
data/NEU-CLS/train/train/images/inclusion_79.jpg,inclusion_79.jpg,inclusion,filename_prefix,.jpg,215300cb10dfde212df06fe9d7588842b2f13d8e9cf1a1857ac4bc46a6480fde,e634d5114eb4502eefae21aa1ae39593cb4f6905b09c7f950398d4cced0f0d0a,False,,data/NEU-CLS/train/train/images/inclusion_79.jpg,True,,development
data/NEU-CLS/train/train/images/inclusion_8.jpg,inclusion_8.jpg,inclusion,filename_prefix,.jpg,f31ffb71c6f63d083e12971694a3fad2ca07a457cece221b681c665a0f4ce44c,67cd171ef9c5d77e996b70977ac8a2eb27ce3b5e0c468c264df94c9928e7c5c8,False,,data/NEU-CLS/train/train/images/inclusion_8.jpg,True,,development
data/NEU-CLS/train/train/images/inclusion_80.jpg,inclusion_80.jpg,inclusion,filename_prefix,.jpg,064fecb66f3a7262a587a42d57b7d10cfd4ae48efd738cae62766b7225f9effa,13a499ce1c702c1cef0419df643c0a7bc32cf6fd7295c5aff3a361a9257d8169,False,,data/NEU-CLS/train/train/images/inclusion_80.jpg,True,,development
data/NEU-CLS/train/train/images/inclusion_81.jpg,inclusion_81.jpg,inclusion,filename_prefix,.jpg,72c30eecc2beb38a31b41b25ca26c8e380924d2036bda0bf5b6d5f99f5cbb967,da908f1df26b489b7e66d0c45f53378a78673706bf214eadff483cda716fb842,False,,data/NEU-CLS/train/train/images/inclusion_81.jpg,True,,development
data/NEU-CLS/train/train/images/inclusion_82.jpg,inclusion_82.jpg,inclusion,filename_prefix,.jpg,c392db16cf6ba4967cde4e61b1f02d64d396b09c4d4a11784fddf940c0a41743,1be921a53091c6d7dfb9d3fba336b4606250adc6dcbef4a16e8a9904bafd851a,False,,data/NEU-CLS/train/train/images/inclusion_82.jpg,True,,test
data/NEU-CLS/train/train/images/inclusion_83.jpg,inclusion_83.jpg,inclusion,filename_prefix,.jpg,39ec6bf215bf2a37f3b91bb2316bdfe85ac3728d507056f81fdbf943dc91fb7e,d6d17f83355204b404919453b5f8ad1f0ca7c57ca185681dc4973150e43466c4,False,,data/NEU-CLS/train/train/images/inclusion_83.jpg,True,,development
data/NEU-CLS/train/train/images/inclusion_84.jpg,inclusion_84.jpg,inclusion,filename_prefix,.jpg,99d400c5192164cf65246de5d2c91e54e6a5312655288503487946d573efa0a0,4efa521fcc581448a8307bd253905a9bd99f1a481328c9230460a7403dd71551,False,,data/NEU-CLS/train/train/images/inclusion_84.jpg,True,,development
data/NEU-CLS/train/train/images/inclusion_85.jpg,inclusion_85.jpg,inclusion,filename_prefix,.jpg,c4fae55bfccaab43a3abf47d43f6fbc70c564c90430ec5e9754621082b43429a,7e4499ea5edc1cfe5efaf63215dda2f398cee3a96a2582e9f816d741b815c53c,False,,data/NEU-CLS/train/train/images/inclusion_85.jpg,True,,development
data/NEU-CLS/train/train/images/inclusion_86.jpg,inclusion_86.jpg,inclusion,filename_prefix,.jpg,f85cf375f7bdb7c8e448f8ee1515507a4b13336f1a5cdf455b9a3d769c6c4d04,dc7c96c09f0c6fa4a2ddbb0c0d728adaa81274192166b51aaace93ef174595c5,False,,data/NEU-CLS/train/train/images/inclusion_86.jpg,True,,development
data/NEU-CLS/train/train/images/inclusion_87.jpg,inclusion_87.jpg,inclusion,filename_prefix,.jpg,5a168b205040383a97855ecd837708b184ebd83dddf1dff0ef30c4c39c96e55a,500ed34fab52278d24dadb83cdc154c5f11862192de93a4532315bcd68c6bf66,False,,data/NEU-CLS/train/train/images/inclusion_87.jpg,True,,test
data/NEU-CLS/train/train/images/inclusion_88.jpg,inclusion_88.jpg,inclusion,filename_prefix,.jpg,6c88492f949b2bcc2dc1ebc282bcafb272b5fa892c236e606ba9bcd6b95319ad,6cdd7de0baebfef1e933f71f23366bf3cbc2059acd14fdeb6d9e0425ffeddfbf,False,,data/NEU-CLS/train/train/images/inclusion_88.jpg,True,,test
data/NEU-CLS/train/train/images/inclusion_89.jpg,inclusion_89.jpg,inclusion,filename_prefix,.jpg,832126474eb86a0afb051ed85288fd51e00dcc7c094498787d2736519150c334,b793bfb0860ad86018a7b8720c051fa728f90c61eba6796938747ade77bdeb95,False,,data/NEU-CLS/train/train/images/inclusion_89.jpg,True,,test
data/NEU-CLS/train/train/images/inclusion_9.jpg,inclusion_9.jpg,inclusion,filename_prefix,.jpg,20c34b61ab678832629c6ee8bce155710e520bbbe1435aeb138ea91c9ab6ab22,318fda47951e23a34d881bb142cf88c043389eaf8403d58e8467ffa9b1f8f505,False,,data/NEU-CLS/train/train/images/inclusion_9.jpg,True,,development
data/NEU-CLS/train/train/images/inclusion_90.jpg,inclusion_90.jpg,inclusion,filename_prefix,.jpg,421ac2ff62979abd1611571dabdbf69ca673add5f2802c550ef5da347ef4a012,8b8ad5a39f164abea58893fa1baa204173a37dc4b3641df8dd55ffb44cb7594e,False,,data/NEU-CLS/train/train/images/inclusion_90.jpg,True,,test
data/NEU-CLS/train/train/images/inclusion_91.jpg,inclusion_91.jpg,inclusion,filename_prefix,.jpg,1610fec2851ec5993a9f543d61afd553e94cdd3a98ef851790984a6e5aaf799c,83ced18c1e5f4b7970d87fffd57077b443eea043c9a399d53d78b616e1b63b98,False,,data/NEU-CLS/train/train/images/inclusion_91.jpg,True,,development
data/NEU-CLS/train/train/images/inclusion_92.jpg,inclusion_92.jpg,inclusion,filename_prefix,.jpg,1d15666484061bd44fbec995ac395b12dcfd345f977dc066bf9f4cf3ef4db3c1,e1cd9b51026a8784f89a1895cf1d92b24757fe02c5b433c7a30702493623dd0f,False,,data/NEU-CLS/train/train/images/inclusion_92.jpg,True,,development
data/NEU-CLS/train/train/images/inclusion_93.jpg,inclusion_93.jpg,inclusion,filename_prefix,.jpg,448b313e89c52ae512117e2b3d522264d51b6f5d487e5b0d1f60bd8fd0fe2ea8,8068ae08e45393826ff92b79e4828e771e636b3a394f7d0253726bd0a64b624f,False,,data/NEU-CLS/train/train/images/inclusion_93.jpg,True,,development
data/NEU-CLS/train/train/images/inclusion_94.jpg,inclusion_94.jpg,inclusion,filename_prefix,.jpg,0e10df466f922c4d03d7aac46b83afcb99f1198f6775be9eda4223e65a142c9e,013405f960dd996f38c34254e0293d76d0995e4206a9309eb23a6549001eeeea,False,,data/NEU-CLS/train/train/images/inclusion_94.jpg,True,,development
data/NEU-CLS/train/train/images/inclusion_95.jpg,inclusion_95.jpg,inclusion,filename_prefix,.jpg,17cda79fc127b80d5d4649103b8debeac0a0b6603fa61da5bcb6ea1a4b696415,df9183cc6efd9fdabdb23f1844f2385685cef27e3a01639ffdbd9d4faa6af952,False,,data/NEU-CLS/train/train/images/inclusion_95.jpg,True,,development
data/NEU-CLS/train/train/images/inclusion_96.jpg,inclusion_96.jpg,inclusion,filename_prefix,.jpg,c084ace8c2a494cd70ee68a90facb0676d4cf340584204f9d9867380c5e1fd37,3b3faae95589b1369ed74c873ea373dbb656d4de05cbb7e3a501d6848a0da1a2,False,,data/NEU-CLS/train/train/images/inclusion_96.jpg,True,,development
data/NEU-CLS/train/train/images/inclusion_97.jpg,inclusion_97.jpg,inclusion,filename_prefix,.jpg,6d4ac443d14c9f7481edc7da94be06b9dda1b43c05dfe036d218d920f3debc41,559f5b13f6cf6a11cbca723e726470536e9dc1b2827a82713e3bbd2be441052e,False,,data/NEU-CLS/train/train/images/inclusion_97.jpg,True,,development
data/NEU-CLS/train/train/images/inclusion_98.jpg,inclusion_98.jpg,inclusion,filename_prefix,.jpg,4b5f7c03e5a26c7390067318e8ab9131d0171048190ae7913b1af3d81d58d3d1,16d3de931db7c0d6a2ed50b5b14960476fc30b485cdf3a240dc38b1113fea701,False,,data/NEU-CLS/train/train/images/inclusion_98.jpg,True,,development
data/NEU-CLS/train/train/images/inclusion_99.jpg,inclusion_99.jpg,inclusion,filename_prefix,.jpg,671e5f187e7db6b692b2b812ffad0cda7b22d61e008f12cdaf2ca45a099c77ff,eb2951cd69362bf1bcedf9c91f0956282785b68bfb539409803557e303420a1c,False,,data/NEU-CLS/train/train/images/inclusion_99.jpg,True,,development
data/NEU-CLS/train/train/images/patches_10.jpg,patches_10.jpg,patches,filename_prefix,.jpg,0bce06415796cabe1187dd00329893d46ea1f71f07f5c795b16a4629ce71249c,aacbe635ff6184bbfc20183c930ba552a1ad2e4fd182d1cd0355510af6c5cbba,False,,data/NEU-CLS/train/train/images/patches_10.jpg,True,,test
data/NEU-CLS/train/train/images/patches_100.jpg,patches_100.jpg,patches,filename_prefix,.jpg,71b3e853711967d5e74010510cfebe9d2793022986a08d4e6f6b456a3a7d1fcc,4393a28892498e69696dfad022b3eccd9ef56ac51211d7cb2125655433c95adc,False,,data/NEU-CLS/train/train/images/patches_100.jpg,True,,development
data/NEU-CLS/train/train/images/patches_101.jpg,patches_101.jpg,patches,filename_prefix,.jpg,4d2de82731b86cdbc7a66f2a9bfb01074bb4cb65e47bccf06b66470d53857071,0c8e6c64f970b25708f1ebf00872dea6153b9155ba7b505b2a65819eaa1a6192,True,1,data/NEU-CLS/train/train/images/patches_101.jpg,True,,test
data/NEU-CLS/train/train/images/patches_102.jpg,patches_102.jpg,patches,filename_prefix,.jpg,5705722086f38f4ead84fd0d1e8a7aa3df1bf2590bbaed73d4b656d4c6d8e07d,6d47d0cf1b5a34b54fc8e6f292184eb34e263dfb12b16b8a6632b8bb15113a44,False,,data/NEU-CLS/train/train/images/patches_102.jpg,True,,development
data/NEU-CLS/train/train/images/patches_103.jpg,patches_103.jpg,patches,filename_prefix,.jpg,17467d85b47cc880050c304ec54f014801980084b7db8cce7303e2a125368f81,9478d3f2e71ad63cbeb3667ed55aec76346f73c5a8360041da3a60d8fe872b11,False,,data/NEU-CLS/train/train/images/patches_103.jpg,True,,development
data/NEU-CLS/train/train/images/patches_104.jpg,patches_104.jpg,patches,filename_prefix,.jpg,6e501cb64c6075180ec65230eb5d60b98a565532a3c6367efd2bded8f30e8eb3,a046f6700457fbccadfb2d3d30851173217b2c74e927494d6938dd3ff0b3f8b7,False,,data/NEU-CLS/train/train/images/patches_104.jpg,True,,development
data/NEU-CLS/train/train/images/patches_105.jpg,patches_105.jpg,patches,filename_prefix,.jpg,4d2de82731b86cdbc7a66f2a9bfb01074bb4cb65e47bccf06b66470d53857071,0c8e6c64f970b25708f1ebf00872dea6153b9155ba7b505b2a65819eaa1a6192,True,1,data/NEU-CLS/train/train/images/patches_101.jpg,False,redundant exact duplicate excluded,excluded
data/NEU-CLS/train/train/images/patches_106.jpg,patches_106.jpg,patches,filename_prefix,.jpg,ba7f35d15202c401a79ac9e675b178716c86f55b1ae1d945c9ba1ea7162d4e3a,64b4c7b79e20d4d9cf99b1d4713da34b58136958265d2e46c6d5525aa7732d25,False,,data/NEU-CLS/train/train/images/patches_106.jpg,True,,development
data/NEU-CLS/train/train/images/patches_107.jpg,patches_107.jpg,patches,filename_prefix,.jpg,a15c056f9104659fd5cbfd086cf0b82318eb4fd1391938bc28c69600b396a6fd,7d0f39f8251edcd9ff7f2ed781008b03a7daf0ea8962cc8ff5eedb78f940734d,False,,data/NEU-CLS/train/train/images/patches_107.jpg,True,,development
data/NEU-CLS/train/train/images/patches_108.jpg,patches_108.jpg,patches,filename_prefix,.jpg,c3ae0b7be45e7ba18a9f8de098a03076f9e7aedabf9be697bcac139b5013a9cc,ca95cb366cc884bb8c0cc2d942f5fd30f5332c0efc30f8a1412a6a54720d8c97,False,,data/NEU-CLS/train/train/images/patches_108.jpg,True,,development
data/NEU-CLS/train/train/images/patches_109.jpg,patches_109.jpg,patches,filename_prefix,.jpg,425fde38df51d513d0aa0b4c5a1587fefb270a876aee1e8d8d3da37b3ad71a70,1c16fecdbf44d91f91bcb33986f35544d14dfe9dbbbdc06efe362873001331f3,False,,data/NEU-CLS/train/train/images/patches_109.jpg,True,,development
data/NEU-CLS/train/train/images/patches_11.jpg,patches_11.jpg,patches,filename_prefix,.jpg,1cb3c476f073744d7c44ef552384d57344dfddb5fd41ed4609df09b5ae8c3a6e,a3522bc6d0b8450b6b6188f3a56ec2d9b6c4fa408a77e77d2f5064bdcb48a48e,False,,data/NEU-CLS/train/train/images/patches_11.jpg,True,,development
data/NEU-CLS/train/train/images/patches_110.jpg,patches_110.jpg,patches,filename_prefix,.jpg,030250f554661a749b7e832fc5b6a3fc336e94b7e25d5da9ce87ecd50c3b106f,86950f0fb3f7eb4de9ec948f84c45bf797f2aaab4938e4ab88888140ff4e9820,False,,data/NEU-CLS/train/train/images/patches_110.jpg,True,,test
data/NEU-CLS/train/train/images/patches_111.jpg,patches_111.jpg,patches,filename_prefix,.jpg,e928a260968ef82b0767cbb1d3e3115ace8935854db15d712e4b3c49c0c48aec,4c78b5975d2398b0e944a6aa042d2b1f9a7708a21fec5bcea47e95d3c503fd2e,False,,data/NEU-CLS/train/train/images/patches_111.jpg,True,,development
data/NEU-CLS/train/train/images/patches_112.jpg,patches_112.jpg,patches,filename_prefix,.jpg,2e51c9ed34997d6c6d1992a7ee15988a45cf36a0013a67f222f1a9633f2c7219,70bb98b838850953a2657f9f691fd7cf0c056ff00bb27d98922b7dd87560aef8,False,,data/NEU-CLS/train/train/images/patches_112.jpg,True,,test
data/NEU-CLS/train/train/images/patches_113.jpg,patches_113.jpg,patches,filename_prefix,.jpg,96512debedaa44f6fc462336bc99c9eb082da86cdb149331a8880beff8aa60b1,146ad14f86094263f81af95f8f96981f055cf65b72295139dcb061b9272dff25,False,,data/NEU-CLS/train/train/images/patches_113.jpg,True,,development
data/NEU-CLS/train/train/images/patches_114.jpg,patches_114.jpg,patches,filename_prefix,.jpg,69799974db41d6809f6d1cdb01417cc6409ed6dd0b7723ace455ee548df43d05,2d8ccb7d150b93d5272cd4b6fef1c90da497b0637bc7a50efbcd65dede3875b5,False,,data/NEU-CLS/train/train/images/patches_114.jpg,True,,test
data/NEU-CLS/train/train/images/patches_115.jpg,patches_115.jpg,patches,filename_prefix,.jpg,d717a70aeca510536d423aab3e1880179593f24ff9fb1874af4ac4b1e33504eb,03a2a639ac4030b53ac8dc8f37b3a8adbf34ea2e3072996a06cbbb4af7c939f8,False,,data/NEU-CLS/train/train/images/patches_115.jpg,True,,development
data/NEU-CLS/train/train/images/patches_116.jpg,patches_116.jpg,patches,filename_prefix,.jpg,14e65853add379636cb1daceda84748089b203bbc6b9af4bca8ec5e6860a5853,1887234074e34215487e26cb299fe3fd79df553f804300dfe1f0cf848e29b31b,False,,data/NEU-CLS/train/train/images/patches_116.jpg,True,,development
data/NEU-CLS/train/train/images/patches_117.jpg,patches_117.jpg,patches,filename_prefix,.jpg,3ee20e280ec039613a1ce9190d80f6366cef69cc045e53c47dcb788dfab13210,7f13a2c5e32e788ca939712ea40f93452941e3428a9cb7f3db709080cac047d0,False,,data/NEU-CLS/train/train/images/patches_117.jpg,True,,test
data/NEU-CLS/train/train/images/patches_118.jpg,patches_118.jpg,patches,filename_prefix,.jpg,c138ff00ac535bc21ff492590b04a5c9df13bba39bda6f47dd91cb88d980186e,82c5eccfacb46b0a8fea81f59a247d0e4166481bfc5b9b579bc13e45adad9fee,False,,data/NEU-CLS/train/train/images/patches_118.jpg,True,,test
data/NEU-CLS/train/train/images/patches_119.jpg,patches_119.jpg,patches,filename_prefix,.jpg,b996e8bb0019ebd447a9eeb03a7c0af31d36dd38081f02f35172778cdb7134fd,0e882343a68e8ac7d7d7997928eb49a63b37459604603c9ae0fa6ef755bb86f1,False,,data/NEU-CLS/train/train/images/patches_119.jpg,True,,development
data/NEU-CLS/train/train/images/patches_12.jpg,patches_12.jpg,patches,filename_prefix,.jpg,261a55f5fe66d2b3dbb601907e1c455b9c3eac1f271bf5abde92e8891928bfab,d1cdbaf3b041f30556f8beb2a0dc823dbd3549475b5f0e92c5ae65dc84d251fb,False,,data/NEU-CLS/train/train/images/patches_12.jpg,True,,development
data/NEU-CLS/train/train/images/patches_120.jpg,patches_120.jpg,patches,filename_prefix,.jpg,ff83258b9529bc80bb6c6114e052611fa238ff45bdc6715087441529c7ebc2ba,d1a75b3da46ad31e0068c5543bf40d98b4b9a8665310daa12816f3de89c54d3a,False,,data/NEU-CLS/train/train/images/patches_120.jpg,True,,development
data/NEU-CLS/train/train/images/patches_121.jpg,patches_121.jpg,patches,filename_prefix,.jpg,efbaee1c2678ff433374df25f385927a5b106c8ba3ad9e675e3ca7948e9eafab,9d0fd2f84e7945c21a96cca612f57910a1ae3674d40dc20cd3e6af78790a721e,False,,data/NEU-CLS/train/train/images/patches_121.jpg,True,,development
data/NEU-CLS/train/train/images/patches_122.jpg,patches_122.jpg,patches,filename_prefix,.jpg,d2297aedb4dadf11a6d5963cb4b70d26e68a141252a5044eace2aa9bc6d6725a,bc89d831cab6d972ad7fcb570e868eb92604b47a3d29b7fac7a36e60ba568e6b,False,,data/NEU-CLS/train/train/images/patches_122.jpg,True,,development
data/NEU-CLS/train/train/images/patches_123.jpg,patches_123.jpg,patches,filename_prefix,.jpg,f1238c00892079e77ef914d636ab8e9116bfcc92ac12b63783fc0163e72037ec,dff389f20bbc0568bdd8c6270d9a10759fa90b612fa88ac1355557f22518748c,False,,data/NEU-CLS/train/train/images/patches_123.jpg,True,,development
data/NEU-CLS/train/train/images/patches_124.jpg,patches_124.jpg,patches,filename_prefix,.jpg,8e75daa3148fa90158d2a4edfaa9e96b521ba9d07021316a14fce3c112beb91d,feff66a6c6f8da6a0af732ec7ac50b2aa45cd7efbab771c6a9484642cc0b267b,False,,data/NEU-CLS/train/train/images/patches_124.jpg,True,,development
data/NEU-CLS/train/train/images/patches_125.jpg,patches_125.jpg,patches,filename_prefix,.jpg,9701bd8d49cae20363e0c31f68985ea237b9eb02cdad5e1c5d599802e7d102e3,dd2dd3b1920ad2763955c492f0938d43214b13b3d7570c876544198f06f2c876,False,,data/NEU-CLS/train/train/images/patches_125.jpg,True,,development
data/NEU-CLS/train/train/images/patches_126.jpg,patches_126.jpg,patches,filename_prefix,.jpg,03b7774e99ebcf4349bd01a904bbb61d9c89427972bb8a70acc910c6942a41bf,ebc912d9c371070df127ee8ae032fdf747648abf1e7ea26ab6d8ee487f062f25,False,,data/NEU-CLS/train/train/images/patches_126.jpg,True,,development
data/NEU-CLS/train/train/images/patches_127.jpg,patches_127.jpg,patches,filename_prefix,.jpg,e9adce592ef3d885eb5eec4da6264b5008f12540aa5268d407100104c6a6d695,9418819627f721b55e352b816dc140ecc2aa67daaa6fe0aff172f0b84382a9ad,False,,data/NEU-CLS/train/train/images/patches_127.jpg,True,,development
data/NEU-CLS/train/train/images/patches_128.jpg,patches_128.jpg,patches,filename_prefix,.jpg,97ce3a3141e7e881568430940663b53b5fc4829a717ede85aa22034fc9db68b4,8e292129af9b7794e5728faf2491b3448c81d0ed49ed326c39b730d19cd1d484,False,,data/NEU-CLS/train/train/images/patches_128.jpg,True,,development
data/NEU-CLS/train/train/images/patches_129.jpg,patches_129.jpg,patches,filename_prefix,.jpg,3fa248c8bf726361accefdae301ee11602d1ef0489e414cde5b711a991927bcd,a9e3729d34eecc5ed0954e23031325bf4dd64072074a5852b669304f666ae342,False,,data/NEU-CLS/train/train/images/patches_129.jpg,True,,development
data/NEU-CLS/train/train/images/patches_13.jpg,patches_13.jpg,patches,filename_prefix,.jpg,58cdb77cc09feab192ebdefd3b3ba6dca322cf73e907f02ab301306a3f671e44,7ff71e974c569af9e5d6e02447154ee3f85879ba20fe3e5a02f174330d0f50d1,False,,data/NEU-CLS/train/train/images/patches_13.jpg,True,,development
data/NEU-CLS/train/train/images/patches_130.jpg,patches_130.jpg,patches,filename_prefix,.jpg,8253ad2fc03f6a9eb468759ad0aef69cb9a7925be41c160fd65b9355c3b69adf,158336c127d8e99979d19343a253e79d51a8f35ba4b46b53c25f3e2556cd193f,False,,data/NEU-CLS/train/train/images/patches_130.jpg,True,,development
data/NEU-CLS/train/train/images/patches_131.jpg,patches_131.jpg,patches,filename_prefix,.jpg,6c4bb69ad9a47caef8712455c5b63b6a4096b1134e5d5898f09cf1a482d14dc6,2be6d83f9654d5be77a8b8d642eadd161a9c94f793ca33e4398e93e45861a6d7,False,,data/NEU-CLS/train/train/images/patches_131.jpg,True,,development
data/NEU-CLS/train/train/images/patches_132.jpg,patches_132.jpg,patches,filename_prefix,.jpg,f9e12ac424ba0e9d72834084fbfaa1a746b0ce109ac3fe28fde658008aa33b78,2b0f4c8430d086ec4170def9394d6ab95e7208ecefeb9c2b630f79eb1fe01121,False,,data/NEU-CLS/train/train/images/patches_132.jpg,True,,development
data/NEU-CLS/train/train/images/patches_133.jpg,patches_133.jpg,patches,filename_prefix,.jpg,b2da2199a39655b0a56bbb4aef03f0b1e26ae8a6fd699399c3017899e546f68f,7dec134a1a14016df88bb4afd7d0e51d2d56b034c320dffdef32babd5019f9f1,False,,data/NEU-CLS/train/train/images/patches_133.jpg,True,,development
data/NEU-CLS/train/train/images/patches_134.jpg,patches_134.jpg,patches,filename_prefix,.jpg,608d8747650080d180c34c1f5ec90b4c593d9c22c46796c90df03b504d3dc485,c409f4e7305009d29e3b3f679864295f82fb65f894cde437fa9c625ac9e4d966,False,,data/NEU-CLS/train/train/images/patches_134.jpg,True,,development
data/NEU-CLS/train/train/images/patches_135.jpg,patches_135.jpg,patches,filename_prefix,.jpg,0d29b05f6ed3fff32332f948e29f439851afd6d27dc713b2785538cd12f69b8a,7fe585980649573d3aa9ff6a67c994620b4c06da04ed0d1d9de84b168ddbe88f,False,,data/NEU-CLS/train/train/images/patches_135.jpg,True,,test
data/NEU-CLS/train/train/images/patches_136.jpg,patches_136.jpg,patches,filename_prefix,.jpg,6f92bad92f5ed2e838d27f3ee181301b0125f215eb9bcc856abec4e79973cd44,d9d59a26663eaf199f187d2cc43614a48b9bb0594dcb27cef607bce49241ab30,False,,data/NEU-CLS/train/train/images/patches_136.jpg,True,,development
data/NEU-CLS/train/train/images/patches_137.jpg,patches_137.jpg,patches,filename_prefix,.jpg,82fb6d832a93ab370a235ad1da788e4c00e869995829f368f4d58225d416b365,212cee6b54412d979ab59432f9b1fadda654e0443fe3f46c077e742c96a8fdfd,False,,data/NEU-CLS/train/train/images/patches_137.jpg,True,,development
data/NEU-CLS/train/train/images/patches_138.jpg,patches_138.jpg,patches,filename_prefix,.jpg,74330d6f6ea62facd45209ab8ae61bc1d41b87dd69a03e810ff7991757048231,73d72d0ba3fc698aa97747657b9b0623c15ef43d3919974b8d38bc3583794e04,False,,data/NEU-CLS/train/train/images/patches_138.jpg,True,,development
data/NEU-CLS/train/train/images/patches_139.jpg,patches_139.jpg,patches,filename_prefix,.jpg,91906ca766ab2d87b9d96983d688d067d627d70cb0feb0a951833df4f7c2a61f,1647c8a23bbcfeb86f6cb04bb217274d7a21f88f42a84f2c2b244605c8734ab5,False,,data/NEU-CLS/train/train/images/patches_139.jpg,True,,development
data/NEU-CLS/train/train/images/patches_14.jpg,patches_14.jpg,patches,filename_prefix,.jpg,1417658bcd2219ee87f67881268f12d96951db240e26b357a7c0a1905b969d45,72d917fd9591bb118b1a910a6c1e3900373bdbfe60e791e4be1c79d0787646d4,False,,data/NEU-CLS/train/train/images/patches_14.jpg,True,,test
data/NEU-CLS/train/train/images/patches_140.jpg,patches_140.jpg,patches,filename_prefix,.jpg,9232201956ead5b82110289d25fe4d0964b9d9cc0d62b1c75fa72da1d5755730,ec4f02e38db5dcf8950868f63f768d6ae0b87167c2477ed690e54521959919d4,False,,data/NEU-CLS/train/train/images/patches_140.jpg,True,,development
data/NEU-CLS/train/train/images/patches_141.jpg,patches_141.jpg,patches,filename_prefix,.jpg,9c6d455aee8bb4dd474750ba5e8b862e978e82bad024de6b2b5849cd3b4883b1,ef0fa89e7bf322adbc01c0700800edfca998c06a564138b0e964e99f4a951384,False,,data/NEU-CLS/train/train/images/patches_141.jpg,True,,development
data/NEU-CLS/train/train/images/patches_142.jpg,patches_142.jpg,patches,filename_prefix,.jpg,07108895b311000a2e6f221bb5fadcde41d8908f9442a557372a7a6e147e78ec,e5fcb03427b51b70de89b716f4451ea4706efa3e99289c1578f92c6cd62f4922,False,,data/NEU-CLS/train/train/images/patches_142.jpg,True,,test
data/NEU-CLS/train/train/images/patches_143.jpg,patches_143.jpg,patches,filename_prefix,.jpg,214303d47c642dfa9f4f85cd3e166709381120ae46e7ef47c5a7b0571daa713a,43f630ca34968d93f492ab084d7a202075e4b83cdf712516cd03de8804661d83,False,,data/NEU-CLS/train/train/images/patches_143.jpg,True,,development
data/NEU-CLS/train/train/images/patches_144.jpg,patches_144.jpg,patches,filename_prefix,.jpg,a9d39b0ac5c7dea33ab007660ee75de56cd14e26f7eac49690fd72dc6419b02d,548d136444fa31f7a68ca0878f4646844b393498497f74b3eaf827e0a94d81e2,False,,data/NEU-CLS/train/train/images/patches_144.jpg,True,,development
data/NEU-CLS/train/train/images/patches_145.jpg,patches_145.jpg,patches,filename_prefix,.jpg,6fb38c29252478274769ad1377696796b812be1ea4e32b5335f9680ce823feb7,ca52ac35b05a45091761b4a28397a07dd744aad7592c8c9dd1fef1967d0ce019,False,,data/NEU-CLS/train/train/images/patches_145.jpg,True,,development
data/NEU-CLS/train/train/images/patches_146.jpg,patches_146.jpg,patches,filename_prefix,.jpg,68a75502eb09f2fce11bafa903976e6ebd301cf882c9fec5d17b14f8a2f99778,b28e8b2cb5716d0ca531c28168739f9f50257b8e5862228066e6ecf8d66d7c9a,False,,data/NEU-CLS/train/train/images/patches_146.jpg,True,,development
data/NEU-CLS/train/train/images/patches_147.jpg,patches_147.jpg,patches,filename_prefix,.jpg,3e8572520292a452158735853befe42a089db883b04a173ae5434adffca05bfb,e576d7ba853ae772a1a9d6d8e9562cc06aac3827fb7a238b3916afae8b79d401,False,,data/NEU-CLS/train/train/images/patches_147.jpg,True,,development
data/NEU-CLS/train/train/images/patches_148.jpg,patches_148.jpg,patches,filename_prefix,.jpg,636b01e783962322125e76a6dba37f396899268e68109a1f667443058da6d3b7,a5456c7dbad259f7e6cd9da7bd35f42f763179977a1e2c5f668e731e25c568e0,False,,data/NEU-CLS/train/train/images/patches_148.jpg,True,,development
data/NEU-CLS/train/train/images/patches_149.jpg,patches_149.jpg,patches,filename_prefix,.jpg,1cea8bc35e67216b1c1343e3231418c52c05dd7b370bdab3e79d3e67d0135090,68d0c4a0d9ab50b0a3a7e3e89b5a2248b21fca4367abb8b0ddd47c3361aa3717,False,,data/NEU-CLS/train/train/images/patches_149.jpg,True,,test
data/NEU-CLS/train/train/images/patches_15.jpg,patches_15.jpg,patches,filename_prefix,.jpg,3757b1e2dcdf1b980cadc5732dda2265a2ef7605321a1da6cdcd7b702e57450e,27f8606d86e20858cba731036f5932508e755ad616d21b7dd64968b82254c481,False,,data/NEU-CLS/train/train/images/patches_15.jpg,True,,development
data/NEU-CLS/train/train/images/patches_150.jpg,patches_150.jpg,patches,filename_prefix,.jpg,4056930ab385cf2283b3434af3b07bceb143d0b8915c0e2a7b6d0d2013ccb35a,b7e846b359262242485edc4a02b1115053fa5c29e4bc70adb75e7769fc684600,False,,data/NEU-CLS/train/train/images/patches_150.jpg,True,,development
data/NEU-CLS/train/train/images/patches_151.jpg,patches_151.jpg,patches,filename_prefix,.jpg,d97b9899a36deefd9754c2874b026b3f30233cf3a69ca94f021622527585107e,dd5dbd61b09e4446947a9a89c374089a1aa8c552c158e3a298476ab05eb3d9ca,False,,data/NEU-CLS/train/train/images/patches_151.jpg,True,,development
data/NEU-CLS/train/train/images/patches_152.jpg,patches_152.jpg,patches,filename_prefix,.jpg,d2f30341e0189fdd3c47b4ef3b94b381fcc9d43f4b3b4efb3df1722a203db58e,32249625404c64b166f7bce7e214fbee1c6af8fa9c5bdace06783c2db4e9451b,False,,data/NEU-CLS/train/train/images/patches_152.jpg,True,,test
data/NEU-CLS/train/train/images/patches_153.jpg,patches_153.jpg,patches,filename_prefix,.jpg,0d25cee992679e08246be6763ef5cc97be495c201c3a16013f077484d3e2b836,1b204ab0c9ec327191a02787a5647903d407a2f7444a2d4411adca9a67aaa640,False,,data/NEU-CLS/train/train/images/patches_153.jpg,True,,development
data/NEU-CLS/train/train/images/patches_154.jpg,patches_154.jpg,patches,filename_prefix,.jpg,6d1d6467b07e33d7d826dadbf27bcc6a428f65a9f116ad9b8f5464cf517d4331,676a62bdb528ed25d4b87e3581c9797711e5393061c90ac27327dbfdf7c95e8e,False,,data/NEU-CLS/train/train/images/patches_154.jpg,True,,development
data/NEU-CLS/train/train/images/patches_155.jpg,patches_155.jpg,patches,filename_prefix,.jpg,b87f28bf0895ebcb1273e5d707c40243f1fcdb132ed63eabca253e1c67ae34d7,6650c8acaca74f5b3865ec7cd07eec663e72d5822ff222c02a52398d9460758e,False,,data/NEU-CLS/train/train/images/patches_155.jpg,True,,development
data/NEU-CLS/train/train/images/patches_156.jpg,patches_156.jpg,patches,filename_prefix,.jpg,9961f0ffde85a40516f54262b3fa74eb35cee24fc87a54d4fe8f07b7e7fb2ec2,63a7f05122060c976534b90d12a5fd46081de0c811a24805b06e129f043808a0,False,,data/NEU-CLS/train/train/images/patches_156.jpg,True,,development
data/NEU-CLS/train/train/images/patches_157.jpg,patches_157.jpg,patches,filename_prefix,.jpg,302db455ade32145d76a587ba113c0a82e56311226f313c4b451410b5402c67d,f7e7de2c47f335d0600cb457c18c0062db7edc5d2a6eb17d73e96956efd2d505,False,,data/NEU-CLS/train/train/images/patches_157.jpg,True,,development
data/NEU-CLS/train/train/images/patches_158.jpg,patches_158.jpg,patches,filename_prefix,.jpg,e0c59d0cf887cbed94ec56da824eee7e347ae2a7b10ea3488d833a3058a8a62f,cbc0ea8d25433bf9da8227465d9ccc10e5636bb76617c026f44c329f5de9c470,False,,data/NEU-CLS/train/train/images/patches_158.jpg,True,,development
data/NEU-CLS/train/train/images/patches_159.jpg,patches_159.jpg,patches,filename_prefix,.jpg,caa276f56de3cb2c828f36062786f7f3826fcc14b7d6be57bb1fd43929633415,b0bf8abdbb17979e2c2589fc6a578fb3126adda4904918feacc6f9e1b9e2749a,False,,data/NEU-CLS/train/train/images/patches_159.jpg,True,,development
data/NEU-CLS/train/train/images/patches_16.jpg,patches_16.jpg,patches,filename_prefix,.jpg,745dccd9dde8538337e406c42870463fd31123cc5925d0c13791b48fa22ad8cf,5d0493e6d88b395f81a2104a9b2025ea94b7dea99b7bb96f453282853d21899a,False,,data/NEU-CLS/train/train/images/patches_16.jpg,True,,development
data/NEU-CLS/train/train/images/patches_160.jpg,patches_160.jpg,patches,filename_prefix,.jpg,7163a072ecd14c36764803d154fb8b98684fb56f3bfcbf6fd1d4417aee2ab6e5,932fbe255934de1cb1e2aef0cf8b4ef69c7e26eff6401dca6190f830e568391b,False,,data/NEU-CLS/train/train/images/patches_160.jpg,True,,development
data/NEU-CLS/train/train/images/patches_161.jpg,patches_161.jpg,patches,filename_prefix,.jpg,bd202f91ddd89c3727996d411e6330301df47bfbce8627e909dcf5cd3ab12636,5496ab2d5f28f08becc155ca99a7ac26881604e1c1c752b6f050f01802833eec,False,,data/NEU-CLS/train/train/images/patches_161.jpg,True,,development
data/NEU-CLS/train/train/images/patches_162.jpg,patches_162.jpg,patches,filename_prefix,.jpg,3239ed10b8c553328b57ed770aeb95e389b78e6c4c0ee3154002ba3754115e75,af669a06d483d81c9f29b29b307ae81f0ca25ffa07bb16ff1e733fd4419e8bfd,False,,data/NEU-CLS/train/train/images/patches_162.jpg,True,,development
data/NEU-CLS/train/train/images/patches_163.jpg,patches_163.jpg,patches,filename_prefix,.jpg,58a58110791d4f674b52db9086fc1f0c49ccb0eb6283a90a94a6a32f5ac87b1b,b7dc562a565c8032da486c0aa405ec0018abcc8b26b52f2b6510a1138c14e19e,False,,data/NEU-CLS/train/train/images/patches_163.jpg,True,,test
data/NEU-CLS/train/train/images/patches_164.jpg,patches_164.jpg,patches,filename_prefix,.jpg,87c1b46a01c796c71030ee72ca51ae732fb2e4e8a39117e483e5b42fa55a9b8e,e48cf44eb2ffe82f21fe5f9d63edb7e4a4ef56be9679fe49f3950c1a1a44f05c,False,,data/NEU-CLS/train/train/images/patches_164.jpg,True,,development
data/NEU-CLS/train/train/images/patches_165.jpg,patches_165.jpg,patches,filename_prefix,.jpg,320921e15b7b47236fb08cb0244b81b326a66cd3e79d0fc4459b98a30f38f3cc,ca5d75fe61b3356fd2a9aa01b479901b0bdc739a6b6128cb234c425ba311c0a3,False,,data/NEU-CLS/train/train/images/patches_165.jpg,True,,development
data/NEU-CLS/train/train/images/patches_166.jpg,patches_166.jpg,patches,filename_prefix,.jpg,49869b28925cfe2db006ab2784edeb1a817ed11bc7f11763b8c3d5227d059b30,53f2611702af3c4ed2c34356433727e87adc6aa706d6ca40f086add5184d8649,False,,data/NEU-CLS/train/train/images/patches_166.jpg,True,,development
data/NEU-CLS/train/train/images/patches_167.jpg,patches_167.jpg,patches,filename_prefix,.jpg,631d3384882fbb9935daa7032092688d3bc9d716c12175bc59e2c5767289a205,7d4ceeb41cadb10d37d25b67fee1c4be6d526cba792711850ca940832753da5d,False,,data/NEU-CLS/train/train/images/patches_167.jpg,True,,test
data/NEU-CLS/train/train/images/patches_168.jpg,patches_168.jpg,patches,filename_prefix,.jpg,11551ae1e03110fd3c21ff836b7da31727ac9c53d146735e61854d12850484ba,77d9a8adbb3c8ede9b178d632d8b4bde6aaa741355871bd0739235b925d938de,False,,data/NEU-CLS/train/train/images/patches_168.jpg,True,,development
data/NEU-CLS/train/train/images/patches_169.jpg,patches_169.jpg,patches,filename_prefix,.jpg,6f4636871b1447810cccee23d7c432d19595069555d9c5af2940a987e6223d78,5a27b677694fdd4f6d7e60934ea2760dc0d97f0123095776afd80c3a6d5da848,False,,data/NEU-CLS/train/train/images/patches_169.jpg,True,,development
data/NEU-CLS/train/train/images/patches_17.jpg,patches_17.jpg,patches,filename_prefix,.jpg,5321e25088da9adf11b3455da3a3435ab7a81a5302c46fdb987f6521e65f4f07,2694ea335c105ad656db6b628896b413571ee27111434e3769294e07d310fc57,False,,data/NEU-CLS/train/train/images/patches_17.jpg,True,,development
data/NEU-CLS/train/train/images/patches_170.jpg,patches_170.jpg,patches,filename_prefix,.jpg,15a49a3f74f4cb2dfdd291069afff4a4ce5fef99ee2f83f4bdfa5ec828d6d8e7,7cb2b473ed6182154ff5f7cda0341c8b55d43a42f45addd0a89693f3d5824d1a,False,,data/NEU-CLS/train/train/images/patches_170.jpg,True,,development
data/NEU-CLS/train/train/images/patches_171.jpg,patches_171.jpg,patches,filename_prefix,.jpg,e741626eb4750d162a040183755e1403e1ba9af7bc1e93a3f528ba4be929cd11,487e42804d1ddbae67124eeb3b886b53dc382fb22bebe7d18436982a06cf8a31,False,,data/NEU-CLS/train/train/images/patches_171.jpg,True,,development
data/NEU-CLS/train/train/images/patches_172.jpg,patches_172.jpg,patches,filename_prefix,.jpg,1cb7032729d52c8d051f73c6be8ad61c3e8a4599f37b554fd43d7652cdb94d4d,32020c77c0a8f891f74dae551b0be64eed1e50da74cff12ddf348a1b56442fb3,False,,data/NEU-CLS/train/train/images/patches_172.jpg,True,,test
data/NEU-CLS/train/train/images/patches_173.jpg,patches_173.jpg,patches,filename_prefix,.jpg,5cfabcb4e299b09666c2ddd5e586c9f5705fb8c1fb9b628473465722d42cfd43,0a07dd5b3f58eee5b2347364881f11f17e35dec951b9c3904e9ae7b8ae78855d,False,,data/NEU-CLS/train/train/images/patches_173.jpg,True,,development
data/NEU-CLS/train/train/images/patches_174.jpg,patches_174.jpg,patches,filename_prefix,.jpg,58a7540a7be07aebcd8a5a96f9f58bc4322141ab414487160c8b78127093fecf,e467b942935eca54ce02551c8692f9e995eaa6e18d447cc0d84957366676810b,False,,data/NEU-CLS/train/train/images/patches_174.jpg,True,,development
data/NEU-CLS/train/train/images/patches_175.jpg,patches_175.jpg,patches,filename_prefix,.jpg,a531077af118c640daf5c1897d90d194ca9e594de8e21ba19d45254f2ea3e37c,e3530caecf250c30f2a5be1768b8d3c8f5c7f43a5ea0cdb862c6f78c5fec15f6,False,,data/NEU-CLS/train/train/images/patches_175.jpg,True,,development
data/NEU-CLS/train/train/images/patches_176.jpg,patches_176.jpg,patches,filename_prefix,.jpg,6e86fd9aa036ece2f4827477eb4f06973189e59aa1bbd67644dde85ae51cf17f,bd6ae2644fc5ae05db34aeda103e1e252143b40cada0246ab526da3968447d5e,False,,data/NEU-CLS/train/train/images/patches_176.jpg,True,,development
data/NEU-CLS/train/train/images/patches_177.jpg,patches_177.jpg,patches,filename_prefix,.jpg,8296704a80a15a59e806394db76485fbaf9160ac55f745dcda03da054edb1bb7,7dad3613b3e229f6a02f1e5fb7f84950baab515dafc905bd3c397a0e02cb227e,False,,data/NEU-CLS/train/train/images/patches_177.jpg,True,,development
data/NEU-CLS/train/train/images/patches_178.jpg,patches_178.jpg,patches,filename_prefix,.jpg,81c0eddd3ff44319baf7b1747aa0f4a6761763810fd8b6059137bd3eabfb0f08,9a07f5e54f9c59874859819e0cb49d0eced28e1dec8d59bc09342c9d152c30d7,False,,data/NEU-CLS/train/train/images/patches_178.jpg,True,,development
data/NEU-CLS/train/train/images/patches_179.jpg,patches_179.jpg,patches,filename_prefix,.jpg,c960357bb6f0c3f85b124fbf91f5a53acc730cad0a86b39bc531024bf51fb8ce,dd86786c4a4d4155a8ea1dd42cfc8e2b923198becaca9608f94763759f136b6a,False,,data/NEU-CLS/train/train/images/patches_179.jpg,True,,development
data/NEU-CLS/train/train/images/patches_18.jpg,patches_18.jpg,patches,filename_prefix,.jpg,58b730ff89fd4558ab7dcfa5686d3c9f6da0bb6428dde3c6e941c826211ca711,6144a9b408894478355126ceeb32bde7cd3bb0ecd9e02fa21060714525879e1a,False,,data/NEU-CLS/train/train/images/patches_18.jpg,True,,development
data/NEU-CLS/train/train/images/patches_180.jpg,patches_180.jpg,patches,filename_prefix,.jpg,11ee2ca3f59b50c11feee7fa223814abe34e7977c6a1183fd42062e95af522e1,1b416f4f271adfa2bb24223a2d6b50323ab05a09f2d891b561dc51b22550c0fd,False,,data/NEU-CLS/train/train/images/patches_180.jpg,True,,development
data/NEU-CLS/train/train/images/patches_181.jpg,patches_181.jpg,patches,filename_prefix,.jpg,fcebed354c17ff4339ab57196c75f7e7d12c77f03a38f0819e22aa2656083634,1a80dbfbde13cb0b0ff0be16a1307517c9fa4aee1bf5971fcd66273332b8a61a,False,,data/NEU-CLS/train/train/images/patches_181.jpg,True,,development
data/NEU-CLS/train/train/images/patches_182.jpg,patches_182.jpg,patches,filename_prefix,.jpg,4495fb8e282aa3a7dd211f72aaadf61b96e79ee9190d2d951630410decccc39f,c8efba5217af15a3592bf38925f662e14e740ef27f3959bd5aec6d1a2ec4b3d2,False,,data/NEU-CLS/train/train/images/patches_182.jpg,True,,test
data/NEU-CLS/train/train/images/patches_183.jpg,patches_183.jpg,patches,filename_prefix,.jpg,334b6e74e2b54a6fec042f33d78615e89ab4212d5c6cd83ba808529eb85a5cda,cc8d3d783003e069d031ccffb2514b19791c187ef0ff18566ebb120db344de5f,False,,data/NEU-CLS/train/train/images/patches_183.jpg,True,,development
data/NEU-CLS/train/train/images/patches_184.jpg,patches_184.jpg,patches,filename_prefix,.jpg,b08da27dbdb393b157c42e014b712358edfcc210a17b78e8b993ed0e6186f1fd,1f91c28daf373e86731397348d8ca8282b55f39ba0d61de1c532d77dfb79d28b,False,,data/NEU-CLS/train/train/images/patches_184.jpg,True,,development
data/NEU-CLS/train/train/images/patches_185.jpg,patches_185.jpg,patches,filename_prefix,.jpg,fa83293ba81f4aae52ff4e395c98d6aa81596624f19c2f4539d9d8e3493bae1b,ad550e59dcae744c74d24bc8722bc2e329b77b66abbec9988290a0012293a773,False,,data/NEU-CLS/train/train/images/patches_185.jpg,True,,development
data/NEU-CLS/train/train/images/patches_186.jpg,patches_186.jpg,patches,filename_prefix,.jpg,e4be79405f21c621732e4317499f0efa703e78c84f2ff3b597031181e8c72216,ce1e9959ea10cf6f292578de693d01bbdd1d36c64654ed6e4d32ea4863e3dfaf,False,,data/NEU-CLS/train/train/images/patches_186.jpg,True,,development
data/NEU-CLS/train/train/images/patches_187.jpg,patches_187.jpg,patches,filename_prefix,.jpg,da4406453e637084645096a60120392739e6b2057d6db8b5820cdaf301b19d0a,a66fbca5255131197b94f4febeef471d20f74c01bb311999ca9996a6f5689d46,False,,data/NEU-CLS/train/train/images/patches_187.jpg,True,,development
data/NEU-CLS/train/train/images/patches_188.jpg,patches_188.jpg,patches,filename_prefix,.jpg,8909063db7f0d72cf2c014a73e164b97eeca2b42c6276867b853cf5a51dba8fb,f8f219f85554df05467726f59149dd35a31f658e93952f85b1e41b48d2a2cdb9,False,,data/NEU-CLS/train/train/images/patches_188.jpg,True,,development
data/NEU-CLS/train/train/images/patches_189.jpg,patches_189.jpg,patches,filename_prefix,.jpg,12d65f261844bc8d215a9091d6452c88654faf6d36e9e8203a5c07a0c0b24296,5c908f0a7a45dc36703f1d2fda33e678f313404387aa90bee59fe824037324e8,False,,data/NEU-CLS/train/train/images/patches_189.jpg,True,,development
data/NEU-CLS/train/train/images/patches_19.jpg,patches_19.jpg,patches,filename_prefix,.jpg,9fddc984d5c02565fd12b248572bed264d11f810f51c15cc071272837db29ed4,aabcd93a89d922d2ea7cf38c62d5abaffc1392867a0b513f9df576b7e2361d7f,False,,data/NEU-CLS/train/train/images/patches_19.jpg,True,,development
data/NEU-CLS/train/train/images/patches_190.jpg,patches_190.jpg,patches,filename_prefix,.jpg,8c96de37135dee7e58a35bd60a623262817fc4e0e9c00d80846546a751f77dcb,ebb208bf17864cfbdcc91989a96b3b6c77b51f91f167cb05349e9aab51328ad9,False,,data/NEU-CLS/train/train/images/patches_190.jpg,True,,development
data/NEU-CLS/train/train/images/patches_191.jpg,patches_191.jpg,patches,filename_prefix,.jpg,389fa2692a890ace1610695cf8046dd9886bdcac29fa485c072e26fecf58599f,483f1d0887bbd5e74de793a2e8925c644c3ce2ddc589a9917dfd5f4dfebb5eed,False,,data/NEU-CLS/train/train/images/patches_191.jpg,True,,development
data/NEU-CLS/train/train/images/patches_192.jpg,patches_192.jpg,patches,filename_prefix,.jpg,7140772ba97405dbf146e15a3edd9a0068f2200a76cfffbd22a023462f18e149,c8d07a804a0c417c85054d413665857ecc90736372ba1a906916a4c9e9d0543c,False,,data/NEU-CLS/train/train/images/patches_192.jpg,True,,test
data/NEU-CLS/train/train/images/patches_193.jpg,patches_193.jpg,patches,filename_prefix,.jpg,9fcc65087f61af456d62d8fabea419e6eb99faf1b66f92f532a54dbd5ccc63dc,afd6b440cc6710ec0388e27d18e7de117b027547eacd782e39aa6532eaa958bc,False,,data/NEU-CLS/train/train/images/patches_193.jpg,True,,development
data/NEU-CLS/train/train/images/patches_194.jpg,patches_194.jpg,patches,filename_prefix,.jpg,bdbb493f9ce0d7776902e07437977a0abdfe0481abcee3358c989d744be198be,336c6c0f4bc4a1dddae808773bb84361834f1da11439c3a75c38f0247dbcb972,False,,data/NEU-CLS/train/train/images/patches_194.jpg,True,,development
data/NEU-CLS/train/train/images/patches_195.jpg,patches_195.jpg,patches,filename_prefix,.jpg,016b5b6f235e54cdd6dca76d0d03087e5d25da7e36c018ff1dfa240c4b8fabc2,4b57c37ef9152fe0887f842c34e175f4bb7a46aaa127fb42ffa9ba4f0276bf66,False,,data/NEU-CLS/train/train/images/patches_195.jpg,True,,development
data/NEU-CLS/train/train/images/patches_196.jpg,patches_196.jpg,patches,filename_prefix,.jpg,6c8ff326e64496001a154cb0f4ffdaae45d077fc86624ded60ace3b00a943ceb,90db4107bdb9c62030102e8d5b39ee61fdf18be13a84ac552db7771f28083df7,False,,data/NEU-CLS/train/train/images/patches_196.jpg,True,,development
data/NEU-CLS/train/train/images/patches_197.jpg,patches_197.jpg,patches,filename_prefix,.jpg,7248fa223902c1398f6d82f8de387d8a795be6ca9f1dc2a33fc0f379b61f6dc6,cbda4e0eb363edaff46fc0fecba7e6dbd58be9757583b57b04daf17d2f217386,False,,data/NEU-CLS/train/train/images/patches_197.jpg,True,,development
data/NEU-CLS/train/train/images/patches_198.jpg,patches_198.jpg,patches,filename_prefix,.jpg,92ef61aa98bdcda4173603a3dbcec573ff0fd754915f7463103464e105c58c16,35577557c524d2fa461fa6bcea950a90ed46e7135ebbac3e3442bf6b34ead6dd,False,,data/NEU-CLS/train/train/images/patches_198.jpg,True,,development
data/NEU-CLS/train/train/images/patches_199.jpg,patches_199.jpg,patches,filename_prefix,.jpg,06071e67ada2d39202ab845f44317165233135a24aa83ac519b998c25e488adb,475233915573efcd58bf51e4b6f099ba5ba90d712487a4c651c361d5919ac51f,False,,data/NEU-CLS/train/train/images/patches_199.jpg,True,,development
data/NEU-CLS/train/train/images/patches_20.jpg,patches_20.jpg,patches,filename_prefix,.jpg,0f894cdac195e33088bf23e665ee018ec79b9904a9d1e55c5d66de95928f952b,16f60da44a0fbfde93c8228881c41f34eac31154db05f9d6ef7e1dc7dc718a53,False,,data/NEU-CLS/train/train/images/patches_20.jpg,True,,development
data/NEU-CLS/train/train/images/patches_200.jpg,patches_200.jpg,patches,filename_prefix,.jpg,f4fea54ba383909b5e71c25f1d327425d5e102fb4619e590aa94933044d828a1,f9d4357a7059a5395c4956a9d43a99a453a42ed1cbb6e2d43c8890326111b56d,False,,data/NEU-CLS/train/train/images/patches_200.jpg,True,,development
data/NEU-CLS/train/train/images/patches_201.jpg,patches_201.jpg,patches,filename_prefix,.jpg,3096d28045ca41280028e716d6c64c9d65a70f3c171a98686f4772c99c7620a6,3d98855f49950c4c4230a4ac555780f13df2d8fe02e1a0abcc0df65170991319,False,,data/NEU-CLS/train/train/images/patches_201.jpg,True,,development
data/NEU-CLS/train/train/images/patches_202.jpg,patches_202.jpg,patches,filename_prefix,.jpg,53117ada4199b82ff4b331c1b8373d67fc5c8868b7923996ac44ee4fe465734e,0a1204e96d7276571d4029598f414e25f0b5622c688cc13996788c568c9df242,False,,data/NEU-CLS/train/train/images/patches_202.jpg,True,,development
data/NEU-CLS/train/train/images/patches_203.jpg,patches_203.jpg,patches,filename_prefix,.jpg,0d40be789f7cffcdf9914b712b1b4c157f80d2c44a58679dcba1cfb09ba0fc3e,ad758529b771e31d7e486b8542cb61dd8af9d81d6e1ffe0448f4bef5b90fcf37,False,,data/NEU-CLS/train/train/images/patches_203.jpg,True,,development
data/NEU-CLS/train/train/images/patches_204.jpg,patches_204.jpg,patches,filename_prefix,.jpg,3b78a9f47fd2d1881216ba5c9764e38f1948518a2f73f76e15feabb430c8fbd9,3ce983daa3e3bf7a3c62e1708ea9e56c5b114430e29e0c7c532d25296499bd0c,False,,data/NEU-CLS/train/train/images/patches_204.jpg,True,,development
data/NEU-CLS/train/train/images/patches_205.jpg,patches_205.jpg,patches,filename_prefix,.jpg,391a1343e891e8b84111d341ad039a8a43375ad6910e16d2692d5dd93662624e,9472f2e78cb6b3327fba7cdae4d9b3a5370d07f6c2b60e7f50cb331941ceb6a6,False,,data/NEU-CLS/train/train/images/patches_205.jpg,True,,development
data/NEU-CLS/train/train/images/patches_206.jpg,patches_206.jpg,patches,filename_prefix,.jpg,8a610809a1ab93c4ccf80fad3c868d5edafa6fb7ff01d97b1026c3b969401614,bcc43990cb415f4b5c6269b73e6706da3d9d5bbe76f3781ea6d0bf149cf1bf96,False,,data/NEU-CLS/train/train/images/patches_206.jpg,True,,test
data/NEU-CLS/train/train/images/patches_207.jpg,patches_207.jpg,patches,filename_prefix,.jpg,82caa9f13416c4039b5e928be14cc48e0709506d895d8d1642f0718043ef5bef,fd991e52e43c4e4f07f53bdf04f4d31d1957714f36dea086b6bff795bedef83b,False,,data/NEU-CLS/train/train/images/patches_207.jpg,True,,test
data/NEU-CLS/train/train/images/patches_208.jpg,patches_208.jpg,patches,filename_prefix,.jpg,8ba753aca9c53c268cd20bec32d93046316436aae748756b11f5dda4074379e3,da41fb97f2c549871b6d407f31763f152101b7b48ae3d080545709db68c90d45,False,,data/NEU-CLS/train/train/images/patches_208.jpg,True,,development
data/NEU-CLS/train/train/images/patches_209.jpg,patches_209.jpg,patches,filename_prefix,.jpg,4f98a185024e14cb67f9eca63ee70982a240328c139c80ae670f550754398c7d,f2ea1edd6e111a729291984b39673b2a1a55989fdff41172b61ed6eeaac9a630,False,,data/NEU-CLS/train/train/images/patches_209.jpg,True,,development
data/NEU-CLS/train/train/images/patches_21.jpg,patches_21.jpg,patches,filename_prefix,.jpg,e9766ef04b4726ab89fa3872716a99f3fc761f080f1b00095b7b8e2245ad3950,cf7ad23008ee4f5a9e550a143cd55589fc02e501530c90fc0209a29804ea1c2e,False,,data/NEU-CLS/train/train/images/patches_21.jpg,True,,development
data/NEU-CLS/train/train/images/patches_210.jpg,patches_210.jpg,patches,filename_prefix,.jpg,8e0b0c93ba4d6f0e07b76908399ffc17791bad48b0cbb01721fc3f7e6df311c0,9a17d7521228736497904c6561e48b0a9973e2204dce1920800ceee129276954,False,,data/NEU-CLS/train/train/images/patches_210.jpg,True,,development
data/NEU-CLS/train/train/images/patches_211.jpg,patches_211.jpg,patches,filename_prefix,.jpg,f988631bac3b31eac7be7a1f56e118d14d3327989ce4b454370761c5c8700305,7da1ca9f4b8172d1dced6388fba5223887cb92fb88e92ad8dc3467768f4ab80d,False,,data/NEU-CLS/train/train/images/patches_211.jpg,True,,development
data/NEU-CLS/train/train/images/patches_212.jpg,patches_212.jpg,patches,filename_prefix,.jpg,856463e6892bdd866ea1d73e5a95d2a0423df43e16fb57f40d078f59d824794c,d5597fcf4946437493961b8538d8cafc8647e773320eaf51810f9a9274daaed7,False,,data/NEU-CLS/train/train/images/patches_212.jpg,True,,development
data/NEU-CLS/train/train/images/patches_213.jpg,patches_213.jpg,patches,filename_prefix,.jpg,6a4b08214c314135518585256f952cef50c514d5137ab1244e7842cee7167c6d,f2d451c4dfab739fce87ce25da7852828d66c3d41d8c86367ac5725cea9990ed,False,,data/NEU-CLS/train/train/images/patches_213.jpg,True,,development
data/NEU-CLS/train/train/images/patches_214.jpg,patches_214.jpg,patches,filename_prefix,.jpg,7a72f8abc4e0b3def00afe8bac2df18c494da501b3de3566fd8542d65853b62d,10ef483f5b5a53f2e7e31e004a72a1f3feb62f96170a4ff60cc533267684f4ed,False,,data/NEU-CLS/train/train/images/patches_214.jpg,True,,test
data/NEU-CLS/train/train/images/patches_215.jpg,patches_215.jpg,patches,filename_prefix,.jpg,5a901625c47393f44918ccc9dbafa5bcf716d9edf6138d9eec5d5f1a04180583,be420692e527ed526e6e40e1dbc36f8ac554c6137b54bce2375d3de63d3dfb70,False,,data/NEU-CLS/train/train/images/patches_215.jpg,True,,development
data/NEU-CLS/train/train/images/patches_216.jpg,patches_216.jpg,patches,filename_prefix,.jpg,b23b9b600ab5718db7201a36cbca183b053060b47ef3052a3749f33cbfc609ac,50dc3e5d4a6c44c25dad197e8343930ddc8f9661f9f0cb8c2eb432f2dad3cf67,False,,data/NEU-CLS/train/train/images/patches_216.jpg,True,,development
data/NEU-CLS/train/train/images/patches_217.jpg,patches_217.jpg,patches,filename_prefix,.jpg,71285ecc73ee77e281e1edd71a31fba5fbfc123dc4e120910ac9a0696568db47,c2cf28dc191297a59911c6170532a0a4e9b2ef05f846a6dac299f836657da98f,False,,data/NEU-CLS/train/train/images/patches_217.jpg,True,,development
data/NEU-CLS/train/train/images/patches_218.jpg,patches_218.jpg,patches,filename_prefix,.jpg,bdc8d32308a3eaaa7153b16c4ebd6e56ad346377708fedd172da28de464dbee8,464d42c17253f9f463e8cdd3668e0667280c7ec3f7ed8d0c05d1f86306f470e1,False,,data/NEU-CLS/train/train/images/patches_218.jpg,True,,development
data/NEU-CLS/train/train/images/patches_219.jpg,patches_219.jpg,patches,filename_prefix,.jpg,8fa718c52b5d4b920510fb65720cfcf0ee9e6ff736229849c59b6154b9af24a7,ed1680339a532c5431efa6f86bd7ffa5e1c5b9cae2cc88765cd849ef150c85b3,False,,data/NEU-CLS/train/train/images/patches_219.jpg,True,,development
data/NEU-CLS/train/train/images/patches_22.jpg,patches_22.jpg,patches,filename_prefix,.jpg,7c0f0b709bea9e06f13e75228b06366187e92d119650bf2f017fa34acc126223,04d86879bb83e5cdee09f06ebc414dab4dbd750e2ad5cac3cbdbcc0381ff455b,False,,data/NEU-CLS/train/train/images/patches_22.jpg,True,,test
data/NEU-CLS/train/train/images/patches_220.jpg,patches_220.jpg,patches,filename_prefix,.jpg,40ae61cd45e6826404c5ae044df70997a18e14248d051c1e75c6c3397b6c79cc,ffcda568c624d11cac5e01d4a993b8f564357038337032b725ea40be54974d50,False,,data/NEU-CLS/train/train/images/patches_220.jpg,True,,development
data/NEU-CLS/train/train/images/patches_221.jpg,patches_221.jpg,patches,filename_prefix,.jpg,4dc6536f2e2175fdcc8346933636a0c2fe22535431a4d41de41d03ad0b4e53fd,5ce8de0e843e1fc9ac8adc5574db304a7bf7eb1c332ae47f7c016bc3f0983413,False,,data/NEU-CLS/train/train/images/patches_221.jpg,True,,test
data/NEU-CLS/train/train/images/patches_222.jpg,patches_222.jpg,patches,filename_prefix,.jpg,a284f947f7707d7c2a31e6a816e22c1b2e18934253a0b70df7b126b4e311f577,a6aff8aeccbdd54eef4b4d953674909edc811579af963c52627a691d02c905f5,False,,data/NEU-CLS/train/train/images/patches_222.jpg,True,,development
data/NEU-CLS/train/train/images/patches_223.jpg,patches_223.jpg,patches,filename_prefix,.jpg,dc6d186a0f02199210d97007ee503cd663fd82d6aea1499d9af4fa8e4da82b63,84ccd3e9dca55b1ec0d39ba59633f5ea6916eda9ede9c76b53179ba29295cce7,False,,data/NEU-CLS/train/train/images/patches_223.jpg,True,,development
data/NEU-CLS/train/train/images/patches_224.jpg,patches_224.jpg,patches,filename_prefix,.jpg,af9fac336367e2b8b4e7314d428fc1fb3390401a1670787a3419940157727388,54ff02d1975edbd4c5a1acd05225ea259210e4f51267504300304cda1dbf79f1,False,,data/NEU-CLS/train/train/images/patches_224.jpg,True,,development
data/NEU-CLS/train/train/images/patches_225.jpg,patches_225.jpg,patches,filename_prefix,.jpg,3554340b5a48b23c97a194f7b7bf1776a625cc789d77a0b835ad07052b679eda,56aa3815179d2b2f8997225c048e6b9215cf153bf9c0630f4efbac8bd4517556,False,,data/NEU-CLS/train/train/images/patches_225.jpg,True,,development
data/NEU-CLS/train/train/images/patches_226.jpg,patches_226.jpg,patches,filename_prefix,.jpg,7a187942009565b63b6cc73c5bdd7481261e565e1d9981f7ddc7b436077da17c,87f7d8521bd7d429b80569627760ccc2a40bdc42f1f12c3623fe5da25380674e,False,,data/NEU-CLS/train/train/images/patches_226.jpg,True,,development
data/NEU-CLS/train/train/images/patches_227.jpg,patches_227.jpg,patches,filename_prefix,.jpg,6e4c68ebe62d2fd805a614a0394a7700a792d5e6d09379122a1b945f75d665c0,af5f64cd9cc16d6deb37e0c3eee8631ca119a467394b75602743c0c6f21cafcf,False,,data/NEU-CLS/train/train/images/patches_227.jpg,True,,development
data/NEU-CLS/train/train/images/patches_228.jpg,patches_228.jpg,patches,filename_prefix,.jpg,a9d5c1daaaeb00a1819b3b9ef87bc8f5fbaabb37e3e2e1320ac344ba61b606ca,0bbc8d1bfda896d52f8b3f2bf7cef1f4860f7f6c247f99926647ca15df2c52f0,False,,data/NEU-CLS/train/train/images/patches_228.jpg,True,,test
data/NEU-CLS/train/train/images/patches_229.jpg,patches_229.jpg,patches,filename_prefix,.jpg,e78a97001d6da623401ef5aaa794e710fb2884ae3e9ee20e023a6307a48c80f4,f6974853f38394ba4220660febe1fd6328daef1e74e24f94dc5cc616d29a206c,False,,data/NEU-CLS/train/train/images/patches_229.jpg,True,,development
data/NEU-CLS/train/train/images/patches_23.jpg,patches_23.jpg,patches,filename_prefix,.jpg,dd1db0ac511a64489da2ef322ada61ea20fe7798488cacd8342cff5462951cfa,182b6bfedc7d9cb5d0806156d70ef565fa86cf838dfd004d6ef2adbed04c020b,False,,data/NEU-CLS/train/train/images/patches_23.jpg,True,,test
data/NEU-CLS/train/train/images/patches_230.jpg,patches_230.jpg,patches,filename_prefix,.jpg,f9875ed804f7a3595505650f60bd511262c904e4ddbdbd9aa4a27450c9237e39,5bccdd8b5e9d5a5fcba5855b5dc6c41a0c09f9f9dd49f36b1198e9f98dfa981d,False,,data/NEU-CLS/train/train/images/patches_230.jpg,True,,test
data/NEU-CLS/train/train/images/patches_231.jpg,patches_231.jpg,patches,filename_prefix,.jpg,6d24d04a14ecb962be8849befa4bc9eb527ac27f711866ca297a4328c5477c93,1af742671e1468684ecd60100f71ca580965ce3352a8571614fedb477550c4ae,False,,data/NEU-CLS/train/train/images/patches_231.jpg,True,,development
data/NEU-CLS/train/train/images/patches_232.jpg,patches_232.jpg,patches,filename_prefix,.jpg,0b5208b4c5d357165541c510e2b6dc7f35f3601a25db6550854727991fe92cd5,8637292dd024e81685d1dcf064dbcb1e8a1c6911f026087c079c709e6e223bbd,False,,data/NEU-CLS/train/train/images/patches_232.jpg,True,,development
data/NEU-CLS/train/train/images/patches_233.jpg,patches_233.jpg,patches,filename_prefix,.jpg,d8d82af5475004befe8aad2d33fa125d4f25a9d133a25f689bd6e434f1dcf1b5,a5a5f64db9d8187f43f7f3223b59fc1246c7ee4dcf70df07d50602b09460e550,False,,data/NEU-CLS/train/train/images/patches_233.jpg,True,,test
data/NEU-CLS/train/train/images/patches_234.jpg,patches_234.jpg,patches,filename_prefix,.jpg,d9094210db614a288863a4d96cc69430ec80189b77ba5a489eb89010d27ff11e,a935d1138dc077ea705e2dba02df4ce5d74848039dd042e17762288a9a4246a4,False,,data/NEU-CLS/train/train/images/patches_234.jpg,True,,test
data/NEU-CLS/train/train/images/patches_235.jpg,patches_235.jpg,patches,filename_prefix,.jpg,920d6955b3eec2d8777af6b97c21782822c2596c278d57d84a213db9d45ca58b,d41e4e42b3f7fc3b66c6be6862a59d2707d56c3a657b4e36edea06891eb64979,False,,data/NEU-CLS/train/train/images/patches_235.jpg,True,,test
data/NEU-CLS/train/train/images/patches_236.jpg,patches_236.jpg,patches,filename_prefix,.jpg,414ea0d44b8a8694ec810f8773c5318a863ccc30cbbbd0fa98c8c67687d189d6,a049aebfb8fd08564666afb27c735108ce1e9c732e2a0c16506c1d4d92a4aec1,False,,data/NEU-CLS/train/train/images/patches_236.jpg,True,,development
data/NEU-CLS/train/train/images/patches_237.jpg,patches_237.jpg,patches,filename_prefix,.jpg,a4c20056a61539628ff0da81d83a2cdc799136fba97ac8d641525abad293198b,0ba68b93d0dd6ba07e4ccbd5267e06e74ec514d29aab62eb0f5a0893ccdbcaba,False,,data/NEU-CLS/train/train/images/patches_237.jpg,True,,development
data/NEU-CLS/train/train/images/patches_238.jpg,patches_238.jpg,patches,filename_prefix,.jpg,3280a9e88f44688005a0c7b4f3ae7b8593e2791f8168568dd63a229de7598dcf,826b8bed8f2a1f6687b7e5e067d2f777181ce162c3028c9861b8fabd021bada8,False,,data/NEU-CLS/train/train/images/patches_238.jpg,True,,development
data/NEU-CLS/train/train/images/patches_239.jpg,patches_239.jpg,patches,filename_prefix,.jpg,3231f7b287e4856079b3825f0c8da1c7f73715325bb411f792d40465274350cb,7ceae49403e20d5ce4f5a86b62075615645d2c02e86f49853507f6d1fd943041,False,,data/NEU-CLS/train/train/images/patches_239.jpg,True,,development
data/NEU-CLS/train/train/images/patches_24.jpg,patches_24.jpg,patches,filename_prefix,.jpg,896839c104be92dd6dcd7d1ba13dabca2e2592f3d486e67398e6a536bbaab2a0,c473e01a6481b01adfad917fa1195cff4695e444397fd790eea7d619680bd08d,False,,data/NEU-CLS/train/train/images/patches_24.jpg,True,,development
data/NEU-CLS/train/train/images/patches_240.jpg,patches_240.jpg,patches,filename_prefix,.jpg,98ed6658cdb71e6b6fee8de73e6c203633be44162a80bad806c0092f3f029ef5,ef302a971bc075ef656b18bdabc9299c1658f0fa9f6a505863a34b756872deaa,False,,data/NEU-CLS/train/train/images/patches_240.jpg,True,,development
data/NEU-CLS/train/train/images/patches_241.jpg,patches_241.jpg,patches,filename_prefix,.jpg,d8ee841afe3d24b39a3f1f5656780b75ce9b1e1b6bb11cb6953a99d0cbaaffde,d9e5013fa43e7846f4d26061bf7c7695a717c25ecb2e625a3d517c701e94a6f3,False,,data/NEU-CLS/train/train/images/patches_241.jpg,True,,development
data/NEU-CLS/train/train/images/patches_242.jpg,patches_242.jpg,patches,filename_prefix,.jpg,2df3804d5f3d14eff1a21de3e6a348b09739d358ea31bf658a8cb3481d41ba3c,fe99ac6601279eea888f4383eaba14b5a9046263ce34ef32ac274ef689830bda,False,,data/NEU-CLS/train/train/images/patches_242.jpg,True,,development
data/NEU-CLS/train/train/images/patches_243.jpg,patches_243.jpg,patches,filename_prefix,.jpg,8e8fcd54563e51cb9d72bf739bf1ead8bfee6ec5c39fd6c9134ce0dd5ed714c0,57390b3b262b1eaaa822e95acb824a673daaecbe5f8ed4d741eba0b80591f00f,False,,data/NEU-CLS/train/train/images/patches_243.jpg,True,,development
data/NEU-CLS/train/train/images/patches_244.jpg,patches_244.jpg,patches,filename_prefix,.jpg,315c904e5d70da210481d8a3d0353a46f3f7b7f10791140e74c0d5b5f32d0c10,c5c270201a6afb7312aa4ee7f5ece258d7dbda9626a20da2369aef09c811f34a,False,,data/NEU-CLS/train/train/images/patches_244.jpg,True,,test
data/NEU-CLS/train/train/images/patches_245.jpg,patches_245.jpg,patches,filename_prefix,.jpg,aafd4d10099294256277db55a2e7931b10f04c5e55040e2f1a448cb3dbea9dfb,90a5ddccd8fde3acc3b112d561dd26ecdd879385bc6bc745cbb3f451f1f78e6d,False,,data/NEU-CLS/train/train/images/patches_245.jpg,True,,test
data/NEU-CLS/train/train/images/patches_246.jpg,patches_246.jpg,patches,filename_prefix,.jpg,7f45995002795476b698d414a272a5e742e89098d6d15fe633cc6fa36d87f6a7,0891876d4a9561ec830c28342cd065a70d6b3c2bcefc15b685b2183ebb79cc37,False,,data/NEU-CLS/train/train/images/patches_246.jpg,True,,development
data/NEU-CLS/train/train/images/patches_247.jpg,patches_247.jpg,patches,filename_prefix,.jpg,855c94193ef337063103964b1a6be05681eb08db3892b778fd43e1da58c1da0e,01289c4cb110633046f5d1057ba9c3400eed91f9375989cb2c64014251fbb9a3,False,,data/NEU-CLS/train/train/images/patches_247.jpg,True,,development
data/NEU-CLS/train/train/images/patches_248.jpg,patches_248.jpg,patches,filename_prefix,.jpg,3d2c26ea976d8fffbf4c12713fa5ae9739cdb86702ec99a293fa22e932a32abe,4f1ee738151edbebb0192be53f2895b47f036a2a2af6fab7dd621f63c455dedd,False,,data/NEU-CLS/train/train/images/patches_248.jpg,True,,development
data/NEU-CLS/train/train/images/patches_249.jpg,patches_249.jpg,patches,filename_prefix,.jpg,2dc3453e4d6fbfa651d2625258f5b6bfbf234b13c294f82bc66b39b75c0318e4,6e8a68203f7a57b9143bfcaf9d0809edfb06aa4f8178c431cab9e8c54c556e4c,False,,data/NEU-CLS/train/train/images/patches_249.jpg,True,,test
data/NEU-CLS/train/train/images/patches_25.jpg,patches_25.jpg,patches,filename_prefix,.jpg,3c2cc3eff5489f7b63d2dff96f4def2fd2f3a645e30a6f3446e3e0b51c61f67f,5006c200d208332f2e5991a929962a3fd881c4f7643d4d3938c7f442199bb3f5,False,,data/NEU-CLS/train/train/images/patches_25.jpg,True,,development
data/NEU-CLS/train/train/images/patches_250.jpg,patches_250.jpg,patches,filename_prefix,.jpg,fcac664c792126f8bbe6f91e68c0a0dcb0d54cd224def3be7bf49936d7359c04,58f416eb0fc77368a14eed417a65edd288747d7e2977fe70a2343fc933c8e8e8,False,,data/NEU-CLS/train/train/images/patches_250.jpg,True,,development
data/NEU-CLS/train/train/images/patches_251.jpg,patches_251.jpg,patches,filename_prefix,.jpg,6efbb6c7d45b29f759993305699138358ed942ea479e3b11b397a8b08a5452ae,68c60d184f40ba04f37bb3b8ef96e7a8565adbbe2ddcc0cc683666db14df4a60,False,,data/NEU-CLS/train/train/images/patches_251.jpg,True,,test
data/NEU-CLS/train/train/images/patches_252.jpg,patches_252.jpg,patches,filename_prefix,.jpg,9e58a22421d0be152d754b40c490a34a3bc28a997f78dc7a51854c2409364513,ad848a53fb8c366ed1e3c4aa521420162afdc21646638bb3474cce754af70304,False,,data/NEU-CLS/train/train/images/patches_252.jpg,True,,development
data/NEU-CLS/train/train/images/patches_253.jpg,patches_253.jpg,patches,filename_prefix,.jpg,b89d0a8707dc655037dccecb89adc179432b22a72f14c962241f30fc1d6eb6dd,28a2cd3d8557bbd116fcde26007da52b49d51d72c1f694bb570ac62cf52c7e0e,False,,data/NEU-CLS/train/train/images/patches_253.jpg,True,,development
data/NEU-CLS/train/train/images/patches_254.jpg,patches_254.jpg,patches,filename_prefix,.jpg,59a375029c861f4a9ce59ca6df2ee257c0020aa4c1f2463f12bdb433c1fc4d9d,9fb3329f66d97a523b423361c69e1e5a0335271462411997d3a27f1a28d20df5,False,,data/NEU-CLS/train/train/images/patches_254.jpg,True,,development
data/NEU-CLS/train/train/images/patches_255.jpg,patches_255.jpg,patches,filename_prefix,.jpg,877905b79e570196b42d6e2befd56a28578a93caaa1ad87adcc64c6e7e2d887a,03adf7f8e71576252c38835359a1814d99361e81c1ab3e428fb8adf52683b8ff,False,,data/NEU-CLS/train/train/images/patches_255.jpg,True,,development
data/NEU-CLS/train/train/images/patches_256.jpg,patches_256.jpg,patches,filename_prefix,.jpg,9b269fb885009d472b311b800460b1dcd0b7b6fdefc07b2588b4dc4bec23a12b,f9a261750ef2df3f401a0f61eee3b705639f68dbd565c9c7d19e3775b4cf2fd4,False,,data/NEU-CLS/train/train/images/patches_256.jpg,True,,development
data/NEU-CLS/train/train/images/patches_257.jpg,patches_257.jpg,patches,filename_prefix,.jpg,0a3c01f45ef41e5d16a39722fa4f1211cfd2d2e8d9ad17ff1170e491cbc973a7,12b790ccd225cb8d9f57d572286e771db168d7dfa1708091f61e5dd8eb3d947e,False,,data/NEU-CLS/train/train/images/patches_257.jpg,True,,test
data/NEU-CLS/train/train/images/patches_258.jpg,patches_258.jpg,patches,filename_prefix,.jpg,c84926f3e184c145c36499809377afbfed5f87bebd5ff9d22dbba28291690ffe,71984bba45008f76c0265265074f8f7072f6eba0206c2a4c48b8c93743451186,False,,data/NEU-CLS/train/train/images/patches_258.jpg,True,,development
data/NEU-CLS/train/train/images/patches_259.jpg,patches_259.jpg,patches,filename_prefix,.jpg,19c9a24f2b5aa8b4a8e5b703aa7fb58af80c6b2f9d7d6342add68fe34c1ef3d1,982e99b96eda402a7bc14a601f9668e162a1c9e9192fdd7b6d06109080673508,False,,data/NEU-CLS/train/train/images/patches_259.jpg,True,,development
data/NEU-CLS/train/train/images/patches_26.jpg,patches_26.jpg,patches,filename_prefix,.jpg,662afb41b7d1c5bde0b9349ce2f5d76fb5d3aee3068b84b6ee03bad8811e69d9,68948a459a108235e67aac7125c8789947e48d5411af003c7fc559469e86d441,False,,data/NEU-CLS/train/train/images/patches_26.jpg,True,,development
data/NEU-CLS/train/train/images/patches_260.jpg,patches_260.jpg,patches,filename_prefix,.jpg,66abc4550e371062fe3fe5eeb1ad4362dfd3a8cf3e53d568ec8bfd5e772f900e,4c0763f46a696f91f0b4c6808720fea769bdc1b33c3cac2e41a3dcab37c35dab,False,,data/NEU-CLS/train/train/images/patches_260.jpg,True,,development
data/NEU-CLS/train/train/images/patches_261.jpg,patches_261.jpg,patches,filename_prefix,.jpg,e8a474c5aa2c24719e4409edde2f0b3b78c26f4da3e38cac5b1e1e39ea3c3f03,e938237ef867a2670c76f6c07644c2adbc7062d4824bddbf958cdedad5bd2502,False,,data/NEU-CLS/train/train/images/patches_261.jpg,True,,development
data/NEU-CLS/train/train/images/patches_262.jpg,patches_262.jpg,patches,filename_prefix,.jpg,c89368f86ab398317eb89d1b0f0619206b5d9e5ad94e172b1b7c4fe39c66b23d,922f0a0f2d128c733b7456401752b9415a3db30e3b4d97f507f68832a0c3a32d,False,,data/NEU-CLS/train/train/images/patches_262.jpg,True,,development
data/NEU-CLS/train/train/images/patches_263.jpg,patches_263.jpg,patches,filename_prefix,.jpg,6b17042244a90f5fb4c1c95875e3153e136a8def40b32aeeace7b5a50a7c01a6,68ff1b629583d3f2e09607a58e61854f634d69cd7b0ef888c41ae6b5846d2d95,False,,data/NEU-CLS/train/train/images/patches_263.jpg,True,,development
data/NEU-CLS/train/train/images/patches_264.jpg,patches_264.jpg,patches,filename_prefix,.jpg,87bd41d2156623b33e07da6540a4b26df2f36d2469b3d935d33489f2198edd61,ff82058a0375847cad54172d1123e47262c821e79e86c5df31bf6fa0830b604c,False,,data/NEU-CLS/train/train/images/patches_264.jpg,True,,development
data/NEU-CLS/train/train/images/patches_265.jpg,patches_265.jpg,patches,filename_prefix,.jpg,41100b9bd8340832ffd683c0d3a8d7f4885af68c3615d7851776430c75a17fb5,8025f8c3f5af2c4426cd27e877d5f84828d520e846b02ab4a8e1089aa33ae3e5,False,,data/NEU-CLS/train/train/images/patches_265.jpg,True,,test
data/NEU-CLS/train/train/images/patches_266.jpg,patches_266.jpg,patches,filename_prefix,.jpg,8b1bb04fc57972f8392a18c373d260441c819a650c2c0319f1304078c3146019,539b85837a5e3770c38cafa05e236a15b8caf503e2f20a96784fc9d1140f2115,False,,data/NEU-CLS/train/train/images/patches_266.jpg,True,,development
data/NEU-CLS/train/train/images/patches_267.jpg,patches_267.jpg,patches,filename_prefix,.jpg,4c42e1f62c262d8f6019cb78f446b6e353fbb213dba084c4e9f58eb97af38dfc,03f09c9349503a2f07db3d84584088f3b4843e867b25b2b6b01a30888314a921,False,,data/NEU-CLS/train/train/images/patches_267.jpg,True,,development
data/NEU-CLS/train/train/images/patches_268.jpg,patches_268.jpg,patches,filename_prefix,.jpg,79c04ddd57264674600662ec8941aaed6ca0d6f82aa4c595b1ae2b8af1eaf2dd,f68620c9e65afb030311d6b69c85531914a01a658883af6a6b58eecdc4515e03,False,,data/NEU-CLS/train/train/images/patches_268.jpg,True,,test
data/NEU-CLS/train/train/images/patches_269.jpg,patches_269.jpg,patches,filename_prefix,.jpg,a92362a8674b188bbe4340c7fc47d839110a479cfd52479ce2c3e1db4556edcf,71b87772888a3093c8b06ba0c0e5c662d0a81e6f3855e094334248190e7a081d,False,,data/NEU-CLS/train/train/images/patches_269.jpg,True,,development
data/NEU-CLS/train/train/images/patches_27.jpg,patches_27.jpg,patches,filename_prefix,.jpg,363f4cb0b22d52149a43b469283da65a8ec36bbae23def2ee677db23f9aa0f89,45321328e33f5be1416a41da0ac08cc5212f6784d92b3252fc5a01a2e5d04287,False,,data/NEU-CLS/train/train/images/patches_27.jpg,True,,development
data/NEU-CLS/train/train/images/patches_270.jpg,patches_270.jpg,patches,filename_prefix,.jpg,839e441d971b5032b74387b4c6ad73e4a763066ae091e72d34ff2d8f33b5ccda,013f062987a9358b2b52a85494970fee7c13883a66b5067b3f6558964589a928,False,,data/NEU-CLS/train/train/images/patches_270.jpg,True,,development
data/NEU-CLS/train/train/images/patches_271.jpg,patches_271.jpg,patches,filename_prefix,.jpg,c156a7fb1638744378b3a1d6cb8bdeefabb794c1b5a8cc7631b8fd71a54d3d8e,9c2ddbc5d1d7422a131dfb42b5d4ef4e8eb53d7b16b1e949a5be34658dbf6925,False,,data/NEU-CLS/train/train/images/patches_271.jpg,True,,development
data/NEU-CLS/train/train/images/patches_272.jpg,patches_272.jpg,patches,filename_prefix,.jpg,fab6bccd498ba53f8a27bede2ec0effa53d3b30c05f2a1df1923ab9dd6417db9,f10e962304750ebb5bbdd165b8260899cf5239d965a27a996ec0e4b2b8874cd4,False,,data/NEU-CLS/train/train/images/patches_272.jpg,True,,test
data/NEU-CLS/train/train/images/patches_273.jpg,patches_273.jpg,patches,filename_prefix,.jpg,5d0b9c47b6f64c3bf47a139fd53ac2c23111f036d4a61312c57897434ec766f3,5fe7bfcaf9273cb9f52329c310e446a741155a36ad376105bb2d17fb2210dcaa,False,,data/NEU-CLS/train/train/images/patches_273.jpg,True,,test
data/NEU-CLS/train/train/images/patches_274.jpg,patches_274.jpg,patches,filename_prefix,.jpg,5dc9bf890f7261dc1c9a66d6eab3c7de7914d1b8778c67e98a6609fc2febf151,ed167148a49851cf7f936de319b9fd60bce0381f0a37a3b7bf2adf324e19060a,False,,data/NEU-CLS/train/train/images/patches_274.jpg,True,,development
data/NEU-CLS/train/train/images/patches_275.jpg,patches_275.jpg,patches,filename_prefix,.jpg,4e9f0be2c1b30d73fcc31215266a98e2fd3977c32d55757da1923170467c5fd4,10e6771dce224e9f1187635aeded2f9f17cf54a57018509968474e2c4c6c6324,False,,data/NEU-CLS/train/train/images/patches_275.jpg,True,,development
data/NEU-CLS/train/train/images/patches_276.jpg,patches_276.jpg,patches,filename_prefix,.jpg,dd3ed2d74c829c9318b0cef6166dfd146dc8d0853a6d8fe7bd60a0dc69a4969c,624a299a35cafd8267938bd56623120d1e65de0e8964a1f13a0db68b8f1ea19f,False,,data/NEU-CLS/train/train/images/patches_276.jpg,True,,development
data/NEU-CLS/train/train/images/patches_277.jpg,patches_277.jpg,patches,filename_prefix,.jpg,dc994b40ea8acfc0083506ff7b2e5b4d8be5691a3cd655e73180349dd0d2a7e7,57710f684de056c316a514c7b3ca4f0a9b1169f1e2c7f1ba3d317f5c0c269ab5,False,,data/NEU-CLS/train/train/images/patches_277.jpg,True,,development
data/NEU-CLS/train/train/images/patches_278.jpg,patches_278.jpg,patches,filename_prefix,.jpg,b7cb46c7b9496613084079842e4b895ec1f69769d6d0d60ec3e051572e85d52d,06fe3f9486029d2574fff7192c5fa07657cc1c6b3cf3c99325c62fae755a4364,False,,data/NEU-CLS/train/train/images/patches_278.jpg,True,,development
data/NEU-CLS/train/train/images/patches_279.jpg,patches_279.jpg,patches,filename_prefix,.jpg,d2bf11e2a6293675454996b47c2247a4a6dfe992fa9e6890900f47ebbbadbfaa,be556ce0c3fd2ac5705a7ee8e607ada17b6508f3c28814a08810d8fb6d6b3ea7,False,,data/NEU-CLS/train/train/images/patches_279.jpg,True,,development
data/NEU-CLS/train/train/images/patches_28.jpg,patches_28.jpg,patches,filename_prefix,.jpg,16e62ede3ef06e13473d5833fe4c43702325e86f6d34855465a35c43fcaf78f8,17e1f1a1f3d9d709165e26e2cd710eb0f72f02a67372198a8856135953bceeb8,False,,data/NEU-CLS/train/train/images/patches_28.jpg,True,,development
data/NEU-CLS/train/train/images/patches_280.jpg,patches_280.jpg,patches,filename_prefix,.jpg,0c2f7d48bd413351cc0c50b71e806f82d1c54fcee9db74dc99aac2fb927941bc,3fef07c1dcf714d6a959c3c2724828b69e6d1f4709aa5161b316e2cbcf5ab842,False,,data/NEU-CLS/train/train/images/patches_280.jpg,True,,development
data/NEU-CLS/train/train/images/patches_281.jpg,patches_281.jpg,patches,filename_prefix,.jpg,7a9cee7c60897f04d1e777e760ede9846be68aaa74bc2e870929f46d035eb9bd,7fba7e0b4bf8e699dabc268d07589d0faf38438b0d9b9399eb93260d00d14ef6,False,,data/NEU-CLS/train/train/images/patches_281.jpg,True,,test
data/NEU-CLS/train/train/images/patches_282.jpg,patches_282.jpg,patches,filename_prefix,.jpg,d31139e157f9d1b8f7021dac0124019d63847626960bcdc49d98caccd9233e74,88fd29d432f2a0b18fc4d1ec5755f02009c669e350d6eeb748ee285ade1873ec,False,,data/NEU-CLS/train/train/images/patches_282.jpg,True,,development
data/NEU-CLS/train/train/images/patches_283.jpg,patches_283.jpg,patches,filename_prefix,.jpg,65c3ac9d8c00ed212ce359f057e9978a4824d32bd4c06021e6afcca1d8ba231d,a11fa50b0c682c25537818057393f0422f9b31d229eccb9c20132641c6997f57,False,,data/NEU-CLS/train/train/images/patches_283.jpg,True,,test
data/NEU-CLS/train/train/images/patches_284.jpg,patches_284.jpg,patches,filename_prefix,.jpg,bdb2d8ecf644a70e53933064656ee0a272d4b72783c190925b52d2154f26bd20,3ac3091c8dab089b8119c2a5c4e5fdd2822dc89e68c674527439cf3c1cd40dc3,False,,data/NEU-CLS/train/train/images/patches_284.jpg,True,,test
data/NEU-CLS/train/train/images/patches_285.jpg,patches_285.jpg,patches,filename_prefix,.jpg,7def0954602b375c6d4a4c57ddf5a78851549f58f91f4b5e6370343815b029ba,2b78e5fd889947d91bf7e2ab678c7781d2934500ab78f93751c9162f0c8328da,False,,data/NEU-CLS/train/train/images/patches_285.jpg,True,,development
data/NEU-CLS/train/train/images/patches_286.jpg,patches_286.jpg,patches,filename_prefix,.jpg,a7076ebb0a338b718a02a4428f4e04d614832513d838e23e01449f6377fc0d01,c135a111fa9becfb0ad7304927c84284d609e71d8ed15585ad25cbbe05aba1f5,False,,data/NEU-CLS/train/train/images/patches_286.jpg,True,,development
data/NEU-CLS/train/train/images/patches_287.jpg,patches_287.jpg,patches,filename_prefix,.jpg,5261d0b7ee9c4ca06e32cb1b4888d139beb9acbd009ac4eadcb859dda106b5ac,17fd48effc83e8395117a58dcd228b0cfc6d5373d3e83b766ea3602647056e40,False,,data/NEU-CLS/train/train/images/patches_287.jpg,True,,development
data/NEU-CLS/train/train/images/patches_288.jpg,patches_288.jpg,patches,filename_prefix,.jpg,6da34fabd707f6b8fc2bcc8ee164fd53fa881a8276089179e8abecbf95490856,ecc417ce3116ccc8418c493df18f137889236aa27aa141726df0a534ebcaec21,False,,data/NEU-CLS/train/train/images/patches_288.jpg,True,,development
data/NEU-CLS/train/train/images/patches_289.jpg,patches_289.jpg,patches,filename_prefix,.jpg,d9a2f0f14640326213f17616892c3e94d22d32ee6d4673f440cf43ab2d5fae89,d37f6a2b40e0cb205f910315d9c9f60aca05f627dd75c910887a7b02620224c9,False,,data/NEU-CLS/train/train/images/patches_289.jpg,True,,development
data/NEU-CLS/train/train/images/patches_29.jpg,patches_29.jpg,patches,filename_prefix,.jpg,9751d8cee90dba22e1218cfb50df1942184096520fe2a15f372eec27f8e44b0a,fecbc1f7f5243d00388449a4954643c4390ed07b518d9c4c1f02298cfef641b6,False,,data/NEU-CLS/train/train/images/patches_29.jpg,True,,development
data/NEU-CLS/train/train/images/patches_290.jpg,patches_290.jpg,patches,filename_prefix,.jpg,3a3ef9ad75e44d1feafeb60e4e8054e04f226db4f45c8598d5ed75216878e14d,f1adbf999d7974770b440af25c1d5596275ec0eb7135e4b97280ab217c44ccab,False,,data/NEU-CLS/train/train/images/patches_290.jpg,True,,development
data/NEU-CLS/train/train/images/patches_291.jpg,patches_291.jpg,patches,filename_prefix,.jpg,9afa3a077dcf17d80cb2aa4d82dd8ef9d04a9993fa28678214ac4b52aa1266fb,ddeb24b6c0a60c2bff1a356ff3995dbeda0727d56c963f2013285c0ea1e31fcc,False,,data/NEU-CLS/train/train/images/patches_291.jpg,True,,development
data/NEU-CLS/train/train/images/patches_292.jpg,patches_292.jpg,patches,filename_prefix,.jpg,7aa94f790e2e69fcb4acf2e7a7ddc81ac63cb7f8ef9105ab87c9c20e605fb8ed,4f357d122abe2b7818c4a6aa4e98fd61fc8da2eb0130a4be3fb37598532eca2d,False,,data/NEU-CLS/train/train/images/patches_292.jpg,True,,development
data/NEU-CLS/train/train/images/patches_293.jpg,patches_293.jpg,patches,filename_prefix,.jpg,79c65389caf2906135bc9968e7dfaeeda1067adb821e70765a7e2ad8454b3974,af9b7b3efbf8ef6cb1e825739295fd66fe5fdaa7901f93eaaf80c2e8ea40719c,False,,data/NEU-CLS/train/train/images/patches_293.jpg,True,,test
data/NEU-CLS/train/train/images/patches_294.jpg,patches_294.jpg,patches,filename_prefix,.jpg,28260a8973c0988bbb15e731191937f8aa06ff8f76b9f637cdd87a3573bae8bb,a96d8d8befa83aeb80c9b99acd5861b866dd0bf874694c1ce9f3a0148eb0f4e6,False,,data/NEU-CLS/train/train/images/patches_294.jpg,True,,development
data/NEU-CLS/train/train/images/patches_295.jpg,patches_295.jpg,patches,filename_prefix,.jpg,f3daada7e1852c8bf08f769c940a832e1c0ec514bc5b08a059814b47e87c011c,2c58683355d06db81fc0e8ecd8950d319fc809d084a86b16cfe9a92a4261453a,False,,data/NEU-CLS/train/train/images/patches_295.jpg,True,,test
data/NEU-CLS/train/train/images/patches_296.jpg,patches_296.jpg,patches,filename_prefix,.jpg,b80f700f2871cde38bff5a8f0c5adee3731e86116b3e4b1e2eadcfaa1966dd3f,19aa822c39b966cf17bf2db44a060bfc5ca74fa613f85999e3bf27e87a7becc1,False,,data/NEU-CLS/train/train/images/patches_296.jpg,True,,development
data/NEU-CLS/train/train/images/patches_297.jpg,patches_297.jpg,patches,filename_prefix,.jpg,0cec0be4c4130819995d9d766998f08826e433d561619c8f0f635a933c75cf01,0d15e5ee255f48d73d4cb41a4eb3a388768a2058f0a284c69dee857878db5553,False,,data/NEU-CLS/train/train/images/patches_297.jpg,True,,test
data/NEU-CLS/train/train/images/patches_298.jpg,patches_298.jpg,patches,filename_prefix,.jpg,7f1193eb62c98ca54123cc9b92cecc4486a79cdb3f489f7f863836ef09ea4a38,e431283c32335cd333a8af89176e7847eb55897442f41f0a88cdce6d566cf35d,False,,data/NEU-CLS/train/train/images/patches_298.jpg,True,,development
data/NEU-CLS/train/train/images/patches_299.jpg,patches_299.jpg,patches,filename_prefix,.jpg,249e1897dcc805e311d4ba9ef5b4d57429f0dfc2d9dbcb52fc19928813676adb,2d94730d28588b3521ef2c923993506495b81d414d2daa91c01b535409b7e4d9,False,,data/NEU-CLS/train/train/images/patches_299.jpg,True,,development
data/NEU-CLS/train/train/images/patches_30.jpg,patches_30.jpg,patches,filename_prefix,.jpg,7592e6e7afadf98080f4dbe6eccf15f9b1cb1e39afbd4e0c1fdc355c9bc721a3,6f27f2679c0e62dbdd794b47a7fe23b4d4c8bed8750475fed8a912bb38cc8459,False,,data/NEU-CLS/train/train/images/patches_30.jpg,True,,test
data/NEU-CLS/train/train/images/patches_300.jpg,patches_300.jpg,patches,filename_prefix,.jpg,c97e4426198ad6989ddf6c2cf1449e6231b1a6d05cc75443398c4ccc77c51d08,82bd7cb4668fb37e8b548f4784b5661e2b896161df71b6ff4d2796548a817ba3,False,,data/NEU-CLS/train/train/images/patches_300.jpg,True,,development
data/NEU-CLS/train/train/images/patches_31.jpg,patches_31.jpg,patches,filename_prefix,.jpg,76f02e8cb7ba6f0981006abc3f964838a998cf94470918cce1a525be5c9e85cb,086b155581591042bbeb4896e1a8e463c145e7427522d69ca4cedef88f726bc5,False,,data/NEU-CLS/train/train/images/patches_31.jpg,True,,development
data/NEU-CLS/train/train/images/patches_32.jpg,patches_32.jpg,patches,filename_prefix,.jpg,f1cc2da29bceb16f3845896cbfb025a48bbf86e14b38773042a8f3355cbf9ee0,6cb67e9f9c53f70904ae6305244b5df750bf2f6b096e2eed6d342c7daabecd52,False,,data/NEU-CLS/train/train/images/patches_32.jpg,True,,development
data/NEU-CLS/train/train/images/patches_33.jpg,patches_33.jpg,patches,filename_prefix,.jpg,48f16d365f49ec5ae025add65e89951206ac60a74583332fd45cfb541e0c35c4,3efd431fd2e73a0ddcd8d555cc380ed40f9d6ff55287a15d93d029ff2c3cd7e2,False,,data/NEU-CLS/train/train/images/patches_33.jpg,True,,test
data/NEU-CLS/train/train/images/patches_34.jpg,patches_34.jpg,patches,filename_prefix,.jpg,dbe4aca05a9d06d4a3bd854f5e957943f09d6fc1995c92b4f1022f046dbfe742,e6b862cd33fe9460f08b11f701fc6799ea35abf58c3cce52ba1de691178f080a,False,,data/NEU-CLS/train/train/images/patches_34.jpg,True,,development
data/NEU-CLS/train/train/images/patches_35.jpg,patches_35.jpg,patches,filename_prefix,.jpg,82432820198842702516c67da59c853b45a0fcdcc99b7bd4d4067305e563f5be,d21f86cf910841026f5bc70c3d21c56d27b265a083111a2a12610455ed85c64f,False,,data/NEU-CLS/train/train/images/patches_35.jpg,True,,development
data/NEU-CLS/train/train/images/patches_36.jpg,patches_36.jpg,patches,filename_prefix,.jpg,16d9d374ef799b83365d544152aa4612e6d8aaa2584c2c9ccdbc5ecddca00752,dc04ed96cd59697d42d472ebf6dc19227d53a6c298bdc34a3b8fcbb5028a9e49,False,,data/NEU-CLS/train/train/images/patches_36.jpg,True,,test
data/NEU-CLS/train/train/images/patches_37.jpg,patches_37.jpg,patches,filename_prefix,.jpg,652274f82d438b3e630a15f574eef99e8699daffbf36b0c295269658981777a2,7fa81e437207acaab24758e90075aa8d1bf3554beeb9d1c6d9e8850dd3f68bc0,False,,data/NEU-CLS/train/train/images/patches_37.jpg,True,,development
data/NEU-CLS/train/train/images/patches_38.jpg,patches_38.jpg,patches,filename_prefix,.jpg,850630a905233629d96e499f95cc288025add64fa216273b81fa0894ca4f4997,353c4587407b2dbc28281927104dd66157524f9cf0e943f87e000fbe67dbd686,False,,data/NEU-CLS/train/train/images/patches_38.jpg,True,,test
data/NEU-CLS/train/train/images/patches_39.jpg,patches_39.jpg,patches,filename_prefix,.jpg,7147f20f064932b1608dc0e061836d9432882204b4b8ec8a122932dd30175800,e0b1e78a5871bffa3caf2fd6b53c6e4623be658b9cdb2b59611c97b567de4235,False,,data/NEU-CLS/train/train/images/patches_39.jpg,True,,development
data/NEU-CLS/train/train/images/patches_40.jpg,patches_40.jpg,patches,filename_prefix,.jpg,f53035ba73bae155171b5f00e97bc030b5c0588a3a29f5ff86129f485908fa37,b364ea346c557dd2d5459cae10af7e2180c19e524bc3b443207538566878c5c2,False,,data/NEU-CLS/train/train/images/patches_40.jpg,True,,development
data/NEU-CLS/train/train/images/patches_41.jpg,patches_41.jpg,patches,filename_prefix,.jpg,47fa240620b53d3e904860c9233616ffa07714e76b2bb0570973d42a356acae5,b4a196dd952548db88f92ab3723da2baf62179a8c8577d957d4e849453a9244a,False,,data/NEU-CLS/train/train/images/patches_41.jpg,True,,development
data/NEU-CLS/train/train/images/patches_42.jpg,patches_42.jpg,patches,filename_prefix,.jpg,0dfc1c73fd895bfffe2a6d86840b8c44ff8ef4cb5d13e18a0f4cb01664b6e3a8,68543954a5555be1a5783bc30298925d93e4d5d9d07f267835de4389c65ff18f,False,,data/NEU-CLS/train/train/images/patches_42.jpg,True,,test
data/NEU-CLS/train/train/images/patches_43.jpg,patches_43.jpg,patches,filename_prefix,.jpg,f39a7c42ad27fbeb5d7b5bc1bcf9db36b63eabdbeecae52aa5e30b8e17d43558,70b25f82f83079201070c47abf2a75717cc386a6bfddcda1a2c00afd866a9d95,False,,data/NEU-CLS/train/train/images/patches_43.jpg,True,,development
data/NEU-CLS/train/train/images/patches_44.jpg,patches_44.jpg,patches,filename_prefix,.jpg,2b73682bf43d2fae72f41b3d0303b83f44dfadcc43d57d9c93dcf66ad316cdc7,cc78d937e583db33cbe9e5a777068ee1a0e2c3dc889740f03a0ac043c69efac9,False,,data/NEU-CLS/train/train/images/patches_44.jpg,True,,development
data/NEU-CLS/train/train/images/patches_45.jpg,patches_45.jpg,patches,filename_prefix,.jpg,1ecc9523532c76a310d26978323a052d086d6b7382673a6544b5bba6589e9516,95a1867feaef5be1850ff0004f0ac52327ad329d792005e11a975c11028a1424,False,,data/NEU-CLS/train/train/images/patches_45.jpg,True,,development
data/NEU-CLS/train/train/images/patches_46.jpg,patches_46.jpg,patches,filename_prefix,.jpg,2bc773158b38f9b4dea792a10311f8ba9eb81222454f6a347e500c8d7b3ebb9d,6a8ae7907cc6948aaeaf68bddbadf07961711a4cc7e78bfd99128e2457f744a4,False,,data/NEU-CLS/train/train/images/patches_46.jpg,True,,development
data/NEU-CLS/train/train/images/patches_47.jpg,patches_47.jpg,patches,filename_prefix,.jpg,9480bc5ebd5e144c249be8f41e9cc08f11ceeb38b00f21c535e7f7d249ebfe6b,3dbfd3164d9946d38477a5c035d4ea9df37f32e2159bb68de6712a637503ccfc,False,,data/NEU-CLS/train/train/images/patches_47.jpg,True,,development
data/NEU-CLS/train/train/images/patches_48.jpg,patches_48.jpg,patches,filename_prefix,.jpg,0d04cbafb4f85f684c20c7c2121d29b89f259d1e90c7c35acc6178e86dc41833,a463ff2dd542ea51fd630ffe27fab4ecc39c476e673b89d8ba339315c06eb4fb,False,,data/NEU-CLS/train/train/images/patches_48.jpg,True,,development
data/NEU-CLS/train/train/images/patches_49.jpg,patches_49.jpg,patches,filename_prefix,.jpg,813fd3fe142c2c6a82a3c4d9f0752f7ea0a12e3c051fbc5c6e47417d3d097a1f,39032d6849255fccfb2530dbe652e1519000891a31136aefd02f7863c29e775a,False,,data/NEU-CLS/train/train/images/patches_49.jpg,True,,development
data/NEU-CLS/train/train/images/patches_50.jpg,patches_50.jpg,patches,filename_prefix,.jpg,bd1d51aab6e085e53bbd0511cccbeeebe4a410bbbf6fc2d06c87be776e8e2490,80cfa1240e0ab405fa7f70d9da05fcf773812b1a50a693c49da523733fe4f4d9,False,,data/NEU-CLS/train/train/images/patches_50.jpg,True,,development
data/NEU-CLS/train/train/images/patches_51.jpg,patches_51.jpg,patches,filename_prefix,.jpg,18d85c3b688f740fd42f09990f12327ad9d97238da066489ed8eb8ace4bad2b4,76c2ef967f18c73110c0eead767ca9d4321dbd0ba1791a486cfff32707b660ce,False,,data/NEU-CLS/train/train/images/patches_51.jpg,True,,test
data/NEU-CLS/train/train/images/patches_52.jpg,patches_52.jpg,patches,filename_prefix,.jpg,6c63d879043e0bf5a0e514c6205e15bb05cfe5932fb6e6e4e0cf35e899bf410d,0b8d12249e96510609be0a3639487a95288b122db52163e9bbfac63e4d0cc0e1,False,,data/NEU-CLS/train/train/images/patches_52.jpg,True,,development
data/NEU-CLS/train/train/images/patches_53.jpg,patches_53.jpg,patches,filename_prefix,.jpg,e6ae7b224dda86e2217a8ad3695a46a68ba5e0588ad3e535632fa8fab51b9482,df2991cbc2b516a53add013fbca28a115ece21bd06b114872b30da754c08458e,False,,data/NEU-CLS/train/train/images/patches_53.jpg,True,,development
data/NEU-CLS/train/train/images/patches_54.jpg,patches_54.jpg,patches,filename_prefix,.jpg,3917f309e0b449e00fb619f7f8e4cfa216181ff0a5fcd774b78b874847884760,898dc48e24e2429698bc32968802b17ce1f99d068463fb596f53cf203c8511ad,False,,data/NEU-CLS/train/train/images/patches_54.jpg,True,,development
data/NEU-CLS/train/train/images/patches_55.jpg,patches_55.jpg,patches,filename_prefix,.jpg,09e0a0eb4007c107add4c1826438419a80ee03a859cd9878964f6a1e2138d3b9,00e1a1db330350a84e9cbec8fd032ffa551e083420a3db30b89b0afcc098e459,False,,data/NEU-CLS/train/train/images/patches_55.jpg,True,,development
data/NEU-CLS/train/train/images/patches_56.jpg,patches_56.jpg,patches,filename_prefix,.jpg,2eb8a2241f30fe57dba0d3a3e399acdf081a7dc94722e6326defe7de8c28f384,a82d4ba1a0fab1bc9d05fc87a1b1c2580555bcd5f42ece4302caf46b50fe41e5,False,,data/NEU-CLS/train/train/images/patches_56.jpg,True,,development
data/NEU-CLS/train/train/images/patches_57.jpg,patches_57.jpg,patches,filename_prefix,.jpg,ad85bc58b5b85587725a3d43f80689aed3a6559750a9177ff7cae7424a5831e2,385bb02c248dadfeb2714e330b1cf3d00b9321727fe210d5418b3d7ba3ff2634,False,,data/NEU-CLS/train/train/images/patches_57.jpg,True,,development
data/NEU-CLS/train/train/images/patches_58.jpg,patches_58.jpg,patches,filename_prefix,.jpg,00b535f833b0da0a11d89737458d619d9cb2adcc6f0d0991d17194b3145ecbd0,dec65ff3a7483cadfd5f7bafe4e953ad3dbe95f99dbaf432429c9deae8817647,False,,data/NEU-CLS/train/train/images/patches_58.jpg,True,,development
data/NEU-CLS/train/train/images/patches_59.jpg,patches_59.jpg,patches,filename_prefix,.jpg,971381029c915999dd1f6c4773980467ec5188a0c662d438fcb98b8fd25fbff8,2ee7ebabe0e957e740d579a156e81fc84e619cd4947fccad313dd6aa5dcd8797,False,,data/NEU-CLS/train/train/images/patches_59.jpg,True,,development
data/NEU-CLS/train/train/images/patches_6.jpg,patches_6.jpg,patches,filename_prefix,.jpg,3292e041757d375f967dd817e9927477220057e29b61f514d3fba6e6bb867432,9cd549c2c8ee404305478c0e164cf6e4690de03ed86f59f0c940b0e13b17334b,False,,data/NEU-CLS/train/train/images/patches_6.jpg,True,,development
data/NEU-CLS/train/train/images/patches_60.jpg,patches_60.jpg,patches,filename_prefix,.jpg,1fc9b5946cfd859f68e4c41b2b75171e36db8f6a3ead99d45ac4db7f4548170a,c2ccbacadc7c8cf7447cf424a66415db32f8dea385c1b98c51bc2cb0b54de9a3,False,,data/NEU-CLS/train/train/images/patches_60.jpg,True,,test
data/NEU-CLS/train/train/images/patches_61.jpg,patches_61.jpg,patches,filename_prefix,.jpg,04fbf0f1dc088c1187e0c79ebec84cc1722cf47b27f2f1f6ae072e81c106e6b2,919791d78174465bd168c6d622a1ca6901ce9f6d9e7131c0b4561b54c55232bc,False,,data/NEU-CLS/train/train/images/patches_61.jpg,True,,development
data/NEU-CLS/train/train/images/patches_62.jpg,patches_62.jpg,patches,filename_prefix,.jpg,32817a5ff56d28a9ae23dfb54c66af057532e185301f6a9d220f26b39b69a436,60b1b1073143de711a17a329d2f8962b74fcb017b3404b4520836c3f507ffd23,False,,data/NEU-CLS/train/train/images/patches_62.jpg,True,,development
data/NEU-CLS/train/train/images/patches_63.jpg,patches_63.jpg,patches,filename_prefix,.jpg,f0f766eddccb3418241198b22811f720ac110e3dcc84802afa9ade0c7bd49ece,3f644c6f51af9aaf33170df797063894347d2f0ba2422c623eecb59994e0a689,False,,data/NEU-CLS/train/train/images/patches_63.jpg,True,,development
data/NEU-CLS/train/train/images/patches_64.jpg,patches_64.jpg,patches,filename_prefix,.jpg,75ac452389f59bd725c6bf68f4521ba1471a556d30adbcfb5b29d1fa64fe023e,83251c79be019e12f8d8dbf8927ebfacd941313ce0a31f00ed7010f45bffb6d5,False,,data/NEU-CLS/train/train/images/patches_64.jpg,True,,development
data/NEU-CLS/train/train/images/patches_65.jpg,patches_65.jpg,patches,filename_prefix,.jpg,9bc86e5dba604d4f670bd6eb4517e936549eedf56e598af740845de5c7dd306f,eaa31bc6efcff19ede3bd44c867a4f23cd8421609be79f178b1745cef9701ed3,False,,data/NEU-CLS/train/train/images/patches_65.jpg,True,,development
data/NEU-CLS/train/train/images/patches_66.jpg,patches_66.jpg,patches,filename_prefix,.jpg,c8f5da2d277d603369ac8288683add214cb7976ab9d2b05cfce59cbabe8a54f9,2f6bd7a3d49b09230a2298b4baa971566bc06f98c2412d59a136039fc82fc251,False,,data/NEU-CLS/train/train/images/patches_66.jpg,True,,development
data/NEU-CLS/train/train/images/patches_67.jpg,patches_67.jpg,patches,filename_prefix,.jpg,65273259d3645fe141523228332b96bcc3b5a14a053204a4043287970f7a3b4d,226f7fd7fc6e45deb7b6c40bfff4d9ac7607db549dc91caafdee0e2f9f391a00,False,,data/NEU-CLS/train/train/images/patches_67.jpg,True,,development
data/NEU-CLS/train/train/images/patches_68.jpg,patches_68.jpg,patches,filename_prefix,.jpg,b321a0330bef26b422cb79a39196151b783bc28760ecc1dbe3f9efcf5d51b69d,3e5f389d157991c270228cf9dd009f5fcf95f59fcdb05fefddb1049e5155a7a9,False,,data/NEU-CLS/train/train/images/patches_68.jpg,True,,development
data/NEU-CLS/train/train/images/patches_69.jpg,patches_69.jpg,patches,filename_prefix,.jpg,cb53b10f2f667f4e050dabad2aafb14e1cb930abc6618f4ec52cfca6fb615901,f945605007e9f331aacdfe016a80d16740e7f599ad3141cf8cf6fa91293df67a,False,,data/NEU-CLS/train/train/images/patches_69.jpg,True,,development
data/NEU-CLS/train/train/images/patches_7.jpg,patches_7.jpg,patches,filename_prefix,.jpg,45b4388e53fc01bd3c4a19b6febf047e0741c9ff5b592014978666c73df072ee,fdce9b435496385552e415074a616c4423483b844fb48b26d19c5ce1c9dd9a3c,False,,data/NEU-CLS/train/train/images/patches_7.jpg,True,,development
data/NEU-CLS/train/train/images/patches_70.jpg,patches_70.jpg,patches,filename_prefix,.jpg,3c7de7e24fbb1a48d6a302b7f81a1939560708b244193706851e985daa27cfe8,7fd3025095ae426eb6565fd3280430111a236ba48f01d1317f66e292b2a92bf5,False,,data/NEU-CLS/train/train/images/patches_70.jpg,True,,development
data/NEU-CLS/train/train/images/patches_71.jpg,patches_71.jpg,patches,filename_prefix,.jpg,260ebd8bea08ad0fff2b1aaf6d1353f474112c294438f3ced6bdbf5179393475,8954592b3eb19092c8831cb5a5f7b317021ea9d287573dfcd1b2c3fff7b3c89d,False,,data/NEU-CLS/train/train/images/patches_71.jpg,True,,development
data/NEU-CLS/train/train/images/patches_72.jpg,patches_72.jpg,patches,filename_prefix,.jpg,6d6bed66ce3e74b682388888f50979c7ab563fdd636651b1e3b16ee4d3be34e7,d6bc192c68106941161a0a08ad483d67401125d94f6730094c2db3f4ebb29cd3,False,,data/NEU-CLS/train/train/images/patches_72.jpg,True,,development
data/NEU-CLS/train/train/images/patches_73.jpg,patches_73.jpg,patches,filename_prefix,.jpg,d9be27423d716b677d8a2bbcbc025bb34a076e172622a595a093e074bdcf925b,bf58acd3fa375d482da07413f952f3107025680138284d04b60c419827aa4ac0,False,,data/NEU-CLS/train/train/images/patches_73.jpg,True,,test
data/NEU-CLS/train/train/images/patches_74.jpg,patches_74.jpg,patches,filename_prefix,.jpg,83e61428e26252fe1f9d4c8d2f0f88b192744a8ff274501b9a27ab5c3444ba09,2de0efc279c81162e8a69c7266ee371c2ea04a4b66532251ab0d81f4bd3853cb,False,,data/NEU-CLS/train/train/images/patches_74.jpg,True,,development
data/NEU-CLS/train/train/images/patches_75.jpg,patches_75.jpg,patches,filename_prefix,.jpg,4182308eccb755fbd7d58861f8662bc6e07234a5894e5dbf7c05fb3fe273e11c,9be524c07962db12a400b21b41b2bc41ad538af9c34f0cff19b4fbb3d11956d9,False,,data/NEU-CLS/train/train/images/patches_75.jpg,True,,development
data/NEU-CLS/train/train/images/patches_76.jpg,patches_76.jpg,patches,filename_prefix,.jpg,330bdf47b236f1e6f798999556beeb3325c19fffddd8173ef8aa9941f0af86ac,04feda21a91e9d934c7d8202c748709f8e2934addbb35a386ff590114d9ee57f,False,,data/NEU-CLS/train/train/images/patches_76.jpg,True,,development
data/NEU-CLS/train/train/images/patches_77.jpg,patches_77.jpg,patches,filename_prefix,.jpg,916ccd6be14fd6c8677038281576b6ac0910f5a71f5db3b860e44e06d5edcdb6,b5b023fc82efa3bb8811b7743370a9ec1860f58c440c768592d8c372e35cc0e8,False,,data/NEU-CLS/train/train/images/patches_77.jpg,True,,development
data/NEU-CLS/train/train/images/patches_78.jpg,patches_78.jpg,patches,filename_prefix,.jpg,e13974fc75cf9fc1af00d028e2a7d7a8f79c4b41ead19a3d64242daf2946d941,ccdcf89957f2e62a44fe8d81f7d08ec8944c444c2956fe5a3cc31b150377b21e,False,,data/NEU-CLS/train/train/images/patches_78.jpg,True,,development
data/NEU-CLS/train/train/images/patches_79.jpg,patches_79.jpg,patches,filename_prefix,.jpg,a067a12a0a6c2211bfb7a6f65a107bc5c247a47f420208d4504f14d68d456aef,132034e98dc7b8c48262ab1de76f718cec123294d0361c3b91269b6c6106ea6c,False,,data/NEU-CLS/train/train/images/patches_79.jpg,True,,test
data/NEU-CLS/train/train/images/patches_8.jpg,patches_8.jpg,patches,filename_prefix,.jpg,9de6dd8f908d03729a7030de8584eb3018c5509b1fabda27e9312b1cec901cb7,5bd1c1a31bac432f8f0826a1897be115731863efc6109f87f6f11fc6715b74c6,False,,data/NEU-CLS/train/train/images/patches_8.jpg,True,,development
data/NEU-CLS/train/train/images/patches_80.jpg,patches_80.jpg,patches,filename_prefix,.jpg,31fe70de9d9bd5a348f84e7523682106f3cbac1a8fe2603421ae4792c98f1623,a54ade040b7f8ad14fbd4536e53d93f4904764d24ad78c28562eb6e0caf2247d,False,,data/NEU-CLS/train/train/images/patches_80.jpg,True,,development
data/NEU-CLS/train/train/images/patches_81.jpg,patches_81.jpg,patches,filename_prefix,.jpg,166d260252071650251d0a7ae8ba380fc33005e882799871fe60074b61da1e30,674066160d8b31c2afcfa1b2a21f46783562c5a83a555a478648c5081dfeee92,False,,data/NEU-CLS/train/train/images/patches_81.jpg,True,,test
data/NEU-CLS/train/train/images/patches_82.jpg,patches_82.jpg,patches,filename_prefix,.jpg,ef939b0e5fde664b7e4f703004b2227c81800c99aec3ac64aa97b26ee2f12664,d8e706a7190f1156ae0362b35613acf8f0382fb37be6a121786ec414585932df,False,,data/NEU-CLS/train/train/images/patches_82.jpg,True,,test
data/NEU-CLS/train/train/images/patches_83.jpg,patches_83.jpg,patches,filename_prefix,.jpg,bff8b23555a6654dd5a240992aee08df5e9b3fe8c688fefa37cf17bc9c2b6a3f,90b8e1684062cd34277b9ac7b07a729aa162c4cb56ed79d4d1986ed3d002e4c2,False,,data/NEU-CLS/train/train/images/patches_83.jpg,True,,development
data/NEU-CLS/train/train/images/patches_84.jpg,patches_84.jpg,patches,filename_prefix,.jpg,d0af1504ae045b785a8bfba9ede764ad8cb37122b544979d88beec7e82ce1819,1eb6c7823cda2d538bdac15d055ab38c15985232219450e6f565f35d5e3cd345,False,,data/NEU-CLS/train/train/images/patches_84.jpg,True,,development
data/NEU-CLS/train/train/images/patches_85.jpg,patches_85.jpg,patches,filename_prefix,.jpg,763fb3e085fc251574ac8c8891df7fc1df858adef7bf6af4533e4b8b052c628a,352c5b6cbb48c6ac5bda5cae77b245af10730e2bb661473305d04113bbd258ae,False,,data/NEU-CLS/train/train/images/patches_85.jpg,True,,test
data/NEU-CLS/train/train/images/patches_86.jpg,patches_86.jpg,patches,filename_prefix,.jpg,2d3a44b12063dccbfb06c6efff8687bd7223450399e00c1ddcdaa8898699034f,92ef3ad7dc5fca815caf211dd1d833ecc644df4ed70cfbd1a4c30c50bfd1a9dc,False,,data/NEU-CLS/train/train/images/patches_86.jpg,True,,development
data/NEU-CLS/train/train/images/patches_87.jpg,patches_87.jpg,patches,filename_prefix,.jpg,1e5af4ebaacd3bcaf9f1cdb5c446052192c78a2d6a5552d530a1187930e58d76,e5ba45f093bfb0fd0be7441e2da9a9f8441dd23989c71a13864a113ff37461b2,False,,data/NEU-CLS/train/train/images/patches_87.jpg,True,,test
data/NEU-CLS/train/train/images/patches_88.jpg,patches_88.jpg,patches,filename_prefix,.jpg,611437ac025ff97ed6aa321aa504daee4f400921a1149a6ccc9eafe7e227ce29,f687fab82840ec20c59e9fbb5df500d6535c3f665eb5cc78be23bd930cdcb01e,False,,data/NEU-CLS/train/train/images/patches_88.jpg,True,,development
data/NEU-CLS/train/train/images/patches_89.jpg,patches_89.jpg,patches,filename_prefix,.jpg,9d66c91aec906d8be6a0296ffd1fb2fb337b6804bf684adce43229bdd664570c,4eadf1871512c537c2800d7dd6144b7a91e797c39f6d1116f8bcd9a711b40b7b,False,,data/NEU-CLS/train/train/images/patches_89.jpg,True,,development
data/NEU-CLS/train/train/images/patches_9.jpg,patches_9.jpg,patches,filename_prefix,.jpg,48158c47d557ab7b499a34dbc2ba4955754a2235db290c5cc3c4a1266111494a,8901f9fdf4ce0d7d570551f6eaf6ffade15ad6b9f3251110bd35037df67ba4bd,False,,data/NEU-CLS/train/train/images/patches_9.jpg,True,,development
data/NEU-CLS/train/train/images/patches_90.jpg,patches_90.jpg,patches,filename_prefix,.jpg,65704f810f46a2dd58e1ff24c78f75e2c46678266e1f76b927da7a340f24eff8,e3d81d36fc05d5b3a91b713e0ee3822461640a9fe43c12645e48de254a0fb865,False,,data/NEU-CLS/train/train/images/patches_90.jpg,True,,development
data/NEU-CLS/train/train/images/patches_91.jpg,patches_91.jpg,patches,filename_prefix,.jpg,1443c2233065e7d99f7e24135b088e762f5ce1c09ac2662dbd2cb650490023d7,50b6a8ba345f15fa59ecee128d5588601547f69bec73f11310fa6826b1b8e915,False,,data/NEU-CLS/train/train/images/patches_91.jpg,True,,test
data/NEU-CLS/train/train/images/patches_92.jpg,patches_92.jpg,patches,filename_prefix,.jpg,8b3a734f92577c089878018dcf563cfd73eb93fe0c2c3e4be60749f4c3d29dfd,3b5c8ed9472ed725cd0da37c564d36ddd4b4b554aafc48605e8d003759f7cbb7,False,,data/NEU-CLS/train/train/images/patches_92.jpg,True,,test
data/NEU-CLS/train/train/images/patches_93.jpg,patches_93.jpg,patches,filename_prefix,.jpg,1a7d1dbbb35ef9f8e44672cac1cf2018b00f61fd7547c3bd0283c7336fc7d9f7,fa05b2e696a64b840b3c702bb2b8ad774d031520a9773fff4794132ad2fbef0f,False,,data/NEU-CLS/train/train/images/patches_93.jpg,True,,development
data/NEU-CLS/train/train/images/patches_94.jpg,patches_94.jpg,patches,filename_prefix,.jpg,be4e2ca0cad95d9dc7effb02b1a10318235767391674217a8b59437730708ea6,2766a9fa1e80af7945c50db2f1be65b8dfcf2713a0068ef26be92aab8adbf4e5,False,,data/NEU-CLS/train/train/images/patches_94.jpg,True,,development
data/NEU-CLS/train/train/images/patches_95.jpg,patches_95.jpg,patches,filename_prefix,.jpg,88c7fb7274a3d5d18a71143bb3c9fdc6acd0217d715300bd9195ce8eaf85874e,6ec2aa5ecfe517c431e758a199c2d41c0afef85f3765d31361b4b329695aae49,False,,data/NEU-CLS/train/train/images/patches_95.jpg,True,,development
data/NEU-CLS/train/train/images/patches_96.jpg,patches_96.jpg,patches,filename_prefix,.jpg,25744eeaf0aac9ecd72d030ca47085843891b2d6e3b1c0971f02bd0eb43b6ba3,f588000c976d67356043359475951ea59ddaedf1ecb52701eb8c5d906ae62cfa,False,,data/NEU-CLS/train/train/images/patches_96.jpg,True,,development
data/NEU-CLS/train/train/images/patches_97.jpg,patches_97.jpg,patches,filename_prefix,.jpg,9c08845910fa4492a657eaacb89a80890fd83010e79c94223dc38a6f4d6534b4,231cb1fde1b35788f4a7b3702d10b1f16f2c2815bb99489c90f3309d1353a912,False,,data/NEU-CLS/train/train/images/patches_97.jpg,True,,test
data/NEU-CLS/train/train/images/patches_98.jpg,patches_98.jpg,patches,filename_prefix,.jpg,e366ca0d4ab2d15235a71ada431c48963cbac46c44d730364afd6413648c7edf,99badea41e78f197112b37c9bb0a15d85d8c1f7569f65ee71426e4c78d181569,False,,data/NEU-CLS/train/train/images/patches_98.jpg,True,,development
data/NEU-CLS/train/train/images/patches_99.jpg,patches_99.jpg,patches,filename_prefix,.jpg,032e85df219d8d28b260d21b4171114711cab98cf525b8f61d832efd483723dc,15f0f48a2cdfe517fce5af772b0d04449e4d8de41ef0b97d2d587afb240234a1,False,,data/NEU-CLS/train/train/images/patches_99.jpg,True,,development
data/NEU-CLS/train/train/images/pitted_surface_10.jpg,pitted_surface_10.jpg,pitted_surface,filename_prefix,.jpg,bd2c587072010df78e39b36790392ad28b6a0353b8d78a10afa56a25998a515c,1617bb890e08f922f77bc148077f03b4107c52e7a409e80092d4e76eab75e1be,False,,data/NEU-CLS/train/train/images/pitted_surface_10.jpg,True,,test
data/NEU-CLS/train/train/images/pitted_surface_100.jpg,pitted_surface_100.jpg,pitted_surface,filename_prefix,.jpg,df878735886705a5cf3e8d4024cd8d2729fd16cbb8696a289a7252b1854e7f0a,46f59ee3b789aba55203398141f1c2e5c823f9b30c11754e5f0035d4a7c7767e,False,,data/NEU-CLS/train/train/images/pitted_surface_100.jpg,True,,development
data/NEU-CLS/train/train/images/pitted_surface_101.jpg,pitted_surface_101.jpg,pitted_surface,filename_prefix,.jpg,7df40e532413e8125e874e0d93467862e9b2aeba436d7e78f9fb93419e68a6eb,b9ee6914a47220429ce7cbbaf5dc4bd4d0067632adb22fc3153eafd777caee92,False,,data/NEU-CLS/train/train/images/pitted_surface_101.jpg,True,,development
data/NEU-CLS/train/train/images/pitted_surface_102.jpg,pitted_surface_102.jpg,pitted_surface,filename_prefix,.jpg,04cb6afe5cb2b4026f4546a742fb8d19840269e963a684d30c7ab54e576800e4,01dfce56db524e1ced0e19778b03a4e01fe3ec34d89ba060daa112cb6035c477,False,,data/NEU-CLS/train/train/images/pitted_surface_102.jpg,True,,test
data/NEU-CLS/train/train/images/pitted_surface_103.jpg,pitted_surface_103.jpg,pitted_surface,filename_prefix,.jpg,18a3a8a97ca9bb7b323dbba23ad48f391793626f8e1508b132ea3587e125a730,632d211325e529d91c9ba4dc29189a9effb8f7355b75b45da72623399a60cde0,False,,data/NEU-CLS/train/train/images/pitted_surface_103.jpg,True,,test
data/NEU-CLS/train/train/images/pitted_surface_104.jpg,pitted_surface_104.jpg,pitted_surface,filename_prefix,.jpg,38fd5d9f816505acfbdc0bd52255fc6a0a50db2b408fd42aa8b0384115fefe81,c54829f881199eb527001a329b8fec5107fcf7b57822b14bc432af205e2750d5,False,,data/NEU-CLS/train/train/images/pitted_surface_104.jpg,True,,test
data/NEU-CLS/train/train/images/pitted_surface_105.jpg,pitted_surface_105.jpg,pitted_surface,filename_prefix,.jpg,dff0501d7a09a474271930b63e051e3a15613ab10d169c39d6c0453de23b3a59,51cdc6bb6ef0c766899fb7eae5e4833cd42f04d3431a5cad00b48fd33149f96c,False,,data/NEU-CLS/train/train/images/pitted_surface_105.jpg,True,,development
data/NEU-CLS/train/train/images/pitted_surface_106.jpg,pitted_surface_106.jpg,pitted_surface,filename_prefix,.jpg,d0809bf74c816873f48e5690a3d7edb590821f7f7294594af6b29100066fc76f,5ee4d34ec0c52e7e4b261c0669e314e693eb815f77748cd1413c85cae3b43b7b,False,,data/NEU-CLS/train/train/images/pitted_surface_106.jpg,True,,development
data/NEU-CLS/train/train/images/pitted_surface_107.jpg,pitted_surface_107.jpg,pitted_surface,filename_prefix,.jpg,a1f9797208b18976c3ac2d9c80c9783dc747a812c47a40f1b6d72d92d78abf8c,619ee0f91db4d0700816cad95ef3bec69a1dd7b7ac11f3bf04c34c0d7bc8328a,False,,data/NEU-CLS/train/train/images/pitted_surface_107.jpg,True,,development
data/NEU-CLS/train/train/images/pitted_surface_108.jpg,pitted_surface_108.jpg,pitted_surface,filename_prefix,.jpg,78a9395980390808492e802391815b49696c0fd0bc8ed2e2315e82f64b3a27d3,9b65695ce37795a08fdd2fd0b378b0004ddd1e5c266d649a20b4bf3b8af7ae6b,False,,data/NEU-CLS/train/train/images/pitted_surface_108.jpg,True,,test
data/NEU-CLS/train/train/images/pitted_surface_109.jpg,pitted_surface_109.jpg,pitted_surface,filename_prefix,.jpg,dffb4f12feb3be5600277854c58ffe6b1579a5575a1d570838b0991280936c3d,762c15b3283a7ccdb2ba46c9c594d41355ff4511670b32d2c499a354dc81d819,False,,data/NEU-CLS/train/train/images/pitted_surface_109.jpg,True,,development
data/NEU-CLS/train/train/images/pitted_surface_11.jpg,pitted_surface_11.jpg,pitted_surface,filename_prefix,.jpg,64dbfff0db96f94c0b52a4354c93b6196df3e5bb962e22116988d5e0b0eae195,fea70e76d28995e8e1d6381a597c2412939c2d1acef4a08d4792a5812744585d,False,,data/NEU-CLS/train/train/images/pitted_surface_11.jpg,True,,development
data/NEU-CLS/train/train/images/pitted_surface_110.jpg,pitted_surface_110.jpg,pitted_surface,filename_prefix,.jpg,603b67f60855f5e5b99be81814987015fc24d8573390ea3995ac316e3739f43c,ec5dc4e1ed6f2abbb1211ef43c2b852e94bd97e11b05c54fa7997fa9939b455f,False,,data/NEU-CLS/train/train/images/pitted_surface_110.jpg,True,,test
data/NEU-CLS/train/train/images/pitted_surface_111.jpg,pitted_surface_111.jpg,pitted_surface,filename_prefix,.jpg,08a6412fd55add10e1547133fde43b852ba20c4ddac317c950ffa05b2647c10d,aafea7f39c6349abceb1407882e225c46f19bf6708d8a0875928e8c53cbe28df,False,,data/NEU-CLS/train/train/images/pitted_surface_111.jpg,True,,development
data/NEU-CLS/train/train/images/pitted_surface_112.jpg,pitted_surface_112.jpg,pitted_surface,filename_prefix,.jpg,0c88b32244e8952c33367fbc895808513e4c7fc2396579ec0eb8a298777d5d2d,707108f14a8d5fd5ebef64b22a4841579fc697d1aa40189d28e0f4b91d83ea0f,False,,data/NEU-CLS/train/train/images/pitted_surface_112.jpg,True,,development
data/NEU-CLS/train/train/images/pitted_surface_113.jpg,pitted_surface_113.jpg,pitted_surface,filename_prefix,.jpg,85988f6cae7b26bbb95668ae57ba731cd733d700631f1072a41a1c511c7b133b,2ea0c0da3ee1d0e1ab49e0dfe7286275d9b3a1d36839716eb257b0aa1c425f4b,False,,data/NEU-CLS/train/train/images/pitted_surface_113.jpg,True,,development
data/NEU-CLS/train/train/images/pitted_surface_114.jpg,pitted_surface_114.jpg,pitted_surface,filename_prefix,.jpg,f3baaa7f791f671bad4dd95f528746aaf40e677b8b5a371bc9e954559c5e1c13,c1d57a197da9f4eaca56e81d1f8121ce044a8b7774b85b8b25ae45e4829dc1b1,False,,data/NEU-CLS/train/train/images/pitted_surface_114.jpg,True,,development
data/NEU-CLS/train/train/images/pitted_surface_115.jpg,pitted_surface_115.jpg,pitted_surface,filename_prefix,.jpg,f1bc1a620c2c46140f68b20fd1d74d1d6f16f0317f9c052ead9c4291550bed3e,447b182467695a9583591cea0b456037992900a671c74b2e3ccaa30f474cdd04,False,,data/NEU-CLS/train/train/images/pitted_surface_115.jpg,True,,development
data/NEU-CLS/train/train/images/pitted_surface_116.jpg,pitted_surface_116.jpg,pitted_surface,filename_prefix,.jpg,65e9f60b8ed02f4891ae1b7759c57aa2295a67d5d8008aece4dfe6a925dc8c28,8b9622df4570165e8fb4ed1abe2ea26695fe99298bfafc0237c5767e90e5a5ff,False,,data/NEU-CLS/train/train/images/pitted_surface_116.jpg,True,,development
data/NEU-CLS/train/train/images/pitted_surface_117.jpg,pitted_surface_117.jpg,pitted_surface,filename_prefix,.jpg,0ba87e5908b2d654e157dee81160a2f5a711d6b631c9a95f65203c1d39a02998,cd46fb5cc6e0d259d172fc43e258a27a675015c9f28a05c8f5a37aeacd3235f2,False,,data/NEU-CLS/train/train/images/pitted_surface_117.jpg,True,,test
data/NEU-CLS/train/train/images/pitted_surface_118.jpg,pitted_surface_118.jpg,pitted_surface,filename_prefix,.jpg,8fcda1c9f6a355a80e5411b5f88edbaf3069161bcba432fd9e4a529585d6156a,cc62cb3a7e0f2e4b4f8a6dcd2547613389a475c1b4f580fcd8bcbf2ca32a2de9,False,,data/NEU-CLS/train/train/images/pitted_surface_118.jpg,True,,development
data/NEU-CLS/train/train/images/pitted_surface_119.jpg,pitted_surface_119.jpg,pitted_surface,filename_prefix,.jpg,22b00840d783585bee690a1be5e7ac194a8fa627e25573252cfff23002ea3444,8f1bdb310aa22789a371162f5903fcab6e59eb2adb25e45a59161bba679f0dc6,False,,data/NEU-CLS/train/train/images/pitted_surface_119.jpg,True,,development
data/NEU-CLS/train/train/images/pitted_surface_12.jpg,pitted_surface_12.jpg,pitted_surface,filename_prefix,.jpg,0c0f06d3952f180bb6723d619b50a5ff1c676fe14bfffe037397019f92e4b71e,3ad0773f311eefea93e0ca89cee3671124b0ad9b9a85e6d8b2d0ffad2b2500a3,False,,data/NEU-CLS/train/train/images/pitted_surface_12.jpg,True,,development
data/NEU-CLS/train/train/images/pitted_surface_120.jpg,pitted_surface_120.jpg,pitted_surface,filename_prefix,.jpg,297ec1a0a369123845e17c413587e5ca71563008ceb91c5355162f3b9d7c5938,fa2c05aa355449117023c63f37f4487dfe75b627ba2d94f308463cdf3a5c63f4,False,,data/NEU-CLS/train/train/images/pitted_surface_120.jpg,True,,development
data/NEU-CLS/train/train/images/pitted_surface_121.jpg,pitted_surface_121.jpg,pitted_surface,filename_prefix,.jpg,edf9240aa7fe76ecfc0384e64000c24d59e38cbeab699f7c3a80bc908f5564a9,a660e1d56fdeeb38f023485848b2b6d0e5934094eacbbd09dda6c3d894df8683,False,,data/NEU-CLS/train/train/images/pitted_surface_121.jpg,True,,development
data/NEU-CLS/train/train/images/pitted_surface_122.jpg,pitted_surface_122.jpg,pitted_surface,filename_prefix,.jpg,5934e4cc5c6bbadc1cea805fe707cbf4180c0b7a1cf341cf79c6788ab87c7bf2,978afdb28d0155b35d147af5a2e2852a449e233ed82761a91b767ee6fea44470,False,,data/NEU-CLS/train/train/images/pitted_surface_122.jpg,True,,test
data/NEU-CLS/train/train/images/pitted_surface_123.jpg,pitted_surface_123.jpg,pitted_surface,filename_prefix,.jpg,cc953c4f1eac4e85ceef824bc68763ce0ab18af51799b5a19a0e258b868c6b62,1d5641a288b1beb8616a882e1618766b2cae0d161f0a7541d6e9da57630865e7,False,,data/NEU-CLS/train/train/images/pitted_surface_123.jpg,True,,development
data/NEU-CLS/train/train/images/pitted_surface_124.jpg,pitted_surface_124.jpg,pitted_surface,filename_prefix,.jpg,dac1e12ff8fd41f06d5275d1244f7c5b67c98d14bc3b053da947f94cdd76ac90,385ece6bd2b716494555416342b0643281e00bf531674ff66df4efa5b12fa1ff,False,,data/NEU-CLS/train/train/images/pitted_surface_124.jpg,True,,development
data/NEU-CLS/train/train/images/pitted_surface_125.jpg,pitted_surface_125.jpg,pitted_surface,filename_prefix,.jpg,a55b9e4172cde4c6441feb878a394c202b269bda1e9f4a7a61b41da7ac4fe85d,ab6a673c82a97f8ce2f305f4e7ec6bad8788bba4fd912211607cec5792b446eb,False,,data/NEU-CLS/train/train/images/pitted_surface_125.jpg,True,,development
data/NEU-CLS/train/train/images/pitted_surface_126.jpg,pitted_surface_126.jpg,pitted_surface,filename_prefix,.jpg,51179378d603a639c6a7158107977d2e58c7072c1be248366f3debde1b5066cc,7a8d7214a9c466745af834af57d134eed0457b72fb3b4a717ebd94a50333e0c6,False,,data/NEU-CLS/train/train/images/pitted_surface_126.jpg,True,,development
data/NEU-CLS/train/train/images/pitted_surface_127.jpg,pitted_surface_127.jpg,pitted_surface,filename_prefix,.jpg,f3e3485b985b6fc1bb6dd33232cd7140f25afc90fc8d3e3ac83d81571d847520,a0a4256fd1df222d7267455d711311edcb86df5a3b8613dfc405b0428ec7c068,False,,data/NEU-CLS/train/train/images/pitted_surface_127.jpg,True,,test
data/NEU-CLS/train/train/images/pitted_surface_128.jpg,pitted_surface_128.jpg,pitted_surface,filename_prefix,.jpg,11cad42985c50774cdfc37f6f91f625e86c73c8f10563c15a0e8bf73130ce945,bf30fcc539f9df81eff2d2734684afc0128385cdf4cb930b8da3be7bd071c2cf,False,,data/NEU-CLS/train/train/images/pitted_surface_128.jpg,True,,development
data/NEU-CLS/train/train/images/pitted_surface_129.jpg,pitted_surface_129.jpg,pitted_surface,filename_prefix,.jpg,970f912b65572015c6be924332a361bc9033bbed55f7cfba4c9c48151b93cb3c,0983e9055f5337ea3d6896da20558c18ed0acf51b88f6d779ed09d4ed1115cdd,False,,data/NEU-CLS/train/train/images/pitted_surface_129.jpg,True,,development
data/NEU-CLS/train/train/images/pitted_surface_13.jpg,pitted_surface_13.jpg,pitted_surface,filename_prefix,.jpg,c58dcd3efefdf6a427b95b49035a7b40e952c63be773efd56bdc2163a4db5679,172e74c0ec972a6cfbe8472e925e9f041bb09429d0fec4776fb1fc706923a0ae,False,,data/NEU-CLS/train/train/images/pitted_surface_13.jpg,True,,development
data/NEU-CLS/train/train/images/pitted_surface_130.jpg,pitted_surface_130.jpg,pitted_surface,filename_prefix,.jpg,0d4d2589783dbf9ac9c1650c0134d14bac51c6e2f1e5308a82e8c4a132d83ec2,6eb943008f6c68fd99c988db2100f553c9d7b6541833b23923346623e2ebef5b,False,,data/NEU-CLS/train/train/images/pitted_surface_130.jpg,True,,development
data/NEU-CLS/train/train/images/pitted_surface_131.jpg,pitted_surface_131.jpg,pitted_surface,filename_prefix,.jpg,0a83aa10ba7b994ff4f43e7a2253b1085ff9837f7879136edd37886a6cf16f23,9a87fb3be90450dd6014000648bc47df5266128fe581faaef0dac4c05dd3281c,False,,data/NEU-CLS/train/train/images/pitted_surface_131.jpg,True,,test
data/NEU-CLS/train/train/images/pitted_surface_132.jpg,pitted_surface_132.jpg,pitted_surface,filename_prefix,.jpg,5f7a8aff9dc8874ed44837c96fdff07bb59e12d7db218ba92f46a9cf1017c570,d518727e822d63b2e5a463a60b389a5578571c496defe269d286845cdbf239ad,False,,data/NEU-CLS/train/train/images/pitted_surface_132.jpg,True,,development
data/NEU-CLS/train/train/images/pitted_surface_133.jpg,pitted_surface_133.jpg,pitted_surface,filename_prefix,.jpg,8d13fd79bbee3c0bce2ad1a50c361e50c172f7e59dfe26eeb5f41b25b096fb20,b107f681940103a367537ca5eeb6f5621b43f9beea92f986e9a955ba2dcd707a,False,,data/NEU-CLS/train/train/images/pitted_surface_133.jpg,True,,test
data/NEU-CLS/train/train/images/pitted_surface_134.jpg,pitted_surface_134.jpg,pitted_surface,filename_prefix,.jpg,4e77b73c0c3869eb8b9a94495c6296374f79976bfc68c2c83874e19371558831,9fe781017bc451c12f29634faa34711fe98a09d6da67e0775db0c00ad60ff409,False,,data/NEU-CLS/train/train/images/pitted_surface_134.jpg,True,,development
data/NEU-CLS/train/train/images/pitted_surface_135.jpg,pitted_surface_135.jpg,pitted_surface,filename_prefix,.jpg,edfbf2614088b45c122de369f0ede6d4cf513b2dbb5e0a2aedc37e912d2ca15e,37b6bde83c80fea51d215cade6f48756070d10915bc63a7ee66745294db9e421,False,,data/NEU-CLS/train/train/images/pitted_surface_135.jpg,True,,test
data/NEU-CLS/train/train/images/pitted_surface_136.jpg,pitted_surface_136.jpg,pitted_surface,filename_prefix,.jpg,be2dd28519b9d2e35420dab94db63adb8f1a0f5ff3012a75f69ef770c1b9e2c4,092c0e44ca568a292e645f778f2e1473518301b24490675dc68c3dbf3ec800ab,False,,data/NEU-CLS/train/train/images/pitted_surface_136.jpg,True,,development
data/NEU-CLS/train/train/images/pitted_surface_137.jpg,pitted_surface_137.jpg,pitted_surface,filename_prefix,.jpg,db701df4413c5913f0f67f7374ffe50b52931b46afe0cf9a276df742983e44b6,ca58a1f2d2a62c089df1d2295949e2d5eba38893918915cbdc649281fed41228,False,,data/NEU-CLS/train/train/images/pitted_surface_137.jpg,True,,development
data/NEU-CLS/train/train/images/pitted_surface_138.jpg,pitted_surface_138.jpg,pitted_surface,filename_prefix,.jpg,bec8cea242698b86eb179223494c7dba93a12e6e92c673623ce2148edc628b47,7e8f913f067ffd74c18534e20aa39e8fb01f7f53f4f651b04ccb1f7d16a60d11,False,,data/NEU-CLS/train/train/images/pitted_surface_138.jpg,True,,development
data/NEU-CLS/train/train/images/pitted_surface_139.jpg,pitted_surface_139.jpg,pitted_surface,filename_prefix,.jpg,3959b69b3cb5d73ca2aeacda703c42b34af2be1c3aacd59c9712de88c54c9e8c,dd445023a7e5e2132f08ccd582fb3d9d31598e41b6622b7366e0ede4347cafe2,False,,data/NEU-CLS/train/train/images/pitted_surface_139.jpg,True,,development
data/NEU-CLS/train/train/images/pitted_surface_14.jpg,pitted_surface_14.jpg,pitted_surface,filename_prefix,.jpg,7898fe4fe87f61985faeff0c20476488180dca9545e324ce3710c8ac95d084f9,25e9207a37bf2f8d83ab839d1543cc026cb8db692403dd99d61893968a3baae4,False,,data/NEU-CLS/train/train/images/pitted_surface_14.jpg,True,,development
data/NEU-CLS/train/train/images/pitted_surface_140.jpg,pitted_surface_140.jpg,pitted_surface,filename_prefix,.jpg,b81cccbe01de965e89e23fee0630c23ffca236c2bd7b4a0bca2f5cb45817d1de,b1449693ec76747928232574425a8a5eb3f5ca72ea698aa95b3cf3c14ac6d6ce,False,,data/NEU-CLS/train/train/images/pitted_surface_140.jpg,True,,development
data/NEU-CLS/train/train/images/pitted_surface_141.jpg,pitted_surface_141.jpg,pitted_surface,filename_prefix,.jpg,d2ac0749d95210cdfddadfd8a28dae8a6b9ac7d1520daa2c9367b9a27648441d,8769e33fae9b2d085a70f59604dcec68eb98dd5db5f999f30c23b5c8b9ea441e,False,,data/NEU-CLS/train/train/images/pitted_surface_141.jpg,True,,test
data/NEU-CLS/train/train/images/pitted_surface_142.jpg,pitted_surface_142.jpg,pitted_surface,filename_prefix,.jpg,1aebf4e22b9afea31144533fda985009b887172939f45d20ac027be24fe0abef,93f47e47b11ed3aa58a35f86c479a74fcd46daaeb8bcb2e14360c33eb46457ed,False,,data/NEU-CLS/train/train/images/pitted_surface_142.jpg,True,,development
data/NEU-CLS/train/train/images/pitted_surface_143.jpg,pitted_surface_143.jpg,pitted_surface,filename_prefix,.jpg,11989cce1e1ca2509772e88844ec32fb659d1a7a3fcb7e5ce9bf04e78f442fb6,46bfebd3aab8a0ccbfa55a7ef3dfbc2b41a9aa414ba84720d715bf4abd57355c,False,,data/NEU-CLS/train/train/images/pitted_surface_143.jpg,True,,development
data/NEU-CLS/train/train/images/pitted_surface_144.jpg,pitted_surface_144.jpg,pitted_surface,filename_prefix,.jpg,195f74c60474e1d873462ca82185a1909911b4e273dcd393514623db193564a7,f43f8c3636e6cacf8797d7b4725d3da15dcde32ee74c42407baec88971043343,False,,data/NEU-CLS/train/train/images/pitted_surface_144.jpg,True,,development
data/NEU-CLS/train/train/images/pitted_surface_145.jpg,pitted_surface_145.jpg,pitted_surface,filename_prefix,.jpg,acdd1073b72b38592ca7e9f5e4b027eed2219769095c7fd5a990d310268fee87,fbf55ee49e5e9f12d5c8b5d37f63c55da46f9108b37a11cb2bfc8cdd02e7ef5d,False,,data/NEU-CLS/train/train/images/pitted_surface_145.jpg,True,,development
data/NEU-CLS/train/train/images/pitted_surface_146.jpg,pitted_surface_146.jpg,pitted_surface,filename_prefix,.jpg,bd138a884896606799978fcda063bbaf2a1a0d986ffbe808f10b859b0199ea3e,2b6a01e4a6e2af03e211fa4c590078b1c9e9c9232706324c46eba3260e72767c,False,,data/NEU-CLS/train/train/images/pitted_surface_146.jpg,True,,development
data/NEU-CLS/train/train/images/pitted_surface_147.jpg,pitted_surface_147.jpg,pitted_surface,filename_prefix,.jpg,7c0b26e35c50d5fad55665427fa3a87712a9e2ea055d87906c56c146228ae41d,719de54cbbfc6c6eb2fcbcb5a42e1b54d5ba0bb660bea4eb545e3c5be10e18bf,False,,data/NEU-CLS/train/train/images/pitted_surface_147.jpg,True,,development
data/NEU-CLS/train/train/images/pitted_surface_148.jpg,pitted_surface_148.jpg,pitted_surface,filename_prefix,.jpg,1a2e08ad1a06c2df27a4e6d90cd433477e2937fe95ee70189ae9571b45ab88db,85a9e83e19864bbf5fe903bf9facf0f640763b46b94f5a082413d486f396db37,False,,data/NEU-CLS/train/train/images/pitted_surface_148.jpg,True,,development
data/NEU-CLS/train/train/images/pitted_surface_149.jpg,pitted_surface_149.jpg,pitted_surface,filename_prefix,.jpg,733164e8a04943aae86a7b85d13331401b84f31f3413d99216c325f73306eeaf,25cf3b34147f996ec0dea63aa7b92df7fd30e3394ae391c8e82082f743e86ba6,False,,data/NEU-CLS/train/train/images/pitted_surface_149.jpg,True,,development
data/NEU-CLS/train/train/images/pitted_surface_15.jpg,pitted_surface_15.jpg,pitted_surface,filename_prefix,.jpg,53e7260d78101d4313f81b01e063e47dd3cc8974062ae4bfe8f9966d9136668b,8e8470d3b16cc37d2b6ccfb8532eaa4030b7b66e3799f9226e88ecaaa36cfe60,False,,data/NEU-CLS/train/train/images/pitted_surface_15.jpg,True,,development
data/NEU-CLS/train/train/images/pitted_surface_150.jpg,pitted_surface_150.jpg,pitted_surface,filename_prefix,.jpg,3638923dd4d7c5f98dfbe9378fa009a8612d67f1a56f0f722a2a7f11c01ec6e8,925669be8d7a5e4d975864a27274c7803e78f8e16b6dfc502507e4367d60ac37,False,,data/NEU-CLS/train/train/images/pitted_surface_150.jpg,True,,development
data/NEU-CLS/train/train/images/pitted_surface_151.jpg,pitted_surface_151.jpg,pitted_surface,filename_prefix,.jpg,5cb95bafcb084497ec3874ad6efba69512ea522feae5e678033b017e847b9c16,0da1b8aeb958cce9f4e2b8dba176148c5219f795835a8d08bc4817d863515349,False,,data/NEU-CLS/train/train/images/pitted_surface_151.jpg,True,,development
data/NEU-CLS/train/train/images/pitted_surface_152.jpg,pitted_surface_152.jpg,pitted_surface,filename_prefix,.jpg,2f25db31d58ed8d62acd2371c9b9db717cda92f2436c4336c8956aa037d728ab,3ce8881f202ecce4d5d1cdbd42117c3c1e53b447f6bf50e6f4a47dd0d8cc0705,False,,data/NEU-CLS/train/train/images/pitted_surface_152.jpg,True,,development
data/NEU-CLS/train/train/images/pitted_surface_153.jpg,pitted_surface_153.jpg,pitted_surface,filename_prefix,.jpg,edac63aa6c0baa6e30f86ec7797342cf96605d6e25fc566700589b9f4522e210,c768fb58a09e55a8aaa6c6f5415fb168e143eb042420f24dff17c726418368c9,False,,data/NEU-CLS/train/train/images/pitted_surface_153.jpg,True,,development
data/NEU-CLS/train/train/images/pitted_surface_154.jpg,pitted_surface_154.jpg,pitted_surface,filename_prefix,.jpg,cb154ef1ed441b221b54a0e298899c95ad04eb511ae31dfcea55d0a60ebc39d2,29a40a6da4f20c36588596e1e791bbf9aff02b63ad2b0c48b75ce9766a73f1c5,False,,data/NEU-CLS/train/train/images/pitted_surface_154.jpg,True,,development
data/NEU-CLS/train/train/images/pitted_surface_155.jpg,pitted_surface_155.jpg,pitted_surface,filename_prefix,.jpg,aa593a59fdc9a434f81f20e63741b27c32c5fc8bace9902bdfd154c6971b1683,5e055ca1e647ea7b122db969b53fc3d4dc5476141b82d11d35ffcdc084d33dc2,False,,data/NEU-CLS/train/train/images/pitted_surface_155.jpg,True,,test
data/NEU-CLS/train/train/images/pitted_surface_156.jpg,pitted_surface_156.jpg,pitted_surface,filename_prefix,.jpg,8493666f951523858b3ef610f12f89c58a882e8044b618fe0685611e12824229,249e96f5d4b07cce86f0726f6e8caff91ae7c8878a757771c24cc829726eee2a,False,,data/NEU-CLS/train/train/images/pitted_surface_156.jpg,True,,test
data/NEU-CLS/train/train/images/pitted_surface_157.jpg,pitted_surface_157.jpg,pitted_surface,filename_prefix,.jpg,33afa881416db262ff8d434879d5ddeb6339a1bee6424acbbb89c2dbb2f1e16c,d7700980629f33690b7028106192ac54f6538b591f3d3f2f1c622be493b93761,False,,data/NEU-CLS/train/train/images/pitted_surface_157.jpg,True,,development
data/NEU-CLS/train/train/images/pitted_surface_158.jpg,pitted_surface_158.jpg,pitted_surface,filename_prefix,.jpg,f974db6148b295ba3821601b906f828aa20a136cc6458af9fec9c24e5890922b,083b045eb15087db1dd3848321775e117a236c0988e236b2660c14b6729151d5,False,,data/NEU-CLS/train/train/images/pitted_surface_158.jpg,True,,test
data/NEU-CLS/train/train/images/pitted_surface_159.jpg,pitted_surface_159.jpg,pitted_surface,filename_prefix,.jpg,ac4f0a45732551cfa164a3bc6ecd1675b9c8a9a087dd1ddc6bae708ec20c84d0,484a3aa19f7128223d3bda07280750554dfe494bc3e7eacd67f4a2645a8ca160,False,,data/NEU-CLS/train/train/images/pitted_surface_159.jpg,True,,development
data/NEU-CLS/train/train/images/pitted_surface_16.jpg,pitted_surface_16.jpg,pitted_surface,filename_prefix,.jpg,aa77c688ffd4dfa8f6780653b961eb69bd28abfc1c7ec05c90e8bd214b393ad3,fe5572abaabab0be210206ea5ac9b8baa5fa4c94b643e951e3ae79aea8f621a3,False,,data/NEU-CLS/train/train/images/pitted_surface_16.jpg,True,,development
data/NEU-CLS/train/train/images/pitted_surface_160.jpg,pitted_surface_160.jpg,pitted_surface,filename_prefix,.jpg,b9d02dcd7624fa4acc749cd90926411fa3e96d578c7c979ff5f4241df835bb0a,deb201d776f293b185c682c2e1b39e71c1bcb6d16c83c05c4a7298b8e6e0a1a8,False,,data/NEU-CLS/train/train/images/pitted_surface_160.jpg,True,,development
data/NEU-CLS/train/train/images/pitted_surface_161.jpg,pitted_surface_161.jpg,pitted_surface,filename_prefix,.jpg,2e831d96126f240bc4615cddebe49aeef493d4927a05355541b845d624f4ea61,be15625fcb9e65c81470c4f6a835e214f5c9787c5b3cab8cdd8fcd6a3ae3591d,False,,data/NEU-CLS/train/train/images/pitted_surface_161.jpg,True,,development
data/NEU-CLS/train/train/images/pitted_surface_162.jpg,pitted_surface_162.jpg,pitted_surface,filename_prefix,.jpg,91da27038e46931779bd62a50210ae239a8ee0f0b70725c0d5777414663a294c,789e2ac190a67d82a0cdddab5c708ad1947e600380b53ce6e478fcadca6f9732,False,,data/NEU-CLS/train/train/images/pitted_surface_162.jpg,True,,test
data/NEU-CLS/train/train/images/pitted_surface_163.jpg,pitted_surface_163.jpg,pitted_surface,filename_prefix,.jpg,fab5744932d1ec330661ae33284428e376683c02514119f63c6de5d7e0de8f5e,ca3559d1d0d44c521fd138b95d949b0bfb071e0e4d3a51abcefaa507a877f9eb,False,,data/NEU-CLS/train/train/images/pitted_surface_163.jpg,True,,development
data/NEU-CLS/train/train/images/pitted_surface_164.jpg,pitted_surface_164.jpg,pitted_surface,filename_prefix,.jpg,8e85eb2f09f0454ccbb6b209e4995f8c1e134ff2b710e2f983367ac641832da5,3dca73bac43cc4d10cf1330c957fbcc95f2c1724424dd34337d6187fd4e81799,False,,data/NEU-CLS/train/train/images/pitted_surface_164.jpg,True,,development
data/NEU-CLS/train/train/images/pitted_surface_165.jpg,pitted_surface_165.jpg,pitted_surface,filename_prefix,.jpg,33c41793939b2240f338bfd9bb83eb691d1b63b90326f48a4304fb44e0af7783,73b3c382c2b4c80cabddb93a756197eb823cbdbbbcfb3d4e66cd9db90a11ffd5,False,,data/NEU-CLS/train/train/images/pitted_surface_165.jpg,True,,development
data/NEU-CLS/train/train/images/pitted_surface_166.jpg,pitted_surface_166.jpg,pitted_surface,filename_prefix,.jpg,60dca15dd3a36d24887daa91eb2a37c9aca3e793801aaaa35cfa70e76c09c825,ef213b861d2f576e69d2aee2380602c2fabc1e1a40638a3484b8c6f7ae8fd2c8,False,,data/NEU-CLS/train/train/images/pitted_surface_166.jpg,True,,development
data/NEU-CLS/train/train/images/pitted_surface_167.jpg,pitted_surface_167.jpg,pitted_surface,filename_prefix,.jpg,d7079a9f0b6fc5cc2e06959f2da61f863eb5a18454ced8fcc15f1137c8842c43,f9e661507909a4813238ea3e73ebb4db31bee40d5dfff8253640285294823bfd,False,,data/NEU-CLS/train/train/images/pitted_surface_167.jpg,True,,test
data/NEU-CLS/train/train/images/pitted_surface_168.jpg,pitted_surface_168.jpg,pitted_surface,filename_prefix,.jpg,08a5244832af8b28d9246cfe2287d465c133b0f187322da442348bb1f3d1d3d7,2846e005a8559594c15793357c6fe959e7175f90a64be8c8b531b73ce2f75c68,False,,data/NEU-CLS/train/train/images/pitted_surface_168.jpg,True,,development
data/NEU-CLS/train/train/images/pitted_surface_169.jpg,pitted_surface_169.jpg,pitted_surface,filename_prefix,.jpg,8adde2933895b423743393c72db703ea996a0bec8dfe324ed055642763af28d1,ff5bed2db5c18b27def6bdf48fd3f7ba028fa31cebd275834e3e4d0155eb5e93,False,,data/NEU-CLS/train/train/images/pitted_surface_169.jpg,True,,development
data/NEU-CLS/train/train/images/pitted_surface_17.jpg,pitted_surface_17.jpg,pitted_surface,filename_prefix,.jpg,efa2e345933a082a83e015e77c8a6f478cc33c5a28cc4e46c9e6ce53d3769a73,0006a93ad0f2067340f134043f60fc4956b6378db2cb8c5ca62a3e8bd7e6a978,False,,data/NEU-CLS/train/train/images/pitted_surface_17.jpg,True,,development
data/NEU-CLS/train/train/images/pitted_surface_170.jpg,pitted_surface_170.jpg,pitted_surface,filename_prefix,.jpg,172e6d8fd52d7463fcf2576091971550f4b5de2d3567edc0c5e80f19e0f0cc91,243bc78c731ad616d44b992ff171eb1aeba6017f5f92d31a0c6baee753338fd9,False,,data/NEU-CLS/train/train/images/pitted_surface_170.jpg,True,,development
data/NEU-CLS/train/train/images/pitted_surface_171.jpg,pitted_surface_171.jpg,pitted_surface,filename_prefix,.jpg,d6d441431fd93301874b9cf5d291f95c33b3a5424f6b1521f11e0dede07bb6c0,843a8c902aca5c3eec7dce772ad016df7d649d1202b4bf32dd6a34cb1f02920b,False,,data/NEU-CLS/train/train/images/pitted_surface_171.jpg,True,,development
data/NEU-CLS/train/train/images/pitted_surface_172.jpg,pitted_surface_172.jpg,pitted_surface,filename_prefix,.jpg,1b6c04443bba76556ef7d2478932ea04ddac452ebe954f72c087f0ff8cc47b16,ed33ae93288c4e8905c076a03ce9607ef52d4c09058854c5981d564b3cad9b02,False,,data/NEU-CLS/train/train/images/pitted_surface_172.jpg,True,,development
data/NEU-CLS/train/train/images/pitted_surface_173.jpg,pitted_surface_173.jpg,pitted_surface,filename_prefix,.jpg,70867ad2f8960e4f00f80db2d0dbb1fda2bea7cc382d42ade30606b49a762dbf,be98507e698e871401a19c49733388c73b564b5bc215e6aed492a55db6c5e5a7,False,,data/NEU-CLS/train/train/images/pitted_surface_173.jpg,True,,development
data/NEU-CLS/train/train/images/pitted_surface_174.jpg,pitted_surface_174.jpg,pitted_surface,filename_prefix,.jpg,af626cd84902cd7b4663043a36a81d0a019d954d9607879f6f7aaa96130441c8,01c92e0fdc06f96add4d7e1441de77f5d8c9f347df962d1087ce14196462c996,False,,data/NEU-CLS/train/train/images/pitted_surface_174.jpg,True,,development
data/NEU-CLS/train/train/images/pitted_surface_175.jpg,pitted_surface_175.jpg,pitted_surface,filename_prefix,.jpg,afb29b73d7fae466b00ad572d37ae5be308ccd91cf57c82309331ea58ebd3fa4,77ae6f903e45c403cf60ee5807d82b6d56791761c6077c823628cc414778f9c2,False,,data/NEU-CLS/train/train/images/pitted_surface_175.jpg,True,,test
data/NEU-CLS/train/train/images/pitted_surface_176.jpg,pitted_surface_176.jpg,pitted_surface,filename_prefix,.jpg,8346be4d7aabc46d0886101c531a608c8a5b2873ba89b95648b59f6c91d20ec5,32d7345ba38ab44ac4bc5a5d4d529a1e5bf0ca1ff8f3103488403e5100377df2,False,,data/NEU-CLS/train/train/images/pitted_surface_176.jpg,True,,development
data/NEU-CLS/train/train/images/pitted_surface_177.jpg,pitted_surface_177.jpg,pitted_surface,filename_prefix,.jpg,cf734cb6382268765c36de9d9fe9fbbc7d082943b271062e1861a71c4da97347,a5847e0a81df1f830a8c0952a8e4d419dc706db2ed0b30c19060fda1d47064e6,False,,data/NEU-CLS/train/train/images/pitted_surface_177.jpg,True,,development
data/NEU-CLS/train/train/images/pitted_surface_178.jpg,pitted_surface_178.jpg,pitted_surface,filename_prefix,.jpg,cf4f8193aeb1ca4c556720805b6b4ab7d8d0b4e30ee7d3ea1406bbfe0fe4a35e,53a215e04cd7e50a6c58fd26f1c1c2777018aced9f88611ab5cdbe11ccae2446,False,,data/NEU-CLS/train/train/images/pitted_surface_178.jpg,True,,development
data/NEU-CLS/train/train/images/pitted_surface_179.jpg,pitted_surface_179.jpg,pitted_surface,filename_prefix,.jpg,71bc95c2b31192ae504aea3f1dd50f22344f0407ba414da0ea219768189b1b1d,c622820d8ccfd26c777009edd4944708e51d4ef054158d3ab8bc299d889fcfc2,False,,data/NEU-CLS/train/train/images/pitted_surface_179.jpg,True,,development
data/NEU-CLS/train/train/images/pitted_surface_18.jpg,pitted_surface_18.jpg,pitted_surface,filename_prefix,.jpg,d64413fba409a9234c5d72f363b09fec4938dc278f71e97377341671d3346628,9847c85d9bbbcfbd11d39e66cdb95247ef73975cb3354858cf7be275f313e893,False,,data/NEU-CLS/train/train/images/pitted_surface_18.jpg,True,,development
data/NEU-CLS/train/train/images/pitted_surface_180.jpg,pitted_surface_180.jpg,pitted_surface,filename_prefix,.jpg,2b42007398e13ddb5babeb349d90e3635d53c3133d08372d287a95109ed37cc5,936248374d8703b5f59e88d6872f872822cec445088bfe15c72c4916c5d723bb,False,,data/NEU-CLS/train/train/images/pitted_surface_180.jpg,True,,test
data/NEU-CLS/train/train/images/pitted_surface_181.jpg,pitted_surface_181.jpg,pitted_surface,filename_prefix,.jpg,31b7482b422c3941ac6a11ab1b2760253cd8961701b7a012035522cbea98c356,e9ead90fcdea9504f114ab1ad6b69aff0966eb595ff755a022c0d78ed2a8706d,False,,data/NEU-CLS/train/train/images/pitted_surface_181.jpg,True,,development
data/NEU-CLS/train/train/images/pitted_surface_182.jpg,pitted_surface_182.jpg,pitted_surface,filename_prefix,.jpg,495c9dd26758ca1cdfd39436f3d208104d15378a948c77eb240805626bfe3657,c1b8f188e0af45ddb2eb234380b58877e247c9c6f3571cd3ab5d36f9d48d4f4c,False,,data/NEU-CLS/train/train/images/pitted_surface_182.jpg,True,,development
data/NEU-CLS/train/train/images/pitted_surface_183.jpg,pitted_surface_183.jpg,pitted_surface,filename_prefix,.jpg,08c86b3c67320c77cd7fdc77aa2485ed2b31c9a442399cbd5dff994ea41b3c5b,7110c80cfb1368260df365bb7ff4c5194a59b5de9dffab01a4e20e5f795ae948,False,,data/NEU-CLS/train/train/images/pitted_surface_183.jpg,True,,development
data/NEU-CLS/train/train/images/pitted_surface_184.jpg,pitted_surface_184.jpg,pitted_surface,filename_prefix,.jpg,a6764f42e7608e539fd3b60c663b8f3bfc7d863fde46b2f41cc1c3dedd92c724,b6a9fb4bf1aa6d977dafaba874e6a96e8637309682098b07653dff61f4d5e528,False,,data/NEU-CLS/train/train/images/pitted_surface_184.jpg,True,,test
data/NEU-CLS/train/train/images/pitted_surface_185.jpg,pitted_surface_185.jpg,pitted_surface,filename_prefix,.jpg,cbbd9e956886c5ea30e94d7f4cf26c81790b440839b7aa3f8fe08aa9cc6944ea,0ad7d87ec9bf23918237ce9ac9252aac694471373a6167be34a531eea812029b,False,,data/NEU-CLS/train/train/images/pitted_surface_185.jpg,True,,test
data/NEU-CLS/train/train/images/pitted_surface_186.jpg,pitted_surface_186.jpg,pitted_surface,filename_prefix,.jpg,a1b72ce8de5c400c85f76234f2178ae517d660d1a9292681217983bc9b709311,a09f829f74fa97da420dd7b54501617b9074fc949e7fc982606f6d669ecf7c9b,False,,data/NEU-CLS/train/train/images/pitted_surface_186.jpg,True,,development
data/NEU-CLS/train/train/images/pitted_surface_187.jpg,pitted_surface_187.jpg,pitted_surface,filename_prefix,.jpg,df2347ec3e9637adcc36294b8a7b18060649129cdf2a7c23eca2ccccce60d227,bcc72d36bdbaf17b3dce58996e63f9cfcfae163d39f64b69d2bccf207c7bea54,False,,data/NEU-CLS/train/train/images/pitted_surface_187.jpg,True,,development
data/NEU-CLS/train/train/images/pitted_surface_188.jpg,pitted_surface_188.jpg,pitted_surface,filename_prefix,.jpg,1e76a357d396dec239656007172e46997273ee8c3307b246eeae95303f1234da,ada3ed1bf335eae5fa05ea92b47649256e9c2e51a44a92ffdf896f311ed42be4,False,,data/NEU-CLS/train/train/images/pitted_surface_188.jpg,True,,development
data/NEU-CLS/train/train/images/pitted_surface_189.jpg,pitted_surface_189.jpg,pitted_surface,filename_prefix,.jpg,c1fa2cb0ed7e9bca3ca7b24bde379162d07de699bf37ae408b6cf57e551b0f84,97e6e5d82481afc5d593edd4bba9f25c5becdc70c97aa7c8e86f41ab2aa296c9,False,,data/NEU-CLS/train/train/images/pitted_surface_189.jpg,True,,development
data/NEU-CLS/train/train/images/pitted_surface_19.jpg,pitted_surface_19.jpg,pitted_surface,filename_prefix,.jpg,7ed12bdb7a30a918bdbf14b37b5a5dedaeabbe9e6f6a5b6c63aff9fdcf33ffd9,eb7317c6a3c180ca007ae17f78467aca4cf8007ec6c58b0a88d02033d0ddd0a1,False,,data/NEU-CLS/train/train/images/pitted_surface_19.jpg,True,,development
data/NEU-CLS/train/train/images/pitted_surface_190.jpg,pitted_surface_190.jpg,pitted_surface,filename_prefix,.jpg,cf3abc2609997d757cffee43193a1c17b3f17bfd96934e41be168254ffa0770a,078988126b83e3da4c2d16fc85bd44d366f66f01f21d3ee70f21c6f4be1bbc52,False,,data/NEU-CLS/train/train/images/pitted_surface_190.jpg,True,,test
data/NEU-CLS/train/train/images/pitted_surface_191.jpg,pitted_surface_191.jpg,pitted_surface,filename_prefix,.jpg,4280f3f673781287869bae98e82ddb0701c8d74c3836a1a8dcfbd59dd68a71cb,6e0b8f259d2724002ea112dd901af7949e70b008111c94e86ad355eb06832d39,False,,data/NEU-CLS/train/train/images/pitted_surface_191.jpg,True,,development
data/NEU-CLS/train/train/images/pitted_surface_192.jpg,pitted_surface_192.jpg,pitted_surface,filename_prefix,.jpg,6abbcc366958cfa091b89c4838ea43fe2b404b1456e94f1f454f027f0207e0ed,8f8c07188de10ab67d11bdde749b879fc1f4c78b987297ebfdde79b0783de12b,False,,data/NEU-CLS/train/train/images/pitted_surface_192.jpg,True,,development
data/NEU-CLS/train/train/images/pitted_surface_193.jpg,pitted_surface_193.jpg,pitted_surface,filename_prefix,.jpg,4fbd168afd947dc6cd6440ba16c211c5892b776e9db0e3c1a037dea20c3102a3,4e5d81fd500bd16cf2706fac258fae8d2791481c0558f02f7253d7cb33dea3af,False,,data/NEU-CLS/train/train/images/pitted_surface_193.jpg,True,,development
data/NEU-CLS/train/train/images/pitted_surface_194.jpg,pitted_surface_194.jpg,pitted_surface,filename_prefix,.jpg,a8e91027261d33ad4c2058468f1b0a058fabfa6c29c4abfc1a0c9d42a80fe8f6,240226da265a70f7d665f02bdd844e336f7f8fb1d8f6a1a474bfa643b6730b03,False,,data/NEU-CLS/train/train/images/pitted_surface_194.jpg,True,,development
data/NEU-CLS/train/train/images/pitted_surface_195.jpg,pitted_surface_195.jpg,pitted_surface,filename_prefix,.jpg,496a7faddb7fb2c2d2454ba1ac3abcbdb7e0b2d35147015987422027a85d2dda,ed3104011fe252e6acdf23e6a00a797cb0b0fcc4ef21bd36b6fe3fbd4eec5334,False,,data/NEU-CLS/train/train/images/pitted_surface_195.jpg,True,,development
data/NEU-CLS/train/train/images/pitted_surface_196.jpg,pitted_surface_196.jpg,pitted_surface,filename_prefix,.jpg,e42dc05a223ea0e05edea37ff91b31c709dc061845dcbce245692bcff308bcbd,dd64529a02e7074f17678c94725ea3dd4072ecf7a9b842f0d6597c60bfbf9e2a,False,,data/NEU-CLS/train/train/images/pitted_surface_196.jpg,True,,development
data/NEU-CLS/train/train/images/pitted_surface_197.jpg,pitted_surface_197.jpg,pitted_surface,filename_prefix,.jpg,9897a8daae0073eac185c034f3a664a21b586005fdf2069346dc2bebb83daf1c,9e2b0a053e2c0599dddba2adb5a2a30ae4db8d333fb6f111005ffdae78ec45b5,False,,data/NEU-CLS/train/train/images/pitted_surface_197.jpg,True,,development
data/NEU-CLS/train/train/images/pitted_surface_198.jpg,pitted_surface_198.jpg,pitted_surface,filename_prefix,.jpg,a460460283fd402e9e0f6cf07ed90cd0a3ce76e58ecedf31882adc9a02240f79,1cc78e4387315f2e8045eecc6e29d42faa2795c075e01d49d316ec4504a7ee6d,False,,data/NEU-CLS/train/train/images/pitted_surface_198.jpg,True,,development
data/NEU-CLS/train/train/images/pitted_surface_199.jpg,pitted_surface_199.jpg,pitted_surface,filename_prefix,.jpg,92b64539dbef7c4e515d113a114ff19b22a0d80d9c13d06d7f96df48d0b5e75f,01f7809ec99de74fe90052f8f43045c17c73aa9f208d9555b8825b6f88bd48d8,False,,data/NEU-CLS/train/train/images/pitted_surface_199.jpg,True,,development
data/NEU-CLS/train/train/images/pitted_surface_20.jpg,pitted_surface_20.jpg,pitted_surface,filename_prefix,.jpg,6e20a0c048f099170f8cdf08b011c8da6794e0d49d7fbe986c9600e2d5bb972e,a033491bcdb757902f9be9ac1b29dcca2c5a216a02d78b6a49420a7fabc6096a,False,,data/NEU-CLS/train/train/images/pitted_surface_20.jpg,True,,development
data/NEU-CLS/train/train/images/pitted_surface_200.jpg,pitted_surface_200.jpg,pitted_surface,filename_prefix,.jpg,05e116a8b71bbd2ef952d71836d43017f0b30940a17dce3ed62868c6d03cb865,27f6beebce0025e49a027017f682846fe5038aca0d3b425650b6bbbea9066c00,False,,data/NEU-CLS/train/train/images/pitted_surface_200.jpg,True,,test
data/NEU-CLS/train/train/images/pitted_surface_201.jpg,pitted_surface_201.jpg,pitted_surface,filename_prefix,.jpg,568bb30a2536d70ce4be156e2a98825eea9e20c45bd603c06678a07f5c5dfd04,f4e91ae9ccc986a715f31f4891caa87a4a3fb0f8ea1eb5ed633e586544f042ff,False,,data/NEU-CLS/train/train/images/pitted_surface_201.jpg,True,,test
data/NEU-CLS/train/train/images/pitted_surface_202.jpg,pitted_surface_202.jpg,pitted_surface,filename_prefix,.jpg,5897b0dbb3ed17cdafaf286793f856f3ee51e5aa507008204619909ee75652fc,e8b08c12175c824d7d78754819a159718858c85afd70eeb71cf00f633fba8b85,False,,data/NEU-CLS/train/train/images/pitted_surface_202.jpg,True,,development
data/NEU-CLS/train/train/images/pitted_surface_203.jpg,pitted_surface_203.jpg,pitted_surface,filename_prefix,.jpg,b1696ee15b32b9a837187462324f5d6d047cd3f89cdc56641d10153411e3e03d,508e4c3e2cc63f9d77807e0d889436cad5e0678623336f47a4a50009e691246e,False,,data/NEU-CLS/train/train/images/pitted_surface_203.jpg,True,,development
data/NEU-CLS/train/train/images/pitted_surface_204.jpg,pitted_surface_204.jpg,pitted_surface,filename_prefix,.jpg,1e21cc5c368d9e015223dbac4771343d8acbb2b76c2ced5e49a319e1b1bb3f31,4882a86d4736b85b9180b60430d516769f9e88a5ce3158ca497750b4040df0a6,False,,data/NEU-CLS/train/train/images/pitted_surface_204.jpg,True,,development
data/NEU-CLS/train/train/images/pitted_surface_205.jpg,pitted_surface_205.jpg,pitted_surface,filename_prefix,.jpg,fe06df43b595bf9b9067f6f4437aa3ffe3534eb7b56d400f0d2c1712d287daf5,b912112b22a944c9c71aa4846352e57701f677c20fc1e8f5ba20a0ca2f614933,False,,data/NEU-CLS/train/train/images/pitted_surface_205.jpg,True,,development
data/NEU-CLS/train/train/images/pitted_surface_206.jpg,pitted_surface_206.jpg,pitted_surface,filename_prefix,.jpg,391de7caa6797b40467b1274be7b3b9241a79912813372ed40c061686dca3a95,0b718e225b71b83b9f5fd06e852066d07e4b78c9abd2e3a46519e63fc7ca2ee1,False,,data/NEU-CLS/train/train/images/pitted_surface_206.jpg,True,,test
data/NEU-CLS/train/train/images/pitted_surface_207.jpg,pitted_surface_207.jpg,pitted_surface,filename_prefix,.jpg,6afad28d421f88534c6f44a5c54185fe68d6e30fe4ce55f698c6a4eff97186aa,906e4b088dbb0a39b5c47d99ae57f98486599429fee3ecee91bc90c588030b26,False,,data/NEU-CLS/train/train/images/pitted_surface_207.jpg,True,,development
data/NEU-CLS/train/train/images/pitted_surface_208.jpg,pitted_surface_208.jpg,pitted_surface,filename_prefix,.jpg,2c14424b4a7895ac18bec0ad4692ceca810d5d099aeff58eeb741d5d8d40ff8c,c0cf17131bbbe1bc9b99d1467f4eae4d6051774d7be109ec1c78add88b864123,False,,data/NEU-CLS/train/train/images/pitted_surface_208.jpg,True,,development
data/NEU-CLS/train/train/images/pitted_surface_209.jpg,pitted_surface_209.jpg,pitted_surface,filename_prefix,.jpg,76aff94fc0715efb879685a56ab14ced25a300216035f1262a0223d3a77dfe22,b1c3a5166daa77964cd9e7fff1ed583b9418e1b8551cbfde9e857c04a2ee9bc5,False,,data/NEU-CLS/train/train/images/pitted_surface_209.jpg,True,,development
data/NEU-CLS/train/train/images/pitted_surface_21.jpg,pitted_surface_21.jpg,pitted_surface,filename_prefix,.jpg,2e6e07a89d10430905dd4f20e89fecb5fd03c0e29e47de9f35e001a4209373ab,3d6cc21cf243cdd53ded3429cf9ca8d1ce8b456b39e38df1e4e4d055bbd4eea4,False,,data/NEU-CLS/train/train/images/pitted_surface_21.jpg,True,,development
data/NEU-CLS/train/train/images/pitted_surface_210.jpg,pitted_surface_210.jpg,pitted_surface,filename_prefix,.jpg,885c345fcea43592d1b3b8b9d2ad23a1dd4db9ba812be39b2e7a0987d837f314,3219712d695cad1f8ec18c63c1ce36fe3bba8c536325db60ea2edd35893d156c,False,,data/NEU-CLS/train/train/images/pitted_surface_210.jpg,True,,development
data/NEU-CLS/train/train/images/pitted_surface_211.jpg,pitted_surface_211.jpg,pitted_surface,filename_prefix,.jpg,29083485e5fe4dc1a540e30697534e268f7b646ea41e3397207dda5a48ea8b57,5300048881ea4a89a827eabdde02046451cb289af0283f2d310f8a37052934ea,False,,data/NEU-CLS/train/train/images/pitted_surface_211.jpg,True,,development
data/NEU-CLS/train/train/images/pitted_surface_212.jpg,pitted_surface_212.jpg,pitted_surface,filename_prefix,.jpg,d577914facd1ea5374575111d224ae145e0a6d76b642d3cea95a62121cc36983,adbe6eadcf5c3d24d42826f857e0026a78a4baf81674563d75251202ca06be30,False,,data/NEU-CLS/train/train/images/pitted_surface_212.jpg,True,,development
data/NEU-CLS/train/train/images/pitted_surface_213.jpg,pitted_surface_213.jpg,pitted_surface,filename_prefix,.jpg,52ebe98212b1df478c828c7fea519c35e85f4c7cd7879fd510c9c836fbdf9492,bbae1db44f741a42114ad6547d16a30d5d2c7920aab4ca12a643aa2f50d0a50c,False,,data/NEU-CLS/train/train/images/pitted_surface_213.jpg,True,,development
data/NEU-CLS/train/train/images/pitted_surface_214.jpg,pitted_surface_214.jpg,pitted_surface,filename_prefix,.jpg,b700ddc547f3ffa22408554d90dbecc41870e42fb02cb030272fe1cb871c5e64,4d7ebccb42e9a8ecbb34eddd20d07c89ca9a6a3c7ab15a5e318d33267a85acd7,False,,data/NEU-CLS/train/train/images/pitted_surface_214.jpg,True,,development
data/NEU-CLS/train/train/images/pitted_surface_215.jpg,pitted_surface_215.jpg,pitted_surface,filename_prefix,.jpg,43a0b26cea6a82a9d71121ffd0e736f6357fa9cbcc7aefb7ad35f5fe0e373342,fa4a6669adbec8ffc243d5314141ff75e4ee0953542f90f60f31a459fdc9fa80,False,,data/NEU-CLS/train/train/images/pitted_surface_215.jpg,True,,development
data/NEU-CLS/train/train/images/pitted_surface_216.jpg,pitted_surface_216.jpg,pitted_surface,filename_prefix,.jpg,0cc8500cb005542f6dc42c57dc10439bb202d62b7b6376e0d7407ab63c073ec4,8589eabe4c9786d2785c8ca670d4ac5f1885296d18d94df5eccd14085beacb74,False,,data/NEU-CLS/train/train/images/pitted_surface_216.jpg,True,,development
data/NEU-CLS/train/train/images/pitted_surface_217.jpg,pitted_surface_217.jpg,pitted_surface,filename_prefix,.jpg,6f1f26a6ace02993d898f43ca3e9d6d04bdbb8db1e7dac5d39129db0ec789791,4e2796f3b4abd8b5daec902fc64c6a5f7bc050b8bea2e469b7da2a6f73f66008,False,,data/NEU-CLS/train/train/images/pitted_surface_217.jpg,True,,test
data/NEU-CLS/train/train/images/pitted_surface_218.jpg,pitted_surface_218.jpg,pitted_surface,filename_prefix,.jpg,0f24dcb09eb61b04a299bdb63cb829404d787b8060f7900adab631178a9446f1,fd6877aaf26e2c91224e2135fc3624de70d33573c95cf012a85c3826ba0996ae,False,,data/NEU-CLS/train/train/images/pitted_surface_218.jpg,True,,development
data/NEU-CLS/train/train/images/pitted_surface_219.jpg,pitted_surface_219.jpg,pitted_surface,filename_prefix,.jpg,5320c3405306655a27cb9452538ce7d3fd1f9a2b7be03e7f152472b1be5ce529,9db0346ecf5babd1afebf8e023df1ebd1a7da23cc73684ca6ea0ae6a8f5ad424,False,,data/NEU-CLS/train/train/images/pitted_surface_219.jpg,True,,development
data/NEU-CLS/train/train/images/pitted_surface_22.jpg,pitted_surface_22.jpg,pitted_surface,filename_prefix,.jpg,7c856260062dd39b4a02f77d5387f7f29059de2cee995c2c2bb60cc9eada39ed,1049a05a85a0a093cf828f34da47939b25b39b399e2e1beca029eb6ab0c5e429,False,,data/NEU-CLS/train/train/images/pitted_surface_22.jpg,True,,test
data/NEU-CLS/train/train/images/pitted_surface_220.jpg,pitted_surface_220.jpg,pitted_surface,filename_prefix,.jpg,fed492c4346a483756fffa78f1f97d92410b94afef6d20b470026dc21bd00f56,1ffe757615e741e76500af445420139121e230172601a01cd2b49765a94b487b,False,,data/NEU-CLS/train/train/images/pitted_surface_220.jpg,True,,test
data/NEU-CLS/train/train/images/pitted_surface_221.jpg,pitted_surface_221.jpg,pitted_surface,filename_prefix,.jpg,6a2224a64ceffa893be6b282bca163a986567529f9ce5d52b949bc4fa2bab382,16a4e92199a024ebe4ecb8f0203cff1ad111811b9031c26f4b68c79b498e389e,False,,data/NEU-CLS/train/train/images/pitted_surface_221.jpg,True,,development
data/NEU-CLS/train/train/images/pitted_surface_222.jpg,pitted_surface_222.jpg,pitted_surface,filename_prefix,.jpg,44f1fa209748d5d5ace64ce627fedc76df2e88a1c54b20366a6becc6d723aeac,29d1ec2b05d0ca70782bc34e7b0f2945cbf8684d2fe1126f34e9c73e22eed66f,False,,data/NEU-CLS/train/train/images/pitted_surface_222.jpg,True,,development
data/NEU-CLS/train/train/images/pitted_surface_223.jpg,pitted_surface_223.jpg,pitted_surface,filename_prefix,.jpg,93674f451227f71e21513aece38ffbd9de074ff66434bc640c5be7d0e52d5d41,be4062a916a95906335cec6933e71221fcbd91a050a4b0ceb5216a3c2b0ee47d,False,,data/NEU-CLS/train/train/images/pitted_surface_223.jpg,True,,test
data/NEU-CLS/train/train/images/pitted_surface_224.jpg,pitted_surface_224.jpg,pitted_surface,filename_prefix,.jpg,419e1d0d40ce7c53fcce40b55f4b8091d4573881d2315969d74318df493a0e80,e0f7f83961816db8179d87ed23b9153bc9deecc580faa77195d0c6b74ae71fd9,False,,data/NEU-CLS/train/train/images/pitted_surface_224.jpg,True,,test
data/NEU-CLS/train/train/images/pitted_surface_225.jpg,pitted_surface_225.jpg,pitted_surface,filename_prefix,.jpg,23be66132f661ba432b06ba402734cbe12d05d5eca0bebed90b99d9f15cec92f,38b2e0fd9407243ac6108c510f86c5792dd5798e84da29ac2853344da48c7478,False,,data/NEU-CLS/train/train/images/pitted_surface_225.jpg,True,,test
data/NEU-CLS/train/train/images/pitted_surface_226.jpg,pitted_surface_226.jpg,pitted_surface,filename_prefix,.jpg,8d08c943af8c0783ac007753d6450fd5a5828e129e199d943015f2b45c54be9e,a240a370f1dae84faa97f4dda52bbf63adc8bc1fb3a18c879954d4a299914dd9,False,,data/NEU-CLS/train/train/images/pitted_surface_226.jpg,True,,test
data/NEU-CLS/train/train/images/pitted_surface_227.jpg,pitted_surface_227.jpg,pitted_surface,filename_prefix,.jpg,67bc72dc62f6bfbcf417b731fab4a3dc6b4eb54079bd17195abfceae02a38454,251b2db56578186ae9da138c7b63eb030bc9062cf15223b77ddf65bc7ac19910,False,,data/NEU-CLS/train/train/images/pitted_surface_227.jpg,True,,development
data/NEU-CLS/train/train/images/pitted_surface_228.jpg,pitted_surface_228.jpg,pitted_surface,filename_prefix,.jpg,a10e61fcd8ebed18668bd1ff308bf7a7e51147e25d5aabe55cf37730058b94b7,7844d3bb2e556f90de4089584c234a1619d1803e8d5b8ba6679c9b90920826b0,False,,data/NEU-CLS/train/train/images/pitted_surface_228.jpg,True,,test
data/NEU-CLS/train/train/images/pitted_surface_229.jpg,pitted_surface_229.jpg,pitted_surface,filename_prefix,.jpg,fcbea3daea2af57f5ecc704b6c61ac4c61a7e1e8ed047f8152b24c3c269f79a7,5e99b4f4a61fae66cfa55129f8a97b5ee8cc28f8e5b7ea0410b8d0ede7a6ed15,False,,data/NEU-CLS/train/train/images/pitted_surface_229.jpg,True,,development
data/NEU-CLS/train/train/images/pitted_surface_23.jpg,pitted_surface_23.jpg,pitted_surface,filename_prefix,.jpg,8f5618c22dc644e5d6e2683217caebbacbe830d3279dc1fec9619a39380fc222,c0f1a8b03d34364f3ee9bd20821f7fb7fc304a9e7c2a920c9222bc6929db6449,False,,data/NEU-CLS/train/train/images/pitted_surface_23.jpg,True,,development
data/NEU-CLS/train/train/images/pitted_surface_230.jpg,pitted_surface_230.jpg,pitted_surface,filename_prefix,.jpg,c9eaa9c832649fe4b1fb3f7892bef6aff8f1dbdc00a4528f899bc6bfc303a8dd,e6542629d68b090ee4e29d9427ba2b3e1e0269fd525c50b907b631e682e89f4d,False,,data/NEU-CLS/train/train/images/pitted_surface_230.jpg,True,,development
data/NEU-CLS/train/train/images/pitted_surface_231.jpg,pitted_surface_231.jpg,pitted_surface,filename_prefix,.jpg,0bfa310238545597ac7a48495a85ae1a945d2f6f8e4fa470d1bce5f4648c931c,cfe01809cc2de17110efdaaa5230beb4ace84ba0ff229dadbb0b8486d9573fb0,False,,data/NEU-CLS/train/train/images/pitted_surface_231.jpg,True,,development
data/NEU-CLS/train/train/images/pitted_surface_232.jpg,pitted_surface_232.jpg,pitted_surface,filename_prefix,.jpg,7fc724b97720558c8368af9ba71a65c100eb8cf912904d40bebd69498d87c489,ee38a9060a5372bd340395613f5f2946b2032d0e01cdd8d235514b7a03d67609,False,,data/NEU-CLS/train/train/images/pitted_surface_232.jpg,True,,development
data/NEU-CLS/train/train/images/pitted_surface_233.jpg,pitted_surface_233.jpg,pitted_surface,filename_prefix,.jpg,a5e0724b49500d56911c65e25705e564217d7e39f098921845beb08feefc88e3,275ec1ac49339dd894a13f5ed677bd29050060bcdb8b8532e4f10b77aa1dddca,False,,data/NEU-CLS/train/train/images/pitted_surface_233.jpg,True,,development
data/NEU-CLS/train/train/images/pitted_surface_234.jpg,pitted_surface_234.jpg,pitted_surface,filename_prefix,.jpg,60fc8a38f90fc137e91ccb6877a0fd38e882f696f8837382615b71ec712e1e70,415a6b7d6d730cbfff9d8ded846c6e0615e68bd55b424a05d2edf21657bfb445,False,,data/NEU-CLS/train/train/images/pitted_surface_234.jpg,True,,development
data/NEU-CLS/train/train/images/pitted_surface_235.jpg,pitted_surface_235.jpg,pitted_surface,filename_prefix,.jpg,a5dcbe35d37f72bd55b1d06e9c1bc2ad856bfd522a4c615f707b0257340c4727,6e3b66c0a152a0760dada76ac5e4b81e0d381108f8e4b83ace7e221d6989f846,False,,data/NEU-CLS/train/train/images/pitted_surface_235.jpg,True,,test
data/NEU-CLS/train/train/images/pitted_surface_236.jpg,pitted_surface_236.jpg,pitted_surface,filename_prefix,.jpg,4fe9242908c05da1e83d2d4c5aaa4ed0834e793e2f3de534a44da67fdb610617,637d31f3adc2d15058833a8b9fa5fc5ea1a111fcd39df631c745cabaf9a6e7b7,False,,data/NEU-CLS/train/train/images/pitted_surface_236.jpg,True,,test
data/NEU-CLS/train/train/images/pitted_surface_237.jpg,pitted_surface_237.jpg,pitted_surface,filename_prefix,.jpg,72b3058a737c51a0126269a3d3472d6221f5ca94d5000461adb2f96e3e54ef91,a8b57c4381b39d00dc939f59cd09261a88b0844572514738aa1b31883f758d6b,False,,data/NEU-CLS/train/train/images/pitted_surface_237.jpg,True,,test
data/NEU-CLS/train/train/images/pitted_surface_238.jpg,pitted_surface_238.jpg,pitted_surface,filename_prefix,.jpg,90feebb241d179173583a55dcc2a072775de44e067038d60513c6c366d4eeeb3,5539671cc29c8f2e57b6a9e2510cdbe8c814154c50f3bea335381a5f78671967,False,,data/NEU-CLS/train/train/images/pitted_surface_238.jpg,True,,development
data/NEU-CLS/train/train/images/pitted_surface_239.jpg,pitted_surface_239.jpg,pitted_surface,filename_prefix,.jpg,8d4e09024169da0d8576ade255faea115122b35cbfddb3861ba2831ecc31cb1c,0abde0aa2da0c1a58343d949b626bc7a93414a74bd7bcb13b23e8aea005d3001,False,,data/NEU-CLS/train/train/images/pitted_surface_239.jpg,True,,development
data/NEU-CLS/train/train/images/pitted_surface_24.jpg,pitted_surface_24.jpg,pitted_surface,filename_prefix,.jpg,cb8db299c4721fe71c11b8e12b8cff93eb0ff2bf4581d3db218f4b2226a18166,b7b924895b115c77ba23a683242a19f0b65085ad47e4718440c7c173c36ccb49,False,,data/NEU-CLS/train/train/images/pitted_surface_24.jpg,True,,development
data/NEU-CLS/train/train/images/pitted_surface_240.jpg,pitted_surface_240.jpg,pitted_surface,filename_prefix,.jpg,f15af60ae8db80ad345879098107b51cd4b89e1eb225a90a326d71d2be56e915,5277cddfb800e130df41dc419f377ea191fe84045be6bfb38b73d9ffb5c15ade,False,,data/NEU-CLS/train/train/images/pitted_surface_240.jpg,True,,development
data/NEU-CLS/train/train/images/pitted_surface_241.jpg,pitted_surface_241.jpg,pitted_surface,filename_prefix,.jpg,311893098116d7261e0b6a16e668067c7b6abf509fc77286fad3236eb66700f1,42e46a01cc5fbf04afe0b77cc8ea8e5a63a49373cd280c64fb33c6deb7615609,False,,data/NEU-CLS/train/train/images/pitted_surface_241.jpg,True,,development
data/NEU-CLS/train/train/images/pitted_surface_242.jpg,pitted_surface_242.jpg,pitted_surface,filename_prefix,.jpg,dc6698c721ce47ee32e523bda7d745ebe5f956adcdd3668f4333b2dc68678d54,c7caa8d18babaa8576b495e8e135fe1a91d5dd3a17ebfa9698c57366dc10f585,False,,data/NEU-CLS/train/train/images/pitted_surface_242.jpg,True,,development
data/NEU-CLS/train/train/images/pitted_surface_243.jpg,pitted_surface_243.jpg,pitted_surface,filename_prefix,.jpg,0ff5b95f2010a0ab272018255023c9aac1018ec23243759e4d9eab1dafbff718,b742ace2cc42361c6f1fb7a7c62b84b29fa6ea559852cdeefccdd5bba728a0f6,False,,data/NEU-CLS/train/train/images/pitted_surface_243.jpg,True,,development
data/NEU-CLS/train/train/images/pitted_surface_244.jpg,pitted_surface_244.jpg,pitted_surface,filename_prefix,.jpg,d52e8420e4e2cef07ecb4dd3ab16938d5c38b0389c2a525173cb61ff09879783,44bb77119dbc6e042af680cacf83f8bb787611f2cf4c13df911abcfd3c145ec4,False,,data/NEU-CLS/train/train/images/pitted_surface_244.jpg,True,,development
data/NEU-CLS/train/train/images/pitted_surface_245.jpg,pitted_surface_245.jpg,pitted_surface,filename_prefix,.jpg,3d5d529e56063314e4d8ba3dd836dd7cd1604d39c02d5359394e98f8c5acc036,917b2565ee74b27273931a2927a0dc76341af88ff64077c4dc4b26652f8f594a,False,,data/NEU-CLS/train/train/images/pitted_surface_245.jpg,True,,test
data/NEU-CLS/train/train/images/pitted_surface_246.jpg,pitted_surface_246.jpg,pitted_surface,filename_prefix,.jpg,373a2ca677d011ed35deab53b76e08c8275a4c947eedfe70850f90d34ec7802c,0c7874eac81ed293d6fe0e372038f18f7468746a98673f8cf1785786002387a4,False,,data/NEU-CLS/train/train/images/pitted_surface_246.jpg,True,,development
data/NEU-CLS/train/train/images/pitted_surface_247.jpg,pitted_surface_247.jpg,pitted_surface,filename_prefix,.jpg,8310db26d29d04eecf6ffbf01a3e3951f0a7286036c4bbb6c6c923c830708cd0,78da93b545b2e3218a959cf250fe9f77b80349770859e6afae71d242217d27a5,False,,data/NEU-CLS/train/train/images/pitted_surface_247.jpg,True,,development
data/NEU-CLS/train/train/images/pitted_surface_248.jpg,pitted_surface_248.jpg,pitted_surface,filename_prefix,.jpg,32d2a7a3b527376a150443b005919884a24715ca6dd95256d5bccec8a32c556b,df0eabdee94793abc9bd308cfcfd403f8f9f07be43569c3d4905380a99e272cc,False,,data/NEU-CLS/train/train/images/pitted_surface_248.jpg,True,,development
data/NEU-CLS/train/train/images/pitted_surface_249.jpg,pitted_surface_249.jpg,pitted_surface,filename_prefix,.jpg,d8edffece38a3c0e78aaff137446c7aab54a2277f46d8f743ff526a9a3033add,64f5410b5f922f055b50d40e67dfa91f7ee700a1c94ac4aa7d695995175166c1,False,,data/NEU-CLS/train/train/images/pitted_surface_249.jpg,True,,development
data/NEU-CLS/train/train/images/pitted_surface_25.jpg,pitted_surface_25.jpg,pitted_surface,filename_prefix,.jpg,943c5054815b05422d178b9f6040aaffd378bb094389e51662ab757e584a095c,6e5398554bdc88f8fb26f18d3e974d42be22193e9a70f94384271be98ae2abbc,False,,data/NEU-CLS/train/train/images/pitted_surface_25.jpg,True,,development
data/NEU-CLS/train/train/images/pitted_surface_250.jpg,pitted_surface_250.jpg,pitted_surface,filename_prefix,.jpg,6968f38ce345e863cff39de195f36252e62cc23b0c75cf12ff6a811e94c622b2,2206a26310e9eb8bb431870241713e61bdef15dda85cc2397408a69d0c4b63fc,False,,data/NEU-CLS/train/train/images/pitted_surface_250.jpg,True,,development
data/NEU-CLS/train/train/images/pitted_surface_251.jpg,pitted_surface_251.jpg,pitted_surface,filename_prefix,.jpg,ac1bca8a4ecd2fb572b86695c488e6152db32675d9b651c062849a96bce9098c,f3c51d4f22072ec5d9e2f32d752d5d17abe60dfc3cbaba81f4b2c233ff161361,False,,data/NEU-CLS/train/train/images/pitted_surface_251.jpg,True,,test
data/NEU-CLS/train/train/images/pitted_surface_252.jpg,pitted_surface_252.jpg,pitted_surface,filename_prefix,.jpg,71d965945231aa19dc245ecd53709cc421583984d1660edb5ab29a37ed06ed62,ceef03a4362c6c3d7874499e6b4c7243d62022f6fff5e32350b946f253fec7a9,False,,data/NEU-CLS/train/train/images/pitted_surface_252.jpg,True,,development
data/NEU-CLS/train/train/images/pitted_surface_253.jpg,pitted_surface_253.jpg,pitted_surface,filename_prefix,.jpg,0c62aef76c0cf9fc3ec3f324ae4f52deeabbe7172ee2fe296f762ecb16d2bcab,482dbfdcd8c4b8cbe1be8bad694eddb98d8445888c3a6c8ce6b3c1396a5f6fb4,False,,data/NEU-CLS/train/train/images/pitted_surface_253.jpg,True,,development
data/NEU-CLS/train/train/images/pitted_surface_254.jpg,pitted_surface_254.jpg,pitted_surface,filename_prefix,.jpg,f12aea95221e055b3707857a161825be6d9cd40cde27d53107b7009bc8a6a0a4,ba621948a3e80f4c54d79584b3afbb6641e3227718cc51270206eb76fd574107,False,,data/NEU-CLS/train/train/images/pitted_surface_254.jpg,True,,development
data/NEU-CLS/train/train/images/pitted_surface_255.jpg,pitted_surface_255.jpg,pitted_surface,filename_prefix,.jpg,7d9a04ea3a7b664ae945103616f22ef85164b8a217a61890f02e26017c11ad05,3c06d233d5a86593ff73d0a1ad0a986e83a78831046a959c12ad5951e5173e54,False,,data/NEU-CLS/train/train/images/pitted_surface_255.jpg,True,,test
data/NEU-CLS/train/train/images/pitted_surface_256.jpg,pitted_surface_256.jpg,pitted_surface,filename_prefix,.jpg,ffe760f0e5b5f36859d09e5fa35ee754c2d4da0102a326c70293842868be4869,43d6846ffdec8d9df72328832e80f536a3dc8b9da093b178e1005f5a9ac129b0,False,,data/NEU-CLS/train/train/images/pitted_surface_256.jpg,True,,test
data/NEU-CLS/train/train/images/pitted_surface_257.jpg,pitted_surface_257.jpg,pitted_surface,filename_prefix,.jpg,caf4b9386a635786a2cf3f09adfeeb163f36266378a0c31fcd904a97cb62c590,7e168c61d782df0a435fe7124faca1d4fe081d23345f613fd3f942273707a20f,False,,data/NEU-CLS/train/train/images/pitted_surface_257.jpg,True,,development
data/NEU-CLS/train/train/images/pitted_surface_258.jpg,pitted_surface_258.jpg,pitted_surface,filename_prefix,.jpg,082cb141198cdc60879e15f3fa0765e99554ea4df0e7c7d6768eea189582c3c2,e0c0f2a943e7b8e8d17a15316d63bb7c8aac74013274466ae424c4be1bb3be96,False,,data/NEU-CLS/train/train/images/pitted_surface_258.jpg,True,,development
data/NEU-CLS/train/train/images/pitted_surface_259.jpg,pitted_surface_259.jpg,pitted_surface,filename_prefix,.jpg,f224ab0dbbf358f4c6e7e23b6ac07127a11dd4ecc35e1875e7222ba0d9c0f127,3cbd9ca3d99c39f97bea8091d192e334b06fecd5a8df06df015f60f5b3f55b98,False,,data/NEU-CLS/train/train/images/pitted_surface_259.jpg,True,,development
data/NEU-CLS/train/train/images/pitted_surface_26.jpg,pitted_surface_26.jpg,pitted_surface,filename_prefix,.jpg,1aaffdbdb12f5d3dba85665e436e5e3b1d4a6deca67abdd0908185950c444644,7da9f6c69b0254245f2ff264561643d803a4c2c0e0b24a0b2383537fb66d3865,False,,data/NEU-CLS/train/train/images/pitted_surface_26.jpg,True,,development
data/NEU-CLS/train/train/images/pitted_surface_260.jpg,pitted_surface_260.jpg,pitted_surface,filename_prefix,.jpg,5110aff87b7391929ab30ffbd01dc57c9ce8f4576f7257db6ebb541d2b6053ce,349ed290d1757746e6ae0f605af041faa09defca647af8481c0c4eb5697e46f5,False,,data/NEU-CLS/train/train/images/pitted_surface_260.jpg,True,,test
data/NEU-CLS/train/train/images/pitted_surface_261.jpg,pitted_surface_261.jpg,pitted_surface,filename_prefix,.jpg,7882542d6bcef5c0a38b177bbd84c527fff9aa3fe289c71a7f7c16195212b984,864750c5dd43ccc64fbe07ff9a93b3ccd05c33f1aa412295a4626e35f45fd7c0,False,,data/NEU-CLS/train/train/images/pitted_surface_261.jpg,True,,development
data/NEU-CLS/train/train/images/pitted_surface_262.jpg,pitted_surface_262.jpg,pitted_surface,filename_prefix,.jpg,003834a337c2a0e0f9239d0a6d44c15d8b3e74c1c9eca615ca35295f37b38778,d39234dd8796cdebc2c4d66537c95093c1ffe107c8ad018d39d83c137777cb6d,False,,data/NEU-CLS/train/train/images/pitted_surface_262.jpg,True,,development
data/NEU-CLS/train/train/images/pitted_surface_263.jpg,pitted_surface_263.jpg,pitted_surface,filename_prefix,.jpg,6f0c8f0ed86a90ac96eb64bb8c6c1c67781c342b356797a01454f2ee013af18e,2bdda65a6777acdfb3561172b2eb43c0ad71a7aa56cb575632647dc79b827e29,False,,data/NEU-CLS/train/train/images/pitted_surface_263.jpg,True,,development
data/NEU-CLS/train/train/images/pitted_surface_264.jpg,pitted_surface_264.jpg,pitted_surface,filename_prefix,.jpg,b8f33836036497d5b83075b2bf5a093601ecf13c4c81d35a1f3af008dfe52dc3,a55528625ef6aa5cc14d3d0073fbcaa5e9d99d008721a9cba6b8d53da694b451,False,,data/NEU-CLS/train/train/images/pitted_surface_264.jpg,True,,development
data/NEU-CLS/train/train/images/pitted_surface_265.jpg,pitted_surface_265.jpg,pitted_surface,filename_prefix,.jpg,acd4b4df93e0c79a692fd5da209cacca3e35606263d5ede0c800773699cf13d7,69c197915311d185376197fab04134682fadf36c266753bcb8c1fa61190e0ab1,False,,data/NEU-CLS/train/train/images/pitted_surface_265.jpg,True,,development
data/NEU-CLS/train/train/images/pitted_surface_266.jpg,pitted_surface_266.jpg,pitted_surface,filename_prefix,.jpg,d59af1a5f35ba00a9cfd9ef828b4817d110dde01008cf5132f33b852afb0e9f4,64d7ca3b50af7eafafc5b460c845719b50b130fd7ae665a7d4359ac1f8c1b649,False,,data/NEU-CLS/train/train/images/pitted_surface_266.jpg,True,,development
data/NEU-CLS/train/train/images/pitted_surface_267.jpg,pitted_surface_267.jpg,pitted_surface,filename_prefix,.jpg,f09776c48b5920adfb3dc441e4cb2fc446b35fc45da3e39f71c2d6a625215788,5609b625e948a3ace205738af660ef42244a396c75b3b15d3934053ca62bfe57,False,,data/NEU-CLS/train/train/images/pitted_surface_267.jpg,True,,development
data/NEU-CLS/train/train/images/pitted_surface_268.jpg,pitted_surface_268.jpg,pitted_surface,filename_prefix,.jpg,62c8106f8afe8a3e0a3f6ab5245d6384f6f5f216333f1e73e0b5068b43833a7b,6920c8de2e4fc948a75375bfbe4b556dbbe66ee239676d983f03d69dc0217794,False,,data/NEU-CLS/train/train/images/pitted_surface_268.jpg,True,,development
data/NEU-CLS/train/train/images/pitted_surface_269.jpg,pitted_surface_269.jpg,pitted_surface,filename_prefix,.jpg,107570ad7f158697ba47bfc6d56b7bbcb59cb92f4f558e6517d5581f708b6a63,3f3b4372e3d09e96b5404171c81cf29827fcbd3cb476a779834550980ca7d2af,False,,data/NEU-CLS/train/train/images/pitted_surface_269.jpg,True,,development
data/NEU-CLS/train/train/images/pitted_surface_27.jpg,pitted_surface_27.jpg,pitted_surface,filename_prefix,.jpg,725a5eae64a7b0d0324d363d6f9fd1fb2347d22d5c3fd0dbba958041cdd521ef,56e9311216560c67d4779f99ee3a13e75a7a104f6a327aff9e16bb40ae9d20c3,False,,data/NEU-CLS/train/train/images/pitted_surface_27.jpg,True,,development
data/NEU-CLS/train/train/images/pitted_surface_270.jpg,pitted_surface_270.jpg,pitted_surface,filename_prefix,.jpg,4d4074af862f2a649838d3e4ea4503d74de1a05b3d242eeb3eff323f9b2e1ebd,c449bad40f0016c49c430defb51e776bd67199ee49e1b21d9e8556a1b4118bcf,False,,data/NEU-CLS/train/train/images/pitted_surface_270.jpg,True,,development
data/NEU-CLS/train/train/images/pitted_surface_271.jpg,pitted_surface_271.jpg,pitted_surface,filename_prefix,.jpg,574c40cc98d5a5b62acef70b67953651a0f64ab32211eb30a47171c8812e1975,4eb844db6bbdd4d6c345e2ae88e5b328c7a6177050a27e7f7b1eb908e11b17f6,False,,data/NEU-CLS/train/train/images/pitted_surface_271.jpg,True,,development
data/NEU-CLS/train/train/images/pitted_surface_272.jpg,pitted_surface_272.jpg,pitted_surface,filename_prefix,.jpg,5276aef701a487548d42471c70ce9b1407c304313d9a36a5f7bf0e10c92467f5,8f48031fc975e366b3afe534efd1cd7eeac1fa4bc9f9952da81aa2ff7cd4e81b,False,,data/NEU-CLS/train/train/images/pitted_surface_272.jpg,True,,development
data/NEU-CLS/train/train/images/pitted_surface_273.jpg,pitted_surface_273.jpg,pitted_surface,filename_prefix,.jpg,478bc609f0ac13106fee87bd8b04b1f9c73159682ed58fff084611fa04b718c6,db5680ab8aac34dcc7a8116b350705e6d009747e3497369acc101aeb366dfe57,False,,data/NEU-CLS/train/train/images/pitted_surface_273.jpg,True,,development
data/NEU-CLS/train/train/images/pitted_surface_274.jpg,pitted_surface_274.jpg,pitted_surface,filename_prefix,.jpg,698933de2e9fdf591adcc3f7792c0447cf818b493b7072137c7773ae93b15870,ca7caafbb8c26e3033438c4c2d495bcd1049091de63287c7fb9e3d43bf8a865d,False,,data/NEU-CLS/train/train/images/pitted_surface_274.jpg,True,,development
data/NEU-CLS/train/train/images/pitted_surface_275.jpg,pitted_surface_275.jpg,pitted_surface,filename_prefix,.jpg,58594a1b490b1918d0ac3a039550ce46634b19ca12602ce36c470af0b57b4f28,0b437e64e915689b9b6b7d5fb50a5d5157571cbc636c3ac1eed592fc4290993a,False,,data/NEU-CLS/train/train/images/pitted_surface_275.jpg,True,,test
data/NEU-CLS/train/train/images/pitted_surface_276.jpg,pitted_surface_276.jpg,pitted_surface,filename_prefix,.jpg,f381ba16a13c335d99e485080a8c771810d79a17e7f027acc417ce378f6e4c74,cfbf71bab4221852d97ea355e9e66710156ffbea9839ce833d5317f3b206b1b3,False,,data/NEU-CLS/train/train/images/pitted_surface_276.jpg,True,,development
data/NEU-CLS/train/train/images/pitted_surface_277.jpg,pitted_surface_277.jpg,pitted_surface,filename_prefix,.jpg,cfa49c7eb0958b57f8eb2f4c63042b188f3290ced92c015e774c8553e8431f3b,8ed315596bd1bbfcb4df459b8fa42bd858e3cf84aa3b4201a65eb479fe8b8db3,False,,data/NEU-CLS/train/train/images/pitted_surface_277.jpg,True,,development
data/NEU-CLS/train/train/images/pitted_surface_278.jpg,pitted_surface_278.jpg,pitted_surface,filename_prefix,.jpg,a2ca53c5f4dcbc1afb5c6bd056fd7b18f83e7a9619b617b050a0ac466758d3fb,defc138e27b948c80d4bc78cfd911d389788aa3740b8858a46f84f2011899cd8,False,,data/NEU-CLS/train/train/images/pitted_surface_278.jpg,True,,development
data/NEU-CLS/train/train/images/pitted_surface_279.jpg,pitted_surface_279.jpg,pitted_surface,filename_prefix,.jpg,54dc6e81c383ea7f2da249324069777408235d16a3ea21471b0573b94fa3aba7,cb252247ac414b35eee06605d623788087858ecafbc00e04686524d2257579ad,False,,data/NEU-CLS/train/train/images/pitted_surface_279.jpg,True,,test
data/NEU-CLS/train/train/images/pitted_surface_28.jpg,pitted_surface_28.jpg,pitted_surface,filename_prefix,.jpg,6500eecd69447d4979ad593da486c86baa426e3a4bce598962489750a56b63d9,7a489d5cc5e1f8c77ea3f3b9d27060272565771c0a48472da818b8df3a22a2b0,False,,data/NEU-CLS/train/train/images/pitted_surface_28.jpg,True,,development
data/NEU-CLS/train/train/images/pitted_surface_280.jpg,pitted_surface_280.jpg,pitted_surface,filename_prefix,.jpg,a3d0169e01ee1ef9879e52fe2a9c3b9ff3ccce4efbaeb7b55d42e0385e751ca2,ec192f21d4a0045b506962bf7da98ff12076380e8172a5e270a8502cc50973c2,False,,data/NEU-CLS/train/train/images/pitted_surface_280.jpg,True,,development
data/NEU-CLS/train/train/images/pitted_surface_281.jpg,pitted_surface_281.jpg,pitted_surface,filename_prefix,.jpg,95f7917ac8309632a4c42576fbe2ca5b49aeecf0af6730762eda25ea3246795d,84347b99ce5fe785f8c627867aba8c18a234f1f19fc714c0e0e451ec91b71f5e,False,,data/NEU-CLS/train/train/images/pitted_surface_281.jpg,True,,development
data/NEU-CLS/train/train/images/pitted_surface_282.jpg,pitted_surface_282.jpg,pitted_surface,filename_prefix,.jpg,cddef1a10e36aa1dd8c42fc5f2acd66e74c50b547ad905eb8baa47fd5800321a,66f35f05ebae0a4572f725c4486a678c7c3856f6d61bac2ce1ba05a0105c7d96,False,,data/NEU-CLS/train/train/images/pitted_surface_282.jpg,True,,development
data/NEU-CLS/train/train/images/pitted_surface_283.jpg,pitted_surface_283.jpg,pitted_surface,filename_prefix,.jpg,a7848a058d4eb08b6f4faaf3dd44c0a956650205748301236b17426d57097aa6,b9340367926ee4d53bdfc0e004e6dd10cc8abeb2864a17d39916e670180c5249,False,,data/NEU-CLS/train/train/images/pitted_surface_283.jpg,True,,test
data/NEU-CLS/train/train/images/pitted_surface_284.jpg,pitted_surface_284.jpg,pitted_surface,filename_prefix,.jpg,b91c92306577ac1022c23895570c9c24f29ee73745da604f5b75183b9c91b1f1,9598bff80cec5cc0b350970dd6539dd0b5f76894174263ef83f353b3e007d7cf,False,,data/NEU-CLS/train/train/images/pitted_surface_284.jpg,True,,development
data/NEU-CLS/train/train/images/pitted_surface_285.jpg,pitted_surface_285.jpg,pitted_surface,filename_prefix,.jpg,67ba9fbc2930c05bc1f4563f9124a711b16f1be6424cf1dab9278b9edf45fefe,88ce11edab6876ece23c83fd4cfed3ea1cf9854e689da20c6c87a3fd26023a50,False,,data/NEU-CLS/train/train/images/pitted_surface_285.jpg,True,,development
data/NEU-CLS/train/train/images/pitted_surface_286.jpg,pitted_surface_286.jpg,pitted_surface,filename_prefix,.jpg,8fa8faa63ff20acafbada36cfdba2d71202c7148af01e0c9e39b060b92c3d219,f9c886349bdbfdb4c3d7c881707da2a5c3f52f7cc605bfa93854c3ef60b3a6d0,False,,data/NEU-CLS/train/train/images/pitted_surface_286.jpg,True,,development
data/NEU-CLS/train/train/images/pitted_surface_287.jpg,pitted_surface_287.jpg,pitted_surface,filename_prefix,.jpg,c77cc92be88c61ee91d1b79c527e158d457db236c4bcb844874350cb7dda7335,de2c15cf9d382053c8bb5b4749a631d0795f1fd422c4ef8fb0574557096e58c6,False,,data/NEU-CLS/train/train/images/pitted_surface_287.jpg,True,,development
data/NEU-CLS/train/train/images/pitted_surface_288.jpg,pitted_surface_288.jpg,pitted_surface,filename_prefix,.jpg,b816257cb09fcd1a3c70f8b1a11a459f21ca434490ae70d1c85b67fee97cf66d,6e30a1793d5c67dde4b8609865d954a4a9d4b1a9e51577f3be1c415515e4aafb,False,,data/NEU-CLS/train/train/images/pitted_surface_288.jpg,True,,development
data/NEU-CLS/train/train/images/pitted_surface_289.jpg,pitted_surface_289.jpg,pitted_surface,filename_prefix,.jpg,657ff0c9728739c62c7b120e78cfe091740c7f466dd984467e8cb02f70e4b02e,731421ea828cf2b4bcb5ff59f1c99658c61ec3c1d1917dbcb040c83690534fc6,False,,data/NEU-CLS/train/train/images/pitted_surface_289.jpg,True,,development
data/NEU-CLS/train/train/images/pitted_surface_29.jpg,pitted_surface_29.jpg,pitted_surface,filename_prefix,.jpg,1cb876a9d3d7b1102b7a7af13d0bfadbe5b7055dbe84623c23ab972cd9ef79fd,932c36cfda616773e3d1e3dc61ed8269fd52780f4c655374f2ae869067d079ee,False,,data/NEU-CLS/train/train/images/pitted_surface_29.jpg,True,,development
data/NEU-CLS/train/train/images/pitted_surface_290.jpg,pitted_surface_290.jpg,pitted_surface,filename_prefix,.jpg,a6eccecb7af92cb4b6a938125998e324391eadcb34122279cbfad15af17e347b,8f014a79a2d551331b6e54fe346cb1d0bef5d4e68fc5fbe836bf6779063f1220,False,,data/NEU-CLS/train/train/images/pitted_surface_290.jpg,True,,development
data/NEU-CLS/train/train/images/pitted_surface_291.jpg,pitted_surface_291.jpg,pitted_surface,filename_prefix,.jpg,d5174521affd4f53f17e4f836b0e77cab67cbeb5eb27df3f455c945c74c32f0e,75797d6bbc73844a06852d291dfcd7a260b012771714701abf7a187203b6a5f0,False,,data/NEU-CLS/train/train/images/pitted_surface_291.jpg,True,,test
data/NEU-CLS/train/train/images/pitted_surface_292.jpg,pitted_surface_292.jpg,pitted_surface,filename_prefix,.jpg,a42ca33bde4f8241cb41cc0898caa3e1251f11d271f516aff32314877dbac51d,8c8e102ebb68f73ff98691c4eb5e0edb7f7a206057b8d2e2ff48812eb8305868,False,,data/NEU-CLS/train/train/images/pitted_surface_292.jpg,True,,development
data/NEU-CLS/train/train/images/pitted_surface_293.jpg,pitted_surface_293.jpg,pitted_surface,filename_prefix,.jpg,59e6160da4dd50f8e6e9e80f0161aea97328d626a56c2e36403799975f0c3a17,f347343dab059bc12fab34e806995cf823aadefa4541c6dc172833a412bed743,False,,data/NEU-CLS/train/train/images/pitted_surface_293.jpg,True,,development
data/NEU-CLS/train/train/images/pitted_surface_294.jpg,pitted_surface_294.jpg,pitted_surface,filename_prefix,.jpg,3e8d7b4980ba54f2bf86ebcc9e8d72fb3cdf2dbe4c73c058e406c05b111b04a4,38a00f3c251d089056ede79a2e5c4e40f4f6320b0db6e247cd4cd473abd65bbd,False,,data/NEU-CLS/train/train/images/pitted_surface_294.jpg,True,,development
data/NEU-CLS/train/train/images/pitted_surface_295.jpg,pitted_surface_295.jpg,pitted_surface,filename_prefix,.jpg,1a2471cd8d2434a2eb72aa2713ba06554da095ff8bef6da28b4c33b4d819fd3b,8880f3c41e3ebde5819d280d7c29f978b67d7f93e059dbc39dd099b2255bee8d,False,,data/NEU-CLS/train/train/images/pitted_surface_295.jpg,True,,development
data/NEU-CLS/train/train/images/pitted_surface_296.jpg,pitted_surface_296.jpg,pitted_surface,filename_prefix,.jpg,fce05758c0878c49a9a471888522d44883e9b6a4183a103acade9890c00b30dc,f23c7899c6e4638130ca7de547b1570d4f8641779aeb342ddfb6f1616aa976e5,False,,data/NEU-CLS/train/train/images/pitted_surface_296.jpg,True,,development
data/NEU-CLS/train/train/images/pitted_surface_297.jpg,pitted_surface_297.jpg,pitted_surface,filename_prefix,.jpg,1cea18a9361b852b51ef437201890e7e6ced6d265b0249fa6dac144fe584076d,bb4f5813fb9ec04a2126e5f8224926626c0b79c6ade9a0d0f82975cfd4a10258,False,,data/NEU-CLS/train/train/images/pitted_surface_297.jpg,True,,development
data/NEU-CLS/train/train/images/pitted_surface_298.jpg,pitted_surface_298.jpg,pitted_surface,filename_prefix,.jpg,ffd6c20b0571b9d4a4cd08d8de1e3ea851989c12c5348c2acdd9bae2a4ad2a76,eee8913dafde59495e429d063cb90edc0054702e2e5e7ca99c9b90e10d0e28d0,False,,data/NEU-CLS/train/train/images/pitted_surface_298.jpg,True,,development
data/NEU-CLS/train/train/images/pitted_surface_299.jpg,pitted_surface_299.jpg,pitted_surface,filename_prefix,.jpg,3f5cc6ab754ae9eea0ac28f797bdf7be4ca6d330791eb11361bd37a9e269f345,15e024318f8e5de62d1509a29c0429bec053611f1aef5a2b1cde785a80e0c1fa,False,,data/NEU-CLS/train/train/images/pitted_surface_299.jpg,True,,test
data/NEU-CLS/train/train/images/pitted_surface_30.jpg,pitted_surface_30.jpg,pitted_surface,filename_prefix,.jpg,306098fc0e18d042291be4418c1c664271a7e851e0ca0f7b41f90ed485d83bda,f3229a1c5d32c5b03c808a9cf3d3be75b05907d0887a2a790263891242a2e165,False,,data/NEU-CLS/train/train/images/pitted_surface_30.jpg,True,,development
data/NEU-CLS/train/train/images/pitted_surface_300.jpg,pitted_surface_300.jpg,pitted_surface,filename_prefix,.jpg,8ed56df34f6bcbcb5c60384c1c37b05d01365dfbb81b1a8855fbbe260718a32a,a2526de9226ce150986af3fe751996e65902a5e321cf452d5ee5877d08ac351a,False,,data/NEU-CLS/train/train/images/pitted_surface_300.jpg,True,,development
data/NEU-CLS/train/train/images/pitted_surface_31.jpg,pitted_surface_31.jpg,pitted_surface,filename_prefix,.jpg,6be554255e6859c5e1dbd4c07fefe00e6e304362da5246dbdafd99341fe0086a,811407792b35e02fc45646e31798878cd19198b3e7f60140637ca6c56c832747,False,,data/NEU-CLS/train/train/images/pitted_surface_31.jpg,True,,test
data/NEU-CLS/train/train/images/pitted_surface_32.jpg,pitted_surface_32.jpg,pitted_surface,filename_prefix,.jpg,507b255dbb67572f745c5b7e2a7407e7514bd2232f98f6fd524fee893d5bc7f3,f917c3c1b372252a6f8b419f74e954048fbd4a4b5e4e468ccdf9218312fb6806,False,,data/NEU-CLS/train/train/images/pitted_surface_32.jpg,True,,development
data/NEU-CLS/train/train/images/pitted_surface_33.jpg,pitted_surface_33.jpg,pitted_surface,filename_prefix,.jpg,af99bdfab330b77986583aaa86da06f6ddfa291d2a365e6ac09e24b3ae17e321,de6ad3956ab423802bf6a2a396d6adb4b418e7fa3ef9016a45991dce86e9412f,False,,data/NEU-CLS/train/train/images/pitted_surface_33.jpg,True,,test
data/NEU-CLS/train/train/images/pitted_surface_34.jpg,pitted_surface_34.jpg,pitted_surface,filename_prefix,.jpg,ed7d558322552b8c5e21af130313dcdceeb764c3764bb9f102eea47225a1fdd5,f872d44a5e3f8d9298cfdfb18cdf2c476587449905188c67c2898ec26fb4aea6,False,,data/NEU-CLS/train/train/images/pitted_surface_34.jpg,True,,development
data/NEU-CLS/train/train/images/pitted_surface_35.jpg,pitted_surface_35.jpg,pitted_surface,filename_prefix,.jpg,e77933cb6d561b6fd5873d433367d4a504c6f53a6ed13576d516f3f9274b5c65,a0b661e38c8bf2e50ad08cbd8609f27730c229883c46e4d85018693c805e90b7,False,,data/NEU-CLS/train/train/images/pitted_surface_35.jpg,True,,development
data/NEU-CLS/train/train/images/pitted_surface_36.jpg,pitted_surface_36.jpg,pitted_surface,filename_prefix,.jpg,3954a55a23832a84b6666510890149fd164489e1cecf94860d3defac8d2ef5ef,000f9c3bba7b0a81e95c5a31dc11da91279c3326aaa3cdd49c57064e309f9d26,False,,data/NEU-CLS/train/train/images/pitted_surface_36.jpg,True,,development
data/NEU-CLS/train/train/images/pitted_surface_37.jpg,pitted_surface_37.jpg,pitted_surface,filename_prefix,.jpg,eefa9cf6b94908b295f83a246db887ae02e8a97ccfdead52031be615d29f6e50,399d012cdd646256993987738a9967b8fbff03f218e5acf2e27fc6b8cbdc4f18,False,,data/NEU-CLS/train/train/images/pitted_surface_37.jpg,True,,test
data/NEU-CLS/train/train/images/pitted_surface_38.jpg,pitted_surface_38.jpg,pitted_surface,filename_prefix,.jpg,f37fde07c3afe1f5051f0c31c9ff7d1cbbe1da703ff3d7b27125c3366f0b7ac2,8efa77d389a3fe5959e6ec3be268fd00736692cc5403befdb172dde6818f656a,False,,data/NEU-CLS/train/train/images/pitted_surface_38.jpg,True,,development
data/NEU-CLS/train/train/images/pitted_surface_39.jpg,pitted_surface_39.jpg,pitted_surface,filename_prefix,.jpg,8045c0220b70504345d02c81c69845e48bac0417e3472d3703027c96965004fc,fe1653e280c9a8919a03a436e7486803272d21a4e8f81ae30efc16950a8dc412,False,,data/NEU-CLS/train/train/images/pitted_surface_39.jpg,True,,development
data/NEU-CLS/train/train/images/pitted_surface_40.jpg,pitted_surface_40.jpg,pitted_surface,filename_prefix,.jpg,90f777c4cf0471e5832ed22f5bd79bfef6be9dcef7f26f5655af2e7b4df91e71,5c45cd39ea559f71e79bfd67f8acf3f6cbfbcbc8444f4bdf055d831cabd70ef2,False,,data/NEU-CLS/train/train/images/pitted_surface_40.jpg,True,,development
data/NEU-CLS/train/train/images/pitted_surface_41.jpg,pitted_surface_41.jpg,pitted_surface,filename_prefix,.jpg,50ca0984e1b38189c34e62d61edd2a4c21202d3353a20ea9a31722dd25b72201,7b41e6e309d8fb20e7f953389a7aae4bcd240bba784afb1c56b2bd889e242a51,False,,data/NEU-CLS/train/train/images/pitted_surface_41.jpg,True,,development
data/NEU-CLS/train/train/images/pitted_surface_42.jpg,pitted_surface_42.jpg,pitted_surface,filename_prefix,.jpg,5e71dd4fcf0975c0bd8bd75c24dc047627516f66d59401f941b97b469d016f48,d30963d32014898455bf111d173106d2dd8df6b3fb21102fbd91754955932cf1,False,,data/NEU-CLS/train/train/images/pitted_surface_42.jpg,True,,development
data/NEU-CLS/train/train/images/pitted_surface_43.jpg,pitted_surface_43.jpg,pitted_surface,filename_prefix,.jpg,d13a0906ba9e34d170ca9d2309b7e713664b1da1c814a7aad16513f6a9ab9f60,e28e0e480cc12e0fea52d593c47ff0b31f5c06c711abaf877894c204301f3887,False,,data/NEU-CLS/train/train/images/pitted_surface_43.jpg,True,,development
data/NEU-CLS/train/train/images/pitted_surface_44.jpg,pitted_surface_44.jpg,pitted_surface,filename_prefix,.jpg,1d2129cadf9076d425e125a0596b462a8e5dc39398ca72902e4fa4df8beb6857,909922647e40abf1b6ae892ff50e86baca01f67b7c0d3fc121f3ce17d06f8f4b,False,,data/NEU-CLS/train/train/images/pitted_surface_44.jpg,True,,development
data/NEU-CLS/train/train/images/pitted_surface_45.jpg,pitted_surface_45.jpg,pitted_surface,filename_prefix,.jpg,afab3997bbd828d18fb1d87eec86e513cabecd63a6ce44207e35da85c7b043a9,b759a975652ab10c0766c901e2a59da7c2e86c9da1cb0d5560e4b0a2ef406fab,False,,data/NEU-CLS/train/train/images/pitted_surface_45.jpg,True,,development
data/NEU-CLS/train/train/images/pitted_surface_46.jpg,pitted_surface_46.jpg,pitted_surface,filename_prefix,.jpg,c5340e6c7f50d8676b0407259ee687b27f8920b441afe943e7ef800d93bb65a5,31166e207eab7c0eaf3de7d4896268cb97d8025ef769b477444b7330a3fefee9,False,,data/NEU-CLS/train/train/images/pitted_surface_46.jpg,True,,development
data/NEU-CLS/train/train/images/pitted_surface_47.jpg,pitted_surface_47.jpg,pitted_surface,filename_prefix,.jpg,e3c440844067a1022cabe8d8ab71283fda70210f94da1394f9296a58ed380ee6,39a49a26ca54d6716ce8a8e5485ed79bdedd49c50c76a16c0f910fc216cb355e,False,,data/NEU-CLS/train/train/images/pitted_surface_47.jpg,True,,development
data/NEU-CLS/train/train/images/pitted_surface_48.jpg,pitted_surface_48.jpg,pitted_surface,filename_prefix,.jpg,d5136b7f1a4b9588c04c1c30c329cbe45368cd9c5171370b38d0c0ef306d825b,d41f78e0527fe34aed3f8be31142b2e84f67b72fdc1f77553cde38f8c87c775b,False,,data/NEU-CLS/train/train/images/pitted_surface_48.jpg,True,,development
data/NEU-CLS/train/train/images/pitted_surface_49.jpg,pitted_surface_49.jpg,pitted_surface,filename_prefix,.jpg,a9670be72781679c10fa4ae7c174ab3c6196e4a3b38545aa318116a58123d49f,882236d7d90c04168e63a3cb29e8799bb9295be6412c920b494edd78b07d7214,False,,data/NEU-CLS/train/train/images/pitted_surface_49.jpg,True,,development
data/NEU-CLS/train/train/images/pitted_surface_50.jpg,pitted_surface_50.jpg,pitted_surface,filename_prefix,.jpg,046697383b1e45b1e6545bd84896610cdf9788643a11a525bd4e66809bf1f150,88c7a657887b7472ea3c8699f748f6c5fc6898190ef529299fb2ba0d2cf6728d,False,,data/NEU-CLS/train/train/images/pitted_surface_50.jpg,True,,development
data/NEU-CLS/train/train/images/pitted_surface_51.jpg,pitted_surface_51.jpg,pitted_surface,filename_prefix,.jpg,1cc100bf4d30f06d7229f6be837fd25e84b7f2540b9b61c0752c7ea8290c6a68,6c089f431ef819daf4401102681c20f5fc571b11abd81aac3496907e184630bb,False,,data/NEU-CLS/train/train/images/pitted_surface_51.jpg,True,,test
data/NEU-CLS/train/train/images/pitted_surface_52.jpg,pitted_surface_52.jpg,pitted_surface,filename_prefix,.jpg,bbe51811b92b40d7c34e1c05de5ee74285e2dd605fa971e0c21b3aa74957a8ad,4c138ca101ef30a04fd3c4ae027c0bdd4a36db6a5ce38b3c4583c9ef2585f21d,False,,data/NEU-CLS/train/train/images/pitted_surface_52.jpg,True,,development
data/NEU-CLS/train/train/images/pitted_surface_53.jpg,pitted_surface_53.jpg,pitted_surface,filename_prefix,.jpg,4e8dd9c0a12898861a575108b45acddfdfc342f3d346c089f9eb9d56f3c4281f,8884fcb422b394c4691fde99e7452aa9291a65e22c64207bd4003e0d3d6b035a,False,,data/NEU-CLS/train/train/images/pitted_surface_53.jpg,True,,development
data/NEU-CLS/train/train/images/pitted_surface_54.jpg,pitted_surface_54.jpg,pitted_surface,filename_prefix,.jpg,ea6601517e39dbac5c65bfe801ed5599befb64e7ff20b468d07e8e09148c95f5,951050d8cf5310a2188578e2fa838d24219f82a827223908c3773d99068bd9ca,False,,data/NEU-CLS/train/train/images/pitted_surface_54.jpg,True,,development
data/NEU-CLS/train/train/images/pitted_surface_55.jpg,pitted_surface_55.jpg,pitted_surface,filename_prefix,.jpg,00cfb7a08d4bcc88ea6699a69bf1ecced87d2cd2d25e17b88ebad19d854ca63d,75c1f465c44cc417c555b5162acc2f97616b2335c2560adb82d6da0b99635be8,False,,data/NEU-CLS/train/train/images/pitted_surface_55.jpg,True,,test
data/NEU-CLS/train/train/images/pitted_surface_56.jpg,pitted_surface_56.jpg,pitted_surface,filename_prefix,.jpg,92899dce5b9fba8de221a26a0e04c1f15d2f84c669d1b385803dbd8a76fd98c3,ac46bb6fcc612a471bc6646bb2d29dfff19ef49cfbf8f969b363cd044b5e73c9,False,,data/NEU-CLS/train/train/images/pitted_surface_56.jpg,True,,test
data/NEU-CLS/train/train/images/pitted_surface_57.jpg,pitted_surface_57.jpg,pitted_surface,filename_prefix,.jpg,59c28c2a5bb33b78236ba5035ab7e7e37acbe98c9f1d8bea9f9635aaa68cf2c1,3ec6f5fe2da8584cd1f039acd91e341ab62d27db65df878acf7f2e0666c3bcf2,False,,data/NEU-CLS/train/train/images/pitted_surface_57.jpg,True,,development
data/NEU-CLS/train/train/images/pitted_surface_58.jpg,pitted_surface_58.jpg,pitted_surface,filename_prefix,.jpg,c739fc8183b7130b79c5950b62464216814b063ca268005e4aec08671b39bab5,a6e6507d08cface3b816e2863c1d5df456bb0df8fde8cede37feada59bbe3cb4,False,,data/NEU-CLS/train/train/images/pitted_surface_58.jpg,True,,development
data/NEU-CLS/train/train/images/pitted_surface_59.jpg,pitted_surface_59.jpg,pitted_surface,filename_prefix,.jpg,9dd92f35fe35591114f3c34c814f9a0706971153ea868a2a597e28aafabb2d29,cb40828e718983203a39ff5a78c75ee94c34f5150d2ce5106fe2a192e91cd804,False,,data/NEU-CLS/train/train/images/pitted_surface_59.jpg,True,,development
data/NEU-CLS/train/train/images/pitted_surface_6.jpg,pitted_surface_6.jpg,pitted_surface,filename_prefix,.jpg,aaa6cc094dd7be08524e6fb7a9a861e885f4409dc96b53301392dbb6d0941e92,65e131fd7f7faad86fe8d7574ea0e407289c779501c47710abf65ec3c36af281,False,,data/NEU-CLS/train/train/images/pitted_surface_6.jpg,True,,development
data/NEU-CLS/train/train/images/pitted_surface_60.jpg,pitted_surface_60.jpg,pitted_surface,filename_prefix,.jpg,cd6d2ba79d8acdea1aeb393182016fbee35d55dc142efac01c1706ef791bca8a,abbb4ca110835015588f1fc5ee14e10856b8f667b549ea6c0f389d9df8d45d36,False,,data/NEU-CLS/train/train/images/pitted_surface_60.jpg,True,,development
data/NEU-CLS/train/train/images/pitted_surface_61.jpg,pitted_surface_61.jpg,pitted_surface,filename_prefix,.jpg,ad6f2b128872256beeb6a0457377b4a834050a731f976fc8f3dcc75a0febcf23,d86908b3e2ef6ef23913b5bcb32392220e0b3d7a9a43b601dddfe2c142c3460c,False,,data/NEU-CLS/train/train/images/pitted_surface_61.jpg,True,,test
data/NEU-CLS/train/train/images/pitted_surface_62.jpg,pitted_surface_62.jpg,pitted_surface,filename_prefix,.jpg,f2746e85b8590550ac82838e6539dcda6a0bfa68c95acfc98ba8281de62e963f,2c6ad19ad33e62eeca02d32b1c6f75f922c368c8ec635fe97d0434a9db8daab4,False,,data/NEU-CLS/train/train/images/pitted_surface_62.jpg,True,,development
data/NEU-CLS/train/train/images/pitted_surface_63.jpg,pitted_surface_63.jpg,pitted_surface,filename_prefix,.jpg,c187ccec526bd06bfa42f36b6d928f87cad59bf691bb9e2fd6662b52395970e4,fbdf1f2be76893ff6c6d772bc615b8bda46b4752a19f1cbd9e90d23d5cdf8ece,False,,data/NEU-CLS/train/train/images/pitted_surface_63.jpg,True,,development
data/NEU-CLS/train/train/images/pitted_surface_64.jpg,pitted_surface_64.jpg,pitted_surface,filename_prefix,.jpg,37863072e74292a7743d079bff854875c9fa089a647b5eb9ca3ed889d51075e3,3f5131091a3f9ebce68e23ad924219dfcc8c9fe07bd60bec4fcae63dfca17415,False,,data/NEU-CLS/train/train/images/pitted_surface_64.jpg,True,,development
data/NEU-CLS/train/train/images/pitted_surface_65.jpg,pitted_surface_65.jpg,pitted_surface,filename_prefix,.jpg,f34e6e2986b6efc0c7281e6765d94c0e449dada265f65dd42074ba2abbdc63d7,52ca76d7418c243c0d3664cd4241c40908a4b091f4d0d8234a40d4053ba71701,False,,data/NEU-CLS/train/train/images/pitted_surface_65.jpg,True,,development
data/NEU-CLS/train/train/images/pitted_surface_66.jpg,pitted_surface_66.jpg,pitted_surface,filename_prefix,.jpg,066bf3f2952da00ab4f5cdfa1bec8bce8c08d71ff7adb7a5ab55ad55caa02a0c,df58ebf620aa55746a24872f8c793f56fb0eff5858e6d22afb4c902fd14c8633,False,,data/NEU-CLS/train/train/images/pitted_surface_66.jpg,True,,development
data/NEU-CLS/train/train/images/pitted_surface_67.jpg,pitted_surface_67.jpg,pitted_surface,filename_prefix,.jpg,4c4edeebf71125633834821d9fa8259881aa9881e715c9af06124da020081559,5f7538cc18cea62b190a91db1bd89931d380fcd21930647829879d19ae9b4e6b,False,,data/NEU-CLS/train/train/images/pitted_surface_67.jpg,True,,development
data/NEU-CLS/train/train/images/pitted_surface_68.jpg,pitted_surface_68.jpg,pitted_surface,filename_prefix,.jpg,6dce24c80afbd882a5c86c478aa66f292f40c415070a9ae0b3773b08ba55104c,adb670186f414a435bbeff22536786b3b59653666dc678b423a6b79db1910083,False,,data/NEU-CLS/train/train/images/pitted_surface_68.jpg,True,,development
data/NEU-CLS/train/train/images/pitted_surface_69.jpg,pitted_surface_69.jpg,pitted_surface,filename_prefix,.jpg,411dcbfc1f8252da5c9395b2036d6b90ce71fdf54b577380b1f30466945a467c,c40fc83747f3419917b12b7ecc157fd0306c9bdc4d60acdd04798807baecb158,False,,data/NEU-CLS/train/train/images/pitted_surface_69.jpg,True,,development
data/NEU-CLS/train/train/images/pitted_surface_7.jpg,pitted_surface_7.jpg,pitted_surface,filename_prefix,.jpg,c348e6929eb0d8c7f3207ea887e7a6ce4e7eeb43c354c28789927f0c625d1c2c,3ac6ed6a381514caca82d5d320bd1114c32ff9e1c140ad39de50f9627b7ce7f4,False,,data/NEU-CLS/train/train/images/pitted_surface_7.jpg,True,,development
data/NEU-CLS/train/train/images/pitted_surface_70.jpg,pitted_surface_70.jpg,pitted_surface,filename_prefix,.jpg,873394e2dc97b96c8d1608bb7add234c4864d660ab46125af2e14053d04dd9d5,e10313c494c61f6cac5c539464ef1facdcd1c7b457c64ff1068692576b0b4de7,False,,data/NEU-CLS/train/train/images/pitted_surface_70.jpg,True,,development
data/NEU-CLS/train/train/images/pitted_surface_71.jpg,pitted_surface_71.jpg,pitted_surface,filename_prefix,.jpg,58e9aec52c45805cab6805931fdeb0c2a07612157dd7085b298be65db55eb093,90e0a3cb5a442223ed091051ff14aac128473f7118284f7d9b321a924bd249de,False,,data/NEU-CLS/train/train/images/pitted_surface_71.jpg,True,,development
data/NEU-CLS/train/train/images/pitted_surface_72.jpg,pitted_surface_72.jpg,pitted_surface,filename_prefix,.jpg,7cef35017533cd98b77b8e622155d0292df3ac103876d9bf17710d240596833f,69fd7fb5de6a76b995e5203e44a83865c2af26e55e73913aa121e0d60e3933e8,False,,data/NEU-CLS/train/train/images/pitted_surface_72.jpg,True,,development
data/NEU-CLS/train/train/images/pitted_surface_73.jpg,pitted_surface_73.jpg,pitted_surface,filename_prefix,.jpg,821b1e0cea8c13bbf9629dac10958da3ebe4f74560d311b4fd398c820e76d129,6c9e61ab8dabd983abdf9c9dffe372f1ac2513bc675048bc87c0c2bd5b8258e4,False,,data/NEU-CLS/train/train/images/pitted_surface_73.jpg,True,,development
data/NEU-CLS/train/train/images/pitted_surface_74.jpg,pitted_surface_74.jpg,pitted_surface,filename_prefix,.jpg,ad625a18cb4f61b4c35b5ea6618110cdfb5c8a0acb2e426e67befad791602db9,f151ad0881fb5e34ca6f4c19dd990d44628ea74c0c1ef88006a4e07b6a372939,False,,data/NEU-CLS/train/train/images/pitted_surface_74.jpg,True,,development
data/NEU-CLS/train/train/images/pitted_surface_75.jpg,pitted_surface_75.jpg,pitted_surface,filename_prefix,.jpg,6f488898023e07c9c4f37a59fcb942d667d544fc86c82acbc3b4562a884214fc,c035e1eb47a901a4d5ae67645e0efa86b78412458f5c1ef008c7c434b3596e38,False,,data/NEU-CLS/train/train/images/pitted_surface_75.jpg,True,,development
data/NEU-CLS/train/train/images/pitted_surface_76.jpg,pitted_surface_76.jpg,pitted_surface,filename_prefix,.jpg,7ab2624513ca51f7c4c6c1a6ce156c06a9e8ff023c7242526117bd278e7d89e8,4d5e68366e403c668336b4c13bd42301249f82ff02111459f5ef405600d1a1fb,False,,data/NEU-CLS/train/train/images/pitted_surface_76.jpg,True,,development
data/NEU-CLS/train/train/images/pitted_surface_77.jpg,pitted_surface_77.jpg,pitted_surface,filename_prefix,.jpg,3a1c5c858c6e9c70173e96762537c1feb8cd9485de3ac29af1368094e5b6e4a4,f4eec1bca7919f07884dee51d83920ee6d79c626f719a66c2183863a765c4994,False,,data/NEU-CLS/train/train/images/pitted_surface_77.jpg,True,,development
data/NEU-CLS/train/train/images/pitted_surface_78.jpg,pitted_surface_78.jpg,pitted_surface,filename_prefix,.jpg,2ba18c894c2d9353754da4984dd1ae621f128b5de1ca2aa0c042516fbeaff6b1,41d9ccdec68b57673b2acf0316e6cbde68830e9167797ab504a80dade0464d67,False,,data/NEU-CLS/train/train/images/pitted_surface_78.jpg,True,,development
data/NEU-CLS/train/train/images/pitted_surface_79.jpg,pitted_surface_79.jpg,pitted_surface,filename_prefix,.jpg,9a6eb4395b8b888b037d494e86346d76b6242dd3dc9b251df32bb772bbb21c75,7ed43dc04906cde26c6d7ee9c3c20ff55409731fbf997f4d6f0b2f5c517f3374,False,,data/NEU-CLS/train/train/images/pitted_surface_79.jpg,True,,development
data/NEU-CLS/train/train/images/pitted_surface_8.jpg,pitted_surface_8.jpg,pitted_surface,filename_prefix,.jpg,47557df4cbfeb87a1335f65ccaa5830016c88ac197a355ccb6ab22f3d277a46e,0bf96f5dc77bba1c69efbcc6f20513f7f15b5e4f50af273c5bcb8d579277274b,False,,data/NEU-CLS/train/train/images/pitted_surface_8.jpg,True,,development
data/NEU-CLS/train/train/images/pitted_surface_80.jpg,pitted_surface_80.jpg,pitted_surface,filename_prefix,.jpg,8da70642715307b9cedb8fe544d24b948fb688144ef7b8bce2aebdd0f218f216,57cfe9e79add91c8a6b2ba5cfc865cbbcb48536c9d0a59f146e246959f7e5353,False,,data/NEU-CLS/train/train/images/pitted_surface_80.jpg,True,,development
data/NEU-CLS/train/train/images/pitted_surface_81.jpg,pitted_surface_81.jpg,pitted_surface,filename_prefix,.jpg,5e66e37c6b75cf9dda04dca89743e43d082d6836931654abedfab076dd01adea,8828f5a16ec8cb6406f7d39b41cfb5f123629fb9907edeaaa55a31d34b59f6cb,False,,data/NEU-CLS/train/train/images/pitted_surface_81.jpg,True,,development
data/NEU-CLS/train/train/images/pitted_surface_82.jpg,pitted_surface_82.jpg,pitted_surface,filename_prefix,.jpg,43ef5709fb4ccf6404f6ee9c7e5c825ae5be8e16849061004245a3ccc8589505,9a0b6e32deae28d01be879238b702b4dd6e50a4de5ae64b306f1ed8ebf89aebb,False,,data/NEU-CLS/train/train/images/pitted_surface_82.jpg,True,,test
data/NEU-CLS/train/train/images/pitted_surface_83.jpg,pitted_surface_83.jpg,pitted_surface,filename_prefix,.jpg,2d2b2d10955485622d89b2cab5d7d4038af5456b6f6459a56bf5c3d1766ca25f,bb3ee6a846906ad8d6bd3150e61804b613829fd41cbcaaa9b2de828dabef8b2c,False,,data/NEU-CLS/train/train/images/pitted_surface_83.jpg,True,,test
data/NEU-CLS/train/train/images/pitted_surface_84.jpg,pitted_surface_84.jpg,pitted_surface,filename_prefix,.jpg,3e640b1c592ee8724aecc7b18a968b3e09031fbf64eb900e2bef6e2b6ee75816,7ba4100246a18875b41241f27711f64f2606b243c76fe8fa86b510596ac65b36,False,,data/NEU-CLS/train/train/images/pitted_surface_84.jpg,True,,development
data/NEU-CLS/train/train/images/pitted_surface_85.jpg,pitted_surface_85.jpg,pitted_surface,filename_prefix,.jpg,2e11fa5442f1b58a7e090e31cc2a011a9ec9cdad81413383cd6e4991ad361b7f,94de773dc43d63c28202cb8350407bd8dd6faf3a92a095c4d6b2340d457f290e,False,,data/NEU-CLS/train/train/images/pitted_surface_85.jpg,True,,development
data/NEU-CLS/train/train/images/pitted_surface_86.jpg,pitted_surface_86.jpg,pitted_surface,filename_prefix,.jpg,25b7e6faf68ee791958c5c8caa63bfc4c667ec18b4d42c88fadfae6bfc8e1692,36f422cdcbe69b528b72c02760667994fe38fa631ca153c1badd6f24e89a3aea,False,,data/NEU-CLS/train/train/images/pitted_surface_86.jpg,True,,development
data/NEU-CLS/train/train/images/pitted_surface_87.jpg,pitted_surface_87.jpg,pitted_surface,filename_prefix,.jpg,0ccace87e701d4a71a88a4d2e4c9a81108689423739381751b8288b59856f4ca,3acb7456dc06c1c3db0b156349d44f9885a79c0e2f75314a0dd5ac9ad4012f42,False,,data/NEU-CLS/train/train/images/pitted_surface_87.jpg,True,,development
data/NEU-CLS/train/train/images/pitted_surface_88.jpg,pitted_surface_88.jpg,pitted_surface,filename_prefix,.jpg,1865f9853c41358d27f2875a199897107cff1cb30728b9d007f3ec4e8c036fc2,ee55f770b4a902adc0bce8e6e9f6559a825bac32f5cbd4daf4a9d851d885a429,False,,data/NEU-CLS/train/train/images/pitted_surface_88.jpg,True,,development
data/NEU-CLS/train/train/images/pitted_surface_89.jpg,pitted_surface_89.jpg,pitted_surface,filename_prefix,.jpg,5aed54cf5ea07e4c3e0887eafd00d5d598ed4674ddeaf14422939205773b8ba7,d77204f127c0121dde7d704d22445ea37bd1ee65115953308a3bec6ee5f35780,False,,data/NEU-CLS/train/train/images/pitted_surface_89.jpg,True,,development
data/NEU-CLS/train/train/images/pitted_surface_9.jpg,pitted_surface_9.jpg,pitted_surface,filename_prefix,.jpg,7555653ee061b383d285a6cd376e667aedac34ea732476d391fd8092e60ca8e7,ffd69ecad72af6333b15e29833275539abf4ff231e425d5959b772d412d514d6,False,,data/NEU-CLS/train/train/images/pitted_surface_9.jpg,True,,development
data/NEU-CLS/train/train/images/pitted_surface_90.jpg,pitted_surface_90.jpg,pitted_surface,filename_prefix,.jpg,37d39470449b41e8b2bed692e5624906ea6fd392639f762c63c07600cea8f88e,7d8ec76ba03aea54e4c00c41707305063bdc2738d0acaec353b82a8c55f1af3e,False,,data/NEU-CLS/train/train/images/pitted_surface_90.jpg,True,,development
data/NEU-CLS/train/train/images/pitted_surface_91.jpg,pitted_surface_91.jpg,pitted_surface,filename_prefix,.jpg,d2eb1c66180928c3b948559410ccf90f0749fbe0850fed78f7656ed2cb17f595,c584e30047e5d66c3b0c0a04d95695bdfd5b7363e91ca6713a7033e4469d5b1f,False,,data/NEU-CLS/train/train/images/pitted_surface_91.jpg,True,,development
data/NEU-CLS/train/train/images/pitted_surface_92.jpg,pitted_surface_92.jpg,pitted_surface,filename_prefix,.jpg,d95d8a48879ce38151beb5e001ced0e53864715b1f70857f627fa31a2fa414c2,8d4a3300fe706c9bec7d768b2858332388222c1d83bc028279ba67cd7439e2b5,False,,data/NEU-CLS/train/train/images/pitted_surface_92.jpg,True,,development
data/NEU-CLS/train/train/images/pitted_surface_93.jpg,pitted_surface_93.jpg,pitted_surface,filename_prefix,.jpg,a6a34a0c194e73d211c47ad1f48a399a6b91e7dc9b94522efd7b7d10a0c15f9d,da6135032d37c8b6f673c5257ed324bc7cdab1b48271683b15b3cf239682b3e9,False,,data/NEU-CLS/train/train/images/pitted_surface_93.jpg,True,,test
data/NEU-CLS/train/train/images/pitted_surface_94.jpg,pitted_surface_94.jpg,pitted_surface,filename_prefix,.jpg,baf66a157f0c4ef7737f7cd340902aa4ed64f4cbcb168a246d00d5f8b45b2429,9e706dfa1b6c7df2ff103018a6b97a73602094943f40b0c95145d5c3e38d326e,False,,data/NEU-CLS/train/train/images/pitted_surface_94.jpg,True,,development
data/NEU-CLS/train/train/images/pitted_surface_95.jpg,pitted_surface_95.jpg,pitted_surface,filename_prefix,.jpg,05dc6ea787324508224df9abbd7fd16afa2cbb1c450f0a3fa2f220c1e6429c77,17670b559a8dd84d2e9f3688ea7547d64112b17e9f5dac9b969cab7683216296,False,,data/NEU-CLS/train/train/images/pitted_surface_95.jpg,True,,development
data/NEU-CLS/train/train/images/pitted_surface_96.jpg,pitted_surface_96.jpg,pitted_surface,filename_prefix,.jpg,ff293ea52301d6628bc0141a0632b70e6f2f4cbd9d05b0299d70a5b0d5e5cce0,75b8fabcc260f823c1a8b08fdaa154fb23c65f9184b84857f64655f293aeae5a,False,,data/NEU-CLS/train/train/images/pitted_surface_96.jpg,True,,development
data/NEU-CLS/train/train/images/pitted_surface_97.jpg,pitted_surface_97.jpg,pitted_surface,filename_prefix,.jpg,e98e59bf3ee6869a2f29c25a96f54c99f2aa159b1630595b3073465d26b5f807,091d0866d8eb7acfd7f28c6b64804f4197233f12058911fa22f34f8aa8edf2fb,False,,data/NEU-CLS/train/train/images/pitted_surface_97.jpg,True,,test
data/NEU-CLS/train/train/images/pitted_surface_98.jpg,pitted_surface_98.jpg,pitted_surface,filename_prefix,.jpg,1b11011a86a04a76ab70c1aa2613c03f46bb46a59b4e860ce4e317b3b3218939,fb379de7234db27c49e6f73c8eee879c342d6a624880a17bda7ba5f251802da3,False,,data/NEU-CLS/train/train/images/pitted_surface_98.jpg,True,,development
data/NEU-CLS/train/train/images/pitted_surface_99.jpg,pitted_surface_99.jpg,pitted_surface,filename_prefix,.jpg,df10830ccfd38fff5d9e418be80162e0846ccc33cb6a10e2143a8b2ae4c59e70,7184f78ec845640dc935b2ba8561368eca68c4497dc9f4d74aa8247af0260ae7,False,,data/NEU-CLS/train/train/images/pitted_surface_99.jpg,True,,development
data/NEU-CLS/train/train/images/rolled-in_scale_10.jpg,rolled-in_scale_10.jpg,rolled_in_scale,filename_prefix,.jpg,212c3cda10a863db2ee404baf29ee8a42adabe894b7aecd09591a86f177389f4,8cd3e68f5f43f51778322c9c8ea480a25a19aa4ad30172767f9c65e3b1120a08,False,,data/NEU-CLS/train/train/images/rolled-in_scale_10.jpg,True,,development
data/NEU-CLS/train/train/images/rolled-in_scale_100.jpg,rolled-in_scale_100.jpg,rolled_in_scale,filename_prefix,.jpg,b6660efc8a7cc57b7da616766b14c06812254c0422d48bfa0860db753c4f6cdd,a0d8451235a9470fb7dcf93fd0200c54005c7e446cd8cfe1a76528586689fa78,False,,data/NEU-CLS/train/train/images/rolled-in_scale_100.jpg,True,,test
data/NEU-CLS/train/train/images/rolled-in_scale_101.jpg,rolled-in_scale_101.jpg,rolled_in_scale,filename_prefix,.jpg,c7260b6097a950a585747137b69ceb34033c07de7c0c5c59f9e14170a963e3d2,8bd154d8a87d249937fc4526a240db55ef146cb5c994941750a0bef889164f3f,False,,data/NEU-CLS/train/train/images/rolled-in_scale_101.jpg,True,,development
data/NEU-CLS/train/train/images/rolled-in_scale_102.jpg,rolled-in_scale_102.jpg,rolled_in_scale,filename_prefix,.jpg,473ee8c670a34f306161b59bb73e96980bc77e9e163f7d198b49162cdf400f80,0ea041c955f23ba8eafdabef63459ffb1d228ae2c9bd4bf15f9934b76f789a40,False,,data/NEU-CLS/train/train/images/rolled-in_scale_102.jpg,True,,development
data/NEU-CLS/train/train/images/rolled-in_scale_103.jpg,rolled-in_scale_103.jpg,rolled_in_scale,filename_prefix,.jpg,d7dea4bf779ad8441b89cd7d2f76871c91843dc409ff818c3dd5baa554e05d8b,34ff37eae11274523496463b146010b7af81ac4aa7d40effb424d0fb69f12fc5,False,,data/NEU-CLS/train/train/images/rolled-in_scale_103.jpg,True,,development
data/NEU-CLS/train/train/images/rolled-in_scale_104.jpg,rolled-in_scale_104.jpg,rolled_in_scale,filename_prefix,.jpg,4df8a84e0a9fa2a113f60bcee006696de72b5b95ff5dc4373884e1af26a0b557,e3d712c8eb4a4800ddc4970bbf3981bf8252925cb3784c790541a639f3679630,False,,data/NEU-CLS/train/train/images/rolled-in_scale_104.jpg,True,,development
data/NEU-CLS/train/train/images/rolled-in_scale_105.jpg,rolled-in_scale_105.jpg,rolled_in_scale,filename_prefix,.jpg,5eb3c30442e000e5cca7fd258ab6ace13428c3693754214790848537aa02858a,25ba9c5173a60c544f269258a2e8f53cc8c4db727b67094d259b86bdd246b1bf,False,,data/NEU-CLS/train/train/images/rolled-in_scale_105.jpg,True,,test
data/NEU-CLS/train/train/images/rolled-in_scale_106.jpg,rolled-in_scale_106.jpg,rolled_in_scale,filename_prefix,.jpg,1f8043beddd5cacb5b40128c4ca5e7169e0b370f1ab4ad979d31fa4b435d72fb,8b4482b58a4e0b95e4c8b5e8f5087e82bbbbcbb7a79af10a84242091c36703f8,False,,data/NEU-CLS/train/train/images/rolled-in_scale_106.jpg,True,,test
data/NEU-CLS/train/train/images/rolled-in_scale_107.jpg,rolled-in_scale_107.jpg,rolled_in_scale,filename_prefix,.jpg,322f329f990d8395b37fba49f1c2576c62725b29527ab0ffda2d1e1a1b7d8b1f,9f5e62b626d0811206631388be5e36f6beb259b0762af7d08165785a4ae1a32a,False,,data/NEU-CLS/train/train/images/rolled-in_scale_107.jpg,True,,development
data/NEU-CLS/train/train/images/rolled-in_scale_108.jpg,rolled-in_scale_108.jpg,rolled_in_scale,filename_prefix,.jpg,ffdc76fe9be8fdf4e1e5bb4ae80332b666ad261e6d3cd0503bf35a55eea43129,27aee521457541912ce31c53d2754008e3676ec04da63ff477145fb8b82672a9,False,,data/NEU-CLS/train/train/images/rolled-in_scale_108.jpg,True,,development
data/NEU-CLS/train/train/images/rolled-in_scale_109.jpg,rolled-in_scale_109.jpg,rolled_in_scale,filename_prefix,.jpg,79f3889fd6010b1a29c5fbdd91f42b944f4d9f2b6bcfd1c39c02aa3141fddd69,5fc9ff9497871749c353dee9235f89819ec6addde756e46de58bf1ace5718352,False,,data/NEU-CLS/train/train/images/rolled-in_scale_109.jpg,True,,test
data/NEU-CLS/train/train/images/rolled-in_scale_11.jpg,rolled-in_scale_11.jpg,rolled_in_scale,filename_prefix,.jpg,f6574911caa03dcd841d05ddb4511293e810d6090c30939fb8cc5b1d15fbc619,f60086e9172e4d6ef6679a93a5a8084c61a22f69900295e57394dd74f1e9d90d,False,,data/NEU-CLS/train/train/images/rolled-in_scale_11.jpg,True,,development
data/NEU-CLS/train/train/images/rolled-in_scale_110.jpg,rolled-in_scale_110.jpg,rolled_in_scale,filename_prefix,.jpg,9c17a7b7933a3e92a96f07ac5a29983975829331f76eee27cdeffc4440adaeea,e1839fbd8523ce4e0e385e2dfcca0b303aad5ea4b89cde4d4cebd7681aaa1bc0,False,,data/NEU-CLS/train/train/images/rolled-in_scale_110.jpg,True,,development
data/NEU-CLS/train/train/images/rolled-in_scale_111.jpg,rolled-in_scale_111.jpg,rolled_in_scale,filename_prefix,.jpg,9dd2c202fda4487626bc55cf4f19052e3c818013da5577f33752c215befba9d3,c554ee2633f0608ba283623c940d21abeb123d60ea45c6b415a7b662599ee1a9,False,,data/NEU-CLS/train/train/images/rolled-in_scale_111.jpg,True,,development
data/NEU-CLS/train/train/images/rolled-in_scale_112.jpg,rolled-in_scale_112.jpg,rolled_in_scale,filename_prefix,.jpg,5cccbb78357361411b08ab5043df33c6b43a498c329a1e016c440354bdaed650,95339a0386620ef18e3ce9a8802cd591db72859532d1d67efa4ad1fd7233d253,False,,data/NEU-CLS/train/train/images/rolled-in_scale_112.jpg,True,,development
data/NEU-CLS/train/train/images/rolled-in_scale_113.jpg,rolled-in_scale_113.jpg,rolled_in_scale,filename_prefix,.jpg,bb50ff807baab8d9fcf4e041e8912056e0bda033236b58b4df1cbb5bd1a0cc88,0afcd7a94ba50a4cd18ce149ddf6076aa178014554cbe70a5d438bc2e521c67f,False,,data/NEU-CLS/train/train/images/rolled-in_scale_113.jpg,True,,development
data/NEU-CLS/train/train/images/rolled-in_scale_114.jpg,rolled-in_scale_114.jpg,rolled_in_scale,filename_prefix,.jpg,ee015e8ee7dd90a4436050ba07d4559c082ec6b1fae8f246c919f2895bb8efb4,45d227df41e76dbb0c6f666dfb1adf22342655d875aca70b79a902777de095e8,False,,data/NEU-CLS/train/train/images/rolled-in_scale_114.jpg,True,,development
data/NEU-CLS/train/train/images/rolled-in_scale_115.jpg,rolled-in_scale_115.jpg,rolled_in_scale,filename_prefix,.jpg,401ee72f6268de2c892ac3bc4649a2ecc0c50cce27f4c9702c93349b795812fd,72bf50cc3516175663880d4ebba12e14347f5222ea4a904a5291573ec6b194e7,False,,data/NEU-CLS/train/train/images/rolled-in_scale_115.jpg,True,,development
data/NEU-CLS/train/train/images/rolled-in_scale_116.jpg,rolled-in_scale_116.jpg,rolled_in_scale,filename_prefix,.jpg,e0161a0bc31d0ddd2dfc780255faf3b92600172bac62383da6f060315a72189e,e94c054a81d2a8e9c39f546c1073abddeb481b84f6767723ae50b0557bb49526,False,,data/NEU-CLS/train/train/images/rolled-in_scale_116.jpg,True,,development
data/NEU-CLS/train/train/images/rolled-in_scale_117.jpg,rolled-in_scale_117.jpg,rolled_in_scale,filename_prefix,.jpg,ac828a14ac0c57bd27d57af57cf3f7fbc67291e545f5abdc2740224dd6c2bb95,b755fe43be79de3631475c36f04123716cfe1d9a1051db7e39fb038b0aa39826,False,,data/NEU-CLS/train/train/images/rolled-in_scale_117.jpg,True,,test
data/NEU-CLS/train/train/images/rolled-in_scale_118.jpg,rolled-in_scale_118.jpg,rolled_in_scale,filename_prefix,.jpg,d16f1da313957faf235d8b3319b98f23d41395d05fcddf550f692492ade469e1,f57c4ab5cf702c8bbf1b6114a20acc77a741402e4be8821a488f5279dc3b7351,False,,data/NEU-CLS/train/train/images/rolled-in_scale_118.jpg,True,,development
data/NEU-CLS/train/train/images/rolled-in_scale_119.jpg,rolled-in_scale_119.jpg,rolled_in_scale,filename_prefix,.jpg,1357eda53a93c92662358e19472067a1dc5012a0e64b40610c40a5e2c117d989,0980f1518fce53679d4bdc75c42ff225b0dcd205944f3e426851b386d6761d97,False,,data/NEU-CLS/train/train/images/rolled-in_scale_119.jpg,True,,development
data/NEU-CLS/train/train/images/rolled-in_scale_12.jpg,rolled-in_scale_12.jpg,rolled_in_scale,filename_prefix,.jpg,8768477c21bcd4962b035083c1d6580b0b3829f12bdca9f67dcd5d83f1eb7c9e,f77fe20e150c2cdf85bcf7406285abcfad199ab898835ad7dc5a8f20821bc36c,False,,data/NEU-CLS/train/train/images/rolled-in_scale_12.jpg,True,,development
data/NEU-CLS/train/train/images/rolled-in_scale_120.jpg,rolled-in_scale_120.jpg,rolled_in_scale,filename_prefix,.jpg,b39b01cbbff03c17be0e5a371b463c654c57880243dd59b17056b59fd9ac59b5,c350ba97dcf1c29b66dcba1e2bf0651f9db2db3dac0910803eb722f8fdc9fddf,False,,data/NEU-CLS/train/train/images/rolled-in_scale_120.jpg,True,,test
data/NEU-CLS/train/train/images/rolled-in_scale_121.jpg,rolled-in_scale_121.jpg,rolled_in_scale,filename_prefix,.jpg,fd23f268a5a08c4c3c93cf8918941fe2f7ef65b4177d5618f7867753dbe18748,97d40d353df1fda247c4b57ca196f5a22b24cd9032713c1385d1e086744293c1,False,,data/NEU-CLS/train/train/images/rolled-in_scale_121.jpg,True,,development
data/NEU-CLS/train/train/images/rolled-in_scale_122.jpg,rolled-in_scale_122.jpg,rolled_in_scale,filename_prefix,.jpg,9360b0f69b9b4fb85e32baccd39b38158144d9c03eb72e6dbe8770b4d63934ac,7e90f556bc9893887bce2c6f71c08d5d2648ec8f8ca2e9c743be1f9bd373a62c,False,,data/NEU-CLS/train/train/images/rolled-in_scale_122.jpg,True,,development
data/NEU-CLS/train/train/images/rolled-in_scale_123.jpg,rolled-in_scale_123.jpg,rolled_in_scale,filename_prefix,.jpg,6df0809e12a02d021a499f5a27a31a9f6dd252eba4e03fa9378ae2b7702811e9,92e6478823de87a0b715bab51e9462ef4e0bba7476d83db4e42784982c5a02e9,False,,data/NEU-CLS/train/train/images/rolled-in_scale_123.jpg,True,,development
data/NEU-CLS/train/train/images/rolled-in_scale_124.jpg,rolled-in_scale_124.jpg,rolled_in_scale,filename_prefix,.jpg,73be4cbaf313e5af3f11d466d8991221e08bd3c9a22ed64f0275a786f1915d42,a26f36814d93e90e34820216c8d832ab2387eb77cfb22a3fb0a1b4ef30513c85,False,,data/NEU-CLS/train/train/images/rolled-in_scale_124.jpg,True,,development
data/NEU-CLS/train/train/images/rolled-in_scale_125.jpg,rolled-in_scale_125.jpg,rolled_in_scale,filename_prefix,.jpg,846f14154996f68d7a8a46bd2f539b2127d745915148f8e61091e26a23a36e2a,24294ccf3f27b14a66f42a0944dcb998e5b277f2a64bf57a2d160386d06360f7,False,,data/NEU-CLS/train/train/images/rolled-in_scale_125.jpg,True,,development
data/NEU-CLS/train/train/images/rolled-in_scale_126.jpg,rolled-in_scale_126.jpg,rolled_in_scale,filename_prefix,.jpg,d30fc667041446291f87d08fb7c8d578e5d4d8c01dd69967401da2b039b2f6a6,94709711de7eb5a601f65d043543ea39cdfff1c3df6b577efe14eec72fa461a2,False,,data/NEU-CLS/train/train/images/rolled-in_scale_126.jpg,True,,development
data/NEU-CLS/train/train/images/rolled-in_scale_127.jpg,rolled-in_scale_127.jpg,rolled_in_scale,filename_prefix,.jpg,e8469d2b1f9c92183ea710ff52f084f002e4973fc3fc26ec236f36b8c73805ad,d12954870b1ce488594e7d3a147fb3b15b2d21a0915004a43609e35fc4150cf4,False,,data/NEU-CLS/train/train/images/rolled-in_scale_127.jpg,True,,development
data/NEU-CLS/train/train/images/rolled-in_scale_128.jpg,rolled-in_scale_128.jpg,rolled_in_scale,filename_prefix,.jpg,eaf635337a9759b80e213844add9683e47b306868a1c2efda06654c22c326d82,cbde28f02bce2908723ec387315e09d3ee837683642846b18f0d1c9bb7282da6,False,,data/NEU-CLS/train/train/images/rolled-in_scale_128.jpg,True,,development
data/NEU-CLS/train/train/images/rolled-in_scale_129.jpg,rolled-in_scale_129.jpg,rolled_in_scale,filename_prefix,.jpg,826a6d703d214dd004ef389462a6c506546350fbf8c4bd3e333f80ae3ad8b475,01b36795f9c7f89e4a5d306ac3ca56fd0bdc75ba46b0b31eec55b48d908486b7,False,,data/NEU-CLS/train/train/images/rolled-in_scale_129.jpg,True,,development
data/NEU-CLS/train/train/images/rolled-in_scale_13.jpg,rolled-in_scale_13.jpg,rolled_in_scale,filename_prefix,.jpg,d2f6a1222ef6f4634093ad11a7d0c4d1b58f61a1dc7b7c2ec7a1e73ae7c74b79,180144e906a4730d743c1bbc700e2c2af10095f30e29fec51ef1f7f2b6953313,False,,data/NEU-CLS/train/train/images/rolled-in_scale_13.jpg,True,,development
data/NEU-CLS/train/train/images/rolled-in_scale_130.jpg,rolled-in_scale_130.jpg,rolled_in_scale,filename_prefix,.jpg,9653b4b36b43fd6e4a556e11fce2383dabdabb70ae5793da9177922bbdb4c6e8,da0e521b4f03c01f943460b8d250f5a98ec71a614b33c540f65ba4cc8d86972c,False,,data/NEU-CLS/train/train/images/rolled-in_scale_130.jpg,True,,development
data/NEU-CLS/train/train/images/rolled-in_scale_131.jpg,rolled-in_scale_131.jpg,rolled_in_scale,filename_prefix,.jpg,248417bbf136b22ea071b88fdb1db110edda9e95d16c12bccc7c0d4e7fa4b44e,ec71be3e32c010d4248c8d22f09f6b71f34112b8dd0e10281c5fd7adb4b057e1,False,,data/NEU-CLS/train/train/images/rolled-in_scale_131.jpg,True,,test
data/NEU-CLS/train/train/images/rolled-in_scale_132.jpg,rolled-in_scale_132.jpg,rolled_in_scale,filename_prefix,.jpg,82f323f11cc7425cfa715fb170ab484767f9af28758c8db9b8eab90a6e4e45d3,115e16d550b596724c126dcf708117790f6308e16e996233d37c4acddd14678f,False,,data/NEU-CLS/train/train/images/rolled-in_scale_132.jpg,True,,development
data/NEU-CLS/train/train/images/rolled-in_scale_133.jpg,rolled-in_scale_133.jpg,rolled_in_scale,filename_prefix,.jpg,f66ffd8a184bc11ec947078c3c206fac71b1118683deb5e8b3731811a0ae2ec3,ccd059308412e91f170efe38d602324235aaa8d180516d60394bdaa2ce72ad1a,False,,data/NEU-CLS/train/train/images/rolled-in_scale_133.jpg,True,,development
data/NEU-CLS/train/train/images/rolled-in_scale_134.jpg,rolled-in_scale_134.jpg,rolled_in_scale,filename_prefix,.jpg,05f93afa29cddd07d19c79859070b8a0d40751d94f29d01aff714196612ef253,265193965d6cc6d74f502202c127c4b451631e0e14c1c8c2c50513628704f6d3,False,,data/NEU-CLS/train/train/images/rolled-in_scale_134.jpg,True,,development
data/NEU-CLS/train/train/images/rolled-in_scale_135.jpg,rolled-in_scale_135.jpg,rolled_in_scale,filename_prefix,.jpg,a0602c9aba0fc87aa092acdb938758f317b699499a1c76c837fe822ba963c1bc,31960ec65462864c93d33901aba1c274b180a6533bc415430914d9f5d85eff75,False,,data/NEU-CLS/train/train/images/rolled-in_scale_135.jpg,True,,development
data/NEU-CLS/train/train/images/rolled-in_scale_136.jpg,rolled-in_scale_136.jpg,rolled_in_scale,filename_prefix,.jpg,3098125d30d183bf4dad699ee6cb042ed94c1f3fb40d5b8835fe622c2f453d1a,80eaccc692d4d6a0a6102e42c96ffc470b5101090907612da2c93d80c9aa79aa,False,,data/NEU-CLS/train/train/images/rolled-in_scale_136.jpg,True,,development
data/NEU-CLS/train/train/images/rolled-in_scale_137.jpg,rolled-in_scale_137.jpg,rolled_in_scale,filename_prefix,.jpg,72bd6673de3e9f7d8df1d69a024c04f714c19bb2ac8b45a0589d9b13244fce75,59a885bbbe5112ca51a441988512cf098de8dd760247f5ec02ba04cb85073bb6,False,,data/NEU-CLS/train/train/images/rolled-in_scale_137.jpg,True,,development
data/NEU-CLS/train/train/images/rolled-in_scale_138.jpg,rolled-in_scale_138.jpg,rolled_in_scale,filename_prefix,.jpg,4ce7e69bd28c5779a62a6e4d4c978aadc298e980c55048fe6ed210ea34cc9107,1ff44753183ca926d1322345d54bbb530208b67622b1b35fce61bd41e7450a11,False,,data/NEU-CLS/train/train/images/rolled-in_scale_138.jpg,True,,development
data/NEU-CLS/train/train/images/rolled-in_scale_139.jpg,rolled-in_scale_139.jpg,rolled_in_scale,filename_prefix,.jpg,17cdb3080dd730ebfe9e1216c2664442092375eceea32009b327af3669d611fa,a4ff7f02a4abc8de9ae02b42081fab9cbe698ef8240c0c8d8ac52c9d8f671c75,False,,data/NEU-CLS/train/train/images/rolled-in_scale_139.jpg,True,,development
data/NEU-CLS/train/train/images/rolled-in_scale_14.jpg,rolled-in_scale_14.jpg,rolled_in_scale,filename_prefix,.jpg,cb935dbbfa4cfc86e326b4e283a50561ddf03dccdc14b3edf89ccdaf538f0c9a,80336a6db4d3a97f4b06064742fd0e3c2cb5dd3e4f116630e21ff42261deba17,False,,data/NEU-CLS/train/train/images/rolled-in_scale_14.jpg,True,,development
data/NEU-CLS/train/train/images/rolled-in_scale_140.jpg,rolled-in_scale_140.jpg,rolled_in_scale,filename_prefix,.jpg,110870b21a74fb75e099f5aee3b5efc0eded120128ef037b975829ec3505e8c6,0d17f661536f085eaa8d25a9cdf91537d45bc73bfd2bd949020f8dc87bceb473,False,,data/NEU-CLS/train/train/images/rolled-in_scale_140.jpg,True,,development
data/NEU-CLS/train/train/images/rolled-in_scale_141.jpg,rolled-in_scale_141.jpg,rolled_in_scale,filename_prefix,.jpg,49fc9f06a417f3928df57cae40663098020c386560260e7c0eaf4860b6890409,9504f89cf1fdf5f38b64b9be07346648ab213bcd32ccf0d37b42212061f948ba,False,,data/NEU-CLS/train/train/images/rolled-in_scale_141.jpg,True,,development
data/NEU-CLS/train/train/images/rolled-in_scale_142.jpg,rolled-in_scale_142.jpg,rolled_in_scale,filename_prefix,.jpg,0d0586a8935e6edb3bfaab870cccae4235b0df8789d2fd7919e70c95e64e8607,e5e32a25c3835362f14a3914a0849345b6691bf394133a5d977cc0a3860531f4,False,,data/NEU-CLS/train/train/images/rolled-in_scale_142.jpg,True,,development
data/NEU-CLS/train/train/images/rolled-in_scale_143.jpg,rolled-in_scale_143.jpg,rolled_in_scale,filename_prefix,.jpg,4477a67f96c14f186a4755640c6859f33f55cf6b8f004591e4cb1a9f1eef9474,5a941e4293d3ecadded0636af38515ac21fa23dca87e75de698405f2753be098,False,,data/NEU-CLS/train/train/images/rolled-in_scale_143.jpg,True,,development
data/NEU-CLS/train/train/images/rolled-in_scale_144.jpg,rolled-in_scale_144.jpg,rolled_in_scale,filename_prefix,.jpg,ed7c722ceab129d6b9e79d7eb1e27dc5309bddbc5632f40834029e7abe073aff,054ec71efa98114e9e91be2c92caec0f033e5c300ebb9777fbbdae49f4e733c3,False,,data/NEU-CLS/train/train/images/rolled-in_scale_144.jpg,True,,development
data/NEU-CLS/train/train/images/rolled-in_scale_145.jpg,rolled-in_scale_145.jpg,rolled_in_scale,filename_prefix,.jpg,d9b8e810d393975fd87bd0159e754c629d1b9615152effe7a979139d8f51600c,facfbea63aacbd46c417ddae8a863a4a586777f62f97257438e9eedbd78cbd62,False,,data/NEU-CLS/train/train/images/rolled-in_scale_145.jpg,True,,test
data/NEU-CLS/train/train/images/rolled-in_scale_146.jpg,rolled-in_scale_146.jpg,rolled_in_scale,filename_prefix,.jpg,4b76ee7c33602b95115a2acec07b4cd74cab87eeb2cdc2a602534646cbed047b,36fbb7b459d6377200fa27e73b3822c24fafa284cfbec3297ccdb9fd9add57bd,False,,data/NEU-CLS/train/train/images/rolled-in_scale_146.jpg,True,,development
data/NEU-CLS/train/train/images/rolled-in_scale_147.jpg,rolled-in_scale_147.jpg,rolled_in_scale,filename_prefix,.jpg,c24c2aff998781d659ba588456925d38023aab9fb2eb3b361c301409b8998bd4,3db0666557e4edb628d95df58b82e9fb3c410fcb4eb5da60d3522430a257f3e4,False,,data/NEU-CLS/train/train/images/rolled-in_scale_147.jpg,True,,test
data/NEU-CLS/train/train/images/rolled-in_scale_148.jpg,rolled-in_scale_148.jpg,rolled_in_scale,filename_prefix,.jpg,cd2120b467030e47514308711746992fd0834b7d686cc767fdab0a12b0cef562,4955c32788210b1f54155ecfd3de45e850cca09f55867ea9c022b20597207ff1,False,,data/NEU-CLS/train/train/images/rolled-in_scale_148.jpg,True,,test
data/NEU-CLS/train/train/images/rolled-in_scale_149.jpg,rolled-in_scale_149.jpg,rolled_in_scale,filename_prefix,.jpg,02f72f8806f8258dbe04ca27f5567f30eafe0474336d6e575583707dfeda4d21,3235ef2ea88a245a6b8144dab5b2d0df6606bdad7171e413f6fe83f69f9a5f5b,False,,data/NEU-CLS/train/train/images/rolled-in_scale_149.jpg,True,,test
data/NEU-CLS/train/train/images/rolled-in_scale_15.jpg,rolled-in_scale_15.jpg,rolled_in_scale,filename_prefix,.jpg,cdb3dc250fecd3608553c3096fd76e9ce844ead8ae3f0be8cd361542c81a980a,289ea888899cfaa903562520dcab35740e05106b76b09f0c0775f2a060e0faf4,False,,data/NEU-CLS/train/train/images/rolled-in_scale_15.jpg,True,,development
data/NEU-CLS/train/train/images/rolled-in_scale_150.jpg,rolled-in_scale_150.jpg,rolled_in_scale,filename_prefix,.jpg,d1bcb5b47c285315af1493fd9ab6ba224040360881d013232b4fbb85e9f427fc,d5ca649f8eb08b4f96c57e76c9837a0c6a82728827557bdc5d6966a60114b12b,False,,data/NEU-CLS/train/train/images/rolled-in_scale_150.jpg,True,,development
data/NEU-CLS/train/train/images/rolled-in_scale_151.jpg,rolled-in_scale_151.jpg,rolled_in_scale,filename_prefix,.jpg,059288fb7d76de2ed742c0d511d3faa6f340fbaed2efe5fab9f6de7851a9c268,632b291c9f52219fcdaa9749874df9daad10fb233995b30c139747b0b1842a41,False,,data/NEU-CLS/train/train/images/rolled-in_scale_151.jpg,True,,development
data/NEU-CLS/train/train/images/rolled-in_scale_152.jpg,rolled-in_scale_152.jpg,rolled_in_scale,filename_prefix,.jpg,5c6086c4c85f0d219f7b7ecefea7d4542ba78b8728564b76f6ad0e1d27b46916,1c52139e88792f6ace96fa8a35d9c4020966146d47a097bfa5989be79165ec1b,False,,data/NEU-CLS/train/train/images/rolled-in_scale_152.jpg,True,,test
data/NEU-CLS/train/train/images/rolled-in_scale_153.jpg,rolled-in_scale_153.jpg,rolled_in_scale,filename_prefix,.jpg,d56e3eb807f29dc2b782b7b59d1daea82e5fcab810256d6b1d88f7993841bce6,5878bcdf8c46377f2ec7c0d0291ecdda2a10355dbbe55a1da614caa5e9f1de1a,False,,data/NEU-CLS/train/train/images/rolled-in_scale_153.jpg,True,,development
data/NEU-CLS/train/train/images/rolled-in_scale_154.jpg,rolled-in_scale_154.jpg,rolled_in_scale,filename_prefix,.jpg,3382f949fadcfeaf5c2fdbc3e68abbe6fd8cd0b7d1687ebe0bca0a0c01a9878b,b22e1cd1df38030e42512e2f411d48886a23efdbe16f5e3e16ba99c51aa301e0,False,,data/NEU-CLS/train/train/images/rolled-in_scale_154.jpg,True,,development
data/NEU-CLS/train/train/images/rolled-in_scale_155.jpg,rolled-in_scale_155.jpg,rolled_in_scale,filename_prefix,.jpg,a7484fea9a95d63d4eac0d7de6cd379dd86b20b255d52314fcff6398f72363a6,b9b08381d55693a17a616cefedee40a0e078e08d83a7569b775dd33fe343de25,False,,data/NEU-CLS/train/train/images/rolled-in_scale_155.jpg,True,,development
data/NEU-CLS/train/train/images/rolled-in_scale_156.jpg,rolled-in_scale_156.jpg,rolled_in_scale,filename_prefix,.jpg,f7b6d5bf6d6e8743784fbc2fa26de5ee2bba6876f9bca5c871febb818f60ef78,bc72402a5129c8fd997017d62b99eacadf2fff920b4a9513ee5b798c55fbcc12,False,,data/NEU-CLS/train/train/images/rolled-in_scale_156.jpg,True,,development
data/NEU-CLS/train/train/images/rolled-in_scale_157.jpg,rolled-in_scale_157.jpg,rolled_in_scale,filename_prefix,.jpg,9e6228457ed6f7926bf57627a4e4442dba9c40aa752201822e5af4dacb9aca41,36a3297d83780266dca3dfa6fbd847aef6d48d34fdb968ccf22fb5fcba09b39e,False,,data/NEU-CLS/train/train/images/rolled-in_scale_157.jpg,True,,development
data/NEU-CLS/train/train/images/rolled-in_scale_158.jpg,rolled-in_scale_158.jpg,rolled_in_scale,filename_prefix,.jpg,f5a8f1dcf27a3fd3fb04103878f4c655999391e88c73e58029d90688a7e9a3fe,661fd924e693333b11923da5df257a8be61f2636e76ddbf73b825299976f5bd3,False,,data/NEU-CLS/train/train/images/rolled-in_scale_158.jpg,True,,development
data/NEU-CLS/train/train/images/rolled-in_scale_159.jpg,rolled-in_scale_159.jpg,rolled_in_scale,filename_prefix,.jpg,7c6f323094a3da43bf4664e30bb84691b91ffa9bcaf88b834321062710bceffa,3757ab89b74712a7d9b51c8da581ce7fd53e1772162c304e34b7172a199dcc1d,False,,data/NEU-CLS/train/train/images/rolled-in_scale_159.jpg,True,,development
data/NEU-CLS/train/train/images/rolled-in_scale_16.jpg,rolled-in_scale_16.jpg,rolled_in_scale,filename_prefix,.jpg,b20363e15f81eb8156cbf92b9a09ffdb6eae95f2f25ddf7645409baaa1ec83b7,021bdc8a620b463883c1f921d83e318161c434846f869ecc6ef69c0d8d01aa72,False,,data/NEU-CLS/train/train/images/rolled-in_scale_16.jpg,True,,test
data/NEU-CLS/train/train/images/rolled-in_scale_160.jpg,rolled-in_scale_160.jpg,rolled_in_scale,filename_prefix,.jpg,51a522f0eae177ce5c5db504f5c8fbba5ad7bdc8ed9d9c22b40ab0793490410f,dcbf6e742ccf2a5e15651640b91a6f1f359aaefc8383c0131d53e688851b3298,False,,data/NEU-CLS/train/train/images/rolled-in_scale_160.jpg,True,,development
data/NEU-CLS/train/train/images/rolled-in_scale_161.jpg,rolled-in_scale_161.jpg,rolled_in_scale,filename_prefix,.jpg,e875fc3bb9a8bed646825668981a24709e5cbbc630a28315c2fb56ec38e85a75,e5c26b73d2f16292573e9346a0b5978c1592af93608fd3a0c4972168dfbfef82,False,,data/NEU-CLS/train/train/images/rolled-in_scale_161.jpg,True,,development
data/NEU-CLS/train/train/images/rolled-in_scale_162.jpg,rolled-in_scale_162.jpg,rolled_in_scale,filename_prefix,.jpg,a70854dd9ce3bdcbb135c855a2b21264b7438cfed2fda8f6ecb563205a9061cf,fda21f398d9c630c1743cdd93531e773aaa241d7721e29fb3f0fc7921fd1c933,False,,data/NEU-CLS/train/train/images/rolled-in_scale_162.jpg,True,,development
data/NEU-CLS/train/train/images/rolled-in_scale_163.jpg,rolled-in_scale_163.jpg,rolled_in_scale,filename_prefix,.jpg,95284a96beecc14dc4413d90c77440d775d99b565143cbe78db461e2a9f44cd2,b1cd82f6036900425f1e8f1493ef95fee31c16ce75502947d9e2489e6d9a580a,False,,data/NEU-CLS/train/train/images/rolled-in_scale_163.jpg,True,,development
data/NEU-CLS/train/train/images/rolled-in_scale_164.jpg,rolled-in_scale_164.jpg,rolled_in_scale,filename_prefix,.jpg,a315c102243ce4955cc39fa268ec8876b5fadffcedefaf76b710c776a89044ef,e35eef44d3e9826608f4083216479fcfa35708b71584c0f4aead0dcc72129232,False,,data/NEU-CLS/train/train/images/rolled-in_scale_164.jpg,True,,development
data/NEU-CLS/train/train/images/rolled-in_scale_165.jpg,rolled-in_scale_165.jpg,rolled_in_scale,filename_prefix,.jpg,f612a5beb338b77905658e99b54486ec4b76eef3ab30b65798dded7ce44c49b9,91a2b8ef12751bacca93cf1b42d9c6fcc26bb71da8bad4f4800ee5b765ca1001,False,,data/NEU-CLS/train/train/images/rolled-in_scale_165.jpg,True,,development
data/NEU-CLS/train/train/images/rolled-in_scale_166.jpg,rolled-in_scale_166.jpg,rolled_in_scale,filename_prefix,.jpg,b0270e7732b7975b02ecb7055262e1291a2e4d8174b5413dc1dffcddace6bfd7,63ba2b42b1b11a01afcd34714915e3e8eca6f36e1973cc6062d1f85b2340f37b,False,,data/NEU-CLS/train/train/images/rolled-in_scale_166.jpg,True,,development
data/NEU-CLS/train/train/images/rolled-in_scale_167.jpg,rolled-in_scale_167.jpg,rolled_in_scale,filename_prefix,.jpg,7c4e4919616fecbc4747e57697ee89d57fd5b84e29fd55d1a86f0ac74260541b,f687f1f58360ac77de50888d0826c0dbe8dd375eefc26deb79daad278dafdc98,False,,data/NEU-CLS/train/train/images/rolled-in_scale_167.jpg,True,,development
data/NEU-CLS/train/train/images/rolled-in_scale_168.jpg,rolled-in_scale_168.jpg,rolled_in_scale,filename_prefix,.jpg,bb86083ff29eb08d996a60130365c71cdda198982a3fcd1d187b6f15a6d2a713,6d66656273d00f083da1b8845e46904e76eedfd121c1ff30b33c36870ce35a6f,False,,data/NEU-CLS/train/train/images/rolled-in_scale_168.jpg,True,,development
data/NEU-CLS/train/train/images/rolled-in_scale_169.jpg,rolled-in_scale_169.jpg,rolled_in_scale,filename_prefix,.jpg,e48252b233324d081b482e4986db38a764533dcb1fa07f7a12d3adc9eb65ab88,da4b68a470beb94477b7fb4524ddb567c94af862642d5aae4e9671a88c082a1c,False,,data/NEU-CLS/train/train/images/rolled-in_scale_169.jpg,True,,development
data/NEU-CLS/train/train/images/rolled-in_scale_17.jpg,rolled-in_scale_17.jpg,rolled_in_scale,filename_prefix,.jpg,905bf78850ce127112df3ee1e3fbc58214a092ec7293e2c94bd90303ce1449e7,fedd3e9f456219c6558b78db25b4b1210e3fed1226b8f541da2ef30db8f7c497,False,,data/NEU-CLS/train/train/images/rolled-in_scale_17.jpg,True,,test
data/NEU-CLS/train/train/images/rolled-in_scale_170.jpg,rolled-in_scale_170.jpg,rolled_in_scale,filename_prefix,.jpg,67810ef98780f5f14bf0ba4530e77485595dae6d1ab7f9e393b19d07620fc19f,6b9ef3d9d91c7aa7364815cbf93a2148f2f4b023b1f79de67856b540c1741d4e,False,,data/NEU-CLS/train/train/images/rolled-in_scale_170.jpg,True,,development
data/NEU-CLS/train/train/images/rolled-in_scale_171.jpg,rolled-in_scale_171.jpg,rolled_in_scale,filename_prefix,.jpg,5e6491de8526738699178356d17dee421c8cc19b86843634255cc817a8bdea20,b9b433cb125e6a0dc1821f6d1b8051ac9c682df6a272e58dc8b89e4a6f1e7daa,False,,data/NEU-CLS/train/train/images/rolled-in_scale_171.jpg,True,,development
data/NEU-CLS/train/train/images/rolled-in_scale_172.jpg,rolled-in_scale_172.jpg,rolled_in_scale,filename_prefix,.jpg,23411a8303eb381c161850dd189321771ce5228fac880e3698b84be2969afc5c,18f67d1ee771b98db2bd4f088ecbb8220dd03f4b53d703b79733be83a1e3a393,False,,data/NEU-CLS/train/train/images/rolled-in_scale_172.jpg,True,,test
data/NEU-CLS/train/train/images/rolled-in_scale_173.jpg,rolled-in_scale_173.jpg,rolled_in_scale,filename_prefix,.jpg,aa7381ffdd6b16a56243d4dd16b4ad62a8aed4e1aeafca9fd1b78aef7f376f83,ebde0c554f99424b82d49de4383f1b2c6dcf77df7c30fd67b66ce9f73a8f9479,False,,data/NEU-CLS/train/train/images/rolled-in_scale_173.jpg,True,,test
data/NEU-CLS/train/train/images/rolled-in_scale_174.jpg,rolled-in_scale_174.jpg,rolled_in_scale,filename_prefix,.jpg,893099724db1aca70561d00494b25d1e7653ba9b76bf1f2b2217fdf985b52f08,c0c85ec0ffbbda4d8e5dc94085fd3a3c48bbba86b1ade24bc3e3743d06bd1d1e,False,,data/NEU-CLS/train/train/images/rolled-in_scale_174.jpg,True,,development
data/NEU-CLS/train/train/images/rolled-in_scale_175.jpg,rolled-in_scale_175.jpg,rolled_in_scale,filename_prefix,.jpg,7b875e816e7cbc6060c81cb99844a00389143b9ccc87047c090229923eef9ae1,dedd5f09f2427ae64360e401fb09b50347b500a5ea523a0b701a08deee384f2b,False,,data/NEU-CLS/train/train/images/rolled-in_scale_175.jpg,True,,development
data/NEU-CLS/train/train/images/rolled-in_scale_176.jpg,rolled-in_scale_176.jpg,rolled_in_scale,filename_prefix,.jpg,1615a1c38666f1af95fbc092291a00c9865a80a1f99941f8e58550ae40f915a4,f1c311d62b643ddd1169a7df47ea303998d99a1cd3425afd3c3f75ac86ba53b6,False,,data/NEU-CLS/train/train/images/rolled-in_scale_176.jpg,True,,test
data/NEU-CLS/train/train/images/rolled-in_scale_177.jpg,rolled-in_scale_177.jpg,rolled_in_scale,filename_prefix,.jpg,8101aa59bcd07d7c326a0bfb57d2adeea3b827ed81d980acd42ea87dbf5f16b1,49548229bb06520ed212e5a7c93b8643b98caa498624fc6e0b583e00e493de8f,False,,data/NEU-CLS/train/train/images/rolled-in_scale_177.jpg,True,,test
data/NEU-CLS/train/train/images/rolled-in_scale_178.jpg,rolled-in_scale_178.jpg,rolled_in_scale,filename_prefix,.jpg,9c65edfe700d99926ff92b1a339fde54c8dfdda53ccb739825bd819affb8d2d8,db35a7d26780ad066397610d50481d994b3eb0449fe44c241888f9a5082854f1,False,,data/NEU-CLS/train/train/images/rolled-in_scale_178.jpg,True,,test
data/NEU-CLS/train/train/images/rolled-in_scale_179.jpg,rolled-in_scale_179.jpg,rolled_in_scale,filename_prefix,.jpg,160a103396310d91e865e3aad4729a4f980f389c4cd0248c7c6977545b226c79,d3161a5f150f4f9fef5a346a0198f0f8cf0b0dfa8fef407877df0959466c2852,False,,data/NEU-CLS/train/train/images/rolled-in_scale_179.jpg,True,,test
data/NEU-CLS/train/train/images/rolled-in_scale_18.jpg,rolled-in_scale_18.jpg,rolled_in_scale,filename_prefix,.jpg,ec6211d4c5f7d0f8418890fe2034d8dca7f0657eec769543f57c2b9f18b6b009,1a64b0ddf0628bab976cc23e4a46c6943dfee1488b512a2bf4e0d08a964023e9,False,,data/NEU-CLS/train/train/images/rolled-in_scale_18.jpg,True,,development
data/NEU-CLS/train/train/images/rolled-in_scale_180.jpg,rolled-in_scale_180.jpg,rolled_in_scale,filename_prefix,.jpg,b98e88200eaa222caf430a66cafa04eaa9bdc839bc2daa890418466ab58bb732,69485bc75d7a77621dfcdf56ad680045b93c72f0c77d0145d6f0d3b22107ad04,False,,data/NEU-CLS/train/train/images/rolled-in_scale_180.jpg,True,,development
data/NEU-CLS/train/train/images/rolled-in_scale_181.jpg,rolled-in_scale_181.jpg,rolled_in_scale,filename_prefix,.jpg,d145ae4af8480a5cbc4d1cacecda897da12ab3ebc80afb41e11f17754f17f2e8,9909b652716dbd1b5184584262bd93aa44b29e04a1b6f0839bebfef9514b6a76,False,,data/NEU-CLS/train/train/images/rolled-in_scale_181.jpg,True,,development
data/NEU-CLS/train/train/images/rolled-in_scale_182.jpg,rolled-in_scale_182.jpg,rolled_in_scale,filename_prefix,.jpg,faa9bd41e5b3cd827d48df20a5263cc278a6a7b7ef781935a9ffc7fac50bc6d4,8239864be1169ec6eef6e6e8dbc33e3210c0eb52bff1b446d2ccc08e6f2fe197,False,,data/NEU-CLS/train/train/images/rolled-in_scale_182.jpg,True,,test
data/NEU-CLS/train/train/images/rolled-in_scale_183.jpg,rolled-in_scale_183.jpg,rolled_in_scale,filename_prefix,.jpg,3f4c2164895955eb76bd2f0bbf506df06d129e1b9cad6705e92c988c18204ce4,f5ad8422c314525c4a54f4789fa3d03afee5ad5965cc444f99fd66b2e9af6c4f,False,,data/NEU-CLS/train/train/images/rolled-in_scale_183.jpg,True,,development
data/NEU-CLS/train/train/images/rolled-in_scale_184.jpg,rolled-in_scale_184.jpg,rolled_in_scale,filename_prefix,.jpg,f957fc479504384d661036f2ecccb1e8c11c628fdb4e80b9088a6ac8528dcc96,3e0417b851b7f14ca5ad457376c9fe03fab2dde37de20025613e64f795fb739b,False,,data/NEU-CLS/train/train/images/rolled-in_scale_184.jpg,True,,development
data/NEU-CLS/train/train/images/rolled-in_scale_185.jpg,rolled-in_scale_185.jpg,rolled_in_scale,filename_prefix,.jpg,142b4072a53154a6b126aee143f5809bcab5c00b2a14f3a4dc22bea2b3813782,b4f3f5bc67f45608a261372e4ed30e6fcfe0479dc09c59b48f9865db614d8c19,False,,data/NEU-CLS/train/train/images/rolled-in_scale_185.jpg,True,,development
data/NEU-CLS/train/train/images/rolled-in_scale_186.jpg,rolled-in_scale_186.jpg,rolled_in_scale,filename_prefix,.jpg,a20f19e54cd1d59ce409c68ec065ea3c49cbbe16318071700eb68fad39419f24,f424fa2e14b5142db29293a05d026b240423220e4b601828decdde4b6f5de219,False,,data/NEU-CLS/train/train/images/rolled-in_scale_186.jpg,True,,test
data/NEU-CLS/train/train/images/rolled-in_scale_187.jpg,rolled-in_scale_187.jpg,rolled_in_scale,filename_prefix,.jpg,edd3198132d079aa0287a208589bf81e498fee708b96fa55e8563cde785c618c,52c7cf2fbab6fa866c8bacf7a61451530dc956988cee5b018023d98e3d8b95a0,False,,data/NEU-CLS/train/train/images/rolled-in_scale_187.jpg,True,,test
data/NEU-CLS/train/train/images/rolled-in_scale_188.jpg,rolled-in_scale_188.jpg,rolled_in_scale,filename_prefix,.jpg,b932fa02ad9f1824c83627a391050a89f711a73d1dfddd59cf8c35066fe2eece,4d5064479f6da28ad44a6f54a1c61452ea664a61421b31f42807e61e4c7a2d6f,False,,data/NEU-CLS/train/train/images/rolled-in_scale_188.jpg,True,,development
data/NEU-CLS/train/train/images/rolled-in_scale_189.jpg,rolled-in_scale_189.jpg,rolled_in_scale,filename_prefix,.jpg,ed60e7a1a857970c205dd4a58c5290c96cd1fe723559b7928615c869c684d7d8,8e96ee6fd753dbf5950d52b5ad82b5efccff912df468ad99a2725cf149fdcdbc,False,,data/NEU-CLS/train/train/images/rolled-in_scale_189.jpg,True,,test
data/NEU-CLS/train/train/images/rolled-in_scale_19.jpg,rolled-in_scale_19.jpg,rolled_in_scale,filename_prefix,.jpg,7e9815a17916514ba512bb345b193791d62e98f98e57359edd9cc9aa129e0629,d33b63872bb42e4d414ffa1b5608f9253e241eb3b9c873a5312a57799ae66c36,False,,data/NEU-CLS/train/train/images/rolled-in_scale_19.jpg,True,,development
data/NEU-CLS/train/train/images/rolled-in_scale_190.jpg,rolled-in_scale_190.jpg,rolled_in_scale,filename_prefix,.jpg,497e87842f2fe281ef3dc52a27444f7219545c9c4636b5cd7dead29b886b4213,cc916958e698254fbdeae7902e333ae62721b32d10ed9ca6b704ce5a102db36a,False,,data/NEU-CLS/train/train/images/rolled-in_scale_190.jpg,True,,development
data/NEU-CLS/train/train/images/rolled-in_scale_191.jpg,rolled-in_scale_191.jpg,rolled_in_scale,filename_prefix,.jpg,fd70388162d5acbea24a184309d372e9eb8dcc97c2fb86a2d1cba2e423a32451,9d8414514b829c017c41e26b864328678f716a8aa5e147b77d67e42f276eb330,False,,data/NEU-CLS/train/train/images/rolled-in_scale_191.jpg,True,,development
data/NEU-CLS/train/train/images/rolled-in_scale_192.jpg,rolled-in_scale_192.jpg,rolled_in_scale,filename_prefix,.jpg,12b62135d61357a10b83d8e2ee60b3e0a9d42c74e081d9295981c265cb628de3,ffb1bd78eac709ca4be5c737a4e37b1022be602febdb6aa7c8c57708624a8c5f,False,,data/NEU-CLS/train/train/images/rolled-in_scale_192.jpg,True,,development
data/NEU-CLS/train/train/images/rolled-in_scale_193.jpg,rolled-in_scale_193.jpg,rolled_in_scale,filename_prefix,.jpg,f298f309e6f2c25904b3a066256cc028d60daf59d11c42baedf85a0a24366036,e840b871479befa995c85e7a40c7e897c8b2c314b2817944ef15bf599b9f72df,False,,data/NEU-CLS/train/train/images/rolled-in_scale_193.jpg,True,,development
data/NEU-CLS/train/train/images/rolled-in_scale_194.jpg,rolled-in_scale_194.jpg,rolled_in_scale,filename_prefix,.jpg,ad6fde4e93a05bcdf13e95abd779ad39197fff8b728907c91a4f5a271d662dd6,1cbe7ce3dcb8a426206251ec00cea66e67c40bad3fe44754ea22c7b0beccd729,False,,data/NEU-CLS/train/train/images/rolled-in_scale_194.jpg,True,,development
data/NEU-CLS/train/train/images/rolled-in_scale_195.jpg,rolled-in_scale_195.jpg,rolled_in_scale,filename_prefix,.jpg,88ff2263d35206c0152a9569cfd8f41789398ddcc60351bf9b7111f35274b166,b1de0d0eed9ec26aef5f310339ce4d6de7191b1034912b6b08e09a9895b59a6d,False,,data/NEU-CLS/train/train/images/rolled-in_scale_195.jpg,True,,development
data/NEU-CLS/train/train/images/rolled-in_scale_196.jpg,rolled-in_scale_196.jpg,rolled_in_scale,filename_prefix,.jpg,a6c4471f4fc328e85cfd30545301a152839ae7ad2eed27a88ceb79fccd3aee5a,00a069a272b557c344214ec76adcaa610e5e5963c1b4f8fff3ac5903a18d97c9,False,,data/NEU-CLS/train/train/images/rolled-in_scale_196.jpg,True,,development
data/NEU-CLS/train/train/images/rolled-in_scale_197.jpg,rolled-in_scale_197.jpg,rolled_in_scale,filename_prefix,.jpg,377bc7dd25075830dffae3e80088ad088eb10e9e9ab6f341faf4b999752cf907,99af5e41215cb98c063976c43c060675b99824080df7278ad4049443473d3da8,False,,data/NEU-CLS/train/train/images/rolled-in_scale_197.jpg,True,,test
data/NEU-CLS/train/train/images/rolled-in_scale_198.jpg,rolled-in_scale_198.jpg,rolled_in_scale,filename_prefix,.jpg,878afdc20181822ac0dd78725612ee9b5ed4cd98ca5d5c0d19e4f261f8f780e3,50616d1c284580f4819e19044972d30816c3aec63e10e7b620c8ae2bc511d2ef,False,,data/NEU-CLS/train/train/images/rolled-in_scale_198.jpg,True,,development
data/NEU-CLS/train/train/images/rolled-in_scale_199.jpg,rolled-in_scale_199.jpg,rolled_in_scale,filename_prefix,.jpg,8ed028cf6ad8d6f9e0815b5d5f79f4f3b150024b4a2a590a68e7315cc6b8af1f,3260ceadee261c207b4063d61c10c65a0178f5d082b8c9c6aac88fa04a4a6f9f,False,,data/NEU-CLS/train/train/images/rolled-in_scale_199.jpg,True,,development
data/NEU-CLS/train/train/images/rolled-in_scale_20.jpg,rolled-in_scale_20.jpg,rolled_in_scale,filename_prefix,.jpg,410585853745afbb7ef092bb290f3d5c971d455c02f00080868e302d113837f2,a3d2a696119824705afa6b7b9d26a3e4b1b68f2fbee626b35ba4ef460fffe3e7,False,,data/NEU-CLS/train/train/images/rolled-in_scale_20.jpg,True,,development
data/NEU-CLS/train/train/images/rolled-in_scale_200.jpg,rolled-in_scale_200.jpg,rolled_in_scale,filename_prefix,.jpg,862f59073f2cc237b7602df726d08128bac6cff58971ae7adf7becaab354c197,95f97e75602e1bdf27d592fdef5b22e635049eea92c54e34a3d879b78986d259,False,,data/NEU-CLS/train/train/images/rolled-in_scale_200.jpg,True,,test
data/NEU-CLS/train/train/images/rolled-in_scale_201.jpg,rolled-in_scale_201.jpg,rolled_in_scale,filename_prefix,.jpg,93f1f4105e08e65c75283d4149248ca401de3251d994155ae08492de344cdf82,31e55ca79d4a5c5df42d85d8166b9cace1c9761916ee5cf1855d22142019b42c,False,,data/NEU-CLS/train/train/images/rolled-in_scale_201.jpg,True,,development
data/NEU-CLS/train/train/images/rolled-in_scale_202.jpg,rolled-in_scale_202.jpg,rolled_in_scale,filename_prefix,.jpg,32fdb597d1fbc3aedda1991fbfe3f811b33977334f5b7afea358bdb9daf5408d,f58cd74a9774acc3539202afd38bc6879bc30c30090ebbedbb92f454f92e988d,False,,data/NEU-CLS/train/train/images/rolled-in_scale_202.jpg,True,,development
data/NEU-CLS/train/train/images/rolled-in_scale_203.jpg,rolled-in_scale_203.jpg,rolled_in_scale,filename_prefix,.jpg,1318c0d9b059a08b3867d40ee1c18cd46adcac3b69d1790d4095995d311f8917,aeb40ad8316fe9551e10d9901bef2be0fd9ed58799faf0b3f7f0c62719b345c0,False,,data/NEU-CLS/train/train/images/rolled-in_scale_203.jpg,True,,development
data/NEU-CLS/train/train/images/rolled-in_scale_204.jpg,rolled-in_scale_204.jpg,rolled_in_scale,filename_prefix,.jpg,8f6ae994413417fb2862cd6749fd91ea71363abf6074e95d0bcde36c8e988731,547e517424628107e086ff982fd9d46874014087e0b2382d4bd04a8d4ab20ba8,False,,data/NEU-CLS/train/train/images/rolled-in_scale_204.jpg,True,,development
data/NEU-CLS/train/train/images/rolled-in_scale_205.jpg,rolled-in_scale_205.jpg,rolled_in_scale,filename_prefix,.jpg,24f72b90f91552273880ad40b7b4c44cf912cf917a94faa2e48273ff7994ac51,30b13e5313ce73f887dcc506fcf59a608fca1b1941956f2a2e52ba10a7c9755b,False,,data/NEU-CLS/train/train/images/rolled-in_scale_205.jpg,True,,development
data/NEU-CLS/train/train/images/rolled-in_scale_206.jpg,rolled-in_scale_206.jpg,rolled_in_scale,filename_prefix,.jpg,dad964a1298e0e8550c652c2f6cd3dacda7096290117e4f96c499fc62f7e425a,62855ddb234f7282c06760df488cbeb2566362f5573a199cb278d5ac0bd11bc3,False,,data/NEU-CLS/train/train/images/rolled-in_scale_206.jpg,True,,development
data/NEU-CLS/train/train/images/rolled-in_scale_207.jpg,rolled-in_scale_207.jpg,rolled_in_scale,filename_prefix,.jpg,96659bb19494d4eb0119b38d152dd1adabd20c3ea9d95deaed85b44bfe8fb677,17434ab8a326ed360b6624b63ef0e49e5740a9e96467d42a870a07d729a0768d,False,,data/NEU-CLS/train/train/images/rolled-in_scale_207.jpg,True,,test
data/NEU-CLS/train/train/images/rolled-in_scale_208.jpg,rolled-in_scale_208.jpg,rolled_in_scale,filename_prefix,.jpg,9b48f38d6793c1be07470511f8dad09506c006bb491212c74da5d52e9ab3a06c,4132b21a98480685cfb0742a5ddda33566d6c4174e7eec3b7f28d622e4735847,False,,data/NEU-CLS/train/train/images/rolled-in_scale_208.jpg,True,,test
data/NEU-CLS/train/train/images/rolled-in_scale_209.jpg,rolled-in_scale_209.jpg,rolled_in_scale,filename_prefix,.jpg,5b0551a18f09969f80ea78107b8dc10472d4cb078b7e51f832c6058246a15ea9,dc5666ae134ef5404f0054d6e1b27f2456e360977465af0a15f3c3d289dd9f7a,False,,data/NEU-CLS/train/train/images/rolled-in_scale_209.jpg,True,,development
data/NEU-CLS/train/train/images/rolled-in_scale_21.jpg,rolled-in_scale_21.jpg,rolled_in_scale,filename_prefix,.jpg,d8c183596170f6fa7db62baaf886d1e9d7c39fc32f1ac814c65ac34e75d4f60a,16f0cee5ec7a6fe88e261bfdeeef98e91e5c1500698131a5211add61e21c683c,False,,data/NEU-CLS/train/train/images/rolled-in_scale_21.jpg,True,,development
data/NEU-CLS/train/train/images/rolled-in_scale_210.jpg,rolled-in_scale_210.jpg,rolled_in_scale,filename_prefix,.jpg,c2803b6694a8172cc2ddcdf7c9f63d0b17a8f6aa243521792ba375cd20c42140,f09a62708b60fe25eb6da12320a2d72d20b6aa939208403c978b160e6749c47f,False,,data/NEU-CLS/train/train/images/rolled-in_scale_210.jpg,True,,development
data/NEU-CLS/train/train/images/rolled-in_scale_211.jpg,rolled-in_scale_211.jpg,rolled_in_scale,filename_prefix,.jpg,6b67ec8c1e1ac58c71e316738504b32867dda9d020009c6be8f52cd1fb083933,704bd764f78cc67b884658338b0b051889f50445e03aa2798e801f42912786c2,False,,data/NEU-CLS/train/train/images/rolled-in_scale_211.jpg,True,,development
data/NEU-CLS/train/train/images/rolled-in_scale_212.jpg,rolled-in_scale_212.jpg,rolled_in_scale,filename_prefix,.jpg,e2f57875cc30ccc3e2970b58ee4872c966cd042a88113aaf1fbd4dd18ad199f3,c02eab940d744a144cae74feb055ffd0e1467cb98ce30865e3da6579b0e4a067,False,,data/NEU-CLS/train/train/images/rolled-in_scale_212.jpg,True,,development
data/NEU-CLS/train/train/images/rolled-in_scale_213.jpg,rolled-in_scale_213.jpg,rolled_in_scale,filename_prefix,.jpg,9e6c5e6a46cc51960c7c2ddfebecbf68918a82e5974525446554934059ee38a7,a79790d508bbc22dc741231e1c5d61f05f8bbd209ee8931a76a7ea0802bac7ff,False,,data/NEU-CLS/train/train/images/rolled-in_scale_213.jpg,True,,development
data/NEU-CLS/train/train/images/rolled-in_scale_214.jpg,rolled-in_scale_214.jpg,rolled_in_scale,filename_prefix,.jpg,d2e758316abe8b3662048e3a73aebc934088ee2b18d9b3307d46dd8cfc48b29e,3ad2ff67776310ef48a3a68e301436d0d7311894adb960051a8394d1d4a3bf68,False,,data/NEU-CLS/train/train/images/rolled-in_scale_214.jpg,True,,development
data/NEU-CLS/train/train/images/rolled-in_scale_215.jpg,rolled-in_scale_215.jpg,rolled_in_scale,filename_prefix,.jpg,3731f27e6665dbb752c8a1a3417f0b8eb59e952a934c98e015563db6be9c5afc,d2bf369989e9cb79ebf57e66cc88105c823ab2230edce43c2b121112c68e7ad7,False,,data/NEU-CLS/train/train/images/rolled-in_scale_215.jpg,True,,test
data/NEU-CLS/train/train/images/rolled-in_scale_216.jpg,rolled-in_scale_216.jpg,rolled_in_scale,filename_prefix,.jpg,d8393dae73ec0046eb91dd904987ece0d95782620520b50eb85e6a94651aff02,699dc8f016ce7bccb063cf31df75c72256d1cd65adbc103a34515505dd99043f,False,,data/NEU-CLS/train/train/images/rolled-in_scale_216.jpg,True,,development
data/NEU-CLS/train/train/images/rolled-in_scale_217.jpg,rolled-in_scale_217.jpg,rolled_in_scale,filename_prefix,.jpg,6518cd1259ee169a39dd98f755a3dbb11175cf30bd346e2974d709362961824c,adb9f5dc9ba8b1022999fdf62a3af32bced9afe1d7bb911dce055c7cfada9869,False,,data/NEU-CLS/train/train/images/rolled-in_scale_217.jpg,True,,development
data/NEU-CLS/train/train/images/rolled-in_scale_218.jpg,rolled-in_scale_218.jpg,rolled_in_scale,filename_prefix,.jpg,d1487d000c49a0716fce28609f58883abb52df0618a64878f2fee5d534de4b04,3e2e0a3154098b90e5ef2ae8fb57a798053a52a4035642fd9e93a8cacf300835,False,,data/NEU-CLS/train/train/images/rolled-in_scale_218.jpg,True,,development
data/NEU-CLS/train/train/images/rolled-in_scale_219.jpg,rolled-in_scale_219.jpg,rolled_in_scale,filename_prefix,.jpg,c669a2bc07a4c8538e5f41c48ae0f037a304f6714ac44100e8e13a93d1e8a17e,8ca9d935a1b3aedddac9851d76f197f0992c6851710906b9ebb2aae9539a300c,False,,data/NEU-CLS/train/train/images/rolled-in_scale_219.jpg,True,,development
data/NEU-CLS/train/train/images/rolled-in_scale_22.jpg,rolled-in_scale_22.jpg,rolled_in_scale,filename_prefix,.jpg,8709b7a762ebfb915d7500413bbef14db7a3c96aefa729e255fafc97441b7625,bf2e8909e294ed16fcc6db49052bfad6e9e4f00394227a79bbddcced3934c7e4,False,,data/NEU-CLS/train/train/images/rolled-in_scale_22.jpg,True,,development
data/NEU-CLS/train/train/images/rolled-in_scale_220.jpg,rolled-in_scale_220.jpg,rolled_in_scale,filename_prefix,.jpg,00901619c63fcffca7cbc105e0c946b296aa86b5d1070a5f8cf3fcd042a5a584,6f48413a4964ee7fbf0ae9a77f04554e415dad6ebc825ebec50e9bc172584734,False,,data/NEU-CLS/train/train/images/rolled-in_scale_220.jpg,True,,development
data/NEU-CLS/train/train/images/rolled-in_scale_221.jpg,rolled-in_scale_221.jpg,rolled_in_scale,filename_prefix,.jpg,b6bd54fc30e304aacb530d32bf3e393993c485d6a0bb0d6f45d86e60b2e336de,c0070fd558edd77d804cb04a014b3f5bad29e9eb9cd65791a7fef0828cd0277d,False,,data/NEU-CLS/train/train/images/rolled-in_scale_221.jpg,True,,development
data/NEU-CLS/train/train/images/rolled-in_scale_222.jpg,rolled-in_scale_222.jpg,rolled_in_scale,filename_prefix,.jpg,aa02ff4ab1bbd725843fda80981d041d27cfbc8f8c864cbfdb052c0bde94baf8,c7ada1cf5e248957d2974c0edd8e6c1d80a68dad5133d4159bed26d71169ae2c,False,,data/NEU-CLS/train/train/images/rolled-in_scale_222.jpg,True,,development
data/NEU-CLS/train/train/images/rolled-in_scale_223.jpg,rolled-in_scale_223.jpg,rolled_in_scale,filename_prefix,.jpg,60206e7c54b2a2699f5913fd63591368550b8f2a3f9590bf42597afe5dc68a81,ca7e00866abff40df820f995f3994df7041e8db56ce242005b1999c080eca672,False,,data/NEU-CLS/train/train/images/rolled-in_scale_223.jpg,True,,development
data/NEU-CLS/train/train/images/rolled-in_scale_224.jpg,rolled-in_scale_224.jpg,rolled_in_scale,filename_prefix,.jpg,efa3e16557e7141f5ee3f4e7a3ad096a37ac1f2d25e7e0cb335c908d475e09ef,65cee98c1646c670b6e0603d0a539bfe17a8aa420e620c9f584757a60c04c2b5,False,,data/NEU-CLS/train/train/images/rolled-in_scale_224.jpg,True,,development
data/NEU-CLS/train/train/images/rolled-in_scale_225.jpg,rolled-in_scale_225.jpg,rolled_in_scale,filename_prefix,.jpg,1509cd72de0b703b1328d59e5dd7705be79ffbf93c162986cec204330e5221e3,df9e8c98b7be457ee023cf0d3fadaa61946210f97ff775152d8cf7ea20362a60,False,,data/NEU-CLS/train/train/images/rolled-in_scale_225.jpg,True,,development
data/NEU-CLS/train/train/images/rolled-in_scale_226.jpg,rolled-in_scale_226.jpg,rolled_in_scale,filename_prefix,.jpg,32a71d087ccc2e2ab66cf2fdb1b941ed21ceda2c1cf822867d2cd392c759bba4,a5ab0c87c4eac35eeb1c404f655c81e89735b792eda207b4086a04d7280b9ae3,False,,data/NEU-CLS/train/train/images/rolled-in_scale_226.jpg,True,,development
data/NEU-CLS/train/train/images/rolled-in_scale_227.jpg,rolled-in_scale_227.jpg,rolled_in_scale,filename_prefix,.jpg,d61a9d399c997f08c9a05f3242402d0e454df4029efe2a49bd973798a6a99cad,49961efa177c17e996e3a768800337a26d68906b7382b50f2ca9ec9f2db56c40,False,,data/NEU-CLS/train/train/images/rolled-in_scale_227.jpg,True,,development
data/NEU-CLS/train/train/images/rolled-in_scale_228.jpg,rolled-in_scale_228.jpg,rolled_in_scale,filename_prefix,.jpg,47e47f02b1c9091211ec85cd5722832878bf5e1221268bf3bea5920541ff2fa0,50a1540bee4c9d05e35ce30efe9a85641b865a91a86dbaa9d57ecd67af571345,False,,data/NEU-CLS/train/train/images/rolled-in_scale_228.jpg,True,,development
data/NEU-CLS/train/train/images/rolled-in_scale_229.jpg,rolled-in_scale_229.jpg,rolled_in_scale,filename_prefix,.jpg,35c188bce490677f237f24a8185ea842bf60fd853e8f8e069d069bb5aed2615c,4532bcc97624a733f333b68ad2d8721e499630a2d53c7f56e61ca208aded95d8,False,,data/NEU-CLS/train/train/images/rolled-in_scale_229.jpg,True,,development
data/NEU-CLS/train/train/images/rolled-in_scale_23.jpg,rolled-in_scale_23.jpg,rolled_in_scale,filename_prefix,.jpg,0997be2658c69db807de7a33548ad0e80bc5c258a40d6d867df68b36010aca9a,d43c5ba2177babcb09c17c3d9bad6aa436d5d89fe59a380f2ee9d4ea75db8985,False,,data/NEU-CLS/train/train/images/rolled-in_scale_23.jpg,True,,development
data/NEU-CLS/train/train/images/rolled-in_scale_230.jpg,rolled-in_scale_230.jpg,rolled_in_scale,filename_prefix,.jpg,55a5388a166206a123baa7398212f06a762fc25d9e815fe65c1eff160c01295e,96b131506fe15be9c761a9a4e690f417bf28774dd7cae89a8eedb2ca2dda42c5,False,,data/NEU-CLS/train/train/images/rolled-in_scale_230.jpg,True,,development
data/NEU-CLS/train/train/images/rolled-in_scale_231.jpg,rolled-in_scale_231.jpg,rolled_in_scale,filename_prefix,.jpg,37d99e66ff131f801cae1c63981fd832b28ffb5213334907954f15e8dd87457d,0435836821df1b882148fb01f4eec311e62b9f1b1ee1c70c1c0df06f43c743ab,False,,data/NEU-CLS/train/train/images/rolled-in_scale_231.jpg,True,,development
data/NEU-CLS/train/train/images/rolled-in_scale_232.jpg,rolled-in_scale_232.jpg,rolled_in_scale,filename_prefix,.jpg,fc9b8f1cd46c61eb07a338b199616644fbbbc3e8a36c2ca3096a5474cfc3e070,f6dbed9675c9356b3b2e5df970ead8919dad367a6dc8ef4a251551188b549f3b,False,,data/NEU-CLS/train/train/images/rolled-in_scale_232.jpg,True,,test
data/NEU-CLS/train/train/images/rolled-in_scale_233.jpg,rolled-in_scale_233.jpg,rolled_in_scale,filename_prefix,.jpg,f56a6df98a0f17232ea9c223bf874d124549d95d50550cd403f83f4a689ad59f,fc996aeb229ea018926e0ea1c486603c294534d1a3202aa35aac1bd233cb13d0,False,,data/NEU-CLS/train/train/images/rolled-in_scale_233.jpg,True,,development
data/NEU-CLS/train/train/images/rolled-in_scale_234.jpg,rolled-in_scale_234.jpg,rolled_in_scale,filename_prefix,.jpg,e869be92a77550aed45bee599d3907c7c25733eca4f1e78b69e2fa40448c3dca,d560a24c48fec2863bb20d327b57de0494f2a6b55aab812c16f6fa0a47df3245,False,,data/NEU-CLS/train/train/images/rolled-in_scale_234.jpg,True,,development
data/NEU-CLS/train/train/images/rolled-in_scale_235.jpg,rolled-in_scale_235.jpg,rolled_in_scale,filename_prefix,.jpg,167b7a8f8c23757c1ae2fd6966055d444eca638520cfb6f302b7d7abb76abac3,6d08e8bda6e38c4542937ea9fff9f900329f7a977aa4190c95567e71ac16554f,False,,data/NEU-CLS/train/train/images/rolled-in_scale_235.jpg,True,,development
data/NEU-CLS/train/train/images/rolled-in_scale_236.jpg,rolled-in_scale_236.jpg,rolled_in_scale,filename_prefix,.jpg,3ad674d0391780b01e523ca82400a2ec52345f792b3e0a0061b43940ca2f5745,4839add1a8c7144c64ec988e7e7e22a269f42c713e7825f2b7e52fbba165925f,False,,data/NEU-CLS/train/train/images/rolled-in_scale_236.jpg,True,,test
data/NEU-CLS/train/train/images/rolled-in_scale_237.jpg,rolled-in_scale_237.jpg,rolled_in_scale,filename_prefix,.jpg,9d51c68da7f07da8087f7b87454b32250d8fcf46e8111a14f42453c0e713e171,9c037dad5899d8054f1c1b70069e1100e0902973c0dc0a557caed68d28f268a1,False,,data/NEU-CLS/train/train/images/rolled-in_scale_237.jpg,True,,development
data/NEU-CLS/train/train/images/rolled-in_scale_238.jpg,rolled-in_scale_238.jpg,rolled_in_scale,filename_prefix,.jpg,aa83932b2073c75a818549dce83101bbaa764b2e705103289a8df4b22e01bc75,43036eaa33f01359cc32731235ee9b0b9f12ac17625397610d2038b8fe41e3ff,False,,data/NEU-CLS/train/train/images/rolled-in_scale_238.jpg,True,,development
data/NEU-CLS/train/train/images/rolled-in_scale_239.jpg,rolled-in_scale_239.jpg,rolled_in_scale,filename_prefix,.jpg,ae5544f50fc8b02c72a3f70865a2268045aae78f996c05c4c4935c522e934563,7e2a3a1321072c026d56b6d6d3d8d9dd5079e0e325716859a2165609c6ea0124,False,,data/NEU-CLS/train/train/images/rolled-in_scale_239.jpg,True,,development
data/NEU-CLS/train/train/images/rolled-in_scale_24.jpg,rolled-in_scale_24.jpg,rolled_in_scale,filename_prefix,.jpg,2cec4e53921fa8ebb9e1e79fc5da8fbbafc90b39abe2019704330ce4a0866622,196686b940fa50af5f95108505422a6f84517bcf4f75c4a87174eb8108a43692,False,,data/NEU-CLS/train/train/images/rolled-in_scale_24.jpg,True,,development
data/NEU-CLS/train/train/images/rolled-in_scale_240.jpg,rolled-in_scale_240.jpg,rolled_in_scale,filename_prefix,.jpg,065a209c1ad451653cbfc914049240bed53e353dc91d0b7dffebc2b476542deb,efb24dcb5df5cdedbf48ab91ff4271281e98b42ae7c058c091675bb94e010cba,False,,data/NEU-CLS/train/train/images/rolled-in_scale_240.jpg,True,,development
data/NEU-CLS/train/train/images/rolled-in_scale_241.jpg,rolled-in_scale_241.jpg,rolled_in_scale,filename_prefix,.jpg,3ae0c8e0b0ddab539bcb0ab86e04909543015fbbd4b0bf5eb12232e2274dea2b,cadcdd88283f7df218432dd248ab962c795f274137b40c920647b2a66c1fc4d9,False,,data/NEU-CLS/train/train/images/rolled-in_scale_241.jpg,True,,development
data/NEU-CLS/train/train/images/rolled-in_scale_242.jpg,rolled-in_scale_242.jpg,rolled_in_scale,filename_prefix,.jpg,455b206ff2cf9f9db1ce0e10e8f98b7c0f63a5a7490843ccab05d9e664915b24,76ad12456f836244968e1f05d5f5aa527a521c84eb72ee3745ca49f17607e92b,False,,data/NEU-CLS/train/train/images/rolled-in_scale_242.jpg,True,,test
data/NEU-CLS/train/train/images/rolled-in_scale_243.jpg,rolled-in_scale_243.jpg,rolled_in_scale,filename_prefix,.jpg,76f707b0ddcb61796cede17b2af374b1a9f9c3856e214f6190db45a9a7d59a10,24db1920e9d7139504a15d6126b2560cfafb7bdee23a3536b7ad4a2483814ad5,False,,data/NEU-CLS/train/train/images/rolled-in_scale_243.jpg,True,,development
data/NEU-CLS/train/train/images/rolled-in_scale_244.jpg,rolled-in_scale_244.jpg,rolled_in_scale,filename_prefix,.jpg,096c5b2a32ed8e1bb22722ddd9e05c0df42f6ff64231553cad00a63adf030c2c,81f603ce206e061ce1097f5b7f96e089a67db86b925d7c1f786128683d842a75,False,,data/NEU-CLS/train/train/images/rolled-in_scale_244.jpg,True,,development
data/NEU-CLS/train/train/images/rolled-in_scale_245.jpg,rolled-in_scale_245.jpg,rolled_in_scale,filename_prefix,.jpg,56a9ff3d4572ee794e18f3c3c5e50d697805314e394c24c9aaa4f80072f44628,1551aacb234068067098d3538b71343dc6fd769babd910efcf4355c729f0da22,False,,data/NEU-CLS/train/train/images/rolled-in_scale_245.jpg,True,,test
data/NEU-CLS/train/train/images/rolled-in_scale_246.jpg,rolled-in_scale_246.jpg,rolled_in_scale,filename_prefix,.jpg,4dc20c200ab5c008bc52837fd52f62b30d194703bf4228b341d546a6b6b49516,c9809ab423eb89525cee7962607ef04cd62690071f9dfc8d0f823211151e3976,False,,data/NEU-CLS/train/train/images/rolled-in_scale_246.jpg,True,,test
data/NEU-CLS/train/train/images/rolled-in_scale_247.jpg,rolled-in_scale_247.jpg,rolled_in_scale,filename_prefix,.jpg,4f0eadd40ba77606ab30299d77f301d20899892f0770fd46abd2005e72aab867,5cd5279170ec350e09b327a855534a20aded6c82e53ba916f24d37638bfedb8a,False,,data/NEU-CLS/train/train/images/rolled-in_scale_247.jpg,True,,development
data/NEU-CLS/train/train/images/rolled-in_scale_248.jpg,rolled-in_scale_248.jpg,rolled_in_scale,filename_prefix,.jpg,43711daddb5a88dc018727b193c9fe97c2f11c62e13976b4537e335bbbce8da8,976e60ed91ecde44af303a42ffaa1e45e087d3bf3440b022b595107b63bead6a,False,,data/NEU-CLS/train/train/images/rolled-in_scale_248.jpg,True,,development
data/NEU-CLS/train/train/images/rolled-in_scale_249.jpg,rolled-in_scale_249.jpg,rolled_in_scale,filename_prefix,.jpg,1c3890d31127022991f0bb9abc16f627d694a55ddfa1f3fbc2f07647f7cc1cac,c5a9d9f048712e4a3f124552aa1014ea5b1b70a4adb4113ef032424c0c2c79a6,False,,data/NEU-CLS/train/train/images/rolled-in_scale_249.jpg,True,,test
data/NEU-CLS/train/train/images/rolled-in_scale_25.jpg,rolled-in_scale_25.jpg,rolled_in_scale,filename_prefix,.jpg,4e60ed53dc7e487306e513f4cd47b37b838d61f83ce0b530dc6bf9b3e514ff8c,9f9716a7d6574f9b266ba6ec4f2d57494bf2230630fa506539ec0b5f66113cf3,False,,data/NEU-CLS/train/train/images/rolled-in_scale_25.jpg,True,,development
data/NEU-CLS/train/train/images/rolled-in_scale_250.jpg,rolled-in_scale_250.jpg,rolled_in_scale,filename_prefix,.jpg,e650ab35f21fe74900f59596c2f6267972bb8a13423e477b2e61a6a48daec258,518f15a5fcdf949a328295062cf8064de6c8512374de674689954bf9a65e6fc2,False,,data/NEU-CLS/train/train/images/rolled-in_scale_250.jpg,True,,development
data/NEU-CLS/train/train/images/rolled-in_scale_251.jpg,rolled-in_scale_251.jpg,rolled_in_scale,filename_prefix,.jpg,476f486823c97394604a832898feebb5f74eb94245eb931e16e43f9ef5e9077c,21e6e4bbb354976dd049ffe4116b87dc406577f8ef4ff9e6ece52b4329d1faa7,False,,data/NEU-CLS/train/train/images/rolled-in_scale_251.jpg,True,,development
data/NEU-CLS/train/train/images/rolled-in_scale_252.jpg,rolled-in_scale_252.jpg,rolled_in_scale,filename_prefix,.jpg,532b5e2791530183ec310caa1755eb9f56db6f3d498cb61350b601e3dc74ac54,739b5669961f2974b7c231791775cabcd44f35290f00cdb8a1fb6c6193944c41,False,,data/NEU-CLS/train/train/images/rolled-in_scale_252.jpg,True,,development
data/NEU-CLS/train/train/images/rolled-in_scale_253.jpg,rolled-in_scale_253.jpg,rolled_in_scale,filename_prefix,.jpg,d4b2444e9d47f22c7d9ea71b3f729f5c78b9c7c982d9a3139c80df73357585b3,677a240671d3e864b7ec8850b2281a6360dc76a488e1f663bfedbf23914366df,False,,data/NEU-CLS/train/train/images/rolled-in_scale_253.jpg,True,,development
data/NEU-CLS/train/train/images/rolled-in_scale_254.jpg,rolled-in_scale_254.jpg,rolled_in_scale,filename_prefix,.jpg,0b1e990ceddfbffac2d54d03573f2fca9409d42cc81722f3ae2b6b030efc5826,04205b3dd2ecee1088d336bbf70ebecf64a5268116f483db6adc53c86906647a,False,,data/NEU-CLS/train/train/images/rolled-in_scale_254.jpg,True,,development
data/NEU-CLS/train/train/images/rolled-in_scale_255.jpg,rolled-in_scale_255.jpg,rolled_in_scale,filename_prefix,.jpg,a72bcf50bdd2205f21e997197cfd9b4773f53cf38059d358c225ad7c88a140b2,56bc46745d5992f59fcd92a45d0b73acfa3ca5cf8e094f197dd82e09b4c13d40,False,,data/NEU-CLS/train/train/images/rolled-in_scale_255.jpg,True,,test
data/NEU-CLS/train/train/images/rolled-in_scale_256.jpg,rolled-in_scale_256.jpg,rolled_in_scale,filename_prefix,.jpg,362130fefcc84a85d649b931dae18778b005752909e3706f25f64753e3de4663,2f6f3874247f2690ccd8c941f4f93eb36e62c6f08a1164eb62f32ee948b451ba,False,,data/NEU-CLS/train/train/images/rolled-in_scale_256.jpg,True,,development
data/NEU-CLS/train/train/images/rolled-in_scale_257.jpg,rolled-in_scale_257.jpg,rolled_in_scale,filename_prefix,.jpg,9365fe96679d4a92779b3c016afdeed83d9fe56655efffe2def0723b38da34da,dcec5bbcd04f7f54edcc37b0221cd204a3e83bc93e7aafb9134730402c257442,False,,data/NEU-CLS/train/train/images/rolled-in_scale_257.jpg,True,,development
data/NEU-CLS/train/train/images/rolled-in_scale_258.jpg,rolled-in_scale_258.jpg,rolled_in_scale,filename_prefix,.jpg,d091d280b0659547c7f9d7934e4911ef47821e527f1e5ba5268d3d0470c6f98a,54068e040cc2653c3c7788a8f470d2715b4a31b97e5dc2142bd451ae90423363,False,,data/NEU-CLS/train/train/images/rolled-in_scale_258.jpg,True,,development
data/NEU-CLS/train/train/images/rolled-in_scale_259.jpg,rolled-in_scale_259.jpg,rolled_in_scale,filename_prefix,.jpg,460cdbb062037b8f7749feaa8e6d5e877abfaf6142b299bffccbdd00dcf6a3f2,7418a12db357a950e475af85cb83a2c4909893a0da3cfed2ad6082c3908bb046,False,,data/NEU-CLS/train/train/images/rolled-in_scale_259.jpg,True,,development
data/NEU-CLS/train/train/images/rolled-in_scale_26.jpg,rolled-in_scale_26.jpg,rolled_in_scale,filename_prefix,.jpg,306d15079bdf6c6e274293fcc727c975e8d4765a086b36d4b22088e5a29aaa83,46184e64247a7f64ad0fa848a1ff5a3ce93e1c3ee9c8518fedb697f8cb7f05d5,False,,data/NEU-CLS/train/train/images/rolled-in_scale_26.jpg,True,,development
data/NEU-CLS/train/train/images/rolled-in_scale_260.jpg,rolled-in_scale_260.jpg,rolled_in_scale,filename_prefix,.jpg,5dcc40fa363fbce80e11f1d785d71514e0c8bd80512d8078eacee3459ff5d435,aafba4267a5e63d9b4cd4dc6fe09ea88ddb94c50bcdb4ca1447cbb7c7072da3a,False,,data/NEU-CLS/train/train/images/rolled-in_scale_260.jpg,True,,test
data/NEU-CLS/train/train/images/rolled-in_scale_261.jpg,rolled-in_scale_261.jpg,rolled_in_scale,filename_prefix,.jpg,dec6b67138f0b88c1d3ee616a6f0b9c012b504a2d122724d59ffcd5516bd6133,e339fb332242cdf7a9ff1e522a4b285b9926f882c9596c8b22f061dd5e19cd9d,False,,data/NEU-CLS/train/train/images/rolled-in_scale_261.jpg,True,,development
data/NEU-CLS/train/train/images/rolled-in_scale_262.jpg,rolled-in_scale_262.jpg,rolled_in_scale,filename_prefix,.jpg,67cab4d93752e5def8a7d34b72504c1ecacadc673f252d4d719b716aeda0c083,d23479891bb750801634c59077c548f491e19d190af62d89babf7f8e9fbcb5c9,False,,data/NEU-CLS/train/train/images/rolled-in_scale_262.jpg,True,,development
data/NEU-CLS/train/train/images/rolled-in_scale_263.jpg,rolled-in_scale_263.jpg,rolled_in_scale,filename_prefix,.jpg,2b95ea4b3d84b2808e6f2fccfe6e531ac1c047d6decefb202b33ac27b6efb244,e959752e91cd0b83a498b40d59fe17661a9d47198faacac3a03e178e45df8185,False,,data/NEU-CLS/train/train/images/rolled-in_scale_263.jpg,True,,development
data/NEU-CLS/train/train/images/rolled-in_scale_264.jpg,rolled-in_scale_264.jpg,rolled_in_scale,filename_prefix,.jpg,bd817ff3e003a79a8899e4bd12bbba1c154d1fa6716d93ce64d6a8ce73938370,6b4a34637b59d8f1e3430df97bf1c002de127ef69c6a3c85eef71a451131063f,False,,data/NEU-CLS/train/train/images/rolled-in_scale_264.jpg,True,,test
data/NEU-CLS/train/train/images/rolled-in_scale_265.jpg,rolled-in_scale_265.jpg,rolled_in_scale,filename_prefix,.jpg,17cb540a2e51cacca588b9f7d62c429f0f410085fc40083a09794f7a62c21ddb,3862b79d24cef874e0f061897c857bc6543e843cb75ad01483e7b136b33c6943,False,,data/NEU-CLS/train/train/images/rolled-in_scale_265.jpg,True,,development
data/NEU-CLS/train/train/images/rolled-in_scale_266.jpg,rolled-in_scale_266.jpg,rolled_in_scale,filename_prefix,.jpg,42451c010132c65c1b01ffbbe109839662e530a711d347463921973277505ff0,0fcf3fd006f1e3c56d0b25371ecc5966f0965b8df0bc27cac0d2c7f487a42974,False,,data/NEU-CLS/train/train/images/rolled-in_scale_266.jpg,True,,development
data/NEU-CLS/train/train/images/rolled-in_scale_267.jpg,rolled-in_scale_267.jpg,rolled_in_scale,filename_prefix,.jpg,f94df50a93a2344276102c078efd1ed8e027d257d7be3913e123ea54a2c3b6b2,f71cbde15e9f9a2dcb91ca4eae074e6a5d6a8eac226787168c11999a8f47da51,False,,data/NEU-CLS/train/train/images/rolled-in_scale_267.jpg,True,,development
data/NEU-CLS/train/train/images/rolled-in_scale_268.jpg,rolled-in_scale_268.jpg,rolled_in_scale,filename_prefix,.jpg,d08d423f369742f5b9f643421f0b3264b8443387e386441f335f18184b2f5268,1f06f06fddad9eb2c7365f640872e71766a27afa718d64c4095033ea78079917,False,,data/NEU-CLS/train/train/images/rolled-in_scale_268.jpg,True,,development
data/NEU-CLS/train/train/images/rolled-in_scale_269.jpg,rolled-in_scale_269.jpg,rolled_in_scale,filename_prefix,.jpg,74f80dee68c66b6f73e5c95dbb5e36e35cfe82b6800c13d5153cea1f0dc394fa,8354fa6f0c7b0bdf1123a5537db1ed257d2d20bc13bc15409ae15a02feddc182,False,,data/NEU-CLS/train/train/images/rolled-in_scale_269.jpg,True,,development
data/NEU-CLS/train/train/images/rolled-in_scale_27.jpg,rolled-in_scale_27.jpg,rolled_in_scale,filename_prefix,.jpg,708329b86ab6061f1adc9cd0c71b22b2e80fb88a60b15b799023e00b3e1dc24a,3a56447480f7b045bf4e42791376eef9e4e5d620db8ad73c1c54e5d2edeaf0e2,False,,data/NEU-CLS/train/train/images/rolled-in_scale_27.jpg,True,,test
data/NEU-CLS/train/train/images/rolled-in_scale_270.jpg,rolled-in_scale_270.jpg,rolled_in_scale,filename_prefix,.jpg,5a93c2c21a0ce009675aac1ed811ccba0595c25ef5653bc1d3f915e8832c8741,cc6bc9eb85986164d32e74ed1a02e28ab42a1b78dd810435c2c1c502585ebef4,False,,data/NEU-CLS/train/train/images/rolled-in_scale_270.jpg,True,,development
data/NEU-CLS/train/train/images/rolled-in_scale_271.jpg,rolled-in_scale_271.jpg,rolled_in_scale,filename_prefix,.jpg,091a8e314a4cb03c29f24785e0cfc314211de5c2fbb84e11bb71b6c083e130f4,b88817c7a6d9beeb6f0551a79ea72153cd74c34519ef752e79453ec3dc6e14b1,False,,data/NEU-CLS/train/train/images/rolled-in_scale_271.jpg,True,,development
data/NEU-CLS/train/train/images/rolled-in_scale_272.jpg,rolled-in_scale_272.jpg,rolled_in_scale,filename_prefix,.jpg,b21248385a58fada6936f04f5081b2198616126d34b1aa2e6e6f8be47ba18375,65567306064389be7e21efb923d13bcba60a0a8e25b4b10d7876c157d867ef3a,False,,data/NEU-CLS/train/train/images/rolled-in_scale_272.jpg,True,,development
data/NEU-CLS/train/train/images/rolled-in_scale_273.jpg,rolled-in_scale_273.jpg,rolled_in_scale,filename_prefix,.jpg,369d4bee8a232c19fb5ca45a2289822dcc0b1f1fd575fd7db35a9919d7d78f3d,d73551017e1530687032c2efbc1853edceb14ee81975692d207fa5acec9dc00e,False,,data/NEU-CLS/train/train/images/rolled-in_scale_273.jpg,True,,development
data/NEU-CLS/train/train/images/rolled-in_scale_274.jpg,rolled-in_scale_274.jpg,rolled_in_scale,filename_prefix,.jpg,c8adc3bab70516104fb67d4bdaf0af0d3833fd62deb583f621f56552e127aaec,c29de73678e59d682a7afe7ce4f49cda4b1a2e793a86527242ba5cfddd10bff1,False,,data/NEU-CLS/train/train/images/rolled-in_scale_274.jpg,True,,development
data/NEU-CLS/train/train/images/rolled-in_scale_275.jpg,rolled-in_scale_275.jpg,rolled_in_scale,filename_prefix,.jpg,3599208515192dac0d6b119f5985a5cf5a1855d3b89b2b38e0ed61ad46f92bf8,25c2531e8caa00ad10332e7e72927c7aefd39b382268bb235adf87719230064c,False,,data/NEU-CLS/train/train/images/rolled-in_scale_275.jpg,True,,development
data/NEU-CLS/train/train/images/rolled-in_scale_276.jpg,rolled-in_scale_276.jpg,rolled_in_scale,filename_prefix,.jpg,316cdf843c144524be06d3c237f8d2dc4424dca836f62a419e8346c3e17614c7,868a5a64ff5b50fb174a3cf32795b1c33434c7bc8889a6618eef306c78f188d4,False,,data/NEU-CLS/train/train/images/rolled-in_scale_276.jpg,True,,test
data/NEU-CLS/train/train/images/rolled-in_scale_277.jpg,rolled-in_scale_277.jpg,rolled_in_scale,filename_prefix,.jpg,1faede96e2c51b32425dd0e77867e9b3b790ab0724bcd763cc1f4ea331afac5c,61a586d5c010605cde56325a72316f12f8527686bec0d944b7f4525a28de7d27,False,,data/NEU-CLS/train/train/images/rolled-in_scale_277.jpg,True,,development
data/NEU-CLS/train/train/images/rolled-in_scale_278.jpg,rolled-in_scale_278.jpg,rolled_in_scale,filename_prefix,.jpg,38b183d01f560b6edd8699985a7ab45896d03d056cf5830a3c1e5c20838ef014,6aa0d9c182451829952dc532d988b2c0ac645da430982a6c61cc418474b8b302,False,,data/NEU-CLS/train/train/images/rolled-in_scale_278.jpg,True,,test
data/NEU-CLS/train/train/images/rolled-in_scale_279.jpg,rolled-in_scale_279.jpg,rolled_in_scale,filename_prefix,.jpg,7d6c2342ba3131dcf29b643c89a2f44609e9f7d5c388faa3366161ffa813bf18,556a397454719fd78d6f7bff694e5d528862c0832cae25520dae560dc5b3b313,False,,data/NEU-CLS/train/train/images/rolled-in_scale_279.jpg,True,,development
data/NEU-CLS/train/train/images/rolled-in_scale_28.jpg,rolled-in_scale_28.jpg,rolled_in_scale,filename_prefix,.jpg,418d976e5b428aa954bb37d4eff3bad0e081c8f13266d0f9caada1dacb73adc5,3125fd8bb2d992ca5b1398b28ec01d04ca8cac91128c5d9045bf1d6b9833fb2f,False,,data/NEU-CLS/train/train/images/rolled-in_scale_28.jpg,True,,development
data/NEU-CLS/train/train/images/rolled-in_scale_280.jpg,rolled-in_scale_280.jpg,rolled_in_scale,filename_prefix,.jpg,f1269a5e170cbe86181350e5eceab2b88e820650629097d96ba3eef0e362f6d2,2d7c910d74665969f183dac29b7da463a9137402e7551141725d75411654a8d2,False,,data/NEU-CLS/train/train/images/rolled-in_scale_280.jpg,True,,development
data/NEU-CLS/train/train/images/rolled-in_scale_281.jpg,rolled-in_scale_281.jpg,rolled_in_scale,filename_prefix,.jpg,036fd9a28409d589230ceb99b63fdbc5110fa4fc61cd26088dd2a2d6901ba6a4,b00dcd3a9351bd0fe8a81568dee00ace40d09d748f2228821579b6f4e5834d1e,False,,data/NEU-CLS/train/train/images/rolled-in_scale_281.jpg,True,,development
data/NEU-CLS/train/train/images/rolled-in_scale_282.jpg,rolled-in_scale_282.jpg,rolled_in_scale,filename_prefix,.jpg,7c0e1e3d58500e5374437dfa05945eb160c057f19ae55d83dd14e9a622565321,ffcfb0f7bae468bd3a40bfca9dfd2efc8a799a11b5452603914128451c2a1f6d,False,,data/NEU-CLS/train/train/images/rolled-in_scale_282.jpg,True,,test
data/NEU-CLS/train/train/images/rolled-in_scale_283.jpg,rolled-in_scale_283.jpg,rolled_in_scale,filename_prefix,.jpg,9a2e4decb7af0132277f426b3adf4beb46f4e9b12567f5a06cc8106714280192,703de8cc991feb2346229b627f3cba43732284e2e1e295c78653dd7adb107a31,False,,data/NEU-CLS/train/train/images/rolled-in_scale_283.jpg,True,,development
data/NEU-CLS/train/train/images/rolled-in_scale_284.jpg,rolled-in_scale_284.jpg,rolled_in_scale,filename_prefix,.jpg,8a9f94de99649f32c9d914998e4a9208bc0d8a3792f2612fbf4b6055fec928ec,c42601af4d8cec03e13fb7069ccde906f3c75d6283b4f96d97cc0c3aba3cee0a,False,,data/NEU-CLS/train/train/images/rolled-in_scale_284.jpg,True,,development
data/NEU-CLS/train/train/images/rolled-in_scale_285.jpg,rolled-in_scale_285.jpg,rolled_in_scale,filename_prefix,.jpg,a8cca6d91ea7fb73283d88efd2d30e067b6d09ce645e5e85438441683f134e99,51afc4d5a40e559a6ba4bd12e3f96e208bfaaa38439b10c9805cb9494cffaf40,False,,data/NEU-CLS/train/train/images/rolled-in_scale_285.jpg,True,,development
data/NEU-CLS/train/train/images/rolled-in_scale_286.jpg,rolled-in_scale_286.jpg,rolled_in_scale,filename_prefix,.jpg,69fad71e435ce18f38396c088745f765a7d936b69025ef34c3fd8aca96744b64,581937b56ac1a1ee473af032563b864e16ea8fbf7f093edb142a669402501bc0,False,,data/NEU-CLS/train/train/images/rolled-in_scale_286.jpg,True,,development
data/NEU-CLS/train/train/images/rolled-in_scale_287.jpg,rolled-in_scale_287.jpg,rolled_in_scale,filename_prefix,.jpg,45b1154ffcd65c9a971bf2a42aa3f0f489c9227a8550c1f52e04125e1ce05c40,fdf1aa50c2192a6c925c25fd3bd72a15e6d0cf347b28c8f946d69937202ef192,False,,data/NEU-CLS/train/train/images/rolled-in_scale_287.jpg,True,,development
data/NEU-CLS/train/train/images/rolled-in_scale_288.jpg,rolled-in_scale_288.jpg,rolled_in_scale,filename_prefix,.jpg,c50614815646af4455639a530c283a0634aedee702befcc6ffbc6d0270a5953a,917ec7152d3523f5c128e6df8865f7a249006b4ab8efe6e3d13b2623a649d8ae,False,,data/NEU-CLS/train/train/images/rolled-in_scale_288.jpg,True,,development
data/NEU-CLS/train/train/images/rolled-in_scale_289.jpg,rolled-in_scale_289.jpg,rolled_in_scale,filename_prefix,.jpg,01cad42cc83646dbaee6842d9651e90dbd82fb02439766351fceaa1a133f142c,9f5bc8c0d5b5806aa938ab0ee354fdfe801c7ba042571d211bd06b8efb414341,False,,data/NEU-CLS/train/train/images/rolled-in_scale_289.jpg,True,,development
data/NEU-CLS/train/train/images/rolled-in_scale_29.jpg,rolled-in_scale_29.jpg,rolled_in_scale,filename_prefix,.jpg,b6775c39f808ce17a691b1e643d2c71bd0a6541642bddf1b81cad56dc0fc829a,220ed18fa0283d82ba97dbe7c17068ba515e45ac26459568d145424738559ed3,False,,data/NEU-CLS/train/train/images/rolled-in_scale_29.jpg,True,,development
data/NEU-CLS/train/train/images/rolled-in_scale_290.jpg,rolled-in_scale_290.jpg,rolled_in_scale,filename_prefix,.jpg,74e7dc7f885b5880c6f09c38d27d8ec7f2c64891bf68320970edbd14ad703717,e3e58d70b283eb439ff1cf38aeac664a6231a2fc3271638645dbceea67c9feee,False,,data/NEU-CLS/train/train/images/rolled-in_scale_290.jpg,True,,development
data/NEU-CLS/train/train/images/rolled-in_scale_291.jpg,rolled-in_scale_291.jpg,rolled_in_scale,filename_prefix,.jpg,9f0edb4a349a72882d2526d2f77edd7ab85bd594128e1f6596b905f9e0a9d8d6,3d1d2ad159788eb1859c81af10921cd2e034038bb4c1bc32b75c4a690efbb1e1,False,,data/NEU-CLS/train/train/images/rolled-in_scale_291.jpg,True,,development
data/NEU-CLS/train/train/images/rolled-in_scale_292.jpg,rolled-in_scale_292.jpg,rolled_in_scale,filename_prefix,.jpg,aca4945a18bc0445ff978f25c3431f3cda87f4035278dac3f1a764819d68467f,fa1e9a1d0978c118438d537aad6e551285214e3258be6592c642a104df6dd05f,False,,data/NEU-CLS/train/train/images/rolled-in_scale_292.jpg,True,,development
data/NEU-CLS/train/train/images/rolled-in_scale_293.jpg,rolled-in_scale_293.jpg,rolled_in_scale,filename_prefix,.jpg,35b498a3b118f589321f340b8fe469a5403de0f70b44433ad846beb05624e2ba,5254cf5d72ab7bc6ec34064145e3afe1965f923bb33a8a878e2dde5581fc318f,False,,data/NEU-CLS/train/train/images/rolled-in_scale_293.jpg,True,,development
data/NEU-CLS/train/train/images/rolled-in_scale_294.jpg,rolled-in_scale_294.jpg,rolled_in_scale,filename_prefix,.jpg,0e183030b910288f3f7415ba98afec6477e51c2f5ac51d972246e15a5916fd37,3e055e10b25a13abaf1bd8aecb3cd4d2cec203ab2e276fba799d5b5bbaaffe64,False,,data/NEU-CLS/train/train/images/rolled-in_scale_294.jpg,True,,test
data/NEU-CLS/train/train/images/rolled-in_scale_295.jpg,rolled-in_scale_295.jpg,rolled_in_scale,filename_prefix,.jpg,813aa66d52a468359daa6cfe5d084b934b8649b782ada8d4342e33935327e722,95fae3fe344da19a1eedda6c3feb7bd6cc4fba96f2f406f8c80002b53134cb84,False,,data/NEU-CLS/train/train/images/rolled-in_scale_295.jpg,True,,development
data/NEU-CLS/train/train/images/rolled-in_scale_296.jpg,rolled-in_scale_296.jpg,rolled_in_scale,filename_prefix,.jpg,c7b3c5e309632173863586042983ce86c7fe5813d24e1f23d00803ee66436692,e43d6497f51b922813cbcbc22e916dcc98128175d3ea978a50e361500b0e0ecb,False,,data/NEU-CLS/train/train/images/rolled-in_scale_296.jpg,True,,development
data/NEU-CLS/train/train/images/rolled-in_scale_297.jpg,rolled-in_scale_297.jpg,rolled_in_scale,filename_prefix,.jpg,e737ad2f0e6313c895f028fae7c937f0d1d77dd9511f325f23e912cc79daf2b5,a62e37bfd589e7fadb8eb4b25e15b4e159670cee853239fd3068f9c0f8570dee,False,,data/NEU-CLS/train/train/images/rolled-in_scale_297.jpg,True,,development
data/NEU-CLS/train/train/images/rolled-in_scale_298.jpg,rolled-in_scale_298.jpg,rolled_in_scale,filename_prefix,.jpg,4ee977480d64da6f6ff4c5de36bb2d534abcfd35d85b853fc3abd228b689cd86,dc4377b18073601aeea2a91ef8193acba936b9ce7b03842df750b92d8e62bb1f,False,,data/NEU-CLS/train/train/images/rolled-in_scale_298.jpg,True,,development
data/NEU-CLS/train/train/images/rolled-in_scale_299.jpg,rolled-in_scale_299.jpg,rolled_in_scale,filename_prefix,.jpg,35291b3e5390149b6473fa1ee16910b80c860897a62643cf82c65547d8337bb3,518ac47407bb7421ac4cb3a85f4de012781fe8150595166d7d4bf3ee6f44aa04,False,,data/NEU-CLS/train/train/images/rolled-in_scale_299.jpg,True,,development
data/NEU-CLS/train/train/images/rolled-in_scale_30.jpg,rolled-in_scale_30.jpg,rolled_in_scale,filename_prefix,.jpg,be507963548917b7dc2379663a1d7fe3daa06cef391b4a7ddc5319dc8bd20e03,681926bd64fb3ec21a820dedfe3c590a156599fcbe4be2227aec3fac59423ee6,False,,data/NEU-CLS/train/train/images/rolled-in_scale_30.jpg,True,,development
data/NEU-CLS/train/train/images/rolled-in_scale_300.jpg,rolled-in_scale_300.jpg,rolled_in_scale,filename_prefix,.jpg,2599551f47cdb8515d126969fe26a968f9519bf6a2ebeb7978fbeeddd0dd9300,e84988fd97ce40428e91080916dcc99bcff21afa1c81c162aacb6642467f8ce7,False,,data/NEU-CLS/train/train/images/rolled-in_scale_300.jpg,True,,test
data/NEU-CLS/train/train/images/rolled-in_scale_31.jpg,rolled-in_scale_31.jpg,rolled_in_scale,filename_prefix,.jpg,7535f7a4981574e0a021740800c34216eb75540011e3c685694aa5317272fc16,e7bf7437dd2441a4d3b8bfb608ce6800da8512559fa69572aeeedbf710322dbe,False,,data/NEU-CLS/train/train/images/rolled-in_scale_31.jpg,True,,test
data/NEU-CLS/train/train/images/rolled-in_scale_32.jpg,rolled-in_scale_32.jpg,rolled_in_scale,filename_prefix,.jpg,0b234244c6ade925e1f08de73700d0682ea31fb8f25c3245ebf8b7b18604fd16,8ac5ba48701ca8011e9658a3285601398c1f3374b0e0a4dcbe81852749aa4acb,False,,data/NEU-CLS/train/train/images/rolled-in_scale_32.jpg,True,,development
data/NEU-CLS/train/train/images/rolled-in_scale_33.jpg,rolled-in_scale_33.jpg,rolled_in_scale,filename_prefix,.jpg,2b2f8c1d313f4f281578546706dd5597d814d71e3150e5f40d11cba6f78860a5,4c924e6ba70d011997e0722f1f80dfd1ac1ff2c40a4e6a1fc37954473168885b,False,,data/NEU-CLS/train/train/images/rolled-in_scale_33.jpg,True,,development
data/NEU-CLS/train/train/images/rolled-in_scale_34.jpg,rolled-in_scale_34.jpg,rolled_in_scale,filename_prefix,.jpg,b2437bce6beff748accdab51b62221d28e75228c6812ca2b053b71fde2a3c64e,29719f7107f081d08b41ca21aad1b799be10a38fd09f67cd1e9757f5b0a650c0,False,,data/NEU-CLS/train/train/images/rolled-in_scale_34.jpg,True,,test
data/NEU-CLS/train/train/images/rolled-in_scale_35.jpg,rolled-in_scale_35.jpg,rolled_in_scale,filename_prefix,.jpg,1e49b720b81f3f59db9ffcacc1d8d7de09d7537f83ee7269834f4069bae65cdf,4a89e07be2a822823ab606d021f477f480dc6e5441e093c244c5968ea75dca7f,False,,data/NEU-CLS/train/train/images/rolled-in_scale_35.jpg,True,,development
data/NEU-CLS/train/train/images/rolled-in_scale_36.jpg,rolled-in_scale_36.jpg,rolled_in_scale,filename_prefix,.jpg,6c996a06108fd2fe4c7b39f723675ac533c55e6123b2bc0ceacaf2f890cfbae3,e8faf3c2fd520efa76340f585c7e463e26fee8d807fa6e079bcc323f9a7ee2fd,False,,data/NEU-CLS/train/train/images/rolled-in_scale_36.jpg,True,,development
data/NEU-CLS/train/train/images/rolled-in_scale_37.jpg,rolled-in_scale_37.jpg,rolled_in_scale,filename_prefix,.jpg,5c597a81b39c44c4b9a6c72281642c8c0db1c4ca34ea22f9d224b290d4bdb29f,34ea7b03176c64809badf82820956c3461ab39b43e7b721c95d1e6a3ed62de82,False,,data/NEU-CLS/train/train/images/rolled-in_scale_37.jpg,True,,test
data/NEU-CLS/train/train/images/rolled-in_scale_38.jpg,rolled-in_scale_38.jpg,rolled_in_scale,filename_prefix,.jpg,53c2b6c62288b2cad101b7cf739c3939a26c0a4b541734d6b453c0091032a993,b65c8704fee3e78f38afa9f758d10cbdc4d0f5586712d7b07c637be32a848158,False,,data/NEU-CLS/train/train/images/rolled-in_scale_38.jpg,True,,development
data/NEU-CLS/train/train/images/rolled-in_scale_39.jpg,rolled-in_scale_39.jpg,rolled_in_scale,filename_prefix,.jpg,05e6927be61b1d9bd07e1db2f674b251dc41c931162b660e9a610f58f4a82fb3,77d10f49a659a3238816860ca42408f4e054f8efb8d9bd7e3d722b0984560325,False,,data/NEU-CLS/train/train/images/rolled-in_scale_39.jpg,True,,development
data/NEU-CLS/train/train/images/rolled-in_scale_40.jpg,rolled-in_scale_40.jpg,rolled_in_scale,filename_prefix,.jpg,83b5acc568e7cf423ac64edd489cc2bec7c91022b34420602762e8ac24670d98,2d83559ac78a3c717ff6f4551a503f08055354c02a3fe12f30ca2d73b22b8c42,False,,data/NEU-CLS/train/train/images/rolled-in_scale_40.jpg,True,,development
data/NEU-CLS/train/train/images/rolled-in_scale_41.jpg,rolled-in_scale_41.jpg,rolled_in_scale,filename_prefix,.jpg,92e13acb9df5165a2f94a2360236f6a4ae6e6a24c069c0f742798d94640238ff,9fdd22605ec5d3e45ae51cbaa59feff8abb554bb098a0eca452ca2384dd1ca81,False,,data/NEU-CLS/train/train/images/rolled-in_scale_41.jpg,True,,development
data/NEU-CLS/train/train/images/rolled-in_scale_42.jpg,rolled-in_scale_42.jpg,rolled_in_scale,filename_prefix,.jpg,4f4b79678da419f5c651213bb13a0b1aa8cf00e138e3430d78adb4a684c7d994,5597a86f21ed1311de2cf58851dccb40bedc7b302c0219f81ff22b69d84620c6,False,,data/NEU-CLS/train/train/images/rolled-in_scale_42.jpg,True,,test
data/NEU-CLS/train/train/images/rolled-in_scale_43.jpg,rolled-in_scale_43.jpg,rolled_in_scale,filename_prefix,.jpg,986e7919ee85955cec1e9008f449524f67c9fef995785a87490345e0875e7dfa,38db69849d0d84b8b978a9cf92df91a9f4b3f53f0e5d6775d448cdb768e19892,False,,data/NEU-CLS/train/train/images/rolled-in_scale_43.jpg,True,,development
data/NEU-CLS/train/train/images/rolled-in_scale_44.jpg,rolled-in_scale_44.jpg,rolled_in_scale,filename_prefix,.jpg,3a55d169f811d8c69a9177b324cf351f56ee3fe59aca6e605a4ed73a58f8a3c7,6380868679aca38f6ee3492cb0c6f2eaba85050082949a17f3a5eabd339d1ebd,False,,data/NEU-CLS/train/train/images/rolled-in_scale_44.jpg,True,,development
data/NEU-CLS/train/train/images/rolled-in_scale_45.jpg,rolled-in_scale_45.jpg,rolled_in_scale,filename_prefix,.jpg,652a11a0747b70d9537b2f7a272097383d66315f1974dbd1c0145bb98623f88a,e2c6770a3f720af691b1b6d3b7573b24777beaa891719351ecba5810adac37b8,False,,data/NEU-CLS/train/train/images/rolled-in_scale_45.jpg,True,,development
data/NEU-CLS/train/train/images/rolled-in_scale_46.jpg,rolled-in_scale_46.jpg,rolled_in_scale,filename_prefix,.jpg,d1092df4031029a5d838948b39f1d08e01a8448ce8f6aa1a47489e9936c71768,ed86fccab57f8ac1035ced38fba7111408a51891c038fb203ed6ae05e1e2f4b3,False,,data/NEU-CLS/train/train/images/rolled-in_scale_46.jpg,True,,test
data/NEU-CLS/train/train/images/rolled-in_scale_47.jpg,rolled-in_scale_47.jpg,rolled_in_scale,filename_prefix,.jpg,0eac381091303939359a7528a4f54b5107e53d5700e2dafd9e75c4c4e014eb44,f62f16a967f20f4cc37f100c61203e5c07dbad3a1de79fcf1a313df2fd84c23a,False,,data/NEU-CLS/train/train/images/rolled-in_scale_47.jpg,True,,test
data/NEU-CLS/train/train/images/rolled-in_scale_48.jpg,rolled-in_scale_48.jpg,rolled_in_scale,filename_prefix,.jpg,a55c1a286a9accf4bd7df64932ea0834d552068fefd6c369cdc0e865b4482985,f3b7fc50cd6460404be27ee445a65d3df7622bb92d8b1a22f7cd882aa3550e8d,False,,data/NEU-CLS/train/train/images/rolled-in_scale_48.jpg,True,,development
data/NEU-CLS/train/train/images/rolled-in_scale_49.jpg,rolled-in_scale_49.jpg,rolled_in_scale,filename_prefix,.jpg,95e4ed37a0b7fbf54e713a9cfc6fc66aa9c3bb5ce170914576ffb125364f6e7b,2558d444713dc9d9579af38dedbaa21ecc931d5a237f0467ef95f402786007ba,False,,data/NEU-CLS/train/train/images/rolled-in_scale_49.jpg,True,,development
data/NEU-CLS/train/train/images/rolled-in_scale_50.jpg,rolled-in_scale_50.jpg,rolled_in_scale,filename_prefix,.jpg,712441fa10afa4879437fd2f6e4575210a0cdb45145c3ab677432d5392529230,844677893b3356666601b29d942f4d53b8b3ddc98e375d2137d8ab8f224eb42c,False,,data/NEU-CLS/train/train/images/rolled-in_scale_50.jpg,True,,development
data/NEU-CLS/train/train/images/rolled-in_scale_51.jpg,rolled-in_scale_51.jpg,rolled_in_scale,filename_prefix,.jpg,34b31308818cf1ae9fffba96d873f48699037fac12d5ec6c7554b3551380fef1,d51719c92c28b10cac792eddc55679755426782d26f06b55283ee7b6a2b13c27,False,,data/NEU-CLS/train/train/images/rolled-in_scale_51.jpg,True,,development
data/NEU-CLS/train/train/images/rolled-in_scale_52.jpg,rolled-in_scale_52.jpg,rolled_in_scale,filename_prefix,.jpg,cab9b6700d970cf1664a121a5e2ef0b7ea68e343e0b97c92335497cb23e4ac21,c0add19e52801c37d8b801beb1a31c2493e0c208087935c685857c9f03b98ed4,False,,data/NEU-CLS/train/train/images/rolled-in_scale_52.jpg,True,,test
data/NEU-CLS/train/train/images/rolled-in_scale_53.jpg,rolled-in_scale_53.jpg,rolled_in_scale,filename_prefix,.jpg,f6d5a18d343c82237fa93d690ed3fbb67c6ffe6ebb6264e45f01c5d90a1f2fd3,859b3005dd5148faf0f819a21c464297ce48cd44987e5c99979236d389e0956c,False,,data/NEU-CLS/train/train/images/rolled-in_scale_53.jpg,True,,development
data/NEU-CLS/train/train/images/rolled-in_scale_54.jpg,rolled-in_scale_54.jpg,rolled_in_scale,filename_prefix,.jpg,2dbecde0785dcce5cf252dc2f3fd5883255d0c39f7fe50cd64047c570f6c019d,893d8f51621383b3e2076cec7006aea159936b03a417c9ac953ef45bb6b2aa96,False,,data/NEU-CLS/train/train/images/rolled-in_scale_54.jpg,True,,development
data/NEU-CLS/train/train/images/rolled-in_scale_55.jpg,rolled-in_scale_55.jpg,rolled_in_scale,filename_prefix,.jpg,072a22d9d36ef3c96bcb376c4e53a1c46cf2ca74e88544c648acfaecb7b6742d,98a8273fe75c2ae476e7c24fa7357550028b637f08acde1b3d7d62b0307bc215,False,,data/NEU-CLS/train/train/images/rolled-in_scale_55.jpg,True,,test
data/NEU-CLS/train/train/images/rolled-in_scale_56.jpg,rolled-in_scale_56.jpg,rolled_in_scale,filename_prefix,.jpg,3c4de9377069e0f71c348dc48e0b24a3536ad810f4f8eb958e4cc00e28a25238,9bac39108e48275db025324bc12c56a91b1caff88427e439a63ad0f98e712daa,False,,data/NEU-CLS/train/train/images/rolled-in_scale_56.jpg,True,,development
data/NEU-CLS/train/train/images/rolled-in_scale_57.jpg,rolled-in_scale_57.jpg,rolled_in_scale,filename_prefix,.jpg,6a27271b80c5f64663072c045e1129bd1ef87808e23bee3f6888f9df6f6d66a6,a0b6b16d414cf633775ee4efb6a3a728845e52450345e84aa9f62cf3aacb8977,False,,data/NEU-CLS/train/train/images/rolled-in_scale_57.jpg,True,,test
data/NEU-CLS/train/train/images/rolled-in_scale_58.jpg,rolled-in_scale_58.jpg,rolled_in_scale,filename_prefix,.jpg,a61c00570d43bbb1ad886e52a8ba1e9893c324efd3b45b7c3724e3268662047a,3579cbf0cac0536775a7b5f2079e4dbb3e8d733132b4eb3384654d3d40a12c48,False,,data/NEU-CLS/train/train/images/rolled-in_scale_58.jpg,True,,test
data/NEU-CLS/train/train/images/rolled-in_scale_59.jpg,rolled-in_scale_59.jpg,rolled_in_scale,filename_prefix,.jpg,0c843636d6d6587940cfb935db13937c138253715185b7dc84fe8826cd7f4b07,6f886d078f863d69f7a90070ed75a7866ef6e0ccebae391927ea3f2e4fbf9768,False,,data/NEU-CLS/train/train/images/rolled-in_scale_59.jpg,True,,development
data/NEU-CLS/train/train/images/rolled-in_scale_6.jpg,rolled-in_scale_6.jpg,rolled_in_scale,filename_prefix,.jpg,d24aed54c31d2d10b72e7cc27b0d82ed4eaca0a056143d8c6d43aa860bf09779,a47b8080ff2f5167271a57c323fb29188cabc82c267914d49160618c83397c02,False,,data/NEU-CLS/train/train/images/rolled-in_scale_6.jpg,True,,development
data/NEU-CLS/train/train/images/rolled-in_scale_60.jpg,rolled-in_scale_60.jpg,rolled_in_scale,filename_prefix,.jpg,0b080d23a13460c53c5eed5a92109aa9f98f2418ba7e84b7b305ea68597e7530,38ada94df643fa8fb74f4686383e88de2e0d1e9fa0388564e3ef679a0ae0cf6d,False,,data/NEU-CLS/train/train/images/rolled-in_scale_60.jpg,True,,development
data/NEU-CLS/train/train/images/rolled-in_scale_61.jpg,rolled-in_scale_61.jpg,rolled_in_scale,filename_prefix,.jpg,761eab8b977173ddf7f56a7766654dfa4e58decbe5c4d27ce09311cf7f1befcb,a3164c30a3243ed50fa353e507facb1554566e8f81f61e623b681d3959100c95,False,,data/NEU-CLS/train/train/images/rolled-in_scale_61.jpg,True,,development
data/NEU-CLS/train/train/images/rolled-in_scale_62.jpg,rolled-in_scale_62.jpg,rolled_in_scale,filename_prefix,.jpg,0440f32076f431968f3dec4a76415fcc3756e5871f0458e616548a7879aa3de2,4baeac405709fcc5d1c1c19cff2942862fdeef00f9aa4076068058a122d0e763,False,,data/NEU-CLS/train/train/images/rolled-in_scale_62.jpg,True,,test
data/NEU-CLS/train/train/images/rolled-in_scale_63.jpg,rolled-in_scale_63.jpg,rolled_in_scale,filename_prefix,.jpg,b60cc3734adb110230a6ad57527ba2956ffb5ff1465f358a11b69a780a4c1d28,8f52fe2c2eca0eaa041d64779c80ea128adf296175ebb050a6660f8a25ba81cf,False,,data/NEU-CLS/train/train/images/rolled-in_scale_63.jpg,True,,test
data/NEU-CLS/train/train/images/rolled-in_scale_64.jpg,rolled-in_scale_64.jpg,rolled_in_scale,filename_prefix,.jpg,dfe0550cc7c989c54a4bf06474db51adbae12f77108dcd06287c94bf64eaa5c4,eaf8720055e90719750090724b134f45dbbe213ec3e21acce804f4aed2952a88,False,,data/NEU-CLS/train/train/images/rolled-in_scale_64.jpg,True,,development
data/NEU-CLS/train/train/images/rolled-in_scale_65.jpg,rolled-in_scale_65.jpg,rolled_in_scale,filename_prefix,.jpg,484c528e94c1ca590ce089553358cf9256cad3191427c97c33e0f5ccc8dbe16e,a40fdd4f0e788e1944bc20ff4f4af9ad904f7f03513ab50d475a73f0eaef4de7,False,,data/NEU-CLS/train/train/images/rolled-in_scale_65.jpg,True,,development
data/NEU-CLS/train/train/images/rolled-in_scale_66.jpg,rolled-in_scale_66.jpg,rolled_in_scale,filename_prefix,.jpg,3c0b11eec5dd37b3a4cca5c3672b90653a7cf9aa74404546a55f32923136d7fa,0706c03941f2d294330ecf41c3836fbd56e77190f0d18daf80d8188334ab2362,False,,data/NEU-CLS/train/train/images/rolled-in_scale_66.jpg,True,,development
data/NEU-CLS/train/train/images/rolled-in_scale_67.jpg,rolled-in_scale_67.jpg,rolled_in_scale,filename_prefix,.jpg,3aa0b6f6c8b159a29aed63f58da07cf5cf46139b0e2131da3b0c0e0d50a4c58f,f093d45891ff28903f56e789ffc2cc45f4fd6907a664b76ccd9cbf9946b74a1f,False,,data/NEU-CLS/train/train/images/rolled-in_scale_67.jpg,True,,development
data/NEU-CLS/train/train/images/rolled-in_scale_68.jpg,rolled-in_scale_68.jpg,rolled_in_scale,filename_prefix,.jpg,41f6330ef2509d5fd811c3d92f6e25cf78457b34b96af052d262c160a201c254,4a599edf62b2eb39ae813f9075c275108c12851c77176d5cf577419db9554b1b,False,,data/NEU-CLS/train/train/images/rolled-in_scale_68.jpg,True,,development
data/NEU-CLS/train/train/images/rolled-in_scale_69.jpg,rolled-in_scale_69.jpg,rolled_in_scale,filename_prefix,.jpg,7ea5f2851a73a14e51eb1a2b25298e25aad2ad01c61e92b1642a152d44c1551d,d4c0ef80e95e6fac4b2f928ceddb1d013bdf5b8d0f21b6bc40c41dfbc32b30a6,False,,data/NEU-CLS/train/train/images/rolled-in_scale_69.jpg,True,,development
data/NEU-CLS/train/train/images/rolled-in_scale_7.jpg,rolled-in_scale_7.jpg,rolled_in_scale,filename_prefix,.jpg,d46891437253f761072ae7a4c72b2db01a5ed9f59d97f25052fd74e8ea0765ca,42ad75ae0629b5c315ca8f2fb0b696561aa449fdc1f961104e92a151247b2fc6,False,,data/NEU-CLS/train/train/images/rolled-in_scale_7.jpg,True,,test
data/NEU-CLS/train/train/images/rolled-in_scale_70.jpg,rolled-in_scale_70.jpg,rolled_in_scale,filename_prefix,.jpg,2078e0a437a9b246c0c44b77031bcfe2903c6a2171dab4c128f96356ad17f2ee,0cb9d648ad3628d2bc3bb99354fde18ad299440b73d262cc8f0fa65c054359b5,False,,data/NEU-CLS/train/train/images/rolled-in_scale_70.jpg,True,,test
data/NEU-CLS/train/train/images/rolled-in_scale_71.jpg,rolled-in_scale_71.jpg,rolled_in_scale,filename_prefix,.jpg,358892669ce9249d65eaaf16ef33c84d31f7c32e355f4acf23033b3b15c995fe,55e09f96074a91f796d48b58eb0221eb50432ff472622e97a7c973842b9d49de,False,,data/NEU-CLS/train/train/images/rolled-in_scale_71.jpg,True,,development
data/NEU-CLS/train/train/images/rolled-in_scale_72.jpg,rolled-in_scale_72.jpg,rolled_in_scale,filename_prefix,.jpg,56949cdeea9c339621667f8e982efe68a6926cda46fa6c22c14662ac359ec78e,eb1763df55a97ff89e3c76a7f0ad03b32c064ea8c27365eee1648102e680a636,False,,data/NEU-CLS/train/train/images/rolled-in_scale_72.jpg,True,,development
data/NEU-CLS/train/train/images/rolled-in_scale_73.jpg,rolled-in_scale_73.jpg,rolled_in_scale,filename_prefix,.jpg,09de9d987c8ce064472cfb9f5be4d24338afb7edabd4dd9320b24fffd7a7bb91,554e63862f89cb469a4a8bd8c57be1eb931d8e11f089abe312ce9f1808d0164e,False,,data/NEU-CLS/train/train/images/rolled-in_scale_73.jpg,True,,development
data/NEU-CLS/train/train/images/rolled-in_scale_74.jpg,rolled-in_scale_74.jpg,rolled_in_scale,filename_prefix,.jpg,5fcbd4a9fdc7ae7378cb61de7f2c5ce58714cb6a1bdc4ea9bdbb35e8431432a2,761751e21c07fe1d88749784fdc8cff7c519482bd07fe1f7bc82bcce9217502f,False,,data/NEU-CLS/train/train/images/rolled-in_scale_74.jpg,True,,development
data/NEU-CLS/train/train/images/rolled-in_scale_75.jpg,rolled-in_scale_75.jpg,rolled_in_scale,filename_prefix,.jpg,4d49093a4f5f411b11fd54f191d68ba35d2b09b110127df5bc7f33353028ab8b,ca7710a753682e2987da7d304ceccd2c5dc96aeb6c1b338b3c581b083a451c30,False,,data/NEU-CLS/train/train/images/rolled-in_scale_75.jpg,True,,development
data/NEU-CLS/train/train/images/rolled-in_scale_76.jpg,rolled-in_scale_76.jpg,rolled_in_scale,filename_prefix,.jpg,e5d8e417a0006dc7674e2f2c5725860119f50aed42a89faf2df14466f6bdbafa,9cd8f45cfb83323ff55549fdb589ef9b400bb0e34d0222509c41beb8dd5056b3,False,,data/NEU-CLS/train/train/images/rolled-in_scale_76.jpg,True,,development
data/NEU-CLS/train/train/images/rolled-in_scale_77.jpg,rolled-in_scale_77.jpg,rolled_in_scale,filename_prefix,.jpg,1904942da3a22567b129b107852c3d75f36dcca7a47ca412f24074f8bbb56a74,a2af69ff6918333d58476b6fce6bd5954390f7aa58c4bff48e6e8c6ddddb4222,False,,data/NEU-CLS/train/train/images/rolled-in_scale_77.jpg,True,,development
data/NEU-CLS/train/train/images/rolled-in_scale_78.jpg,rolled-in_scale_78.jpg,rolled_in_scale,filename_prefix,.jpg,548c4196df3aae2bd2d78bb2d597d94a62c327d67ea8946aec748348206ccfca,acfb441d1d8f665de1f604064f8d7cec712ec59680323ae7f5bab4af206ff24d,False,,data/NEU-CLS/train/train/images/rolled-in_scale_78.jpg,True,,development
data/NEU-CLS/train/train/images/rolled-in_scale_79.jpg,rolled-in_scale_79.jpg,rolled_in_scale,filename_prefix,.jpg,bb247842774195a7b10f507c0dded14006456d9aa9c3de7d5728ae2c8ad86336,f232815e2ac8f56aa630fdb1acd159396e416713e2327648e3d8d8d0b4e0ae85,False,,data/NEU-CLS/train/train/images/rolled-in_scale_79.jpg,True,,development
data/NEU-CLS/train/train/images/rolled-in_scale_8.jpg,rolled-in_scale_8.jpg,rolled_in_scale,filename_prefix,.jpg,fda0e799f5fc7d3d3550f9f44bdfa9efa8d43c068461d77f8d61386cad16d89e,4cc05cf533e12141faae9a3dfb4a964337167555fc8b193ebc78cafb25e7df60,False,,data/NEU-CLS/train/train/images/rolled-in_scale_8.jpg,True,,development
data/NEU-CLS/train/train/images/rolled-in_scale_80.jpg,rolled-in_scale_80.jpg,rolled_in_scale,filename_prefix,.jpg,2f5dbc8dcaf15f87094aa7fad865b2d423616c9fe27489d0e8652aacb2794eb7,28bc5264b12807e9bd821cd4c0e9705a2dcd3adac9987e59c1018183c471c242,False,,data/NEU-CLS/train/train/images/rolled-in_scale_80.jpg,True,,development
data/NEU-CLS/train/train/images/rolled-in_scale_81.jpg,rolled-in_scale_81.jpg,rolled_in_scale,filename_prefix,.jpg,834c71734fc6257e459b03759bdf40a8f010d968f9b051533ae2577f4ae2f403,8de9654d37c540e77c555b1e8de0299392315562f4f624d136038e1e692a3996,False,,data/NEU-CLS/train/train/images/rolled-in_scale_81.jpg,True,,development
data/NEU-CLS/train/train/images/rolled-in_scale_82.jpg,rolled-in_scale_82.jpg,rolled_in_scale,filename_prefix,.jpg,c9d46a65f395ae014460082797b42eb4288856a948b3a2b55e733360035ff926,59f45ff41469b0b1ba65fdc9738c52b784dc44473ed04302af9143fd46e24487,False,,data/NEU-CLS/train/train/images/rolled-in_scale_82.jpg,True,,development
data/NEU-CLS/train/train/images/rolled-in_scale_83.jpg,rolled-in_scale_83.jpg,rolled_in_scale,filename_prefix,.jpg,e2355db7b8e28cd116c85a7927a368021afc6744f3212f7df7fbc9ef474c9bfc,ce0bd76232a030746f6e54060a3cd8f0c278fe2646adeda132ea432095876618,False,,data/NEU-CLS/train/train/images/rolled-in_scale_83.jpg,True,,development
data/NEU-CLS/train/train/images/rolled-in_scale_84.jpg,rolled-in_scale_84.jpg,rolled_in_scale,filename_prefix,.jpg,f5be32a7ab25702e3167ed59f1e90e0a7eee288bb6de9c07c0c43c55ef0b77b8,40c2372c764fdad4e4f1ce6285048e9a6933295acea99ed6fe05f936526a35e5,False,,data/NEU-CLS/train/train/images/rolled-in_scale_84.jpg,True,,development
data/NEU-CLS/train/train/images/rolled-in_scale_85.jpg,rolled-in_scale_85.jpg,rolled_in_scale,filename_prefix,.jpg,63dfda1af3445f8083a15bf5e70c4c9b16b50fd63947a09da875904ce2f6e4a6,7444f6c444f0e478a5a44010bd60ac88817af0f42b6d6b8fe83e139bf2f39219,False,,data/NEU-CLS/train/train/images/rolled-in_scale_85.jpg,True,,test
data/NEU-CLS/train/train/images/rolled-in_scale_86.jpg,rolled-in_scale_86.jpg,rolled_in_scale,filename_prefix,.jpg,0804c9d747c8d0e68857e4610d406d613336e231954ac9273f82ad18a5327449,808e2e9c52a645ef6e9b894b4b6e3f6055c4c40a3c8f397275a892f655ab0fcf,False,,data/NEU-CLS/train/train/images/rolled-in_scale_86.jpg,True,,development
data/NEU-CLS/train/train/images/rolled-in_scale_87.jpg,rolled-in_scale_87.jpg,rolled_in_scale,filename_prefix,.jpg,0d578ed6ce0ca32f08ab71678389ee38ef8f3da4f1dcc9db287f9388c2eb7a39,5b49749292aabbd7821da7304619a224e5fb804588fc347711e9a1e759a1cec0,False,,data/NEU-CLS/train/train/images/rolled-in_scale_87.jpg,True,,development
data/NEU-CLS/train/train/images/rolled-in_scale_88.jpg,rolled-in_scale_88.jpg,rolled_in_scale,filename_prefix,.jpg,257fc94e3b1b098d42a0116ec9380d1e73f36f91d9367409a8e256c175e2ead2,2e016defb7b000d4c105929e54b058b5c602623ed4bf77e1f31ce0f54934493a,False,,data/NEU-CLS/train/train/images/rolled-in_scale_88.jpg,True,,development
data/NEU-CLS/train/train/images/rolled-in_scale_89.jpg,rolled-in_scale_89.jpg,rolled_in_scale,filename_prefix,.jpg,8fef9e33d39267d7b0ec2f2cb73e6b31ee0a288eea95ce815a56e0ae79abc237,80f5cfa7abd19eec2ad1d421e282d9fe5b25b88c39a30e25ca2bac325369d12f,False,,data/NEU-CLS/train/train/images/rolled-in_scale_89.jpg,True,,development
data/NEU-CLS/train/train/images/rolled-in_scale_9.jpg,rolled-in_scale_9.jpg,rolled_in_scale,filename_prefix,.jpg,842947ed242d553d7fbc7bc3b3d1496cb7219559aa5820435b63399f5ef6e8e0,3eb9bf47d05b7046a260330dd4fcfd072e2ab890996c655c6b1fecd96e99c392,False,,data/NEU-CLS/train/train/images/rolled-in_scale_9.jpg,True,,development
data/NEU-CLS/train/train/images/rolled-in_scale_90.jpg,rolled-in_scale_90.jpg,rolled_in_scale,filename_prefix,.jpg,b8c91113772659b2f81be97594eb4ef2dda89b0c3be83d49fd3df5065a33a14f,fe02bce1308c83ae9d3e8fe594ed97029b2c5c95056d477a73d6122bf2929230,False,,data/NEU-CLS/train/train/images/rolled-in_scale_90.jpg,True,,development
data/NEU-CLS/train/train/images/rolled-in_scale_91.jpg,rolled-in_scale_91.jpg,rolled_in_scale,filename_prefix,.jpg,526c022b8fa6b7e38ee9421af07405f5a94f4063d7af095ebcbd5c74b9e021f9,a27cabe74db76bda4b31e30c2a15a85503c2b70bd6967d792e7019597dda26d0,False,,data/NEU-CLS/train/train/images/rolled-in_scale_91.jpg,True,,development
data/NEU-CLS/train/train/images/rolled-in_scale_92.jpg,rolled-in_scale_92.jpg,rolled_in_scale,filename_prefix,.jpg,d48e57e9b4fff76402baae8b6448cd0f3cedeb301b0299937f66a564e934c26d,639bc83dcace829272d0a7adbc24c68ad3ae6657e25ad9e1e51c1e40e6ecf45f,False,,data/NEU-CLS/train/train/images/rolled-in_scale_92.jpg,True,,test
data/NEU-CLS/train/train/images/rolled-in_scale_93.jpg,rolled-in_scale_93.jpg,rolled_in_scale,filename_prefix,.jpg,99b478d675dda0f992d0e70bddd9d631028575027a56e4be9f7a8741bdd6527e,1fedacc976978740fd41368d64a8ed81ee87dfa094c86218e5fcbc2c053ed030,False,,data/NEU-CLS/train/train/images/rolled-in_scale_93.jpg,True,,development
data/NEU-CLS/train/train/images/rolled-in_scale_94.jpg,rolled-in_scale_94.jpg,rolled_in_scale,filename_prefix,.jpg,560cd19ca05fbc5396b48e54ba90b96323f8962d24a4b7a3a52af74aaf39eac4,9c86b7e17a6f549eec10b699fc7b3510b3ff0462df71cec4899910c991ada8f0,False,,data/NEU-CLS/train/train/images/rolled-in_scale_94.jpg,True,,development
data/NEU-CLS/train/train/images/rolled-in_scale_95.jpg,rolled-in_scale_95.jpg,rolled_in_scale,filename_prefix,.jpg,06594ca23a480e682a1ed69108cee823cb3fb6b1b0b67f9eb956b3c737ebbaaf,78eb247fc42289da2040b6eafb80812be8b9c405fac49e04dcf15890e0340ed1,False,,data/NEU-CLS/train/train/images/rolled-in_scale_95.jpg,True,,development
data/NEU-CLS/train/train/images/rolled-in_scale_96.jpg,rolled-in_scale_96.jpg,rolled_in_scale,filename_prefix,.jpg,e4a73e4215e5dfe1b068cf406ab200ee7ff269c8fa8543b16260568ecbb70e75,11520d76b19591d446207e0e13aab24fdedcd3cfe63a5592b9f5742f078f2714,False,,data/NEU-CLS/train/train/images/rolled-in_scale_96.jpg,True,,development
data/NEU-CLS/train/train/images/rolled-in_scale_97.jpg,rolled-in_scale_97.jpg,rolled_in_scale,filename_prefix,.jpg,fb0964326483cd3811425c0d43404fbe211b0c9055f9fa440f9d464ee4f6fbca,3f3e0a8df815e07bfd7d472f83551361dc7ea3c87929c7c2ad0d298761464d56,False,,data/NEU-CLS/train/train/images/rolled-in_scale_97.jpg,True,,development
data/NEU-CLS/train/train/images/rolled-in_scale_98.jpg,rolled-in_scale_98.jpg,rolled_in_scale,filename_prefix,.jpg,c479d54d2c3b9850439534392e991f0bb70a8d44a8be33a97932722c9f26b072,6a04e960a50afd2ed985ce6bbaac2215da196cb08b01f3f660c1ca7573fa85c8,False,,data/NEU-CLS/train/train/images/rolled-in_scale_98.jpg,True,,development
data/NEU-CLS/train/train/images/rolled-in_scale_99.jpg,rolled-in_scale_99.jpg,rolled_in_scale,filename_prefix,.jpg,8ecbe05c11b7b043b5766f531a98ec31c41c5c615f8144ec671f61393e0961fa,8f2f895d8830b56944a694ce7538192a8aac5df680007214ea42dc5c2305fc63,False,,data/NEU-CLS/train/train/images/rolled-in_scale_99.jpg,True,,development
data/NEU-CLS/train/train/images/scratches_10.jpg,scratches_10.jpg,scratches,filename_prefix,.jpg,8790b870402cf95314da4d3ace3cc38d5721a3f1f321e3e346811988d7736600,789189c100bfe7cf758e87a018d39fb68196297d0f282324c1840fe006160436,False,,data/NEU-CLS/train/train/images/scratches_10.jpg,True,,development
data/NEU-CLS/train/train/images/scratches_100.jpg,scratches_100.jpg,scratches,filename_prefix,.jpg,7e404244566609b8ef412f87a34aaff0af5ceb0c2140cc03e25e3f3e2f84f2af,ec38d84693b8178bafbcae01e36f42226c1eeebed379b3fce841a1319584af38,False,,data/NEU-CLS/train/train/images/scratches_100.jpg,True,,development
data/NEU-CLS/train/train/images/scratches_101.jpg,scratches_101.jpg,scratches,filename_prefix,.jpg,8cf6422094af770e264d9b25b74dd6e599f6b051f5fb45b8bf8070f4d0a42d34,05793c327118bd34439816668cba3444ac4049ea0a8ec89ab23d0bcfa80e7e72,False,,data/NEU-CLS/train/train/images/scratches_101.jpg,True,,test
data/NEU-CLS/train/train/images/scratches_102.jpg,scratches_102.jpg,scratches,filename_prefix,.jpg,cdb86540a847d39765c21a839855cc7b81fa2c4a8637f77957378dccb011834e,1e0f1fcc0180333fac872d9015257547881d5cac87e26a63363183ce42d6fadc,False,,data/NEU-CLS/train/train/images/scratches_102.jpg,True,,development
data/NEU-CLS/train/train/images/scratches_103.jpg,scratches_103.jpg,scratches,filename_prefix,.jpg,4238f54faa3fac98eec53d1fbdee0bbc92c523bf3110f1bc4ef5ba86f96b1a97,46850ef83dffe51a5c84df870b04dc15db5f7850e5b72c0c3553f61c2c292c8a,False,,data/NEU-CLS/train/train/images/scratches_103.jpg,True,,test
data/NEU-CLS/train/train/images/scratches_104.jpg,scratches_104.jpg,scratches,filename_prefix,.jpg,a4b3fd60a8d48f44c1be792321014d13fa9032c3e54d1cafb13d4ebb8301839a,cb483b874834ada3eba04b04092cab30731b95cf0172aa4ddf353cdcb9215a2b,False,,data/NEU-CLS/train/train/images/scratches_104.jpg,True,,development
data/NEU-CLS/train/train/images/scratches_105.jpg,scratches_105.jpg,scratches,filename_prefix,.jpg,bb2f2218a6f8e68156975ff64973af7fb5dcb5d6169f7715c452850c3e33eb92,cf3a0e282b6a9f39f1614e4cc64017ea239ac7f357cd4034bdfef99889ed48ce,False,,data/NEU-CLS/train/train/images/scratches_105.jpg,True,,development
data/NEU-CLS/train/train/images/scratches_106.jpg,scratches_106.jpg,scratches,filename_prefix,.jpg,0fef5231d26c75256c723d862474768b95d71b5c0d7335a3f3112382b7baa86e,0dc0d34171f41e3dcc8be72124161c1ebb25f6c292593d31fe198eb12e8e96ea,False,,data/NEU-CLS/train/train/images/scratches_106.jpg,True,,development
data/NEU-CLS/train/train/images/scratches_107.jpg,scratches_107.jpg,scratches,filename_prefix,.jpg,de6826749f3a7b68e11a2395976c1bf9d818ac21c9920bd160138fd81f711ba6,4e3d99926b1a6eb9504c36bbc1d800d75bf79a6f4c93bb26ce67f32b9d0da613,False,,data/NEU-CLS/train/train/images/scratches_107.jpg,True,,test
data/NEU-CLS/train/train/images/scratches_108.jpg,scratches_108.jpg,scratches,filename_prefix,.jpg,36f89d12c0c0226f5da438c2804a5ccd5505e6810e2daf7fb044dafd409aca5d,c94ad4b09d15b7e5696613c4987d639c8bccd7c4daa735a844d035b45ac375ac,False,,data/NEU-CLS/train/train/images/scratches_108.jpg,True,,development
data/NEU-CLS/train/train/images/scratches_109.jpg,scratches_109.jpg,scratches,filename_prefix,.jpg,3d95fc1b9cd493c3964fff0d33b8433c4e5b89075e0da4c8e7e7ccd6d33bbed3,e888bf5c303b85830822213426387fae808ce784a81d54973dd230a3937144cb,False,,data/NEU-CLS/train/train/images/scratches_109.jpg,True,,development
data/NEU-CLS/train/train/images/scratches_11.jpg,scratches_11.jpg,scratches,filename_prefix,.jpg,ad623cd9dd5fbdabfcbbf2239dc42618160ee0e46ea17d38be8aa31395072d8c,e75c4739b87e6d793512d9f192d6a359bbeaa1efc9550f27ed350804c0dc3e7d,False,,data/NEU-CLS/train/train/images/scratches_11.jpg,True,,development
data/NEU-CLS/train/train/images/scratches_110.jpg,scratches_110.jpg,scratches,filename_prefix,.jpg,92c615abaa1585c8fd675ea9b9b1320f89c797d53b652fea2b3ca26a55eb74e0,f335556e7b84437f283e0ef8daa8762e35ae6dd7d7509ba486415f9f8bb87d87,False,,data/NEU-CLS/train/train/images/scratches_110.jpg,True,,development
data/NEU-CLS/train/train/images/scratches_111.jpg,scratches_111.jpg,scratches,filename_prefix,.jpg,6da2ffbb84b4b3d21754c472d7f5e729958e69bc3ea296a24ed215152c19b62c,983c2cd764acbb110ea2f6076248206218bc4df99be2823eb5633d8b9e49847d,False,,data/NEU-CLS/train/train/images/scratches_111.jpg,True,,development
data/NEU-CLS/train/train/images/scratches_112.jpg,scratches_112.jpg,scratches,filename_prefix,.jpg,ba221858d8d1a1c17d7eaaa1ac72a33345cc803ba1b96620a576113f7dcabcdc,3ee0841f2f0c3d993a3fd89fb2e8c6b88661b8afa3ff103cb9b825f1a84dfbb6,False,,data/NEU-CLS/train/train/images/scratches_112.jpg,True,,development
data/NEU-CLS/train/train/images/scratches_113.jpg,scratches_113.jpg,scratches,filename_prefix,.jpg,e73a907d6406fb5b2872340cb49c2982b1724f71f75b66ade085c88fe736805c,9ad4b60e451ca30e147375fbe18eda1dfcd763962acf56093ed407a21483490c,False,,data/NEU-CLS/train/train/images/scratches_113.jpg,True,,development
data/NEU-CLS/train/train/images/scratches_114.jpg,scratches_114.jpg,scratches,filename_prefix,.jpg,da3c3382f2fa9e1291e5da46d5ba96c1667229197dba56f1618c651379758571,5cd76718ecf06598cc0fad48614605d88227fdf65cb96bf7aae54e16183cb874,False,,data/NEU-CLS/train/train/images/scratches_114.jpg,True,,development
data/NEU-CLS/train/train/images/scratches_115.jpg,scratches_115.jpg,scratches,filename_prefix,.jpg,e2128a3bddd81fdf7631df469dbe36541dd5f62a829e8c3bd19795a3b84a9ee6,7bb89911c57fed3dd5effbd6319c6a31ad44b8a5074cdcc359f4022aea9effbf,False,,data/NEU-CLS/train/train/images/scratches_115.jpg,True,,development
data/NEU-CLS/train/train/images/scratches_116.jpg,scratches_116.jpg,scratches,filename_prefix,.jpg,c9a6354c889419d80851cfd192b535c2baeb699d59c7f1b8424552b7a134b955,06f0f7f08bff95f6f64a719babb0b70355fc52b5830195849c80e3401f383919,False,,data/NEU-CLS/train/train/images/scratches_116.jpg,True,,development
data/NEU-CLS/train/train/images/scratches_117.jpg,scratches_117.jpg,scratches,filename_prefix,.jpg,533ef411f0252d313a85b6f7b4057f036268cac900581bba1784588136a7716e,e76187872915fe0dd81ba4da2eb09a0ceb3a02698d706ce4fbe060bb40c4058a,False,,data/NEU-CLS/train/train/images/scratches_117.jpg,True,,test
data/NEU-CLS/train/train/images/scratches_118.jpg,scratches_118.jpg,scratches,filename_prefix,.jpg,11597fa66f475888f1b4bde318a741339467c1d074942361d0a391a61770f93e,7900791b660cf5a6adda8dd8f0a52c56d8d0575ea08c836792b6719f7c45ccb3,False,,data/NEU-CLS/train/train/images/scratches_118.jpg,True,,development
data/NEU-CLS/train/train/images/scratches_119.jpg,scratches_119.jpg,scratches,filename_prefix,.jpg,2686f354cee5cbdbde6d4421577055f26a60eb8c1d853f7841dd12cb41d49b33,682ea5d7552bae4b4b8542ce0eba0dd74dbeda94f163f9233b578d9a65cf5727,False,,data/NEU-CLS/train/train/images/scratches_119.jpg,True,,development
data/NEU-CLS/train/train/images/scratches_12.jpg,scratches_12.jpg,scratches,filename_prefix,.jpg,da988236def7af755e30945f33af20f73c08879111c072a4cd9b843f56f23272,70bdf31326d4cb19fd60d3c51d34d0a457301b78090012843e7ced660ae94d68,False,,data/NEU-CLS/train/train/images/scratches_12.jpg,True,,development
data/NEU-CLS/train/train/images/scratches_120.jpg,scratches_120.jpg,scratches,filename_prefix,.jpg,127ec91a3f350a9dde1521aa8bae0d7db6df29370141e74ea90876960b617b8b,4e3a99b17432ca8073c049b6be63a9ee506f153da359ea2626997b65b4cc221b,False,,data/NEU-CLS/train/train/images/scratches_120.jpg,True,,development
data/NEU-CLS/train/train/images/scratches_121.jpg,scratches_121.jpg,scratches,filename_prefix,.jpg,d3ee2418b21b7982b5621d5a0967dafd0e763142210518388ead02bac8f47dab,ea72eaf99e88fb23328daf4f990686a6385b1b1912a288ec2055b0b290c6a6d9,False,,data/NEU-CLS/train/train/images/scratches_121.jpg,True,,test
data/NEU-CLS/train/train/images/scratches_122.jpg,scratches_122.jpg,scratches,filename_prefix,.jpg,02a6e790f7b37da8d0a2b260ee564e697dfcc590fa5b1f1ab27c5b9c26c3aad6,0bc937f1e9666914eefea8f4ec09eb6eaac181ca23ec25129a917bdbb3849ff6,False,,data/NEU-CLS/train/train/images/scratches_122.jpg,True,,development
data/NEU-CLS/train/train/images/scratches_123.jpg,scratches_123.jpg,scratches,filename_prefix,.jpg,181df005a3acd578c32e382485d60c8fd13340e57449557d786efd81d7fb01c8,35a74c22736a0c6660563375653cb896cee349630a7b42245105f0a822b52459,False,,data/NEU-CLS/train/train/images/scratches_123.jpg,True,,development
data/NEU-CLS/train/train/images/scratches_124.jpg,scratches_124.jpg,scratches,filename_prefix,.jpg,254855329c0254463fcfd0a155a644bdf2b955fda0e338ab7b1ce9cfb4bacf26,2fe6b0ea0e854730c90dbce8a09eb1527058cafc71ce0585ca11f1302bd44f12,False,,data/NEU-CLS/train/train/images/scratches_124.jpg,True,,test
data/NEU-CLS/train/train/images/scratches_125.jpg,scratches_125.jpg,scratches,filename_prefix,.jpg,855b302abb5f872b064e3161c84b9a6d4122d5e5118ab71f55a176b2fc193781,08a8972f5f2b0089672fb88149c1bfab13d0c935ad5ae50a89c0753b048cc25b,False,,data/NEU-CLS/train/train/images/scratches_125.jpg,True,,test
data/NEU-CLS/train/train/images/scratches_126.jpg,scratches_126.jpg,scratches,filename_prefix,.jpg,fd1f86fe4349e991e98e1b00c1b1aa94088669822cdb30a5c0dfffa5782134c3,2815dc274c7d048ebc6256df5be857c93910dd037059fefb1ea01a41374f2522,False,,data/NEU-CLS/train/train/images/scratches_126.jpg,True,,development
data/NEU-CLS/train/train/images/scratches_127.jpg,scratches_127.jpg,scratches,filename_prefix,.jpg,f5d30a06efb4699e893da9705f6a09bef2e3f608d9b0995750e5b0c9dbab53c9,bea2e7dcafb3fb08f5306f91987080ea60e44cafe477d45ecbdeb52b47a2214c,False,,data/NEU-CLS/train/train/images/scratches_127.jpg,True,,development
data/NEU-CLS/train/train/images/scratches_128.jpg,scratches_128.jpg,scratches,filename_prefix,.jpg,c0f08d4440966af9cccd1ea0372b1a01d8063e4d4d1e2d189269d3c9e018e23e,3db5c160752aec4495e384c70cf238a6606b1d9170f854bf4bd4175220f6a8df,False,,data/NEU-CLS/train/train/images/scratches_128.jpg,True,,development
data/NEU-CLS/train/train/images/scratches_129.jpg,scratches_129.jpg,scratches,filename_prefix,.jpg,def28753fbc0d5050de6136e3c68e55b804577ba81f0dc0b64064fa5f5c2f591,e4755c3fa092ab41f6b381b2f12ea2f747ac868312c8df503e555ae5d7c7a8e6,False,,data/NEU-CLS/train/train/images/scratches_129.jpg,True,,development
data/NEU-CLS/train/train/images/scratches_13.jpg,scratches_13.jpg,scratches,filename_prefix,.jpg,cb8b1f1a29552cbea5edb205c27add76522d4577b5154b3ba2c72ca17b055646,e95a17402ad997a720e0e17bd2f161311e7092641a87fed4d46cd32aef8e832d,False,,data/NEU-CLS/train/train/images/scratches_13.jpg,True,,development
data/NEU-CLS/train/train/images/scratches_130.jpg,scratches_130.jpg,scratches,filename_prefix,.jpg,20470387a65090ed71215af12c78d8ac0ee83566dde051b308abf149fb16c916,b1f8a1a394b3b8974cc000987f4d012c44b18ceb5a9ea66a0f7a82308381b92d,False,,data/NEU-CLS/train/train/images/scratches_130.jpg,True,,development
data/NEU-CLS/train/train/images/scratches_131.jpg,scratches_131.jpg,scratches,filename_prefix,.jpg,cc441db6aa140baabb8fbb21cba10d0b952312438d0a96950e3a99497c45857f,85740d04d8500e0eb0da48973cdaa798b50803e0a9d7b078f1b59a781b36f2fc,False,,data/NEU-CLS/train/train/images/scratches_131.jpg,True,,development
data/NEU-CLS/train/train/images/scratches_132.jpg,scratches_132.jpg,scratches,filename_prefix,.jpg,886e442a40f278acef38df92ca526b10ae6fdc02e6bdbb13d194e7b901b067b1,a24dbb65ee2c983673e79ba643ac5b9b5f6ce58475b3196b447c19dc019bb7ec,False,,data/NEU-CLS/train/train/images/scratches_132.jpg,True,,test
data/NEU-CLS/train/train/images/scratches_133.jpg,scratches_133.jpg,scratches,filename_prefix,.jpg,21b5fa723bad108189e9da4101ade52ff3085d75e5cfecd6fa7b429cbd07fe43,5a66dade38608dc60fc5b5bbdc2fe4a6e2d147ffd57b65c6e61494d21cb2ef9d,False,,data/NEU-CLS/train/train/images/scratches_133.jpg,True,,test
data/NEU-CLS/train/train/images/scratches_134.jpg,scratches_134.jpg,scratches,filename_prefix,.jpg,c8d0d68054aed82a7bcb3d01b06b945a6c984b98ddaa2eaf68285f2077ac7b20,4286b642628c62734862e3ebd81ec73e5236bb1e0a10949b130538bfd53b6b25,False,,data/NEU-CLS/train/train/images/scratches_134.jpg,True,,development
data/NEU-CLS/train/train/images/scratches_135.jpg,scratches_135.jpg,scratches,filename_prefix,.jpg,98a86b64f2ede209013c67f47f6ed288723db2d707d1f7ca0fa00409dd55b2fe,d93498b518fb277301cfc4e008536c510227eb9b3759a4a472efb58c585e098a,False,,data/NEU-CLS/train/train/images/scratches_135.jpg,True,,test
data/NEU-CLS/train/train/images/scratches_136.jpg,scratches_136.jpg,scratches,filename_prefix,.jpg,574af2c4dcab39bea999116f72a1cef78d8f07ce061a49e68184d31094fa40ac,d2a686b438f85509d4afb5433d468adc38dcfe3d8d21f68d4546972b81b87edd,False,,data/NEU-CLS/train/train/images/scratches_136.jpg,True,,development
data/NEU-CLS/train/train/images/scratches_137.jpg,scratches_137.jpg,scratches,filename_prefix,.jpg,0327d255906525e9e803f7bc308c5392351bf2ee7dbe384f38ffa84c9bafcd4e,facccb36f11d80818c88194c1e86dc416c676d0237e764b4efd782455a662124,False,,data/NEU-CLS/train/train/images/scratches_137.jpg,True,,development
data/NEU-CLS/train/train/images/scratches_138.jpg,scratches_138.jpg,scratches,filename_prefix,.jpg,c6e07f851d11e72bf436fa082889f68c812fae81963e203d0a0420045e46dcbe,e794e0986bc0d676eb507d27f92e628c413e2cd01ed4111c85712528e9908188,False,,data/NEU-CLS/train/train/images/scratches_138.jpg,True,,development
data/NEU-CLS/train/train/images/scratches_139.jpg,scratches_139.jpg,scratches,filename_prefix,.jpg,6c27fce9d6b0256700b556afe6d71cc235d57fc7847c884857fd127b0656522d,0022ae535fb3efdcee015633635ee937c8e29801c16c74bf2281f30c8ae6afd9,False,,data/NEU-CLS/train/train/images/scratches_139.jpg,True,,development
data/NEU-CLS/train/train/images/scratches_14.jpg,scratches_14.jpg,scratches,filename_prefix,.jpg,6665d90f599bbfeec1af1ad005f4436a3ecc4c96b135acf9fbdf3c19f373d2ed,a70b0b8ea79e42119622e8f125c70185d101408d426ef51860d1fef472ac3118,False,,data/NEU-CLS/train/train/images/scratches_14.jpg,True,,development
data/NEU-CLS/train/train/images/scratches_140.jpg,scratches_140.jpg,scratches,filename_prefix,.jpg,8c5e73aa15ca7cb47c092e58f8a3996e8648aac5c37c58dc1c3971fec8629d7b,353812fa3dfa5075045a38c74cbbeaa0530df6cb5b5762414598a87b578ec68e,False,,data/NEU-CLS/train/train/images/scratches_140.jpg,True,,development
data/NEU-CLS/train/train/images/scratches_141.jpg,scratches_141.jpg,scratches,filename_prefix,.jpg,7a1ad51da018c844a6268ca8e3aa2e57ee3039be9ec3e1ab7891b814a6ea29c4,9e2f74534afeb61055e0b7adbda231137d8e511c096ef879fb97de79d8f4103a,False,,data/NEU-CLS/train/train/images/scratches_141.jpg,True,,test
data/NEU-CLS/train/train/images/scratches_142.jpg,scratches_142.jpg,scratches,filename_prefix,.jpg,36aa104a77f3477c7d6e0ec5b9cde40ed9d43dd1afd363718eef4a2f8e272005,e57dc67243d3abc2b681c56a0a1f603f89484ed2f0a26da2a6edd3ea20e17a57,False,,data/NEU-CLS/train/train/images/scratches_142.jpg,True,,development
data/NEU-CLS/train/train/images/scratches_143.jpg,scratches_143.jpg,scratches,filename_prefix,.jpg,7c9f4ba1144fff57a958d90819038752b81751817126b9ad1893ae832f5518c7,baa59bf49d8da6ab3492956119f9f05f151ce123d539c3c8225a1f4d48ee6332,False,,data/NEU-CLS/train/train/images/scratches_143.jpg,True,,development
data/NEU-CLS/train/train/images/scratches_144.jpg,scratches_144.jpg,scratches,filename_prefix,.jpg,c56e618d14c9eed93ac564ef90d473fcff0ca75fb04b132fa0ae7842a93a5c05,8782483c29ca791b9cf8df7f19e5af468c81c2266cba304f600c96b1de14563a,False,,data/NEU-CLS/train/train/images/scratches_144.jpg,True,,development
data/NEU-CLS/train/train/images/scratches_145.jpg,scratches_145.jpg,scratches,filename_prefix,.jpg,b5767351bb25860ccd2ff1de030a77c19d5f1fd721a7a01dbb289cba1f744d41,2db143c2bdef475a6ba9b5fefdba22c726964b437594119244a9b204ca711689,False,,data/NEU-CLS/train/train/images/scratches_145.jpg,True,,development
data/NEU-CLS/train/train/images/scratches_146.jpg,scratches_146.jpg,scratches,filename_prefix,.jpg,3cfcbe9d9b896bd5dbb8324a25a623b3517f54093897b033864cf46e5adec869,2f5bfa0720d14f10cf1d40621a84ff9748feabfa14a5b3bd19987a166f0fb544,False,,data/NEU-CLS/train/train/images/scratches_146.jpg,True,,development
data/NEU-CLS/train/train/images/scratches_147.jpg,scratches_147.jpg,scratches,filename_prefix,.jpg,d7650322cf1946cf7736c53ca033d63f2e0c85f599b9c7f08f140c2af4211701,5edeb676c25dcd9418056747cabe55544b045f59c782c9d8993b16284a458ba3,False,,data/NEU-CLS/train/train/images/scratches_147.jpg,True,,development
data/NEU-CLS/train/train/images/scratches_148.jpg,scratches_148.jpg,scratches,filename_prefix,.jpg,57233642aa5fc43868562990bd26d535a5f9562b03eea239cdfe1d8a511b4602,83572e6f3603309792b04afde45680fd46b13b96bd575e26039c3d4a92422a4b,False,,data/NEU-CLS/train/train/images/scratches_148.jpg,True,,test
data/NEU-CLS/train/train/images/scratches_149.jpg,scratches_149.jpg,scratches,filename_prefix,.jpg,df3b444693b2d12424a853b58f666158155afbf368a5f467f6e126c343abf5f6,5be5a6dd091cfc6d12d865c387e7475df03e8de825492b4a3f98b4be258c2195,False,,data/NEU-CLS/train/train/images/scratches_149.jpg,True,,development
data/NEU-CLS/train/train/images/scratches_15.jpg,scratches_15.jpg,scratches,filename_prefix,.jpg,367075d6695862c4493a7d39213ed66e50845e9ff3611a8212a2745ac2a8f1ad,eb029a785b628151e862348d69f26f8f162cf975a07832b8a932af652aafb34d,False,,data/NEU-CLS/train/train/images/scratches_15.jpg,True,,development
data/NEU-CLS/train/train/images/scratches_150.jpg,scratches_150.jpg,scratches,filename_prefix,.jpg,83242feddda09c84dd7648adf3b58ae9a02eafed278933423ac749f786345abc,16a23875abe8b38f5a6162472f1448fbdf1addeae7d750720966089a2279a195,False,,data/NEU-CLS/train/train/images/scratches_150.jpg,True,,development
data/NEU-CLS/train/train/images/scratches_151.jpg,scratches_151.jpg,scratches,filename_prefix,.jpg,beb540cd87fe1fbdc765822430b4e9601713b72f32ccb0ff8fb8bc1d96828236,ea3b4dcd38b9c5447bb86fe6f7fce7d50ce0b7bfc3451d41d375dbc12d31dbcf,False,,data/NEU-CLS/train/train/images/scratches_151.jpg,True,,development
data/NEU-CLS/train/train/images/scratches_152.jpg,scratches_152.jpg,scratches,filename_prefix,.jpg,7d92c3048cb2e54beff63e3a11a6d124578a6f27dbadb697e3d7c871c824eb69,3ef9ebfcac356466e061cc2e49a32d63f6c9a02bd4411743e54f207213c6b960,False,,data/NEU-CLS/train/train/images/scratches_152.jpg,True,,development
data/NEU-CLS/train/train/images/scratches_153.jpg,scratches_153.jpg,scratches,filename_prefix,.jpg,edfda57ed4467e635baeff00654d9774bd2e94483c0e1a28c59b5f7f34240807,cc632b26520ac0670043313236fdc3ec92c4d4c588e744b7a1aba717178c7af4,False,,data/NEU-CLS/train/train/images/scratches_153.jpg,True,,test
data/NEU-CLS/train/train/images/scratches_154.jpg,scratches_154.jpg,scratches,filename_prefix,.jpg,3e96489cf25f15a08c3dcebbec97afabdfb58468847e51a70d880a35a104b72c,9e877ea4a58b2da5f1d79a2910535ad86e1df387bd2b72dc83b4bed63b08c7e2,False,,data/NEU-CLS/train/train/images/scratches_154.jpg,True,,test
data/NEU-CLS/train/train/images/scratches_155.jpg,scratches_155.jpg,scratches,filename_prefix,.jpg,7c35c565c812851bc4edb26b9ce8d854badcd0f1191db15363bbecf676af005a,3603d356fc4c2a9f2279908879894af44ccf9080ddee4474f5fbf3077be6a65e,False,,data/NEU-CLS/train/train/images/scratches_155.jpg,True,,test
data/NEU-CLS/train/train/images/scratches_156.jpg,scratches_156.jpg,scratches,filename_prefix,.jpg,b65e484717ff033687c7b03e79e6f151f60376f2ca033e9501d84da446226fbd,3ee5b3e252c5bf24d589fc470124d9e2e2dc517242abbbf89506423a00488c16,False,,data/NEU-CLS/train/train/images/scratches_156.jpg,True,,development
data/NEU-CLS/train/train/images/scratches_157.jpg,scratches_157.jpg,scratches,filename_prefix,.jpg,1fc900a7b315be7a4d0368f98881ff34a1fbd78955818df2158cb75071236c68,33c01e5ad74df44e49cd36e9afb6a8c6006dde4ee7a2f44cc66455c1bc232cd4,False,,data/NEU-CLS/train/train/images/scratches_157.jpg,True,,development
data/NEU-CLS/train/train/images/scratches_158.jpg,scratches_158.jpg,scratches,filename_prefix,.jpg,a91fc566e13d3253050d35b898b8ed659905a8268847ef06c1f7733757cb8788,bd6209e79747fbee536cb5cc1fef16848b2bb6c9bb488ab9a919d28cb28e93f3,False,,data/NEU-CLS/train/train/images/scratches_158.jpg,True,,development
data/NEU-CLS/train/train/images/scratches_159.jpg,scratches_159.jpg,scratches,filename_prefix,.jpg,1ceb9bc125069bb842b141ef784cbcf4acb956e7ca12c7e4716a89cc3bb27e33,91d8997a35880e3104fc68996ac237fe7692a532fce56f2b9ca262007149dd11,False,,data/NEU-CLS/train/train/images/scratches_159.jpg,True,,development
data/NEU-CLS/train/train/images/scratches_16.jpg,scratches_16.jpg,scratches,filename_prefix,.jpg,08eb80f76650682dfc161e865d32bd78f1e002994f3d56ae1fcf81ab5ac9f47e,76f9e9884946e1dbe3231dbdaaf0fb09a4dbf4082a86cc107419eb8be2b0b4ae,False,,data/NEU-CLS/train/train/images/scratches_16.jpg,True,,development
data/NEU-CLS/train/train/images/scratches_160.jpg,scratches_160.jpg,scratches,filename_prefix,.jpg,cb0e882ebb77e62531cfa0a8e69f9d9fc97d7c51bd9b96e89ae1ca1a90daefb7,ea4d11ee8a37d67f3fd29c93331ae608328c41af151427d9ed6f922f7dcf43e0,False,,data/NEU-CLS/train/train/images/scratches_160.jpg,True,,test
data/NEU-CLS/train/train/images/scratches_161.jpg,scratches_161.jpg,scratches,filename_prefix,.jpg,3146339ef9953e19b3d631a2d3cb56e787b9d8a0bcb0128521d77bf09655ef4f,a7bc67e6559d736c14cbe829a488093854b4b8b690ea95793ff46e37aeeefbeb,False,,data/NEU-CLS/train/train/images/scratches_161.jpg,True,,development
data/NEU-CLS/train/train/images/scratches_162.jpg,scratches_162.jpg,scratches,filename_prefix,.jpg,da16a35094a01dffc8d66eaca235072417f9720656be808710acd5b5024206ae,1c2cb88dcb6067a327aaee1d6c77f96796bf49725353865737e2b853151c6181,False,,data/NEU-CLS/train/train/images/scratches_162.jpg,True,,development
data/NEU-CLS/train/train/images/scratches_163.jpg,scratches_163.jpg,scratches,filename_prefix,.jpg,0986da5782a373f33155470d5eb85c601196eca8b1b76caf3934591a7bf20482,6b75b38f8a0a5f2c9e940b6d9fae49198a061486fcbb11805542c17d1a53f387,False,,data/NEU-CLS/train/train/images/scratches_163.jpg,True,,development
data/NEU-CLS/train/train/images/scratches_164.jpg,scratches_164.jpg,scratches,filename_prefix,.jpg,7f816c8c5d58bab9547b2171ad8a4c68915259cdd4c659573a535cfe716387b4,ee992a9d1d139bedb9373a1b89c8de0e3133812acb19835b728036ac1d8d12e5,False,,data/NEU-CLS/train/train/images/scratches_164.jpg,True,,test
data/NEU-CLS/train/train/images/scratches_165.jpg,scratches_165.jpg,scratches,filename_prefix,.jpg,e4dd9c9a976cea57392ce1fbe49831c3c61c4bac70d5344e48a8b1d528b68890,0bfa1e9df4cf2e092944f66ca767332e468d289f1fba0742e7e013e32f0a9ea4,False,,data/NEU-CLS/train/train/images/scratches_165.jpg,True,,development
data/NEU-CLS/train/train/images/scratches_166.jpg,scratches_166.jpg,scratches,filename_prefix,.jpg,bda65326f1b3d151f35170e2f1ba61bffc1ee388bc601b55837211071db12d4e,4765d32aa8424bf850589edfeaa2fa00088e1312fd30c5ecebec77e95f0af2ba,False,,data/NEU-CLS/train/train/images/scratches_166.jpg,True,,development
data/NEU-CLS/train/train/images/scratches_167.jpg,scratches_167.jpg,scratches,filename_prefix,.jpg,645d08a8c467c2f3287573a85ef08fee9d2637f9a77a3559c9f0ae5f93e44c99,d670408a05a2e0d766c70186884eaff9a50db842ca95ed5fb865255647f54627,False,,data/NEU-CLS/train/train/images/scratches_167.jpg,True,,development
data/NEU-CLS/train/train/images/scratches_168.jpg,scratches_168.jpg,scratches,filename_prefix,.jpg,f2828d8e854b39edb1ae12541a0a70bd56ce0a75148b64cdc2e2e96377be894f,da43357124f46077cd9a8fe45cf2e457b0f7bd1e0f1d40e8d01271040c8c7e11,False,,data/NEU-CLS/train/train/images/scratches_168.jpg,True,,development
data/NEU-CLS/train/train/images/scratches_169.jpg,scratches_169.jpg,scratches,filename_prefix,.jpg,4c0e084b88350fc15c22a71d0f278bb64d2d1dccc1f9ae2d60f197e0a25ea697,8ce1ac1b2a294e3e4b0e8ff91c4bec8b13cb83f3a1499a2a2543bf45801bcd6c,False,,data/NEU-CLS/train/train/images/scratches_169.jpg,True,,development
data/NEU-CLS/train/train/images/scratches_17.jpg,scratches_17.jpg,scratches,filename_prefix,.jpg,72fe2e74a970fcf954bebf7138eb3d51fb66a3bf195c1dec95c89e29e3daefe3,ca332b87ede90553c14b234e5ae3e00450b306b630df19f20ba9896a68ede351,False,,data/NEU-CLS/train/train/images/scratches_17.jpg,True,,development
data/NEU-CLS/train/train/images/scratches_170.jpg,scratches_170.jpg,scratches,filename_prefix,.jpg,0d4082c1c2f2f4f05cd31266b9fa4b7eadbcd03444b7ec25ed960cc52f7d03ce,88bc2ce0411b1d4ed1dc33c42b8ce789ddc7fe5eff79ec36f0aeb0aa53de739a,False,,data/NEU-CLS/train/train/images/scratches_170.jpg,True,,development
data/NEU-CLS/train/train/images/scratches_171.jpg,scratches_171.jpg,scratches,filename_prefix,.jpg,46d2411ff95acdfb93d090e85f376f0c1f0cf669d18fbc315be3a2eacf312771,82eea7777ebf7b4dbaadaccca1f993eebba587d727d6ea1ea4aef859ebb24615,False,,data/NEU-CLS/train/train/images/scratches_171.jpg,True,,development
data/NEU-CLS/train/train/images/scratches_172.jpg,scratches_172.jpg,scratches,filename_prefix,.jpg,a4c7cf896d8ac8507bc035b43dd15c54dec38e682c65e47e996c147c84fb05e1,9f46f6733d445ac7fa96f71d931167a097617722d7e8606bdebfb74ba7af5444,False,,data/NEU-CLS/train/train/images/scratches_172.jpg,True,,test
data/NEU-CLS/train/train/images/scratches_173.jpg,scratches_173.jpg,scratches,filename_prefix,.jpg,5184ecbfe922ef4222a98e2f1a54a1110e01cd2c0936d097e09ca0ae2e1ee74c,a0d75f907c7b8ada4c0b2b126085b8e1821c3c6f6e9244a70a42c3a9c78c4ab7,False,,data/NEU-CLS/train/train/images/scratches_173.jpg,True,,development
data/NEU-CLS/train/train/images/scratches_174.jpg,scratches_174.jpg,scratches,filename_prefix,.jpg,e4b9101d64dd300257c823dd3dd3190b4b7763aae62dabe89276ac565db80dae,4dbdd7fc86312ec286cb6e767b4639741d615718344f337b34e1e37e247ea39c,False,,data/NEU-CLS/train/train/images/scratches_174.jpg,True,,development
data/NEU-CLS/train/train/images/scratches_175.jpg,scratches_175.jpg,scratches,filename_prefix,.jpg,59e1b3397d38846dfc4699a8a7315b84b4460a9137ff0754fa6e6baa6cda3053,f2983836370f72db7bbf8a1bd7209c79b355f177856d3129edbaadc8346a8f37,False,,data/NEU-CLS/train/train/images/scratches_175.jpg,True,,development
data/NEU-CLS/train/train/images/scratches_176.jpg,scratches_176.jpg,scratches,filename_prefix,.jpg,dcc7df64482b4f01ac887f0130709c862955a87d5b2f0793fdecd8d902f6e583,77e0b4e1fea38ae0c2670ed19f0f4e950305d9f8290f53e1d443b836ee96abdd,False,,data/NEU-CLS/train/train/images/scratches_176.jpg,True,,development
data/NEU-CLS/train/train/images/scratches_177.jpg,scratches_177.jpg,scratches,filename_prefix,.jpg,c6ad18a288b8c427cb64bbacf5a76000a4ca9b030c91f7f42e0e22bad86a4030,00a28f99f8e2d005d28206abd542e704fccc22d830177ff99340a2595c91c1ac,False,,data/NEU-CLS/train/train/images/scratches_177.jpg,True,,development
data/NEU-CLS/train/train/images/scratches_178.jpg,scratches_178.jpg,scratches,filename_prefix,.jpg,e4bcb2a80023991c71e22dd292b0b159ace79d9bd3f19532085f85fcd47629be,67d83d2f7089305de83595c7786b728cec4c9d0c3b4d7bd47814b16ef3e27f47,False,,data/NEU-CLS/train/train/images/scratches_178.jpg,True,,development
data/NEU-CLS/train/train/images/scratches_179.jpg,scratches_179.jpg,scratches,filename_prefix,.jpg,844a990f43c6d4d5f598bac0b0521b9b1331be60c1bbb80991bc5765f203e71c,26a019677bbcba911a4717eeb6b94843658d87541f53b9a72ba3173ed8f47c9f,False,,data/NEU-CLS/train/train/images/scratches_179.jpg,True,,development
data/NEU-CLS/train/train/images/scratches_18.jpg,scratches_18.jpg,scratches,filename_prefix,.jpg,fd74062b39027d7009e9e2c18575ee88b4bc910ccc33d5272473b116d812fae2,a1568b14de707ce89c8d376ad396a2da06f9f5cb8dc1c505761d7d7985cb6156,False,,data/NEU-CLS/train/train/images/scratches_18.jpg,True,,test
data/NEU-CLS/train/train/images/scratches_180.jpg,scratches_180.jpg,scratches,filename_prefix,.jpg,3048cff42d4f3310d3d40ca46b24c4fd5695bf9c4172d4a65fddfa20084300e7,62152ba7ee2f8f54898821b8c5b0771de18a90b488829bc3f8ff04f760ffa95e,False,,data/NEU-CLS/train/train/images/scratches_180.jpg,True,,test
data/NEU-CLS/train/train/images/scratches_181.jpg,scratches_181.jpg,scratches,filename_prefix,.jpg,6db0c14b65b0203a30f7c5a6b74c221ae403338ccf730ecebcca6e6ae31ad9d9,c462f629d240e8cb721fe0ed7f23373c94c75e9694d4f18f08470179d623f7ab,False,,data/NEU-CLS/train/train/images/scratches_181.jpg,True,,development
data/NEU-CLS/train/train/images/scratches_182.jpg,scratches_182.jpg,scratches,filename_prefix,.jpg,5f6815063bd34c710c7565555d0c5325770145618e22e0bf89d579411d3d59d1,ab4011be371f0b8c6e7537745a126a1c188852fee8e6a0cd81d030f9ab3a936a,False,,data/NEU-CLS/train/train/images/scratches_182.jpg,True,,development
data/NEU-CLS/train/train/images/scratches_183.jpg,scratches_183.jpg,scratches,filename_prefix,.jpg,592a97fc92cce801cba5ac473017a1b5d2cfd436a33a47696dac75d35d868925,8cca43be67db6e466cb3e8be3f733a34c39fa06a2b9eddf1c1112d53e593feef,False,,data/NEU-CLS/train/train/images/scratches_183.jpg,True,,development
data/NEU-CLS/train/train/images/scratches_184.jpg,scratches_184.jpg,scratches,filename_prefix,.jpg,bf371d07f5158ca1d5229a8a3ac00192fe4db73d17f4f2d84e9656aad97438ac,76cfe75590b68c1a8541647c6266374a164bff3cea62d4b37a75389b1307f539,False,,data/NEU-CLS/train/train/images/scratches_184.jpg,True,,development
data/NEU-CLS/train/train/images/scratches_185.jpg,scratches_185.jpg,scratches,filename_prefix,.jpg,c4da2f96ef8e2cf70074638b5605bd523dddbf39d427a33c3a41b200cdd9001c,ea02504d3423b4c899932abc4e26d82b9b6ab63fdcf14c3a808c47e8ba05551c,False,,data/NEU-CLS/train/train/images/scratches_185.jpg,True,,development
data/NEU-CLS/train/train/images/scratches_186.jpg,scratches_186.jpg,scratches,filename_prefix,.jpg,14b5bd0852ede460a0168573ced17c4d94d3ba4d46badd2d7bd674828936998a,1d2acbe1c7057dd2d75264a39ca4d116bdc917e49d0b32fce14edf0caf348f5d,False,,data/NEU-CLS/train/train/images/scratches_186.jpg,True,,development
data/NEU-CLS/train/train/images/scratches_187.jpg,scratches_187.jpg,scratches,filename_prefix,.jpg,d54832d718418cd38a79216afd468dce97987bd73b402836028bbf252145d7f1,f58eaf39af67ae3f31f31d5e93d596969227d71761ccd735ec0f13b7738861cd,False,,data/NEU-CLS/train/train/images/scratches_187.jpg,True,,development
data/NEU-CLS/train/train/images/scratches_188.jpg,scratches_188.jpg,scratches,filename_prefix,.jpg,86e6dd23751d39a027043f9bb403d18ef1b1769594e526969e4ad5f144dd1600,3168942129ee53d29560e1a84d037857fab1998b1c2a9abe4a60be83582fba8d,False,,data/NEU-CLS/train/train/images/scratches_188.jpg,True,,test
data/NEU-CLS/train/train/images/scratches_189.jpg,scratches_189.jpg,scratches,filename_prefix,.jpg,b0045d19ee0d7524102616e79eb0166e2e0ea5571d96fb1d1a0e2e76a0ba8142,32badbf7e954e1c872c6c094befe581c4a5fc9033577671cf130938640a79cbc,False,,data/NEU-CLS/train/train/images/scratches_189.jpg,True,,test
data/NEU-CLS/train/train/images/scratches_19.jpg,scratches_19.jpg,scratches,filename_prefix,.jpg,fa6b1b100fae3b3fb5b5dfb81a60043a3990bfe83db9a199d5491c4b5532caa2,a42ce72a2bb93976a5d6e24d26754709ac51150dc61017283f3cd2a2813871d6,False,,data/NEU-CLS/train/train/images/scratches_19.jpg,True,,development
data/NEU-CLS/train/train/images/scratches_190.jpg,scratches_190.jpg,scratches,filename_prefix,.jpg,614d46bd35cc6a72c3637a88d82af76a5d6780e782656761c375c39effa2ac7a,f202199667caec8683ae2bb62f9475623fee651521e2f1365dfd42838435c30c,False,,data/NEU-CLS/train/train/images/scratches_190.jpg,True,,development
data/NEU-CLS/train/train/images/scratches_191.jpg,scratches_191.jpg,scratches,filename_prefix,.jpg,7412eddf9952e8a749c671e67390a5d3554aca259372d8e19d4ff17bc0816905,2168997cbe425ef50a1b392a4036f8fc98c7984e5659fe53e526b10874085f2d,False,,data/NEU-CLS/train/train/images/scratches_191.jpg,True,,development
data/NEU-CLS/train/train/images/scratches_192.jpg,scratches_192.jpg,scratches,filename_prefix,.jpg,5e5fd4e6a7d094ca79b157a8934e14ffaeaa5a4091ffcfbee3df19c0558a09e2,50e907f0f51e9b1db8bd9448fe5024fd668e4a5ea240e9fb6a79354509d122e7,False,,data/NEU-CLS/train/train/images/scratches_192.jpg,True,,development
data/NEU-CLS/train/train/images/scratches_193.jpg,scratches_193.jpg,scratches,filename_prefix,.jpg,d201e7c39a88ced01e99e541d0f6ba4c7c24ccd5091a8c86973187459146fe88,8dc17fe92969ed13d15411224576035e3af0969a69ef5fac5619fb8b788c0e83,False,,data/NEU-CLS/train/train/images/scratches_193.jpg,True,,development
data/NEU-CLS/train/train/images/scratches_194.jpg,scratches_194.jpg,scratches,filename_prefix,.jpg,d665bb3dd97b6c0b86930a6d78ac060d5acf91e74ffed2c7d06a3d28d6c0625c,92cb223b2da3879b0a650e1435ed28141e06cb37c3f5d059c612a5461a0bf155,False,,data/NEU-CLS/train/train/images/scratches_194.jpg,True,,test
data/NEU-CLS/train/train/images/scratches_195.jpg,scratches_195.jpg,scratches,filename_prefix,.jpg,0612d85b835ce0d03d025b4ccf9b51b10e91f689a721a467d0c7723553fa59de,d1ff75e2b807c907f679f9ec656509c57eb04fbb63904aa2d54031517605eaa7,False,,data/NEU-CLS/train/train/images/scratches_195.jpg,True,,development
data/NEU-CLS/train/train/images/scratches_196.jpg,scratches_196.jpg,scratches,filename_prefix,.jpg,c38a7908c9772c4a2bcfeec1eb39ffc0ded2d209ed7c342fcc3c7991bfd9d308,25d42ecfb2530a70ccecae5661bcdd18d98254694a74aefaf456867284b2fb1a,False,,data/NEU-CLS/train/train/images/scratches_196.jpg,True,,test
data/NEU-CLS/train/train/images/scratches_197.jpg,scratches_197.jpg,scratches,filename_prefix,.jpg,c5f04d4f1bbb7f4fc54dca0f0bf1449ef5febc3dc11a11a074b0c60cf9170095,7d52fe9fd302dad433d15d1f8320e4e3214121ca68c8def1e5a4e16b36677d50,False,,data/NEU-CLS/train/train/images/scratches_197.jpg,True,,development
data/NEU-CLS/train/train/images/scratches_198.jpg,scratches_198.jpg,scratches,filename_prefix,.jpg,d49bec319fb1619ef7e0fe67376127ea275d45e07708a65b6e97469652d9b656,7c23bebcc44d73ef92c69d3c0c9af594a708edd9573ed39825e30b38a9facc87,False,,data/NEU-CLS/train/train/images/scratches_198.jpg,True,,development
data/NEU-CLS/train/train/images/scratches_199.jpg,scratches_199.jpg,scratches,filename_prefix,.jpg,7bff3a2dd68537dd23af6a344a81a48e62f1a04c3595b6245d7a0b1d531a7be9,b6d6f470f3e473685f53c962e5fed0a237c06477961e867ad377c4acbf497983,False,,data/NEU-CLS/train/train/images/scratches_199.jpg,True,,development
data/NEU-CLS/train/train/images/scratches_20.jpg,scratches_20.jpg,scratches,filename_prefix,.jpg,a9f3ed313d7494096d51b11a7bc6c5165cca735903f3d581f4d0df639572c294,507733a3a8cba5b8530410bc3cb4655bf2c6415f27b42825c5c7488f1780b43f,False,,data/NEU-CLS/train/train/images/scratches_20.jpg,True,,development
data/NEU-CLS/train/train/images/scratches_200.jpg,scratches_200.jpg,scratches,filename_prefix,.jpg,ac4ef4dd50e6d0e479e259103e4d7c9dbef146c7106986d38007baeeb3fa28e2,1ef1af58d4b3ee5b03eff99c42a386210003f3d094e86019e4a758f32dd64a2b,False,,data/NEU-CLS/train/train/images/scratches_200.jpg,True,,development
data/NEU-CLS/train/train/images/scratches_201.jpg,scratches_201.jpg,scratches,filename_prefix,.jpg,8ffeaafbd98f91bac64788e47e2a85596158ed6867c3160eceb166cf5b2c2496,0839802da412e40d1aaf4dc574dcc27d866e6779726ffecafca1c72c2736592b,False,,data/NEU-CLS/train/train/images/scratches_201.jpg,True,,development
data/NEU-CLS/train/train/images/scratches_202.jpg,scratches_202.jpg,scratches,filename_prefix,.jpg,d9153ae832dedaf4c547586dd094f443100aa43f1027c5eaf648eee75050ec51,0a444bc0aa397cae76434c9ede80ef56c9f556e89eb1553c9b54db8e46bc159a,False,,data/NEU-CLS/train/train/images/scratches_202.jpg,True,,test
data/NEU-CLS/train/train/images/scratches_203.jpg,scratches_203.jpg,scratches,filename_prefix,.jpg,aa62a9634b38443e309b0122922048462238f4e45b7ebcb949504da4e054b0b4,675e2c1f28a79b63e1d36b8098635a780275071b00807e682e2caca5f3424ac3,False,,data/NEU-CLS/train/train/images/scratches_203.jpg,True,,development
data/NEU-CLS/train/train/images/scratches_204.jpg,scratches_204.jpg,scratches,filename_prefix,.jpg,167102a4541146bab5a4ba84691d965d2120c65417dd9a9621aef54918b50cff,54205b40f1dd3e82a8ed7dd890ba9b0d1dcfcd643c20984a321b516d67e9c93b,False,,data/NEU-CLS/train/train/images/scratches_204.jpg,True,,development
data/NEU-CLS/train/train/images/scratches_205.jpg,scratches_205.jpg,scratches,filename_prefix,.jpg,593ae4063a1faee033ce6631d49ab717d7a0058dc118594b0484a3064bf307ad,9d61444ec35d03cd6bd3d51f3fed9ffe39c6cbe7858be667c40f02b4f1207037,False,,data/NEU-CLS/train/train/images/scratches_205.jpg,True,,development
data/NEU-CLS/train/train/images/scratches_206.jpg,scratches_206.jpg,scratches,filename_prefix,.jpg,8a946044d3d5c1b22cc7990211c01ae53ee48af50e65ffdd426c3cb2d58ebe16,b2cfcaf3d72165986476d6f1c1c077af9953a814066eb4c9b9693246edf24c1b,False,,data/NEU-CLS/train/train/images/scratches_206.jpg,True,,development
data/NEU-CLS/train/train/images/scratches_207.jpg,scratches_207.jpg,scratches,filename_prefix,.jpg,1e50f6f095de57d44e34ef02be64e45e1dbc539f7c747a1eec13e19d598c3ce6,d21ead859194447f180db94e314ea6b711573a683bfeb4ab3d37f9a68db61f2b,False,,data/NEU-CLS/train/train/images/scratches_207.jpg,True,,development
data/NEU-CLS/train/train/images/scratches_208.jpg,scratches_208.jpg,scratches,filename_prefix,.jpg,38c3c035d209d38a5748908ba389d20c1aceef75edc0815bd8fb48eef0154ead,cbc442d2427e589c0ed5def26f87156553c3812f2650a7c0eb79d2c871d2cc7f,False,,data/NEU-CLS/train/train/images/scratches_208.jpg,True,,test
data/NEU-CLS/train/train/images/scratches_209.jpg,scratches_209.jpg,scratches,filename_prefix,.jpg,9f7db1e44228cdaa737b8cc1788cf5a61f8687854c269210f86df8ab137c1f79,1ccb7cd65b5fafa030dbe256477215763a5d64fa61be3218bd74011affe41049,False,,data/NEU-CLS/train/train/images/scratches_209.jpg,True,,development
data/NEU-CLS/train/train/images/scratches_21.jpg,scratches_21.jpg,scratches,filename_prefix,.jpg,f37c114c557ce9083e1a93b741455c6d7fff51b211887f7dd3e4ae1889950fa9,bd0eabf664a77b5f9c740318386d7c683859d091ca35a65dd87b505434fa51b0,False,,data/NEU-CLS/train/train/images/scratches_21.jpg,True,,development
data/NEU-CLS/train/train/images/scratches_210.jpg,scratches_210.jpg,scratches,filename_prefix,.jpg,81815ca5833575d725e3427a8a04e40b01e401c5560cd433e93467af16709d60,599dc0b01ab31dd13454bfa5fd462c6d957c3e234e15a6ed5110cf0df0b7abd9,False,,data/NEU-CLS/train/train/images/scratches_210.jpg,True,,test
data/NEU-CLS/train/train/images/scratches_211.jpg,scratches_211.jpg,scratches,filename_prefix,.jpg,016dcb3920a714e9fa14c02f366b4c3518dacc56d67ac884a85a9969b315328d,f087e22d9ed14109a873326f6ed2a3e9b9b0761b4f87ab3fb2f054a621d0aa18,False,,data/NEU-CLS/train/train/images/scratches_211.jpg,True,,test
data/NEU-CLS/train/train/images/scratches_212.jpg,scratches_212.jpg,scratches,filename_prefix,.jpg,81be89ee4448348af4831ac930b257d6e52eb903de190be6d68d87984859262e,83a6bcfc6b73f4478ccaa2fce91f8ced565b474d1d7da29d79fd64c059de8b4f,False,,data/NEU-CLS/train/train/images/scratches_212.jpg,True,,development
data/NEU-CLS/train/train/images/scratches_213.jpg,scratches_213.jpg,scratches,filename_prefix,.jpg,22d8674e352e68fb8e0f7aa69f1c4e8465628769bfafc90280d89307e7e25b3e,ec3cce5b51233c7619cd63b35d81d9979f78f233a5764508004d1bd465d0a260,False,,data/NEU-CLS/train/train/images/scratches_213.jpg,True,,development
data/NEU-CLS/train/train/images/scratches_214.jpg,scratches_214.jpg,scratches,filename_prefix,.jpg,ff6cd63f155b15695324ac6f4c9bc5ca1b9ddc7561c38eef5816bd9b1584ceae,b8c2da292033c29d785a518ac1067f40bdc5f03a6b68172e47a07bd439e98cd3,False,,data/NEU-CLS/train/train/images/scratches_214.jpg,True,,development
data/NEU-CLS/train/train/images/scratches_215.jpg,scratches_215.jpg,scratches,filename_prefix,.jpg,b5856bc3695fba2b9ace3caced3b1c783930b3c24380e8fea8ab079895f75c46,23101fb0d54c8adf99a6016f34d73cfb42ac38ff2eaeed5e4f4c35fdf11a7907,False,,data/NEU-CLS/train/train/images/scratches_215.jpg,True,,development
data/NEU-CLS/train/train/images/scratches_216.jpg,scratches_216.jpg,scratches,filename_prefix,.jpg,eae4d2bcdc8207089e3462975687c8ecd02a33a66e73a4b1b007b7c7b400d3fe,445df5229b6dc0cb59b91aac5fcd34512f0d522d7b9dfd6068c95d3f53fb648c,False,,data/NEU-CLS/train/train/images/scratches_216.jpg,True,,development
data/NEU-CLS/train/train/images/scratches_217.jpg,scratches_217.jpg,scratches,filename_prefix,.jpg,2076be693e7d6b5cdce9fdad174afba3d0efb9ea838cc510e0155517d46460b2,b954f26ab821b24d6c3793c3f6a630acb74b0ebaafbfb4bdb2dd33c895fe1639,False,,data/NEU-CLS/train/train/images/scratches_217.jpg,True,,development
data/NEU-CLS/train/train/images/scratches_218.jpg,scratches_218.jpg,scratches,filename_prefix,.jpg,59d528b51122a1e8ee4066f344d5f8c9b9f05173d5f78a2d86c19372e292f3da,3b98ea9e372454dbb43a09e175ea383ff4fd92579f82032ba3a5f5eae5f9a39f,False,,data/NEU-CLS/train/train/images/scratches_218.jpg,True,,development
data/NEU-CLS/train/train/images/scratches_219.jpg,scratches_219.jpg,scratches,filename_prefix,.jpg,1311d76e721c2117dc81632dffe38aeb67d32a98aebab9c1d6a0242bd62ad53f,140263779324c6d8ee496fe8a7e45c67f6122857def8cdade1cceaaa14114301,False,,data/NEU-CLS/train/train/images/scratches_219.jpg,True,,development
data/NEU-CLS/train/train/images/scratches_22.jpg,scratches_22.jpg,scratches,filename_prefix,.jpg,d8e06e9ad964c453f51a097aa6bacdfc1a36c8db677a944e6a2c2df48fc44600,3e5d461972deec75e8d409e36cfb8b72c2c4a29b4136c0e8d595f1bf76c1febe,False,,data/NEU-CLS/train/train/images/scratches_22.jpg,True,,test
data/NEU-CLS/train/train/images/scratches_220.jpg,scratches_220.jpg,scratches,filename_prefix,.jpg,c572667e09af38da19b1a49abad3b4de8c6e36b650856cd5942268eea7362e02,02141a1bd8c087e222721f2a002d9d8be3c8f49fc0190f639d273ab88b97084d,False,,data/NEU-CLS/train/train/images/scratches_220.jpg,True,,development
data/NEU-CLS/train/train/images/scratches_221.jpg,scratches_221.jpg,scratches,filename_prefix,.jpg,e65d748792cd1010f663588aec6437acad9a26c92a30ea263b67febed363b27b,8adcba4ec6a6c193da62e252771f3a1a39d1f61a4b378698749b263de7f773f7,False,,data/NEU-CLS/train/train/images/scratches_221.jpg,True,,development
data/NEU-CLS/train/train/images/scratches_222.jpg,scratches_222.jpg,scratches,filename_prefix,.jpg,bae054099edcb65dd3b0e71dcd271349a9670fbfddf07742dbc2a439ac3ce9f7,f5672345ccd8384991d79f59bf6e5e1b006cbea3d6a7a4f25e7b4786b5c1b05e,False,,data/NEU-CLS/train/train/images/scratches_222.jpg,True,,development
data/NEU-CLS/train/train/images/scratches_223.jpg,scratches_223.jpg,scratches,filename_prefix,.jpg,669bfbce9330b39ec06dedc04b6dd3190b06cabb45d7de3159f254cae49f53a4,09302c33df52bc8d13bdbadd371ce2248224ee148d6be4c91b4f9551ae7e98ed,False,,data/NEU-CLS/train/train/images/scratches_223.jpg,True,,test
data/NEU-CLS/train/train/images/scratches_224.jpg,scratches_224.jpg,scratches,filename_prefix,.jpg,677cedd6da38cc94bf2fc2d1f002894b9b75297269fb8775ba64c8634339c627,3fdd3cc13d94df5b05edbdf06c8d1dbe83c489f3ffe2876e29b455ad4469cd7b,False,,data/NEU-CLS/train/train/images/scratches_224.jpg,True,,development
data/NEU-CLS/train/train/images/scratches_225.jpg,scratches_225.jpg,scratches,filename_prefix,.jpg,0b994c808e2305028287cf23aa342f180813de9194fa902e63c8601ba4c0bad7,6d8040ddd19a3705260939a619129ec1ff8549165b5a973e573bfed400f0c69a,False,,data/NEU-CLS/train/train/images/scratches_225.jpg,True,,development
data/NEU-CLS/train/train/images/scratches_226.jpg,scratches_226.jpg,scratches,filename_prefix,.jpg,97f4848d7dbad6c653b28d31be770e4143083cfd4dad87a8ea3a2b5b728f5adc,14c45c5cd78fad1605b5003e65c9f4c092bd3f06b8bdb004f982e280bdae9893,False,,data/NEU-CLS/train/train/images/scratches_226.jpg,True,,development
data/NEU-CLS/train/train/images/scratches_227.jpg,scratches_227.jpg,scratches,filename_prefix,.jpg,907a347e448f18b9d2f3f7ada8a8b21367ac374e9a7e9d6830f5fa6ce9225120,2ea83db25c9cdd59af108804ac01faee752ea3720bb321456d86d065a886f1d1,False,,data/NEU-CLS/train/train/images/scratches_227.jpg,True,,development
data/NEU-CLS/train/train/images/scratches_228.jpg,scratches_228.jpg,scratches,filename_prefix,.jpg,d74afc101feda03ef2b615ca2bf8bec85f315738e398a5420f8619d52a34135f,f0adeba1f88e3c74e1d611cd096775eacaa85a550f0f65168e9d70d086c5805e,False,,data/NEU-CLS/train/train/images/scratches_228.jpg,True,,development
data/NEU-CLS/train/train/images/scratches_229.jpg,scratches_229.jpg,scratches,filename_prefix,.jpg,2949be028ecd34f8d0791592c98a8bb3dce0f8a50927a054f7617101728d4698,3ec172590967b590b7bf87b4472dfe3ff2d9794247b8bffa971fdc700cb5dcc0,False,,data/NEU-CLS/train/train/images/scratches_229.jpg,True,,development
data/NEU-CLS/train/train/images/scratches_23.jpg,scratches_23.jpg,scratches,filename_prefix,.jpg,7afb3817ddfc9387a3ae636e3c2dd1e8745e1fba3f1ca3b0d62cde8589b037c5,3d4e7cebd9f3e9a499063d48b602069f3ac5f0fc90fc6f0d31e114b0bd73842e,False,,data/NEU-CLS/train/train/images/scratches_23.jpg,True,,development
data/NEU-CLS/train/train/images/scratches_230.jpg,scratches_230.jpg,scratches,filename_prefix,.jpg,7dab5ab522b9ecb16d53c196b3b0f769c42cb9c5694373e15785acc5f4451d0b,69a6ae4e43d3a33d70900dbff0f974d69a15d4d90efebd207a4c06067fd5c518,False,,data/NEU-CLS/train/train/images/scratches_230.jpg,True,,test
data/NEU-CLS/train/train/images/scratches_231.jpg,scratches_231.jpg,scratches,filename_prefix,.jpg,e1f2151bc40e1f09edaeb193c0c919961aaac065003f531f95cc59a19d07e88b,1784b70ba5087f7689fa1917cc9cd33bde89a124c3bd81aa2fda2eff087aa30a,False,,data/NEU-CLS/train/train/images/scratches_231.jpg,True,,test
data/NEU-CLS/train/train/images/scratches_232.jpg,scratches_232.jpg,scratches,filename_prefix,.jpg,5130a7a4352245c52b2301d40e92a6efb565c2f8007b67c68723af24ddc516bc,fa3805c001bb35a346a9f96ed8b104a1fb54aa46dd6255a5d33442c872003031,False,,data/NEU-CLS/train/train/images/scratches_232.jpg,True,,development
data/NEU-CLS/train/train/images/scratches_233.jpg,scratches_233.jpg,scratches,filename_prefix,.jpg,52b547c24fcb07b514bfe71fc1cd617cdcf23090baa9d1bfb5e7544404e20b90,6611d1840645f28681121e4051ee0f356bb9576449205d2e48052869f2398eb5,False,,data/NEU-CLS/train/train/images/scratches_233.jpg,True,,development
data/NEU-CLS/train/train/images/scratches_234.jpg,scratches_234.jpg,scratches,filename_prefix,.jpg,cf652825b3c7cbea8ebf2b258989a4a915c5798fc29406294d458edb92fec80b,dbd29c0a839521595b7e759a4a1fb2fb408d0aab471b036f6c2b6ae27da3199f,False,,data/NEU-CLS/train/train/images/scratches_234.jpg,True,,development
data/NEU-CLS/train/train/images/scratches_235.jpg,scratches_235.jpg,scratches,filename_prefix,.jpg,508b8ec922f5bf951068199b2e96b3f82236385b4b63a52a2e1fb322927cd6ab,72ca8224f47b988ba0637e4a83901768346a532eab38306bca308042732d78a8,False,,data/NEU-CLS/train/train/images/scratches_235.jpg,True,,development
data/NEU-CLS/train/train/images/scratches_236.jpg,scratches_236.jpg,scratches,filename_prefix,.jpg,2ebc998f51cf32215b60f9f91d37a4c58820f33a33d0dea03bc45c34d185df0f,1c3647fffb55a20966abe1471815b627eefcfce08945675de91b32def054d94f,False,,data/NEU-CLS/train/train/images/scratches_236.jpg,True,,development
data/NEU-CLS/train/train/images/scratches_237.jpg,scratches_237.jpg,scratches,filename_prefix,.jpg,a0e5c95ef7df58b2b2e7869ea7b2a710038e3860b9fbf7cfe1eb168e7579119f,d1a88ed010e96ad40c09043bd7e3235f06a6c64fcc66bb7e5687998402d9f31b,False,,data/NEU-CLS/train/train/images/scratches_237.jpg,True,,development
data/NEU-CLS/train/train/images/scratches_238.jpg,scratches_238.jpg,scratches,filename_prefix,.jpg,84c074a67e8c075c794d045a27bed9fff93745b6c052df72196104c3329c0db1,bbdce33e07029c591029eaf341f54fed106e2e253a765406fd7a68ac03e6bae8,False,,data/NEU-CLS/train/train/images/scratches_238.jpg,True,,development
data/NEU-CLS/train/train/images/scratches_239.jpg,scratches_239.jpg,scratches,filename_prefix,.jpg,d6bb81f449e6ce915bd551db184920a8b46383c202f84a226b50b095abf50a95,efb008d2fec4c98cf98a97f344827f99addc479c161f90badb7206485fbadc9c,False,,data/NEU-CLS/train/train/images/scratches_239.jpg,True,,development
data/NEU-CLS/train/train/images/scratches_24.jpg,scratches_24.jpg,scratches,filename_prefix,.jpg,0e0ec49fe4e5c92719665bf0d133f6a633e6097ae343d34b6819d89e7db612a6,6f75c0cb6d4f459269840dd1ad0bcdbbc06d923c9d1c659e2f3418bba7cbc3e7,False,,data/NEU-CLS/train/train/images/scratches_24.jpg,True,,development
data/NEU-CLS/train/train/images/scratches_240.jpg,scratches_240.jpg,scratches,filename_prefix,.jpg,52e15ece6022bcb42f2991a7acae1c4e6b26cac16976402aea424d356d7cb964,791fcd3acd920fdeec2a45bf3a09b02d9404df31c772e8af3839455f28ccf4bb,False,,data/NEU-CLS/train/train/images/scratches_240.jpg,True,,development
data/NEU-CLS/train/train/images/scratches_241.jpg,scratches_241.jpg,scratches,filename_prefix,.jpg,808c8053268c526a8230dd0d1c286af89a2f4d9e2fa015e64a9b3c0defc37f56,efd4384a90a0050adea95eabb7c06bf9d21a0bd85a7aeabcc2a1302ff107fab5,False,,data/NEU-CLS/train/train/images/scratches_241.jpg,True,,development
data/NEU-CLS/train/train/images/scratches_242.jpg,scratches_242.jpg,scratches,filename_prefix,.jpg,18297530aa9ba8fc6cb75c1b4b04d643dd668b1ab6930e8f1fffe33f6db6179e,f41f861f3d5ad4f7a54210dcb5512230076696e0de0136cf8a770dcee650a103,False,,data/NEU-CLS/train/train/images/scratches_242.jpg,True,,development
data/NEU-CLS/train/train/images/scratches_243.jpg,scratches_243.jpg,scratches,filename_prefix,.jpg,21179d3baebad95f0de55c026ec10fc343d86134193f7dddfbfdc82fa450bf9b,66190dbe1b92b33b9542e4c3b08415e509fdc21921040586c2b8439c04c80533,False,,data/NEU-CLS/train/train/images/scratches_243.jpg,True,,development
data/NEU-CLS/train/train/images/scratches_244.jpg,scratches_244.jpg,scratches,filename_prefix,.jpg,b581ded4e4d3b08c9087063289a44a645aef732c0aaf3aca46a3551ac3481d8a,e0a6d30156e3d4f5f6f1b18e17bada8087d603740128862d2e1262442779d36f,False,,data/NEU-CLS/train/train/images/scratches_244.jpg,True,,test
data/NEU-CLS/train/train/images/scratches_245.jpg,scratches_245.jpg,scratches,filename_prefix,.jpg,754c6a9d09b6eb882624de13e43415b31f97a135c403a5fbd3d2e37fb94932ea,f770308d1f15d99303b2f30622244a73a23faf2874b2f24325b039d477c76125,False,,data/NEU-CLS/train/train/images/scratches_245.jpg,True,,development
data/NEU-CLS/train/train/images/scratches_246.jpg,scratches_246.jpg,scratches,filename_prefix,.jpg,06811a835826c47ad78e91e90cb758f6334f348d21765375b2ce9146be1309b4,c5b03a3510269a27a6a747873517006e0a968772823e72e951e50e615e636d31,False,,data/NEU-CLS/train/train/images/scratches_246.jpg,True,,development
data/NEU-CLS/train/train/images/scratches_247.jpg,scratches_247.jpg,scratches,filename_prefix,.jpg,6d4086b3f39a0620d9aaea5b60d4ab090253b7eb3de48e2f808c0d654bcd095a,8fdc2a7e64db360d3988ae1bca6efd557c8ee6db98fb20e37404920bdb2e7130,False,,data/NEU-CLS/train/train/images/scratches_247.jpg,True,,development
data/NEU-CLS/train/train/images/scratches_248.jpg,scratches_248.jpg,scratches,filename_prefix,.jpg,bfb4e632f35b361a6ba2f736412ce5c970157b70df2727c7eb6fa18eb5d3f57f,456d39bb12fe15adbec94de38bd21e51147bfc16643a7de6d0fc16a10b8afe7a,False,,data/NEU-CLS/train/train/images/scratches_248.jpg,True,,development
data/NEU-CLS/train/train/images/scratches_249.jpg,scratches_249.jpg,scratches,filename_prefix,.jpg,815ac678ef7915d03d57f55c4c737df487a41d95f3cc5291742561d57768554b,8c5fb27e007d98d4b8e3613e3259c27572a8f2c36aa4df7be4f700bf06bf4267,False,,data/NEU-CLS/train/train/images/scratches_249.jpg,True,,development
data/NEU-CLS/train/train/images/scratches_25.jpg,scratches_25.jpg,scratches,filename_prefix,.jpg,a396520aa648baf7345a7d1b88325650ff2dae4df1fc4d9e19bee4c714be8c82,b23230776fc6d3a9ad0fd2b1d13fe9f2cc0956b8e8b247a4cd0ea8bb6187f73d,False,,data/NEU-CLS/train/train/images/scratches_25.jpg,True,,development
data/NEU-CLS/train/train/images/scratches_250.jpg,scratches_250.jpg,scratches,filename_prefix,.jpg,a3c414db4f4b09b5ec40700dc76531408d3a8f536347ec4114677c8814e2d2cc,18b6b793c932430b399ef35d0ddc4ff40be16a5403ed9600fb79874bfe9e3da8,False,,data/NEU-CLS/train/train/images/scratches_250.jpg,True,,development
data/NEU-CLS/train/train/images/scratches_251.jpg,scratches_251.jpg,scratches,filename_prefix,.jpg,509be19bbc2074e59ef928b35a615edd7829f205ff37941f132b6afd3563d97e,8fa037bab14dbab89193561d134e32a4cdd52b3e0ee8a98717987441a0250675,False,,data/NEU-CLS/train/train/images/scratches_251.jpg,True,,development
data/NEU-CLS/train/train/images/scratches_252.jpg,scratches_252.jpg,scratches,filename_prefix,.jpg,dec9b4c8b7e3b31c3d91640230f30623c6cc9931a0999e6c221e0ff616513bb8,04f7504cebb82d92cd83aa742bf66c3deb0f6a01ca77a2c1d57ed12ea263179b,False,,data/NEU-CLS/train/train/images/scratches_252.jpg,True,,development
data/NEU-CLS/train/train/images/scratches_253.jpg,scratches_253.jpg,scratches,filename_prefix,.jpg,237fafe2a77579d4be8dbddb236f26ab2409efb2aeb63a85811b7e104ee7d5fc,c3a8961f879866320e1b42d77c6e433dd5b3473b3befc0cf81567afe92bcb084,False,,data/NEU-CLS/train/train/images/scratches_253.jpg,True,,test
data/NEU-CLS/train/train/images/scratches_254.jpg,scratches_254.jpg,scratches,filename_prefix,.jpg,ffd21c5983d44ff61cccc9fb15c6317e1d4159a931f5f4949d6524bff72b0d70,71e2cc1650ed1cc014e43b582b51851548a4fb8f13275bd8c09480f83b3aca0b,False,,data/NEU-CLS/train/train/images/scratches_254.jpg,True,,development
data/NEU-CLS/train/train/images/scratches_255.jpg,scratches_255.jpg,scratches,filename_prefix,.jpg,cbce8cec9fcd71dd78f91976544b9544af1c346172efa4c335959f3ff6fd68b6,ed43d6b20d5f17b3aa5002a15fd78140725c6ce2fc901dbd24247cc740730fbe,False,,data/NEU-CLS/train/train/images/scratches_255.jpg,True,,development
data/NEU-CLS/train/train/images/scratches_256.jpg,scratches_256.jpg,scratches,filename_prefix,.jpg,79ee78cd754bce9d099e9d4b8b6ea6fce9bf957306d4a69d2f4448073ccfc41d,a7707b8cde08f1244475ab45e62f23042513fb129ba0ca167a6a3397bdb315f9,False,,data/NEU-CLS/train/train/images/scratches_256.jpg,True,,development
data/NEU-CLS/train/train/images/scratches_257.jpg,scratches_257.jpg,scratches,filename_prefix,.jpg,b397d474777da6843cbd252388515502c645877636b353b46f0ce6e5c770ec35,193b202d053c3c3f4b2280b96dde94ca80a7ed8b38e5afd692cd26ddf434990b,False,,data/NEU-CLS/train/train/images/scratches_257.jpg,True,,development
data/NEU-CLS/train/train/images/scratches_258.jpg,scratches_258.jpg,scratches,filename_prefix,.jpg,75e32b02e1e07874ecb43a28da7bcafccde3e60675fba729359714e10dd0f092,f627b29c09a83c65cb0c28e780c0e87175b01d393e4f543939f8299e16be2a94,False,,data/NEU-CLS/train/train/images/scratches_258.jpg,True,,development
data/NEU-CLS/train/train/images/scratches_259.jpg,scratches_259.jpg,scratches,filename_prefix,.jpg,3d9f70b84f17226fb5791ebfccef99ca7bd17c6a1e340f972ab21cedd5de2663,4bf267cc26f6cec982ffb04c7961497c35163c8f508a60b994881e0a76ce0757,False,,data/NEU-CLS/train/train/images/scratches_259.jpg,True,,test
data/NEU-CLS/train/train/images/scratches_26.jpg,scratches_26.jpg,scratches,filename_prefix,.jpg,ecf6a8e75fbe2f932cdf56268090f788a4ec120e93bb4839dda8c88d57d1cbf6,db2d91af85fbac5a2c8ae7764844f7375423e51e7d353ddab067be54ba56b256,False,,data/NEU-CLS/train/train/images/scratches_26.jpg,True,,test
data/NEU-CLS/train/train/images/scratches_260.jpg,scratches_260.jpg,scratches,filename_prefix,.jpg,9262b8fb9e7e920cf7caab7316f34e95b114dbeb2e05f526fd9bab6e69beb376,614729bbd384f81857920d5a18a24eea0f22b23d0419df260154cd3d84fc1ef6,False,,data/NEU-CLS/train/train/images/scratches_260.jpg,True,,test
data/NEU-CLS/train/train/images/scratches_261.jpg,scratches_261.jpg,scratches,filename_prefix,.jpg,6ac6ec84031512ca7ffb7e83367ca26f49067a4a27bdfe561608861ea047e97a,0fba77f10aea90c5c272f84902f960a0f52e3a7d0cd8cb237cfbb2b7ebfeb4f5,False,,data/NEU-CLS/train/train/images/scratches_261.jpg,True,,development
data/NEU-CLS/train/train/images/scratches_262.jpg,scratches_262.jpg,scratches,filename_prefix,.jpg,c07cf45a10ffb89016260ed213866b555c2c152a9e0207d6d9e44e490bd307f4,90968e35b07fa3c46dd35b5a936e88a40e9ea1723d00f75ea45d58edb217acec,False,,data/NEU-CLS/train/train/images/scratches_262.jpg,True,,development
data/NEU-CLS/train/train/images/scratches_263.jpg,scratches_263.jpg,scratches,filename_prefix,.jpg,fe216505917b1c9c31f5925244ff60cda229409dc13f9c4f39f0dccec4e90efd,c1dd7c2233e2d74cfcfa2ec70024e6c8abb94be8c9f329c07954d80d8fe93865,False,,data/NEU-CLS/train/train/images/scratches_263.jpg,True,,development
data/NEU-CLS/train/train/images/scratches_264.jpg,scratches_264.jpg,scratches,filename_prefix,.jpg,c10b3007a57fb80c25869bccf631d4cd0e297faeec200609f4ca39670e5421c1,1b89ac65851d5b19f16fc153bd7087d18f050cbcf6d0cecfee2c905a411b491b,False,,data/NEU-CLS/train/train/images/scratches_264.jpg,True,,development
data/NEU-CLS/train/train/images/scratches_265.jpg,scratches_265.jpg,scratches,filename_prefix,.jpg,d47e69763a49d5d5a927a191715710198c5ecb75673ee835d645b8bd71d25e92,90432fe3733e8b737786d3948786d3574f798db5d60f5faefd7aea4570ce65c6,False,,data/NEU-CLS/train/train/images/scratches_265.jpg,True,,development
data/NEU-CLS/train/train/images/scratches_266.jpg,scratches_266.jpg,scratches,filename_prefix,.jpg,225caa8efad179c0a1ded2de25800945db661f6868339660df089846e297cda0,d056e2aa007c7856353edf45e2d757eecec2821656cae188aee05bf233d99a8f,False,,data/NEU-CLS/train/train/images/scratches_266.jpg,True,,development
data/NEU-CLS/train/train/images/scratches_267.jpg,scratches_267.jpg,scratches,filename_prefix,.jpg,a916d3fb45316693e6d93749e4141fa444b2bb87f4f5b3433aca92ce85887aa8,9c09e7ccd4d89543523926e92bd7c6b7de2d42cd437e8d77087ed5c090a09a79,False,,data/NEU-CLS/train/train/images/scratches_267.jpg,True,,development
data/NEU-CLS/train/train/images/scratches_268.jpg,scratches_268.jpg,scratches,filename_prefix,.jpg,2bcfea24551cb98e0a64b81d515eda2d597b71bb5d8391a0eff4d61a3cabccf8,44ee7907f291ee666305182494b2cc587990e2cf19f0f6d8942948f746a12341,False,,data/NEU-CLS/train/train/images/scratches_268.jpg,True,,development
data/NEU-CLS/train/train/images/scratches_269.jpg,scratches_269.jpg,scratches,filename_prefix,.jpg,7ff3ed684221fd04a55f13f87a5fbd3958414b91145e88af651cb97fbb85eeb4,b788957a5a352c8f0fe2663f4b03bfd271787f3fc7513ca23e1d8ab68557d440,False,,data/NEU-CLS/train/train/images/scratches_269.jpg,True,,development
data/NEU-CLS/train/train/images/scratches_27.jpg,scratches_27.jpg,scratches,filename_prefix,.jpg,f0162be4de935f4064486990a524a4b7b8a816bc0a39f8fff3ee58034546e9e0,81d3543273b6ed86f22826ac61a40c083526d1c17a9a83e0e8e8776aebf9eb81,False,,data/NEU-CLS/train/train/images/scratches_27.jpg,True,,development
data/NEU-CLS/train/train/images/scratches_270.jpg,scratches_270.jpg,scratches,filename_prefix,.jpg,cf07fc75c1b3fc8e03ce7ebfeb7e6881d3dac5967012f06a1faec86bdb1d7a87,83e617e0b2f781f92594e301b5179905b7a2606b40466a2af63153c3491115e1,False,,data/NEU-CLS/train/train/images/scratches_270.jpg,True,,development
data/NEU-CLS/train/train/images/scratches_271.jpg,scratches_271.jpg,scratches,filename_prefix,.jpg,89fce9a3ee105dfd7d3a55749854d04ddc2fd14bd920bc06ec9fb417d08f9147,129224fdd7d9a4755f7e84b4161115cc3cbd04ae62b69c7a08a6751445c27b71,False,,data/NEU-CLS/train/train/images/scratches_271.jpg,True,,development
data/NEU-CLS/train/train/images/scratches_272.jpg,scratches_272.jpg,scratches,filename_prefix,.jpg,36c685908f06b7609fee229a4f5283176bf1ed5dc3953eb4becaf76b5e7e5e08,7ccfb98e8d6d0bba696e91d8d0454373c61c1098967d98a74d8ee4ef4aaf63d9,False,,data/NEU-CLS/train/train/images/scratches_272.jpg,True,,development
data/NEU-CLS/train/train/images/scratches_273.jpg,scratches_273.jpg,scratches,filename_prefix,.jpg,06fd8df49222af37b7a66f9868dab365bd946f29fddda8fec763fa4bc8a232f1,26ea18464ebabe243fc2b7f2914a5f0a45f07fdb6c14b7c37c3bc6bf17f2af79,False,,data/NEU-CLS/train/train/images/scratches_273.jpg,True,,development
data/NEU-CLS/train/train/images/scratches_274.jpg,scratches_274.jpg,scratches,filename_prefix,.jpg,aeffae1b86245a95003da86b5acfd5b14c4dfe93138c3c4ac16ac0c933de77ce,384142f3a099800bc35762a38cfa0fbf1729b6a7d6607db9b5af051aaafed7b2,False,,data/NEU-CLS/train/train/images/scratches_274.jpg,True,,development
data/NEU-CLS/train/train/images/scratches_275.jpg,scratches_275.jpg,scratches,filename_prefix,.jpg,0e3f6a2090474df8934b4c3a19a311bee21113c9aff36d07793e181bf47f5645,4d754c2da96e304366ae9f224cd8d62aed696a77076294c3228ecae8bc3cb5bd,False,,data/NEU-CLS/train/train/images/scratches_275.jpg,True,,development
data/NEU-CLS/train/train/images/scratches_276.jpg,scratches_276.jpg,scratches,filename_prefix,.jpg,5425066031254b9a916291955733134e6aa6f0af5d7d59686de98d165226fe3e,58f99f5b43758b4574735e79c9cc75e6584b5a8b325d2cac89b6765d6e029e2e,False,,data/NEU-CLS/train/train/images/scratches_276.jpg,True,,test
data/NEU-CLS/train/train/images/scratches_277.jpg,scratches_277.jpg,scratches,filename_prefix,.jpg,0f1d2f918fd93652f92a25de19f74324cfc879a77e39e5b911eb30fc3a82a75d,d3a24af8676aba38df89bdea9b383aa9356635c7003cf2aa8c074412465b767b,False,,data/NEU-CLS/train/train/images/scratches_277.jpg,True,,development
data/NEU-CLS/train/train/images/scratches_278.jpg,scratches_278.jpg,scratches,filename_prefix,.jpg,2250c7ee89a2d4d03656a9ac3643ede3f8e2225b184472836d62c07024af5356,bf574d9b9c2d41af52e1d713242ac875aed890d902ddcff18e484679fc4190a1,False,,data/NEU-CLS/train/train/images/scratches_278.jpg,True,,test
data/NEU-CLS/train/train/images/scratches_279.jpg,scratches_279.jpg,scratches,filename_prefix,.jpg,07eaa26e72ed58dce79a1ed22881149ed9d4f202f925b1b3055a1c0fbadf27c2,f1674b9edcfe4aac9dc60878cab4be78204f5c535f3f6842c6e4c7e206b249e8,False,,data/NEU-CLS/train/train/images/scratches_279.jpg,True,,test
data/NEU-CLS/train/train/images/scratches_28.jpg,scratches_28.jpg,scratches,filename_prefix,.jpg,b573375056053983d38edd2061ee73fd7de209f1010c1ed07eb8046480b4348a,b73929b7cf6e75d6301f0485d16b5f37d257e44d5f9d8cf8144f6955294fe737,False,,data/NEU-CLS/train/train/images/scratches_28.jpg,True,,development
data/NEU-CLS/train/train/images/scratches_280.jpg,scratches_280.jpg,scratches,filename_prefix,.jpg,3f14a2b13cd4a4fd99666fae2c83eaea7c00d8373c3ae764697eef527df9b729,d7f6138bffd10224a9c1c76203d60876a0d8027ec47f1e20868a8d2efa01cf3b,False,,data/NEU-CLS/train/train/images/scratches_280.jpg,True,,development
data/NEU-CLS/train/train/images/scratches_281.jpg,scratches_281.jpg,scratches,filename_prefix,.jpg,ae4d4b4b847f5056c96807f335a663b434f77391aafec7133236bf95221cb256,127e9ae4810b3ed53c6005afa01765c4df646d3597f490af15a99fbfbdd8987c,False,,data/NEU-CLS/train/train/images/scratches_281.jpg,True,,development
data/NEU-CLS/train/train/images/scratches_282.jpg,scratches_282.jpg,scratches,filename_prefix,.jpg,d526f36419cd66b2269d6ee46f3e18e798ac6dba9657676359566d7268ec666a,962339d53ea03a64a9f9fa94373b9af5d84277d9acbfb05e1d40ba4d9ec662d7,False,,data/NEU-CLS/train/train/images/scratches_282.jpg,True,,development
data/NEU-CLS/train/train/images/scratches_283.jpg,scratches_283.jpg,scratches,filename_prefix,.jpg,b8ac3cae8163a749ccfad675864d4337332e77a1b6105f72114497fcfb555376,d82d9e733970d8c0af142ca684dea1146477bdcb8398295c6cb89ebcb4b57cee,False,,data/NEU-CLS/train/train/images/scratches_283.jpg,True,,development
data/NEU-CLS/train/train/images/scratches_284.jpg,scratches_284.jpg,scratches,filename_prefix,.jpg,7460cc96b7ca26a5118ce716a8e7f66d210d35e15e596597d8f204b021b293d2,70fb44977e197ed1f6a9b3a6aae18d6e6ac7ce9e177eb8f580a2cdd0982f35f0,False,,data/NEU-CLS/train/train/images/scratches_284.jpg,True,,development
data/NEU-CLS/train/train/images/scratches_285.jpg,scratches_285.jpg,scratches,filename_prefix,.jpg,5255774b455b8b94eefa05c803d031a4f3ac8e2b7a3936d2d694b29935accb60,a4e44b105f641758047d401a8289b8a9e1529383b5d2f4cd9f6156619a2f1b1e,False,,data/NEU-CLS/train/train/images/scratches_285.jpg,True,,test
data/NEU-CLS/train/train/images/scratches_286.jpg,scratches_286.jpg,scratches,filename_prefix,.jpg,5c6854da13a98037918d0b476bb0eb2b505478e878fb0c2f3ebaea30d9bb8cf8,013494f6fc81650e5e9f2db91f5654bb17526ce8a7b7e36443eb2cfd80327352,False,,data/NEU-CLS/train/train/images/scratches_286.jpg,True,,development
data/NEU-CLS/train/train/images/scratches_287.jpg,scratches_287.jpg,scratches,filename_prefix,.jpg,6daf546f9bb1a4b58b9a76f4fe912418426b9a97448610edec52314f66fc140f,116ea54f7907f61c1b66525ecaa42a0094a01c673e23c499fafc52a708a807df,False,,data/NEU-CLS/train/train/images/scratches_287.jpg,True,,development
data/NEU-CLS/train/train/images/scratches_288.jpg,scratches_288.jpg,scratches,filename_prefix,.jpg,0ffe135744b30b96bb0ced670e532d08473f2462177d8437aa6678b4910457e2,a0fd6cf7c17629ab455fc68ac75d6280f8a1f68a4b92ebd578764e1d7efe7466,False,,data/NEU-CLS/train/train/images/scratches_288.jpg,True,,development
data/NEU-CLS/train/train/images/scratches_289.jpg,scratches_289.jpg,scratches,filename_prefix,.jpg,3fe8d86cfc4a4c60cdf65babd227d6ce88a6d690eadc8f9b56465c7d58ee4937,cb8d072e301b9e97705e3700309ce96240b0e84c2412290b0a0fd00797c6e36c,False,,data/NEU-CLS/train/train/images/scratches_289.jpg,True,,development
data/NEU-CLS/train/train/images/scratches_29.jpg,scratches_29.jpg,scratches,filename_prefix,.jpg,80a15969e4d2f6cff472bd0018fe3af757850351f95f2142ff39d1994d7628d7,a4d1dba8885cc40cc305cd7db88f0215b5fcb35c749d7220a19a03f3104e0fb3,False,,data/NEU-CLS/train/train/images/scratches_29.jpg,True,,development
data/NEU-CLS/train/train/images/scratches_290.jpg,scratches_290.jpg,scratches,filename_prefix,.jpg,fa4a943f2ef491d03248145846c5d455e038c45d543aed7b13dd3fa4a3777d4f,5268949eaa59daf530f3b94710e8e5ad3e787f0e458a907537d88f8f64210746,False,,data/NEU-CLS/train/train/images/scratches_290.jpg,True,,development
data/NEU-CLS/train/train/images/scratches_291.jpg,scratches_291.jpg,scratches,filename_prefix,.jpg,0d6b2134052adc7618ff5c6635a1034f17f9e049d972ce2115528bafa72c8294,4b44b1574458d9b2b0ad0ed7e86300f8c6f0435eb95a7d3f4b38800d374b7394,False,,data/NEU-CLS/train/train/images/scratches_291.jpg,True,,development
data/NEU-CLS/train/train/images/scratches_292.jpg,scratches_292.jpg,scratches,filename_prefix,.jpg,66e096173ceefd42aa909bea0e76e26d1a1dc54a2abab61e1149e045ac11403d,f809c977b16f9ac745a6e6bfdc083a51feb156bac61853bd403df850822214ca,False,,data/NEU-CLS/train/train/images/scratches_292.jpg,True,,development
data/NEU-CLS/train/train/images/scratches_293.jpg,scratches_293.jpg,scratches,filename_prefix,.jpg,94b9655b1f1d32e520618aeb2ff2ddc930c1d2b11aa35074604d6a294ec4d240,9a3277f04d94521bc250cf224e0a2e3a09387dc958105786c5a4f3cf44bfa095,False,,data/NEU-CLS/train/train/images/scratches_293.jpg,True,,development
data/NEU-CLS/train/train/images/scratches_294.jpg,scratches_294.jpg,scratches,filename_prefix,.jpg,29689c1398eed61d94cfab12e65f38f42df006064ef85567b3568de836a12e98,a41aeecfb198a8fd58dca19c1e35203aa7b9c80b358960698914aa2c12478892,False,,data/NEU-CLS/train/train/images/scratches_294.jpg,True,,test
data/NEU-CLS/train/train/images/scratches_295.jpg,scratches_295.jpg,scratches,filename_prefix,.jpg,68afd07195ce3186bec3c02447d2f284ed40e7d616144040a18335b27daa9d14,2c6cef0fb4f56f10c73cf1f2e5250cff491ef8be5458ae57e08ed41fe19c7f34,False,,data/NEU-CLS/train/train/images/scratches_295.jpg,True,,test
data/NEU-CLS/train/train/images/scratches_296.jpg,scratches_296.jpg,scratches,filename_prefix,.jpg,9e3d08b4ef099411d675d18db9f006b0d6739bc6cb33c27221a7c50efd7aeedb,061efc07ff9e726704fe44c055c71c05b210b86896ac15ee0b857309ff84f275,False,,data/NEU-CLS/train/train/images/scratches_296.jpg,True,,development
data/NEU-CLS/train/train/images/scratches_297.jpg,scratches_297.jpg,scratches,filename_prefix,.jpg,795dc162bec70f7a16abc2f434cdd72fe84a504c456269d7176e6a4789066768,b7b58bb9162690397197279c57992b82ee1de362d637925f1bd669c9d646b21e,False,,data/NEU-CLS/train/train/images/scratches_297.jpg,True,,test
data/NEU-CLS/train/train/images/scratches_298.jpg,scratches_298.jpg,scratches,filename_prefix,.jpg,c408389639cce8c2da2ba020370457279429b80420e7379bb997392bcafd03d5,8fc159ba60f7c228e265552d60a349f80d099edd0b20b286a0847429f6f87c47,False,,data/NEU-CLS/train/train/images/scratches_298.jpg,True,,development
data/NEU-CLS/train/train/images/scratches_299.jpg,scratches_299.jpg,scratches,filename_prefix,.jpg,adeb6ac5a2be5c145131e2fc450a8f628402f7c56eea38b102c288ae58fc9219,9b9007c058acd686bbe0657b16ef20d6d31e5d719213968e394aa57e6a1cc021,False,,data/NEU-CLS/train/train/images/scratches_299.jpg,True,,development
data/NEU-CLS/train/train/images/scratches_30.jpg,scratches_30.jpg,scratches,filename_prefix,.jpg,fb713f67c2e5a92c14645272f257cc3ef80c1bef743c7a27d19f26ba3b3870b1,844d088d4b8a1c5dbd467072d2a4f18cfca9c3ff66e29052e3cc93704c84eb24,False,,data/NEU-CLS/train/train/images/scratches_30.jpg,True,,development
data/NEU-CLS/train/train/images/scratches_300.jpg,scratches_300.jpg,scratches,filename_prefix,.jpg,16419bc0544ffe145aa39c786be8af7d45c1b740b144e4366429fb8c7912713e,c66827a98d60ee0dbc2856c3b20ed8854ebdc60ed7c217c218061818625df446,False,,data/NEU-CLS/train/train/images/scratches_300.jpg,True,,development
data/NEU-CLS/train/train/images/scratches_31.jpg,scratches_31.jpg,scratches,filename_prefix,.jpg,20a6c5b8dcb9df14f4753eb767e2472b5b26668a30947342fb0571c3338ff665,f2c4ada1933d1a0277c6eddb9c2858820c867cd105b6551d80e64ba002bb617b,False,,data/NEU-CLS/train/train/images/scratches_31.jpg,True,,development
data/NEU-CLS/train/train/images/scratches_32.jpg,scratches_32.jpg,scratches,filename_prefix,.jpg,d59906181fc273fa0b4b7e0c526d81443cfaae8c9cdbc3ed4a50e040297f1a19,955583c5ebbd6f59c8c14426737ac3ffa81ba5252bebb5e6b9c2bb070225fee9,False,,data/NEU-CLS/train/train/images/scratches_32.jpg,True,,development
data/NEU-CLS/train/train/images/scratches_33.jpg,scratches_33.jpg,scratches,filename_prefix,.jpg,c5c302e720075c67817605d4715a7f1e63df3bff7f531d0cfb289068728efce5,337c97eaff9325bfcf4e8d401bbe3b7f541f00961461ce50dbc52bbb2d2a0ae1,False,,data/NEU-CLS/train/train/images/scratches_33.jpg,True,,development
data/NEU-CLS/train/train/images/scratches_34.jpg,scratches_34.jpg,scratches,filename_prefix,.jpg,4752971b7ad7b3b8d509d0b8c67eb8a683c8a5f95f62896cb25b6207a7fbdd05,7b739f64662b4047e7b8ce85465f566028d3c16a8d2536e519e182a6cdee90ba,False,,data/NEU-CLS/train/train/images/scratches_34.jpg,True,,test
data/NEU-CLS/train/train/images/scratches_35.jpg,scratches_35.jpg,scratches,filename_prefix,.jpg,ac93ce819e7fc8800a2052f0e4f31cc1acedb1c534a5bb4bbbf654445bfcaa55,2d6d68647a6d9b9b3275d82626631286d2ebcc042591ac558e710e25ab7d3b2c,False,,data/NEU-CLS/train/train/images/scratches_35.jpg,True,,test
data/NEU-CLS/train/train/images/scratches_36.jpg,scratches_36.jpg,scratches,filename_prefix,.jpg,a8ea1585ed3a91616f526de49ab9534159c4c26c847d9ac6e0d90f69dca2fa6f,f72b9c7f6ca429a07500ad0c40c79544ce8b249ec20ca374e9ca0e6aaf59ca89,False,,data/NEU-CLS/train/train/images/scratches_36.jpg,True,,development
data/NEU-CLS/train/train/images/scratches_37.jpg,scratches_37.jpg,scratches,filename_prefix,.jpg,75f393a35dd2c29e2703d6693c1b43593718ed6afcf1a9e07a0e86d0c5e0b1a3,f5c2549f5316a1999f0d26052b7b8cb78d678b610a86f8ffdcbb86b38ce9cbed,False,,data/NEU-CLS/train/train/images/scratches_37.jpg,True,,development
data/NEU-CLS/train/train/images/scratches_38.jpg,scratches_38.jpg,scratches,filename_prefix,.jpg,888229a1bd266a7cc25bcb8944bae5ac0450dddb8b308b32dda3eb52be77a432,081e82a39a2281fa6b64f9c498add3914d0c4497126ad916bb329fbd0297efdd,False,,data/NEU-CLS/train/train/images/scratches_38.jpg,True,,development
data/NEU-CLS/train/train/images/scratches_39.jpg,scratches_39.jpg,scratches,filename_prefix,.jpg,bbd99962679d7a31f269865c9e8f774fc65602b35e1b1272e181173c601ac7da,42743559d224a6e523d0a0872fa72dc243962f5acde9b60ab076e9bcd8f8a30c,False,,data/NEU-CLS/train/train/images/scratches_39.jpg,True,,development
data/NEU-CLS/train/train/images/scratches_40.jpg,scratches_40.jpg,scratches,filename_prefix,.jpg,5ff1878abdab2d030b32896486b498d1ecdf6d8f439f664bed53a8ba246de332,5429f8ad4673c59d9df6e883a7651052cfb3d03b9115c65f5203f213a236a496,False,,data/NEU-CLS/train/train/images/scratches_40.jpg,True,,development
data/NEU-CLS/train/train/images/scratches_41.jpg,scratches_41.jpg,scratches,filename_prefix,.jpg,b92004ba11866501f5a257dcb5f2840bc9265ffe8e9e5f48f554d68c7bef35b0,49734d283027809018a2262657b7205a2022de74a410dd1cc86bddae94ed8ea6,False,,data/NEU-CLS/train/train/images/scratches_41.jpg,True,,development
data/NEU-CLS/train/train/images/scratches_42.jpg,scratches_42.jpg,scratches,filename_prefix,.jpg,e1b749959308e24dd64947abb166f1762ed86ec3e5bde99998631cd44936b7c0,6b6ebbbc798b67be04e39d681809366c237a496085235720ea9a54b3f80a010e,False,,data/NEU-CLS/train/train/images/scratches_42.jpg,True,,development
data/NEU-CLS/train/train/images/scratches_43.jpg,scratches_43.jpg,scratches,filename_prefix,.jpg,c1b2e9040a2251c020966264cc8a5cb7ce311df6294f21e1db8b09c96b360ca4,82a01614343a4e37ed958e0a6aa1b86a207ac1b64c6952ca84eb25b71a16c2d6,False,,data/NEU-CLS/train/train/images/scratches_43.jpg,True,,development
data/NEU-CLS/train/train/images/scratches_44.jpg,scratches_44.jpg,scratches,filename_prefix,.jpg,ce77e911d526b114709fdaaf19c3c3520ad73e75543ee37b4f3aa6de89d21b62,6539957a4953d569d89b0bb7de6776765fd949da5de21acb2fcf6d73b7b10175,False,,data/NEU-CLS/train/train/images/scratches_44.jpg,True,,development
data/NEU-CLS/train/train/images/scratches_45.jpg,scratches_45.jpg,scratches,filename_prefix,.jpg,62c747044d5744d1b985f4123983f57e8ac130cb66ffd4cd415d2873094c8672,b8ba92e2dd6beabdf10335291f6cd37c6a3b151aa11db39d2841e6f5ab04d2f2,False,,data/NEU-CLS/train/train/images/scratches_45.jpg,True,,development
data/NEU-CLS/train/train/images/scratches_46.jpg,scratches_46.jpg,scratches,filename_prefix,.jpg,cc4ce3b9394afa13e4715d4ef0f878fb2982a0b52c5b4b1561e0eff80d6dedcd,ce913a2b2c9598f02fa879172fb35e73d90ce8e908957839b37f64d7c1d55538,False,,data/NEU-CLS/train/train/images/scratches_46.jpg,True,,development
data/NEU-CLS/train/train/images/scratches_47.jpg,scratches_47.jpg,scratches,filename_prefix,.jpg,ab7f194af65ec63adeed6df943a63393c334f88246170651321e6626629b40a0,4f77abaa3b6023e666a41f41aaf89681480470c2b13d4b1c921463975eaa009d,False,,data/NEU-CLS/train/train/images/scratches_47.jpg,True,,development
data/NEU-CLS/train/train/images/scratches_48.jpg,scratches_48.jpg,scratches,filename_prefix,.jpg,b4bd572594231c39df923fd9a81ae1cbfaa975054c2af4000ef1d7a3ceb21e8a,584f8363cbd6ea13646cd15e8c7fbe8177d8f18828dd23b113ea67e36470a931,False,,data/NEU-CLS/train/train/images/scratches_48.jpg,True,,development
data/NEU-CLS/train/train/images/scratches_49.jpg,scratches_49.jpg,scratches,filename_prefix,.jpg,e39f96db2c4012d8d67a10c8d39dc580e99cdac09112d4b5da5a047389b120e2,e1cd070e39d889a7903f3dd230b74eeb42953aa3c6fde7269c34334526911323,False,,data/NEU-CLS/train/train/images/scratches_49.jpg,True,,test
data/NEU-CLS/train/train/images/scratches_50.jpg,scratches_50.jpg,scratches,filename_prefix,.jpg,758368569146183dac0848ccc2193f160ee9599a28c9976ceee557058971d178,46961c423a1828f2d85f5079e1e067aef6816e349842222117d4cbb70df289fa,False,,data/NEU-CLS/train/train/images/scratches_50.jpg,True,,development
data/NEU-CLS/train/train/images/scratches_51.jpg,scratches_51.jpg,scratches,filename_prefix,.jpg,f772fdadf1cb110c929ec3b3204a390c7a64713141bbc666e6872fd163fc7e6c,f458a093d7b5b731d564f36dee7acdf6054f8a19d103c59d97f2535423006010,False,,data/NEU-CLS/train/train/images/scratches_51.jpg,True,,test
data/NEU-CLS/train/train/images/scratches_52.jpg,scratches_52.jpg,scratches,filename_prefix,.jpg,dd38b433da3cdc86d90aa14b5394c82ce3441eaa1e1bba8d304b088d929b5c15,454858afdfbc42ca214dd3f01263b8bb5ee2ec6f578ef1a86df2c12d90705535,False,,data/NEU-CLS/train/train/images/scratches_52.jpg,True,,development
data/NEU-CLS/train/train/images/scratches_53.jpg,scratches_53.jpg,scratches,filename_prefix,.jpg,3bcac890eee84445a798a20289599d44e664300658111da743a4073900a95a41,0e5ce61b548bd4353d56b98088d8fa8a377232a313852920aea3351dc064f0ed,False,,data/NEU-CLS/train/train/images/scratches_53.jpg,True,,development
data/NEU-CLS/train/train/images/scratches_54.jpg,scratches_54.jpg,scratches,filename_prefix,.jpg,f5d65ef7d240395e5a5d421abe66da227dd4047891a81c276acf1cc7ab34a0bb,84f97eaf2a7ea4e3ba1886d2c51ed8a8e88a8d4c058514871484dbdc133a2754,False,,data/NEU-CLS/train/train/images/scratches_54.jpg,True,,test
data/NEU-CLS/train/train/images/scratches_55.jpg,scratches_55.jpg,scratches,filename_prefix,.jpg,93a94941ea35cdcd24a196fb0b12aa9b2bd082ce839e67fbdb237e96a8c03f7b,733205282ffa7e6d5343511c02950375d4ba77c3e5047b02f4a813f3d92d8d94,False,,data/NEU-CLS/train/train/images/scratches_55.jpg,True,,development
data/NEU-CLS/train/train/images/scratches_56.jpg,scratches_56.jpg,scratches,filename_prefix,.jpg,5d8ab302afd6923b3f5573fd369b925a99302a031c565352af3556b36b4c78a3,b4ec9ca679f5fddfafeba9718ee667f4baa1f107c006aa659d80dbb5693869e2,False,,data/NEU-CLS/train/train/images/scratches_56.jpg,True,,development
data/NEU-CLS/train/train/images/scratches_57.jpg,scratches_57.jpg,scratches,filename_prefix,.jpg,b46371506a9386702aa82e3707f8d315ecec02f17912f76f6aaefaac87946d53,88c03fc6a15a6a5800b7a20ce6ec07c795e15cb11aa9b91670fe7514f37a31cf,False,,data/NEU-CLS/train/train/images/scratches_57.jpg,True,,development
data/NEU-CLS/train/train/images/scratches_58.jpg,scratches_58.jpg,scratches,filename_prefix,.jpg,c756058aafb82eb234af08537dc69e4f96e69b84ca7d019d9acf4e673e359582,f033cd2415f21131ae3202555f48ea238e2bd9cff2eb8564d87a72a86747eef1,False,,data/NEU-CLS/train/train/images/scratches_58.jpg,True,,development
data/NEU-CLS/train/train/images/scratches_59.jpg,scratches_59.jpg,scratches,filename_prefix,.jpg,5681e8705d15961faea00d3225aacbf31eea774faebf4a0b7df6e5903a107c94,9e594441706f7ff845727059a7fe9fc259a2497233d7344c724fb7cfc495f628,False,,data/NEU-CLS/train/train/images/scratches_59.jpg,True,,test
data/NEU-CLS/train/train/images/scratches_6.jpg,scratches_6.jpg,scratches,filename_prefix,.jpg,cb03aeb9bd78d5b28768ff9fb9b55edeedfe2617e11400a1391eea34d60ec285,a44db7b32d934779c3e8b79bf9cef19623ae0a185e5468e682f1c1a62b2886e3,False,,data/NEU-CLS/train/train/images/scratches_6.jpg,True,,development
data/NEU-CLS/train/train/images/scratches_60.jpg,scratches_60.jpg,scratches,filename_prefix,.jpg,0c8af0a11fea79c84b240ccaf15d1d958f67f1259ab66b6633e12c86e05c54df,fa0bbad5f265c3b43e203c3878496b05f5236261a736ac474be14cc06c401f01,False,,data/NEU-CLS/train/train/images/scratches_60.jpg,True,,test
data/NEU-CLS/train/train/images/scratches_61.jpg,scratches_61.jpg,scratches,filename_prefix,.jpg,3eaa5ab2b314c9c0e39e3b164711c4c4032fee3e2bbcd31fd88f4e483787f634,4e2eb6510a74eeca1babc6e4a7aa3799934361f49c09f0dd7e67e5f07d12f70b,False,,data/NEU-CLS/train/train/images/scratches_61.jpg,True,,development
data/NEU-CLS/train/train/images/scratches_62.jpg,scratches_62.jpg,scratches,filename_prefix,.jpg,836b98d7c217f5e61b9bc2e5c0adb7f59db0a2df31943d783581e712b82fb48a,fc1bd661635a6ae323f837f6ce36b95c8750e27a5f3eb37d083026069bf258db,False,,data/NEU-CLS/train/train/images/scratches_62.jpg,True,,development
data/NEU-CLS/train/train/images/scratches_63.jpg,scratches_63.jpg,scratches,filename_prefix,.jpg,cddf7573256ad9017ac18d1bfa81e49ae87d0cda40a01ff63d6be0b1ae720348,76ae2b36997d47552aef0af03d73501da9a68be98c6a278852df18d2972c0d54,False,,data/NEU-CLS/train/train/images/scratches_63.jpg,True,,development
data/NEU-CLS/train/train/images/scratches_64.jpg,scratches_64.jpg,scratches,filename_prefix,.jpg,7d99c9e9cbaf265ce716c689bbab80e30ea79134559190126afdf2695165619c,a8bd3a76692c8f80c64f3ea1ffe0a2faafae1c0b3be603bdf06df606aa82dccc,False,,data/NEU-CLS/train/train/images/scratches_64.jpg,True,,development
data/NEU-CLS/train/train/images/scratches_65.jpg,scratches_65.jpg,scratches,filename_prefix,.jpg,6d0e29f19f167c5e34bce00ec93c0b6f58c3905d23d53fef977d7dd27f2b5ea8,dd27a28f34b1d138888c1f4593349701e98057e7015dfb4937ae18655a2de903,False,,data/NEU-CLS/train/train/images/scratches_65.jpg,True,,development
data/NEU-CLS/train/train/images/scratches_66.jpg,scratches_66.jpg,scratches,filename_prefix,.jpg,883988251961da0342ce6f0b3d2a5658d77b78603c246c19f9b325b8b419cd14,1211fedf7a434b4026c41f949e60c95c3c6bf3bfd3c8da942d2eae0b57e65c99,False,,data/NEU-CLS/train/train/images/scratches_66.jpg,True,,test
data/NEU-CLS/train/train/images/scratches_67.jpg,scratches_67.jpg,scratches,filename_prefix,.jpg,cd9d73852c23f8ddd6a2729fda97cbe965fb20e4c85b21c2f5e44d5ea886a289,6c5189dc15dec318fd5ee991623f25497f6cc823b8f4deeccda54332abd784d9,False,,data/NEU-CLS/train/train/images/scratches_67.jpg,True,,development
data/NEU-CLS/train/train/images/scratches_68.jpg,scratches_68.jpg,scratches,filename_prefix,.jpg,65121e6d4710b6e80a595e3b8212c8c99ae5535bc0b2dd3d1b09c966b09341dd,dbdf8f7ecaf4ae1c62b7f3172d9a5fc966730d79ba134897dc73bd71163c6e34,False,,data/NEU-CLS/train/train/images/scratches_68.jpg,True,,test
data/NEU-CLS/train/train/images/scratches_69.jpg,scratches_69.jpg,scratches,filename_prefix,.jpg,61f13b13ef12c191b6191692fecbfb215e939f23c5e8f6b4756e7d8431c1d814,b978fd3ef80a3cb8ec824d6c22a2fb5f74f0027bb794ba672b8fc1048440ed9f,False,,data/NEU-CLS/train/train/images/scratches_69.jpg,True,,test
data/NEU-CLS/train/train/images/scratches_7.jpg,scratches_7.jpg,scratches,filename_prefix,.jpg,150ffc419c103081f8c192b60d27d5019512633184d45cc78cc7e8f4413b3b0b,c697fdde00c4f52f0ec342aa88f59665abb9d6aae67a3ccd29cac52947f248db,False,,data/NEU-CLS/train/train/images/scratches_7.jpg,True,,development
data/NEU-CLS/train/train/images/scratches_70.jpg,scratches_70.jpg,scratches,filename_prefix,.jpg,5e36d31d04d2f41d47ade42df79f55cc74d4a8c32e40c9316a1a0f08ffc50768,0fa8c44b28ff83623a2ac28d4959fe18d601e7ede6b5a87424ef7c84ed34740e,False,,data/NEU-CLS/train/train/images/scratches_70.jpg,True,,test
data/NEU-CLS/train/train/images/scratches_71.jpg,scratches_71.jpg,scratches,filename_prefix,.jpg,56f53870f0da42c81bd067c953afe9a891e704b0b178bcae46c6c59fc7d3fcaa,503268cc24d81d7788e4a19961c8a6f3afc73f477f67600f8ad6d5618c6c16ab,False,,data/NEU-CLS/train/train/images/scratches_71.jpg,True,,development
data/NEU-CLS/train/train/images/scratches_72.jpg,scratches_72.jpg,scratches,filename_prefix,.jpg,a959ecae55ba0edb6e5fc0622131cf49bd22dec8a386a16da0948df0bd0ff29a,15422ef3547b9fd63c04068176fb909da3625ae4eea6cf4bca39b563f323b055,False,,data/NEU-CLS/train/train/images/scratches_72.jpg,True,,development
data/NEU-CLS/train/train/images/scratches_73.jpg,scratches_73.jpg,scratches,filename_prefix,.jpg,3d85a326f477da24bf6d84411a65ffbfc93e1a5fd7187fdf3c530e04aed886fb,4f9de3f4498b58864edbe7731648582c5710bc9c956a25fba1c4cf6b5da490e8,False,,data/NEU-CLS/train/train/images/scratches_73.jpg,True,,test
data/NEU-CLS/train/train/images/scratches_74.jpg,scratches_74.jpg,scratches,filename_prefix,.jpg,7c1919325465e8a762552e839a93c141ca6d44777136e663676fbb3644fc6eaa,029d2516b260ae73112a30020d3b0ced8cee51dfc16094a1fde23939ca749d43,False,,data/NEU-CLS/train/train/images/scratches_74.jpg,True,,development
data/NEU-CLS/train/train/images/scratches_75.jpg,scratches_75.jpg,scratches,filename_prefix,.jpg,76e7b6a0047b0f68573828f4aa67453e3c515a7f93c7b67bfdcfe9eca518feb7,6f2c1bfff556e63721b91f88fee81bb7095df922081a785ac060b91f7ad4c781,False,,data/NEU-CLS/train/train/images/scratches_75.jpg,True,,test
data/NEU-CLS/train/train/images/scratches_76.jpg,scratches_76.jpg,scratches,filename_prefix,.jpg,80608058e915f920b897fa32d1c3a2ab583f3fd21acd5742f77cfb2c413c8058,eab2e241eede72ec87077cdc7778b22e7e9514703527815c503a8c4a4a4c9c81,False,,data/NEU-CLS/train/train/images/scratches_76.jpg,True,,development
data/NEU-CLS/train/train/images/scratches_77.jpg,scratches_77.jpg,scratches,filename_prefix,.jpg,0f30ad864afb086b06c24e27574fb0ebe3412b58ee8173ece1d047eef34116d8,da7a9a57a9436fccc3371696a11258799208a6054a1f21eacb98605ddac7a31c,False,,data/NEU-CLS/train/train/images/scratches_77.jpg,True,,development
data/NEU-CLS/train/train/images/scratches_78.jpg,scratches_78.jpg,scratches,filename_prefix,.jpg,f49a4f4de991681f64f39e2393a488b5753a603a499b2234b0cbc8d494416f2a,c5e0d929f58e38cbfa2e8cf81d0cce968e42727b929ed75df3a70817092d1503,False,,data/NEU-CLS/train/train/images/scratches_78.jpg,True,,development
data/NEU-CLS/train/train/images/scratches_79.jpg,scratches_79.jpg,scratches,filename_prefix,.jpg,11528fc593f9a25b6a691f06d1309f34660e6583dd7ea9939e06491eb6b68274,14974fb1f3698011ca744d28c5aac470a000011943ce028a5f991a9cc0bbcea8,False,,data/NEU-CLS/train/train/images/scratches_79.jpg,True,,development
data/NEU-CLS/train/train/images/scratches_8.jpg,scratches_8.jpg,scratches,filename_prefix,.jpg,955c57d2a7b44986a8e17d4171f42c4d17b4f93314cd9a4bf48a3c3e9123e38d,7eec45091e2189e5877064808ba0ffc5c774b5ba13a7d7fde5cf59c7fee9adc3,False,,data/NEU-CLS/train/train/images/scratches_8.jpg,True,,development
data/NEU-CLS/train/train/images/scratches_80.jpg,scratches_80.jpg,scratches,filename_prefix,.jpg,7be113457f8fc94dee9e4b7a325e6b787999ea83e39f6c7389618582e8146a98,d67ad90258ab842ae17b40f36a6dcf5c5f9f546fb55197dbc06aa4981e4b02d1,False,,data/NEU-CLS/train/train/images/scratches_80.jpg,True,,development
data/NEU-CLS/train/train/images/scratches_81.jpg,scratches_81.jpg,scratches,filename_prefix,.jpg,18601fce531059a2faee79d8b1d9881964b1fd486c837c99fc0bb970bcb9d7ad,e0c6f35b6a10d723ee39df1d88984fb6d00fcbcc64d2622c4dd9a01e960420e5,False,,data/NEU-CLS/train/train/images/scratches_81.jpg,True,,development
data/NEU-CLS/train/train/images/scratches_82.jpg,scratches_82.jpg,scratches,filename_prefix,.jpg,6d38da963a2d6b10870b423a6761769a8e4e6235e4538522cacf503e5ce1c0e5,f899a917a77109d45f761c135e0aa90599d2494f88511df09a970e7556f4a23d,False,,data/NEU-CLS/train/train/images/scratches_82.jpg,True,,development
data/NEU-CLS/train/train/images/scratches_83.jpg,scratches_83.jpg,scratches,filename_prefix,.jpg,3fa1db26236a08d8aa468d37a484fba3351869ff4081fc560f2fad60e3a91e28,f6d8ed0ffa994b2b04ac41d06ca358e07dbbff8f09a2b3d18fa110bad4a85f7a,False,,data/NEU-CLS/train/train/images/scratches_83.jpg,True,,development
data/NEU-CLS/train/train/images/scratches_84.jpg,scratches_84.jpg,scratches,filename_prefix,.jpg,0e25a596a7ddcb6b78b1f608c01a9ab168748556ee87e7feb2293ce3de87cd78,ffe4c61c5827cd1cc24d41af8f633ed783d91a253d3ec8e9bba6b82e38ac7a52,False,,data/NEU-CLS/train/train/images/scratches_84.jpg,True,,development
data/NEU-CLS/train/train/images/scratches_85.jpg,scratches_85.jpg,scratches,filename_prefix,.jpg,31a229ddb970db1b9da2ba0c08670ee44380d9e1ecfb0921780a5806bda96663,692c7a75d1aee3b3c750b023e51b29d5601ecb290264c49114057ccd20e83cc7,False,,data/NEU-CLS/train/train/images/scratches_85.jpg,True,,development
data/NEU-CLS/train/train/images/scratches_86.jpg,scratches_86.jpg,scratches,filename_prefix,.jpg,cac62465b7def9d197411a35f77cf35b291f957dae5bca8adbc5ad1708744249,59efac027cd9aba192717b6d2d9e02d76c74ecacbf3377d548014d7fd3d6a439,False,,data/NEU-CLS/train/train/images/scratches_86.jpg,True,,development
data/NEU-CLS/train/train/images/scratches_87.jpg,scratches_87.jpg,scratches,filename_prefix,.jpg,83d98ea2597e4bf47fcaa8fb4f5df31c347fc89bfd88f57d5ef9035b6d013382,5a9f59f701104c6b08e3fd4cb7c9c055cc089666a059e599fbe34c546f0feb32,False,,data/NEU-CLS/train/train/images/scratches_87.jpg,True,,development
data/NEU-CLS/train/train/images/scratches_88.jpg,scratches_88.jpg,scratches,filename_prefix,.jpg,60c8756c32648ebad1dddd7df9a2d5105db9f18941ec159bf0294d760009af51,8b26f9897e342fcf3a7742a25bbb9ee5638851b1cb9325e0484a3fc1bb44f0d4,False,,data/NEU-CLS/train/train/images/scratches_88.jpg,True,,development
data/NEU-CLS/train/train/images/scratches_89.jpg,scratches_89.jpg,scratches,filename_prefix,.jpg,2384449a35b02b37ab9678138e8c631214475d595867dfa6c1fa4c83ac5f36b1,b6e6ec709ca1e271bcb7280b31b80d55b0416baa53f8be88c2372a3561683eca,False,,data/NEU-CLS/train/train/images/scratches_89.jpg,True,,development
data/NEU-CLS/train/train/images/scratches_9.jpg,scratches_9.jpg,scratches,filename_prefix,.jpg,345c4f6e6f0f2fcd9f9be2df77a9a9ac9bcb74a3594fb51ebec3ef9c5ea1ba41,2ba1a57abdb9fc1639b78285a81ed1b248e19c6b07e3925e55dd993317f205f3,False,,data/NEU-CLS/train/train/images/scratches_9.jpg,True,,development
data/NEU-CLS/train/train/images/scratches_90.jpg,scratches_90.jpg,scratches,filename_prefix,.jpg,3ab8a57c251a314ecb243bd97375429ffcf365f30b79042642b0d2e7c57ec820,0cda931ebee4d4184c989dcc4c4108146f466313e5660c8bc5fd1082ee799242,False,,data/NEU-CLS/train/train/images/scratches_90.jpg,True,,development
data/NEU-CLS/train/train/images/scratches_91.jpg,scratches_91.jpg,scratches,filename_prefix,.jpg,813631d06c87300d272a76afcfee0cd684879c9ef83c2b54a2d01ff13691ca80,48587210c7d997a98f5f896fa62003d0f240368ce897ea8c458ff99009db0627,False,,data/NEU-CLS/train/train/images/scratches_91.jpg,True,,test
data/NEU-CLS/train/train/images/scratches_92.jpg,scratches_92.jpg,scratches,filename_prefix,.jpg,78f0f67d7827a24cee83e9e3f8c7698f362bb37725243568d2ef547d66945704,6553e0fc1fe8d1abeecc3e30ade7c6b8816d0ad0738eb794e309b31e40f40704,False,,data/NEU-CLS/train/train/images/scratches_92.jpg,True,,development
data/NEU-CLS/train/train/images/scratches_93.jpg,scratches_93.jpg,scratches,filename_prefix,.jpg,f2c63aa948bc31467e855168bb2b85fd37c2564c555d61655ceee222662037d3,3f2a49509a713a66106e9126b50af3ed7152c5665144ffa9d5c9273663a35e0f,False,,data/NEU-CLS/train/train/images/scratches_93.jpg,True,,development
data/NEU-CLS/train/train/images/scratches_94.jpg,scratches_94.jpg,scratches,filename_prefix,.jpg,f800f9f5e2181940b19a12bd8d488d374bf2d3f17ba8aee0a3708b222c5e8996,cca155f74c4116d3cb2562ac121083f340542d4ca28b597c6bcdc7547657a185,False,,data/NEU-CLS/train/train/images/scratches_94.jpg,True,,development
data/NEU-CLS/train/train/images/scratches_95.jpg,scratches_95.jpg,scratches,filename_prefix,.jpg,cf7df984c2b5a1d0dedc493859c99729645d851fc2c136e847acde750b1e1e78,1e4e002ea736b667cd5ec603735d89d5017823c9dc2ad27ed1c665fb52647c25,False,,data/NEU-CLS/train/train/images/scratches_95.jpg,True,,development
data/NEU-CLS/train/train/images/scratches_96.jpg,scratches_96.jpg,scratches,filename_prefix,.jpg,f1901ab02ee93901ed9f372eb0060c5ba09fabaec1e9a18faa56652eff8ed9f2,084fec3bbe6b34d885ee724d1abed87ec283e56c643c2dbb12e54f1572b2d798,False,,data/NEU-CLS/train/train/images/scratches_96.jpg,True,,development
data/NEU-CLS/train/train/images/scratches_97.jpg,scratches_97.jpg,scratches,filename_prefix,.jpg,a676d6115dd0e39e2cf5ee2e8aa6cf784c6d6b1156f7da3f202e962bf5f67d32,3beee2abe437389d410223decf13bd99973e631f8bb381e78bc24cf02ee178c0,False,,data/NEU-CLS/train/train/images/scratches_97.jpg,True,,development
data/NEU-CLS/train/train/images/scratches_98.jpg,scratches_98.jpg,scratches,filename_prefix,.jpg,38d29272c69d03f3dae4da3fa497ba33bcb3f19caf3fdcb65d5773bbced0f585,1b6865b379694778fc86c5222d76e7196ef70d688eb30a8d566fba2a845cbe16,False,,data/NEU-CLS/train/train/images/scratches_98.jpg,True,,development
data/NEU-CLS/train/train/images/scratches_99.jpg,scratches_99.jpg,scratches,filename_prefix,.jpg,b69942dc74c0fec6a6d6166831f68b4273558ae5ba4b10e67688106bcb309cab,ec08bcf64de92e8e0d3895704c1e0fdf6d56443145901172246c0e284f2f7f5e,False,,data/NEU-CLS/train/train/images/scratches_99.jpg,True,,development
data/NEU-CLS/valid/valid/images/crazing_1.jpg,crazing_1.jpg,crazing,filename_prefix,.jpg,5278cd3695adbcbd7a16a7e4b2c6bc27f18095ab8a1e034d2b06c0fc42020eca,b897b86584aff73ec55c91de61b2838235a2a50f82931e8d60305692d2251dcb,False,,data/NEU-CLS/valid/valid/images/crazing_1.jpg,True,,development
data/NEU-CLS/valid/valid/images/crazing_2.jpg,crazing_2.jpg,crazing,filename_prefix,.jpg,c49651a58066f155f1efc0a488bf7415d3d1ef0fb2948f6c2ee6e8296411c9be,5e0ca61598666143a5436fa58a20206b98a85ce127a3249e065844c9c613df18,False,,data/NEU-CLS/valid/valid/images/crazing_2.jpg,True,,development
data/NEU-CLS/valid/valid/images/crazing_3.jpg,crazing_3.jpg,crazing,filename_prefix,.jpg,155778cd3e7c82e81ea80a956a015f4eb3d0d09828fca6956eb8883edc39d123,47c1ca3e56894555fd4ba00e4f28dd0bed9245d7226a9c8b4e7cc3989814c5c8,False,,data/NEU-CLS/valid/valid/images/crazing_3.jpg,True,,test
data/NEU-CLS/valid/valid/images/crazing_4.jpg,crazing_4.jpg,crazing,filename_prefix,.jpg,0f52f3882d3ffc77a5f20c2c4b557a6a79620090e6f8ef9a0568ed508749e436,0f227283d421362139e176434a1fa40a8978205ece491001209ceb3f07a36be0,False,,data/NEU-CLS/valid/valid/images/crazing_4.jpg,True,,development
data/NEU-CLS/valid/valid/images/crazing_5.jpg,crazing_5.jpg,crazing,filename_prefix,.jpg,efcdf6413c7265a1492cf9e9de37ae8b260061b60b06a0212dc9c9b840cb4ab2,ed0e4c6a8d378129a14a18020e71c91326b907af7724db5d94af5213f83cbe59,False,,data/NEU-CLS/valid/valid/images/crazing_5.jpg,True,,development
data/NEU-CLS/valid/valid/images/inclusion_1.jpg,inclusion_1.jpg,inclusion,filename_prefix,.jpg,2b0a6eff755d5c5867d3e3ca6b26af9548813e50c9b12b0f3381a49560a42634,a5a674340b9c396a021d60e7d711b42e87b9b8a1a3bd985e29f7d7a3111dabf2,False,,data/NEU-CLS/valid/valid/images/inclusion_1.jpg,True,,development
data/NEU-CLS/valid/valid/images/inclusion_2.jpg,inclusion_2.jpg,inclusion,filename_prefix,.jpg,92befa6113c232f8fa98365a9e491fea7ce06e64bca4ba70ba78655dd1a2a864,2e8407dffc8679c631749b7023166655b5396162eb16726aff02b787845ecaa4,False,,data/NEU-CLS/valid/valid/images/inclusion_2.jpg,True,,test
data/NEU-CLS/valid/valid/images/inclusion_3.jpg,inclusion_3.jpg,inclusion,filename_prefix,.jpg,35177212789df9229865a2c8a025e2e68a41f248bfe9ee979360f8fe8dc856c2,aae08537aff0816092600ebde32e1331f28bc3348a1800a96827e65c8e01e960,False,,data/NEU-CLS/valid/valid/images/inclusion_3.jpg,True,,development
data/NEU-CLS/valid/valid/images/inclusion_4.jpg,inclusion_4.jpg,inclusion,filename_prefix,.jpg,abbc7412b645883c3266b64f5cf04870aa6969031641f02788122aa7539f65d6,cb43b10ae3058cf06f859e6833a0802b93267616e543f8fd802f0183a2162c9c,False,,data/NEU-CLS/valid/valid/images/inclusion_4.jpg,True,,development
data/NEU-CLS/valid/valid/images/inclusion_5.jpg,inclusion_5.jpg,inclusion,filename_prefix,.jpg,d01acc37fb22a3ab0d4f6ab6632f7666a4df27f1f75653ce2cb7c6f5c58ce0cb,f8c5684cd04b96399188801440e708efd63a00b3c26baf9bff8a0902bdd731ef,False,,data/NEU-CLS/valid/valid/images/inclusion_5.jpg,True,,development
data/NEU-CLS/valid/valid/images/patches_1.jpg,patches_1.jpg,patches,filename_prefix,.jpg,0ea4843aa7801ce5a5e672ec8c0266d4910aa7d740955f38d087b38154d0fe67,060cbf24a19b047228c0a4dafe0920e921dc7c23b599cfc805c858fbd06ebf59,False,,data/NEU-CLS/valid/valid/images/patches_1.jpg,True,,test
data/NEU-CLS/valid/valid/images/patches_2.jpg,patches_2.jpg,patches,filename_prefix,.jpg,2fdb317049ad4e9e14742cd8e134d9c0037d7569c316ac992a449ecbf58101d0,6d1217f76bf0cd71e77cf394f4b66ef66e8bc9f99d239b29df817ac4218c16ca,False,,data/NEU-CLS/valid/valid/images/patches_2.jpg,True,,development
data/NEU-CLS/valid/valid/images/patches_3.jpg,patches_3.jpg,patches,filename_prefix,.jpg,2d6e349a35ac2ed4949e6a4b5f50ffef1e0b26172cef027405eea6c188dff699,e4ff12d94f1918017a60e5beffefd93d238544b42c28b52554b48d066b53ec56,False,,data/NEU-CLS/valid/valid/images/patches_3.jpg,True,,development
data/NEU-CLS/valid/valid/images/patches_4.jpg,patches_4.jpg,patches,filename_prefix,.jpg,3fa9c68092dd6daf47855bd70c9120cd3066cd9aed6d5b34e542a670aba124cc,00dc021ff8ec63d9276827c1e8c7caec34d72f42ffba566fbf1ed2244e4b4cd3,False,,data/NEU-CLS/valid/valid/images/patches_4.jpg,True,,development
data/NEU-CLS/valid/valid/images/patches_5.jpg,patches_5.jpg,patches,filename_prefix,.jpg,9f9d4356fbfc6f750225be8706c3c87c80749db66d5c68edaf43612c936909f2,8e97375c8f3cd215c3ad50bbd6af1e4828de3c53eb9e073fe414090044defc14,False,,data/NEU-CLS/valid/valid/images/patches_5.jpg,True,,development
data/NEU-CLS/valid/valid/images/pitted_surface_1.jpg,pitted_surface_1.jpg,pitted_surface,filename_prefix,.jpg,38a0ece141350f5bed53c99da4d96ce25d42b3ed4248e536a579ab823abfb318,ce9b669e0fd172bef78487f5b4e5e04bfa56f6df374c94277a7fb20cda36ca5f,False,,data/NEU-CLS/valid/valid/images/pitted_surface_1.jpg,True,,development
data/NEU-CLS/valid/valid/images/pitted_surface_2.jpg,pitted_surface_2.jpg,pitted_surface,filename_prefix,.jpg,389add56187e37997a7eebf2d6fe105ce47a9619560436bfc1ea32ec08f73d76,324a36484c6707ffce0a27aa30bacdb4d53e126c995b5f3c02199cae28026651,False,,data/NEU-CLS/valid/valid/images/pitted_surface_2.jpg,True,,test
data/NEU-CLS/valid/valid/images/pitted_surface_3.jpg,pitted_surface_3.jpg,pitted_surface,filename_prefix,.jpg,03db264bd3a288ea60e0e40efd521e91f3d2c638a64df4fe9e51d1cce8617daf,348358c469963de7730c0a5e06dc0966a2075c7ada22071fee0940f12469f90a,False,,data/NEU-CLS/valid/valid/images/pitted_surface_3.jpg,True,,development
data/NEU-CLS/valid/valid/images/pitted_surface_4.jpg,pitted_surface_4.jpg,pitted_surface,filename_prefix,.jpg,d74f4eb848d694be8a3988fc327053dbea7dd0f0b2cbfc0fa48fc0a8a024b909,d9945e618c2b876868ba32d90651c34376ae49c0f31faa09c936d0c0364ad3d8,False,,data/NEU-CLS/valid/valid/images/pitted_surface_4.jpg,True,,development
data/NEU-CLS/valid/valid/images/pitted_surface_5.jpg,pitted_surface_5.jpg,pitted_surface,filename_prefix,.jpg,6484ec2d13587a91d44089148a7e64e5d9f51116715256d5d5b994f101b6b868,326330c8d3c85d5fb8157e5de1c58855f95ab2d4b4efd818dfa2f784e0f69d2a,False,,data/NEU-CLS/valid/valid/images/pitted_surface_5.jpg,True,,test
data/NEU-CLS/valid/valid/images/rolled-in_scale_1.jpg,rolled-in_scale_1.jpg,rolled_in_scale,filename_prefix,.jpg,e9d0358a2859da86a7a9cc75deb5c235fcb8b14e8773cd92e94593b0289736fd,dca80fbe66170b7ec01565c47208c6a07c1d2d7829511d934c0943b98d2e1d33,False,,data/NEU-CLS/valid/valid/images/rolled-in_scale_1.jpg,True,,development
data/NEU-CLS/valid/valid/images/rolled-in_scale_2.jpg,rolled-in_scale_2.jpg,rolled_in_scale,filename_prefix,.jpg,b8a7cfe68f9863ad7885f5b7e9cdbb7b26a7a22ff9d634f9f19fa8438bc76464,cb882c2816250a2c711880719f3d32e2bed37eaabb3ed713b1897a27e9065abe,False,,data/NEU-CLS/valid/valid/images/rolled-in_scale_2.jpg,True,,development
data/NEU-CLS/valid/valid/images/rolled-in_scale_3.jpg,rolled-in_scale_3.jpg,rolled_in_scale,filename_prefix,.jpg,146e4158d3a08e6c0c11c59efefc8c00c9324996be5cd4ec5697a88c89137636,72dd3bd5bead9d708a840135c585b13d23873ebbfab88a106b4795d85e10bdb0,False,,data/NEU-CLS/valid/valid/images/rolled-in_scale_3.jpg,True,,development
data/NEU-CLS/valid/valid/images/rolled-in_scale_4.jpg,rolled-in_scale_4.jpg,rolled_in_scale,filename_prefix,.jpg,9814344b48b76c748b56d2bbcbb54f74717ef39ab016872a3e0cca19ade9c143,1917106a242935deabfdfb93039658ca9e611924c2ceb8c49ba738bb79548646,False,,data/NEU-CLS/valid/valid/images/rolled-in_scale_4.jpg,True,,development
data/NEU-CLS/valid/valid/images/rolled-in_scale_5.jpg,rolled-in_scale_5.jpg,rolled_in_scale,filename_prefix,.jpg,33166fb0d46e89004e309ad0c42ca44360cb550e3597c24a1661a4264c1bec8a,efa18582b51e7897ffbe9d38dae5e0e22882f8eece840184dd9e8424430f124c,False,,data/NEU-CLS/valid/valid/images/rolled-in_scale_5.jpg,True,,development
data/NEU-CLS/valid/valid/images/scratches_1.jpg,scratches_1.jpg,scratches,filename_prefix,.jpg,500c46e2f5d7065d8c492b0cfb36c3ba77a85a744079bf6453dfc85e02b97a3c,1a09c47c77703160959e7a1e543ebf28ca52afb977893683d6c96828253f0987,False,,data/NEU-CLS/valid/valid/images/scratches_1.jpg,True,,test
data/NEU-CLS/valid/valid/images/scratches_2.jpg,scratches_2.jpg,scratches,filename_prefix,.jpg,960f6b75fb945308181a0736c176aff4c6fd94bb7e7956e26b04fd0cdbdf3657,b881446bdafb5021f6b4c23337bf8595f5189e8ad4d270881af5de9386fbbb05,False,,data/NEU-CLS/valid/valid/images/scratches_2.jpg,True,,development
data/NEU-CLS/valid/valid/images/scratches_3.jpg,scratches_3.jpg,scratches,filename_prefix,.jpg,f2e1cb55c6aff957fc5cb7b32703e675fbaf2d9c4ef6c6151e10ab25f48ce78c,e88ff08c83f842d64bc40b8532d09dcba8ca7abcacb782261975c5e5f3420ca6,False,,data/NEU-CLS/valid/valid/images/scratches_3.jpg,True,,test
data/NEU-CLS/valid/valid/images/scratches_4.jpg,scratches_4.jpg,scratches,filename_prefix,.jpg,d7a5a987b96863bb3cdd161c6f81c841ed7c9dadaf048db31fb3bdc70de95f21,052d1b8c0985e19bd2c33d8b9188340a3811eb86c870740f60366142deb7ea4a,False,,data/NEU-CLS/valid/valid/images/scratches_4.jpg,True,,development
data/NEU-CLS/valid/valid/images/scratches_5.jpg,scratches_5.jpg,scratches,filename_prefix,.jpg,dfe599fd61cf93513ab221e5731036badaa27b8a304d2c0e5f9b083128b6100c,bbae75217399584ab55eb45c34b8b77cae740b7d2a27fb8fd672a6267cacddb3,False,,data/NEU-CLS/valid/valid/images/scratches_5.jpg,True,,development
