path,class_name,width,height,mode,frames,greyscale,sha256,pixel_sha256,included,retained_path
data/NEU-CLS/train/train/images/crazing_10.jpg,crazing,200,200,RGB,1,True,522352a6c3532d45a64184b7b1435a74e8cdb732ebdc8e062ced67fa737cf63c,f858c2364ea8be3cef69f02b3cf7a583fb0a7bb503a02fe897036d85748cf679,True,data/NEU-CLS/train/train/images/crazing_10.jpg
data/NEU-CLS/train/train/images/crazing_100.jpg,crazing,200,200,RGB,1,True,9d0d09aec1914e8bdc876052f357c8d898acfe38d1f9eae835944e5de432f969,c06a87feee20ef9e357bf38f60c4bbc8dae7d0c176e2d76f826ebfb97c895315,True,data/NEU-CLS/train/train/images/crazing_100.jpg
data/NEU-CLS/train/train/images/crazing_101.jpg,crazing,200,200,RGB,1,True,0c4ccbfd539aa9d0a151f25b3e798fbad36d2a3532218bcc5c313f06c2c1dda4,e5b6a8d0ff1fc5a9d62b413e82283548cd8f8ca29819d5eee9ea391d57285f56,True,data/NEU-CLS/train/train/images/crazing_101.jpg
data/NEU-CLS/train/train/images/crazing_102.jpg,crazing,200,200,RGB,1,True,b4e276eb131f61b44084d0c06640b00cbaecbffb48d3a8f3120d7aaa5cc84a53,7f333691dc7481a5d356df8f75b5461f7545b003d109eae92859d46efeafbdce,True,data/NEU-CLS/train/train/images/crazing_102.jpg
data/NEU-CLS/train/train/images/crazing_103.jpg,crazing,200,200,RGB,1,True,244204c49439f6b663a277e2e8c65344e0f2e51b5c3c763fa02a3ae925933f64,7c3037d2c299a0d1421e797608e41c9f9e428b32c0646f33e367b5d2c95e9a52,True,data/NEU-CLS/train/train/images/crazing_103.jpg
data/NEU-CLS/train/train/images/crazing_104.jpg,crazing,200,200,RGB,1,True,1b60cd12649d9a695a693be42c29b1b3837fe81788b923a37546f6505b4e221c,384c74a3caee30d2fd52c81676d7c703cb578e0c701d498107e46894945a51ed,True,data/NEU-CLS/train/train/images/crazing_104.jpg
data/NEU-CLS/train/train/images/crazing_105.jpg,crazing,200,200,RGB,1,True,1163a4f6e0a9f9fc950748e1abe52b6c6fc6d8253d13fb36af3c90e78aaee884,3e4b65e16c56c8f9bf15f7ddc38abd1ba4a877caf47e15c0387942f66f246777,True,data/NEU-CLS/train/train/images/crazing_105.jpg
data/NEU-CLS/train/train/images/crazing_106.jpg,crazing,200,200,RGB,1,True,1dc8951b8ea88596d00487e98772e8c2a5403940e94772ae5ee7363e4718a287,8626ac17d1282c7a492d89d2396c903d9613369879e35d2c5f9a2f43f699b8de,True,data/NEU-CLS/train/train/images/crazing_106.jpg
data/NEU-CLS/train/train/images/crazing_107.jpg,crazing,200,200,RGB,1,True,e1bddbbe0200853e17a71649a61eb6867286847f6a532e270769d4f345e183ed,332a304ce9c4ad0b5cfe3fc6a640365645abfca5cd944c1408d2c68e56f7e1eb,True,data/NEU-CLS/train/train/images/crazing_107.jpg
data/NEU-CLS/train/train/images/crazing_108.jpg,crazing,200,200,RGB,1,True,f3fa6a34aecaa1af2e1e31c2359b1d730f450c166377a622ef29f85848c26c54,c8b68ff6fc72fede088ba09d19763291f99376817728a2cf748d54825d8d82b9,True,data/NEU-CLS/train/train/images/crazing_108.jpg
data/NEU-CLS/train/train/images/crazing_109.jpg,crazing,200,200,RGB,1,True,798ada3a99c5c1d694902dbe04a9b74f834f9b21f1c7477eeefede49256dce06,0f7b661de4efd0c0aef9bdd7511c68fa64fe73d0a9c3aa5738b74165047366bd,True,data/NEU-CLS/train/train/images/crazing_109.jpg
data/NEU-CLS/train/train/images/crazing_11.jpg,crazing,200,200,RGB,1,True,dd961ee1c4139335b50ffa9ba2c6b8d366d92c82107b3fc0b8ed6f3957db6f3c,ccd1575ccfa1103f3eeb69fb16041c217f937b26f1cb91a374591cf60c480047,True,data/NEU-CLS/train/train/images/crazing_11.jpg
data/NEU-CLS/train/train/images/crazing_110.jpg,crazing,200,200,RGB,1,True,7ee07aebfe8997bd5c57f958e494b9468fd788b10a73a7f390e777e7602f938d,cfb43319f44ee1c14a63a7973dc46820e8271d651e885bb94de5f8b3701a844d,True,data/NEU-CLS/train/train/images/crazing_110.jpg
data/NEU-CLS/train/train/images/crazing_111.jpg,crazing,200,200,RGB,1,True,28e8357c2731740ea42757c69d52e9308119cda379da601a8fbd63bb83b68962,0f0daed326057a37bf72a9c16113195e60ff64eaf3b5d1459725c1f687cec755,True,data/NEU-CLS/train/train/images/crazing_111.jpg
data/NEU-CLS/train/train/images/crazing_112.jpg,crazing,200,200,RGB,1,True,851ad33e391aae4854136029058467881d156d4318714c60542f5d2acc4cfcec,a2d1bd3b5ada1354e2ed8bf1be4ba8d3a4b5163ebf6d3fcba2be1ff29b4ac12a,True,data/NEU-CLS/train/train/images/crazing_112.jpg
data/NEU-CLS/train/train/images/crazing_113.jpg,crazing,200,200,RGB,1,True,d3b215c4e9bdac856fce33b9c59029583439010135c26d9e75adc24744594d32,001ee079d1811eba1cf6a69a275c84bb363c02df3deb2d2fff6df9c5141ed636,True,data/NEU-CLS/train/train/images/crazing_113.jpg
data/NEU-CLS/train/train/images/crazing_114.jpg,crazing,200,200,RGB,1,True,bfbf237d5d9cdd29527db2d4c2a7d825d3cbcf8a188977f812917b6b49519781,edd4e282110a2ada49786127eeb8a5997dc4c818def3c10e378869fd08165cd6,True,data/NEU-CLS/train/train/images/crazing_114.jpg
data/NEU-CLS/train/train/images/crazing_115.jpg,crazing,200,200,RGB,1,True,778fb5214ca3559c563dc5f7e498f51285f45fa4fae0e04db78206b3b9c4304d,a08b87733136d8a6e3e5cbf26265cb5a64f555b839a69644d8e4f757e85b173f,True,data/NEU-CLS/train/train/images/crazing_115.jpg
data/NEU-CLS/train/train/images/crazing_116.jpg,crazing,200,200,RGB,1,True,941e6bd4be28f83dc5892c69fbca178867d385d6088d0310c942ebdefb9f8b59,e37aa6d66346aa420d63310653f44a25ad6cf5359feda7ed266384ca474120fc,True,data/NEU-CLS/train/train/images/crazing_116.jpg
data/NEU-CLS/train/train/images/crazing_117.jpg,crazing,200,200,RGB,1,True,20db791a37ebb26f078cf8575568a3b147256ba5477fed59fb9755db7e9ca3c4,b3a7c010ec3a821f8db63ba8eaf273b2c453b6c84f6d75318a45ba19e4b45d18,True,data/NEU-CLS/train/train/images/crazing_117.jpg
data/NEU-CLS/train/train/images/crazing_118.jpg,crazing,200,200,RGB,1,True,f9c42b5730267693e831f3286b900e8df2eca14441380c75975e0e1ac10ffcd9,000160f844dd1ece06538c1e1749d665f5627266372a16fb0a3c9976537fa9c5,True,data/NEU-CLS/train/train/images/crazing_118.jpg
data/NEU-CLS/train/train/images/crazing_119.jpg,crazing,200,200,RGB,1,True,812c159da60d62e21e3c1e56b720385cd0b0a2c5dbdd19503612b355915e433e,b22fcbb69ceef0349f2ecbf1cd787fdef477771884fa150a6caeba2fe611509e,True,data/NEU-CLS/train/train/images/crazing_119.jpg
data/NEU-CLS/train/train/images/crazing_12.jpg,crazing,200,200,RGB,1,True,13311f667aec82e20670265337866b50a4a546dd6845f3700fda088c0172afeb,27628e484be29a3981b71671061b5314a6c9faa770b1b30bd8b03423e44d1fea,True,data/NEU-CLS/train/train/images/crazing_12.jpg
data/NEU-CLS/train/train/images/crazing_120.jpg,crazing,200,200,RGB,1,True,9e88d467b31b526f0cf3732264d72af070365a87edfcbcccbe0f9a3845a30974,cc744defcf4aa1e6bade35a48db49daa8bd2eb800394203ac01c02402dfd2ef5,True,data/NEU-CLS/train/train/images/crazing_120.jpg
data/NEU-CLS/train/train/images/crazing_121.jpg,crazing,200,200,RGB,1,True,e8a92b1981daca6071464cad61b03a41cabe33e921d01d4c12ccc767576457c0,a2ccc093d9172a31312a705f3e6346092e54caa635cdae66819df4a83bf922c3,True,data/NEU-CLS/train/train/images/crazing_121.jpg
data/NEU-CLS/train/train/images/crazing_122.jpg,crazing,200,200,RGB,1,True,1e6cb35c14532fa7d1a47012c2a6c0b5117eaf6f8ece0870a12b4d0a7b3e2bee,a43af1314c280f65e56cfae34a893469ecc5c103590849a85e65cf4390b8412b,True,data/NEU-CLS/train/train/images/crazing_122.jpg
data/NEU-CLS/train/train/images/crazing_123.jpg,crazing,200,200,RGB,1,True,bb2020c554decdfbc6a8499e2d9179781e2aa3427f31d48c626a3da367abb15e,95958926d1ec4f000d62029319b3bd24d1d6828c7c60926ae90b105c46843df0,True,data/NEU-CLS/train/train/images/crazing_123.jpg
data/NEU-CLS/train/train/images/crazing_124.jpg,crazing,200,200,RGB,1,True,25e1b0b087e53166451ae14ea9f8c46959c156f0560cdb253abddf6c9eedace7,f8fa37bf15cff3975c51f8489e230ed7564edaa2485dc7b58ed84708c3258572,True,data/NEU-CLS/train/train/images/crazing_124.jpg
data/NEU-CLS/train/train/images/crazing_125.jpg,crazing,200,200,RGB,1,True,efb63be3add2d88ca121a33a77e39955b14f3ab32917896a98a8923f3c838dbd,ca544b4886d8f0be83a1c07a267a9d68ec4ce9ff22cdad17f60b8ea3b54a06bc,True,data/NEU-CLS/train/train/images/crazing_125.jpg
data/NEU-CLS/train/train/images/crazing_126.jpg,crazing,200,200,RGB,1,True,16db7a20320de7c04fd4d40701bee6caca636d7d436bc642075d07b38dd43f29,74c28ca3a19afcfa64d7dc6c20c80daca891cb93b1921be8729abfc591d3fbf1,True,data/NEU-CLS/train/train/images/crazing_126.jpg
data/NEU-CLS/train/train/images/crazing_127.jpg,crazing,200,200,RGB,1,True,a223d7201459a1206bec6a6ddedaa5297d2e0ce54ac31659b394cba23352e98f,1c44ed2d24917eb146332028219de623a2bd689567b6ac1ccdf7900cbd60287a,True,data/NEU-CLS/train/train/images/crazing_127.jpg
data/NEU-CLS/train/train/images/crazing_128.jpg,crazing,200,200,RGB,1,True,6c9f506429318b9eda3235d4fdbb150fbf81c5cca42fd2213ca9a88a01377402,a8d3bd932162cedb9f19a78d8111380acfcc54766c490d05308a3268c0158a22,True,data/NEU-CLS/train/train/images/crazing_128.jpg
data/NEU-CLS/train/train/images/crazing_129.jpg,crazing,200,200,RGB,1,True,a466019aae3e0d4a5324e0bd2a9c1d8298eb113b7792f90354ee400a59574a7c,8fcebca5e28882c38af427318c053301afafba4b91e926d34d80867cf3e5dada,True,data/NEU-CLS/train/train/images/crazing_129.jpg
data/NEU-CLS/train/train/images/crazing_13.jpg,crazing,200,200,RGB,1,True,428a5d25cf2fa0487cf9737d637ad160008c0b3ca84e7dab89c0f93dae83c7a2,da212ab934b89a26e9fe361b84abc76c49e048bf479a680378dc2ec786a5e41b,True,data/NEU-CLS/train/train/images/crazing_13.jpg
data/NEU-CLS/train/train/images/crazing_130.jpg,crazing,200,200,RGB,1,True,79cef251160019422e3e4fec09c37bb0376574018990d604c505188f50e879c3,6cfbf6dda5877ca8186b95ffef7478b68999725f081230c17f8559f1e01a52c7,True,data/NEU-CLS/train/train/images/crazing_130.jpg
data/NEU-CLS/train/train/images/crazing_131.jpg,crazing,200,200,RGB,1,True,d5d3daf656fa4d7c7a66cdccbe90b7b1eed94725446f6b228f02620deabeb64a,f7cff01c41b3f29cf5292b1cf1d434a4dc71818b5db90ec7b53a9e4cf006dd51,True,data/NEU-CLS/train/train/images/crazing_131.jpg
data/NEU-CLS/train/train/images/crazing_132.jpg,crazing,200,200,RGB,1,True,311f5cb186dcaa5163d470088ede7e45948c0b0a2ee6be5d6711cf32e61639b2,51847d9a0ee510db46de301810ed508aca6b61643ecf65a084660b038567e331,True,data/NEU-CLS/train/train/images/crazing_132.jpg
data/NEU-CLS/train/train/images/crazing_133.jpg,crazing,200,200,RGB,1,True,81511a77a5cd85d208c411bd87242168bc80b652706e07461071b5596bb459b6,29d2402fa48c3b467211b61a9f07fc4a448716f2e85e85ec6d6220aa133ac2f1,True,data/NEU-CLS/train/train/images/crazing_133.jpg
data/NEU-CLS/train/train/images/crazing_134.jpg,crazing,200,200,RGB,1,True,35fa0a639b596f8fb7be7e69b10bd3369913d7a3ccab83a5871da2ab32709747,6c9ed24188cdf40b9a3514bdff6932055db7f5b409c53e133f7c6cdbccb86c12,True,data/NEU-CLS/train/train/images/crazing_134.jpg
data/NEU-CLS/train/train/images/crazing_135.jpg,crazing,200,200,RGB,1,True,6173b9bd597a0b8cf594b5e257a1c4912568f786966dae96e59dd5ebc1821ff5,dc2bf90f3c674e2cb41fa105977bdc64177eaf038bb76b888e4970137b6b5ba3,True,data/NEU-CLS/train/train/images/crazing_135.jpg
data/NEU-CLS/train/train/images/crazing_136.jpg,crazing,200,200,RGB,1,True,e21ec9cc6273ca4729a58a991368b5b66c6cd7b05b945bb1d0725fb48987a2e7,882de66848e67e391978ef5154e75c6a286505bf27652bd5499df404cf2948dc,True,data/NEU-CLS/train/train/images/crazing_136.jpg
data/NEU-CLS/train/train/images/crazing_137.jpg,crazing,200,200,RGB,1,True,cf573f466bc44d4cb0316eb3c661b8bc44776fe186ba237bdfbc4e5011cadd2a,354d554b1dd63fc4ccc2eceb516408c1b7d4f5551f4ba3f6f8512052f7607699,True,data/NEU-CLS/train/train/images/crazing_137.jpg
data/NEU-CLS/train/train/images/crazing_138.jpg,crazing,200,200,RGB,1,True,b30b127032406ef0d87df5e1c227ec9b37074254ae9dede42dda31a94ebf8565,21e0049094097aa3cdb5ee55a142a1e5ccc9ba1f6d66ffe75e933a4771545ef6,True,data/NEU-CLS/train/train/images/crazing_138.jpg
data/NEU-CLS/train/train/images/crazing_139.jpg,crazing,200,200,RGB,1,True,b73e2cec62b9478c3ad32b6081d7a87c7dd5da7d8b5a44b2d0f29cd7ceba2ed7,e65a5babaa23b7e84d1b8b8e41bb2b0bb931399df874cd83c3864bb2269509f1,True,data/NEU-CLS/train/train/images/crazing_139.jpg
data/NEU-CLS/train/train/images/crazing_14.jpg,crazing,200,200,RGB,1,True,97c5efc6fcc1e2ff1279718c15554e2a3681b95c8f70ad6603f6264f6ea5e660,c224260ca3a2b5817dd38102e6e9302a30d2183f337446b50a20641cf3383841,True,data/NEU-CLS/train/train/images/crazing_14.jpg
data/NEU-CLS/train/train/images/crazing_140.jpg,crazing,200,200,RGB,1,True,e93030abf5c2b941529e6b105767aa0a6edd92b18c96792a2ef07865c39d7253,9cfbc001bf7e99907277a2966246a3b654e025b56601aecd5b3bbbf90cc6e464,True,data/NEU-CLS/train/train/images/crazing_140.jpg
data/NEU-CLS/train/train/images/crazing_141.jpg,crazing,200,200,RGB,1,True,57fc38c627bf90303f8a6463748416de11212a5d0b5914e68403da487755269c,6bb84be9d21c1dd0f8f1c0b47133900997686e9fa1df59eb1517432aa92ffde0,True,data/NEU-CLS/train/train/images/crazing_141.jpg
data/NEU-CLS/train/train/images/crazing_142.jpg,crazing,200,200,RGB,1,True,9dcca212ac2d94a88e9a5ad3131ffd21ce83d27a5942af15890c0fabcb8c7d1a,348a0c18416a592268a070523c61352d7856ccaa2e858117dd5f08ab3a122273,True,data/NEU-CLS/train/train/images/crazing_142.jpg
data/NEU-CLS/train/train/images/crazing_143.jpg,crazing,200,200,RGB,1,True,eb154bae7ada35115e9bb8d2c2a8f9e4d87ab5c9d2b48aaa331814aa62eca3a5,21e335c47abf173a3f69d5310b720040ab5ea6445e49bf06febe450029e23bdc,True,data/NEU-CLS/train/train/images/crazing_143.jpg
data/NEU-CLS/train/train/images/crazing_144.jpg,crazing,200,200,RGB,1,True,e4a2071037607429d8d859c4b0f3b81141e5e6a450d33831f4a83d5fb240e66b,988d137109f404033cc223fc54b7726b11ea960eca1d0bdd3062ee89935b9403,True,data/NEU-CLS/train/train/images/crazing_144.jpg
data/NEU-CLS/train/train/images/crazing_145.jpg,crazing,200,200,RGB,1,True,c91b2e3ee3b1a86d955389405bb97e16922d410df54f3fbddb5cf5f4a8bdb16b,f67691d63c6b92de4ec847971e98a2fc6e4d1cfb4c1548ce426aaebed5ac1b05,True,data/NEU-CLS/train/train/images/crazing_145.jpg
data/NEU-CLS/train/train/images/crazing_146.jpg,crazing,200,200,RGB,1,True,4bb4d14eeb2ab476b79177cc7bbc57436daf376a3d4ce0f098107e5efb111ee4,df9474d33262965557fa109fed9ee014d8394705028f19f85f9168099c2f93df,True,data/NEU-CLS/train/train/images/crazing_146.jpg
data/NEU-CLS/train/train/images/crazing_147.jpg,crazing,200,200,RGB,1,True,bff0d186bc10a8a65572e9239920d7efa4a39addccf0f3451b59abb35b1a23d7,309454a4ac57dae5256ff46f45dde46921a5e5a7b5c684219a4e53ae04633e91,True,data/NEU-CLS/train/train/images/crazing_147.jpg
data/NEU-CLS/train/train/images/crazing_148.jpg,crazing,200,200,RGB,1,True,0f4369b2b9aaea4e843cf4c6a169aa6fadff8fba16abe3e9a1c109a7e2ec7071,47c5a0a7984ed8b3308a3e66fcf2d4c463d6dcc215145cb28a9d70b94e0f06e0,True,data/NEU-CLS/train/train/images/crazing_148.jpg
data/NEU-CLS/train/train/images/crazing_149.jpg,crazing,200,200,RGB,1,True,de6c4056279bc72e580ebdc50ade0d28fa020272b1be34f77588425071f8f0bd,01af1b973e8d46c6b157a4df8dd65fd9b5f95d313830283b33bff92320f20ef1,True,data/NEU-CLS/train/train/images/crazing_149.jpg
data/NEU-CLS/train/train/images/crazing_15.jpg,crazing,200,200,RGB,1,True,466fc481bd3e6d378058b4aa9a4a4612e27da31a6a1844fe9d863e85ab47a5e8,70c7eb82a50f7f83809204fa83d2b122a59c119cfd2f33495b2baef22850287c,True,data/NEU-CLS/train/train/images/crazing_15.jpg
data/NEU-CLS/train/train/images/crazing_150.jpg,crazing,200,200,RGB,1,True,78bad28f4e809d41a679584659abb94911736b7a86bec2ebbfda83492965a818,7e607b1e5990a89fb121daeaeee0690767a6512865134cb09331a90bda71bd64,True,data/NEU-CLS/train/train/images/crazing_150.jpg
data/NEU-CLS/train/train/images/crazing_151.jpg,crazing,200,200,RGB,1,True,2f0f486f51c31a7c7e5f1f5b0755537f18372c61c55b0a09bc7dadc8971262b8,0976714f99d76e23bf8f7bd58b197530766a52a1caf6421dd3067a133597bde2,True,data/NEU-CLS/train/train/images/crazing_151.jpg
data/NEU-CLS/train/train/images/crazing_152.jpg,crazing,200,200,RGB,1,True,7e68d49434009772b394535968ea15d8f1c9707c945d99e47a00eeeaace46960,331d0ee2dc34d889144bf1c6fa3baf51473b0fd564194b7c0b0c2304e2b16972,True,data/NEU-CLS/train/train/images/crazing_152.jpg
data/NEU-CLS/train/train/images/crazing_153.jpg,crazing,200,200,RGB,1,True,9568a72ddc882108a6defe0f6bb2600e22e278f2e684716b9c563dc810b33bac,93acbe8c0f9f3e109bff633bd0e8d32bddbb7efd1977590c6d1ba04cf9b070f8,True,data/NEU-CLS/train/train/images/crazing_153.jpg
data/NEU-CLS/train/train/images/crazing_154.jpg,crazing,200,200,RGB,1,True,dcda48b1fa04518744e30db7a378702fbc77baebc2db6c03e4d9c4f9ecb14565,79a8364253ac7408c327c4b7bd6b9b68f78b75a4c73bbf260a2e2cfb2143e349,True,data/NEU-CLS/train/train/images/crazing_154.jpg
data/NEU-CLS/train/train/images/crazing_155.jpg,crazing,200,200,RGB,1,True,af9f0321f3acedf982a652f5f2e9310a783d3ec890c80e4228a66646e9afced4,356a1ad058c5336cd6dfca587d08b9dd8c727a78b795860f8143e0b1b0f630f7,True,data/NEU-CLS/train/train/images/crazing_155.jpg
data/NEU-CLS/train/train/images/crazing_156.jpg,crazing,200,200,RGB,1,True,ce6c5cb055c2710fc0169e3ac58c54985b176f0da300b60c00e08ae8f3a9dd1b,d4d7e2b03a64f8c6d9fd5bdd3de43943aec03318f88bcf8ac6168b2d4103ee22,True,data/NEU-CLS/train/train/images/crazing_156.jpg
data/NEU-CLS/train/train/images/crazing_157.jpg,crazing,200,200,RGB,1,True,c50b115700ed6408936e788e261d4243480380e3793a2fd0d25c2a91419a2b23,b71e3cd85b9fbad79e7de7c1e4807c8df0bd20e325915d93e3337bc973dc3168,True,data/NEU-CLS/train/train/images/crazing_157.jpg
data/NEU-CLS/train/train/images/crazing_158.jpg,crazing,200,200,RGB,1,True,525d70534373c48ced12e1bc6d8923488f5a7db80a925f98d9afbb34cff5d507,b59fd3e292c5d828cc6d3d9d46c08ffd0bf41c7235e6f727fffc60b1fdbf0fa0,True,data/NEU-CLS/train/train/images/crazing_158.jpg
data/NEU-CLS/train/train/images/crazing_159.jpg,crazing,200,200,RGB,1,True,d9bef22fa9c71d22b0eb2e89176dac41d604361e3756b1dd2882bad1563c7723,267a58750448dac30d4083e99334d85851e60e041be718d9d0e65c3162b6c8b5,True,data/NEU-CLS/train/train/images/crazing_159.jpg
data/NEU-CLS/train/train/images/crazing_16.jpg,crazing,200,200,RGB,1,True,4fecf9b0e5c9fe781c51277884fa930ab02ebe3c28af636567dd5d52a6f807a6,368d3c14eb56a8066c92540bbbfbdfbab33f9a7296952dd862649de46e536c0b,True,data/NEU-CLS/train/train/images/crazing_16.jpg
data/NEU-CLS/train/train/images/crazing_160.jpg,crazing,200,200,RGB,1,True,7481e41a90a324d1a6cbde8ea0d1a3996d4a295be5d876f6a14dbe0f3fa6e02b,09d64af684fa7c04e4cda442155703480bf5a19889eb11c551d586b1377be2c9,True,data/NEU-CLS/train/train/images/crazing_160.jpg
data/NEU-CLS/train/train/images/crazing_161.jpg,crazing,200,200,RGB,1,True,e79aae5302ce4fbe38f7b2e5c32af5f6125a6dd141861e3ed54cc2e407d49673,86e8d2de637bc7ef856026e26a5960f0ca0e87e5b728b7b23bacdde1497be78b,True,data/NEU-CLS/train/train/images/crazing_161.jpg
data/NEU-CLS/train/train/images/crazing_162.jpg,crazing,200,200,RGB,1,True,1f6e7bea3a7748605249b5f149910ec71a20d0db43b774c0d5047421f4a71d23,2c8e2076368245560f7a4ffa4c1083e8d22cb1b6a9ca753e9213918eb34996d0,True,data/NEU-CLS/train/train/images/crazing_162.jpg
data/NEU-CLS/train/train/images/crazing_163.jpg,crazing,200,200,RGB,1,True,12f84f78d5e9f8d8490e5a8842be619cf54b9b477f81e94156aed833958e49cf,bee74b94dc06387ddb64e39681ae3e07b6eeb3b91fa79804501d1a4a2c49ac48,True,data/NEU-CLS/train/train/images/crazing_163.jpg
data/NEU-CLS/train/train/images/crazing_164.jpg,crazing,200,200,RGB,1,True,01c1ce5196958f543a8fd3039eb0e3b66157f8ffb125cc3e1f500bc0548f1913,607d0afcd9a7a4e68b738125d23b5e1dce987aa75d49f8f14060d863c112f673,True,data/NEU-CLS/train/train/images/crazing_164.jpg
data/NEU-CLS/train/train/images/crazing_165.jpg,crazing,200,200,RGB,1,True,840c450bc6c1a69bdb48e59abc822db5f23e2cd8997b7b0695d49d6117a95b1b,c1bfd497c2b9560905128d5e7b790680e4c269b90b9d0061448bccc1e2ba08a2,True,data/NEU-CLS/train/train/images/crazing_165.jpg
data/NEU-CLS/train/train/images/crazing_166.jpg,crazing,200,200,RGB,1,True,bebbae671824925d0537d8c3306120c58e1f2dad688fbe8c2057d32ae5eae13d,dc4978cb066ba1eb7d7dfc6cbdad7918d892b872bec0f606ac078dfbe0bd0a0b,True,data/NEU-CLS/train/train/images/crazing_166.jpg
data/NEU-CLS/train/train/images/crazing_167.jpg,crazing,200,200,RGB,1,True,e2587baf277081662a2034d5204589da064b6151e0a49c77a05592b6022d5e0d,ed6431eda3e69685968b81c681f144019733b84bf64a003337029d7590b2e947,True,data/NEU-CLS/train/train/images/crazing_167.jpg
data/NEU-CLS/train/train/images/crazing_168.jpg,crazing,200,200,RGB,1,True,caacd794d43649ca3788087be60e16b024c611c66832d4d0aff2364428919b33,06a635014023fcaa11e402f07fa2fca687d3fab07cef117558d90b84d91383f7,True,data/NEU-CLS/train/train/images/crazing_168.jpg
data/NEU-CLS/train/train/images/crazing_169.jpg,crazing,200,200,RGB,1,True,84a1bd8144ad8b9b280400ec22d2ae1ca09012108b24a90a9599235f1a01f313,bc42bd2e37d8eccbd4dfeeb8ecb34228db3ad93b442f28f35f4782b6c0a9ec01,True,data/NEU-CLS/train/train/images/crazing_169.jpg
data/NEU-CLS/train/train/images/crazing_17.jpg,crazing,200,200,RGB,1,True,c811854bc098b5524d3de6c31c21ccbb2dfde665309317a8d92cc59137263e0e,2653fcea2d4717017f01cec98172243d2abaf46c6c0e5ffd66565dd9d200579e,True,data/NEU-CLS/train/train/images/crazing_17.jpg
data/NEU-CLS/train/train/images/crazing_170.jpg,crazing,200,200,RGB,1,True,ec427bca7b07023ad943e750070bf9caccc054ccd313bc4875d0727816f1ed43,414822a1a4bb7a5d35924918ed89a7b94122add7d08793593484ae64774fa5eb,True,data/NEU-CLS/train/train/images/crazing_170.jpg
data/NEU-CLS/train/train/images/crazing_171.jpg,crazing,200,200,RGB,1,True,1d3046dfd62c8bb7d4f3bed64d8f0dd1df21523c1261faa8c09e10d76f29cfda,94250d28435df975b9c541bf147ab0dbe9e92b1f7fdcf4d0205267cfd5c8bf56,True,data/NEU-CLS/train/train/images/crazing_171.jpg
data/NEU-CLS/train/train/images/crazing_172.jpg,crazing,200,200,RGB,1,True,3374f8f27498b03a8a815a28d4e63a5a745549f6baa38a6ad93c489ee664f492,dd43517fff34ce904b4a570b305b02718fa05774d0782591109bec1da682e0a1,True,data/NEU-CLS/train/train/images/crazing_172.jpg
data/NEU-CLS/train/train/images/crazing_173.jpg,crazing,200,200,RGB,1,True,7b44afee9a0978d37328b34ce12909dff980856ffb97fab7fb71ef5d25eafe23,6868f483dc3d82c261e3f7f1285504c3484affc080fc076347c8514620ba2af4,True,data/NEU-CLS/train/train/images/crazing_173.jpg
data/NEU-CLS/train/train/images/crazing_174.jpg,crazing,200,200,RGB,1,True,8acd00d4737b9aa6817b2961c82d2d10ff8dae8a0687996b71b158af0c08c3b6,56f1d71db63f572cd3eaeb68d2ed62a11798a09844a5d9520febc98cf241a369,True,data/NEU-CLS/train/train/images/crazing_174.jpg
data/NEU-CLS/train/train/images/crazing_175.jpg,crazing,200,200,RGB,1,True,6be1274fe64d462318296583b601eb7cbe4dc9d2cd81e407f8f380ca53eed7fe,4bcedf710971d99916676483b381b8788e5f2f5dc0acb080f6ebf000e9e7097f,True,data/NEU-CLS/train/train/images/crazing_175.jpg
data/NEU-CLS/train/train/images/crazing_176.jpg,crazing,200,200,RGB,1,True,20e375fe90ecf726ed1d482c0db90f7aaf7b166f595a65b7a592cc38a401216c,1cf4b920a8ecb85c591f958c7722156236d4f165bb950418c5211668cff8ef24,True,data/NEU-CLS/train/train/images/crazing_176.jpg
data/NEU-CLS/train/train/images/crazing_177.jpg,crazing,200,200,RGB,1,True,7cfad80ed8df45124dce13a24dce66949b774750fe13ab9f3a29ae7ecf32d4ef,69193b22d6956863404f8a287c5f21ca1b79ebc4884dee1403d03d3475436f36,True,data/NEU-CLS/train/train/images/crazing_177.jpg
data/NEU-CLS/train/train/images/crazing_178.jpg,crazing,200,200,RGB,1,True,6a867904651264bedc9470410bb5e1d7125e0bbe15f70ac5b9f50434be9b90d5,f6ce4d40c221b4a5f81302fb051fadc2347a9a3a7824bd915c0767850d915732,True,data/NEU-CLS/train/train/images/crazing_178.jpg
data/NEU-CLS/train/train/images/crazing_179.jpg,crazing,200,200,RGB,1,True,a796d606ae9c573d722bdec9d282c53cd543006e1d49e4a5152072fe61505d08,bfed06e3a7c5a0a27a99b7426434a8e0f00991f0c9d1c2ad0c433367293566ab,True,data/NEU-CLS/train/train/images/crazing_179.jpg
data/NEU-CLS/train/train/images/crazing_18.jpg,crazing,200,200,RGB,1,True,56b79f6438ea95ae5219c47ed4b7186a1c3cba37d5eeabce21f5e647aba6dc10,3324d5516389c5cbf89e288c183ab6015f4fa61f286cceaceb2131bed22537ba,True,data/NEU-CLS/train/train/images/crazing_18.jpg
data/NEU-CLS/train/train/images/crazing_180.jpg,crazing,200,200,RGB,1,True,7b42c2cfe2071328ae4f5c33fedc31ff5aa5a81600ea3c165a8eb223548886ae,1cae4ea242987f742eb7c9b50549f226d47d0d607e9b6c897cca24877dab3818,True,data/NEU-CLS/train/train/images/crazing_180.jpg
data/NEU-CLS/train/train/images/crazing_181.jpg,crazing,200,200,RGB,1,True,4dc33b6795a8cea10123e21134a63b0fb8bd79308f8aa53de62ea407d2f0dc4e,d0ec6efacfea06750284c069bea574bb1f22b336a4ad8a89b93f80289b7b1a51,True,data/NEU-CLS/train/train/images/crazing_181.jpg
data/NEU-CLS/train/train/images/crazing_182.jpg,crazing,200,200,RGB,1,True,2fc9cab35c3683874721070262c4b6d0185653b68866173d47fadf51c152b07c,54facde00ac75791034a983813ce93835720111e84e38401efe567408e9a73ae,True,data/NEU-CLS/train/train/images/crazing_182.jpg
data/NEU-CLS/train/train/images/crazing_183.jpg,crazing,200,200,RGB,1,True,235d4d003fcd9444e789cd5e0e1ba547049c7ce1b1e309fa6f8c839697683157,fc563b23e35356e1667ae111180aaeba88ae93f5599f5b952dd6a72f3a1918cb,True,data/NEU-CLS/train/train/images/crazing_183.jpg
data/NEU-CLS/train/train/images/crazing_184.jpg,crazing,200,200,RGB,1,True,8f8338544c1af240c972cb9b65364ccf940fa99a9b49031600eeffeea8e162e7,d8ff3f159807746dfb688277fd6fd9312d8f6579026d5f31c63b7e4e35645ec4,True,data/NEU-CLS/train/train/images/crazing_184.jpg
data/NEU-CLS/train/train/images/crazing_185.jpg,crazing,200,200,RGB,1,True,2ecd30de32c5fcaeadedbd7b97efe6910e037a88b7d4a1d82800d5b837977c2e,094dade4991501e842a59f829ad8ce9595970e69729947b0cda8fd092a76391f,True,data/NEU-CLS/train/train/images/crazing_185.jpg
data/NEU-CLS/train/train/images/crazing_186.jpg,crazing,200,200,RGB,1,True,323876549bcf8a22d791d2bccd4f4e227f6338eb5aa3e810b1a57ce470a4260b,2b3cbc22a511aa092ec6426fde744ee057a3ceba3d8c5f97621ed5c9e5b6dd96,True,data/NEU-CLS/train/train/images/crazing_186.jpg
data/NEU-CLS/train/train/images/crazing_187.jpg,crazing,200,200,RGB,1,True,bf302c6472f4fe52779500515f03789f10533b6a285047bb1248981ca2bf05bc,76d554cf7a91fc551d8682e597b7274c83f0759c502371033eb4a7693bcbba21,True,data/NEU-CLS/train/train/images/crazing_187.jpg
data/NEU-CLS/train/train/images/crazing_188.jpg,crazing,200,200,RGB,1,True,45670819395294b3d2f7ddf0fa702b4a5573f447aecc9b699926e27fb24f66b1,9afe3fe859896f1b70d2b673ca8a7043d5d37891328cee313b0d35dc4d2236fb,True,data/NEU-CLS/train/train/images/crazing_188.jpg
data/NEU-CLS/train/train/images/crazing_189.jpg,crazing,200,200,RGB,1,True,8064bef326ab2f1e88f8bdca2b1486f267fe505e5faeed78d6963dae21129ea0,2ad34ea57e01d500b9d07b758b9f4236d218337e4fe3a666887b11c554ba3998,True,data/NEU-CLS/train/train/images/crazing_189.jpg
data/NEU-CLS/train/train/images/crazing_19.jpg,crazing,200,200,RGB,1,True,9301e1cf2e515a61190106315cd09b2014e912b7c25d7f59bef1953ced7a5cf7,e3d566b97446c8bc516a74bb527fcae1ba3ff7f19e969ec3855dce37d0138b97,True,data/NEU-CLS/train/train/images/crazing_19.jpg
data/NEU-CLS/train/train/images/crazing_190.jpg,crazing,200,200,RGB,1,True,2cc88396c55f661fb52bf4cd17c6175a25c079596352986cc030cdb46c77f3a6,f5f77aad1616d8794da0426ef3947a40efff2b340cf2b19bf9b64a8d12cf87a7,True,data/NEU-CLS/train/train/images/crazing_190.jpg
data/NEU-CLS/train/train/images/crazing_191.jpg,crazing,200,200,RGB,1,True,69a87d220c2665f465cc70fcfb4ffc703e15181df1d5e916f425958d7fa78bfc,55bdcdee26ebf46e75064fb4abcf86e3d65ca5d60b32acca03f2eab44de74d49,True,data/NEU-CLS/train/train/images/crazing_191.jpg
data/NEU-CLS/train/train/images/crazing_192.jpg,crazing,200,200,RGB,1,True,695a2adff6f47c44e7d0b46efe27b39e935006e261eb773d634f9e3bc2d69b77,f324212e248a8f95f5b58503f7777f85c33e0fe4908343152c088ceda06bb077,True,data/NEU-CLS/train/train/images/crazing_192.jpg
data/NEU-CLS/train/train/images/crazing_193.jpg,crazing,200,200,RGB,1,True,ad8b326145b04c0e36e738451b010691094b1213792a64d911c093f3a3310c17,69cd6f5b24df541ee53769278b93c4ecf2bce3fa702989f94d8a4127f107bf01,True,data/NEU-CLS/train/train/images/crazing_193.jpg
data/NEU-CLS/train/train/images/crazing_194.jpg,crazing,200,200,RGB,1,True,abdec7a1f84a30c28709f0e373a165c912a18f15aa8e7c992d4b5b0314fc0038,b084a1823b1223b1f900de689fb23b5fc4f158dfd38a533e33e4a979eef3b2c6,True,data/NEU-CLS/train/train/images/crazing_194.jpg
data/NEU-CLS/train/train/images/crazing_195.jpg,crazing,200,200,RGB,1,True,1795a0947d87383d2923f69d179e74f532e0f6aa777dafcde7162e445cbde91e,4943bbaebac8b13a04ff3f57de144d65649dc3c77c2815cb8d89232ff9334f3c,True,data/NEU-CLS/train/train/images/crazing_195.jpg
data/NEU-CLS/train/train/images/crazing_196.jpg,crazing,200,200,RGB,1,True,ccb1cfb869dfc39ecec28cf20e6f6e3df0fc5739bbbea41a1f487ebe607ff45d,929250220cf9c624d6c72b78c3ce51d08f1f613b74abeed2a1e61eff557e6ed6,True,data/NEU-CLS/train/train/images/crazing_196.jpg
data/NEU-CLS/train/train/images/crazing_197.jpg,crazing,200,200,RGB,1,True,4a621bcec1670cf3afbb75ddc98d45a8c5575cf0753c66ef406cd09546a1baec,1927fd6aefbe4aa12c7947ecc0eb0642b975d23eb57fe296d20c33a0583023dd,True,data/NEU-CLS/train/train/images/crazing_197.jpg
data/NEU-CLS/train/train/images/crazing_198.jpg,crazing,200,200,RGB,1,True,f158dd46f2c647afd928affd30218434d91a54f15678c3b38a103e70f2c3fb82,3011e3f310f790987ceca119c71d661abe124b4f83bba2d24bb08855c468f3ee,True,data/NEU-CLS/train/train/images/crazing_198.jpg
data/NEU-CLS/train/train/images/crazing_199.jpg,crazing,200,200,RGB,1,True,045dd7295bb1c32e3d180ab5092618fd4015852c747a667a67c5b53048c0fd2a,3ca16b78eb364340c04682b21444a9bce0d1d32620a80df43d2329d1f8613933,True,data/NEU-CLS/train/train/images/crazing_199.jpg
data/NEU-CLS/train/train/images/crazing_20.jpg,crazing,200,200,RGB,1,True,c81fdfa4f7e457c21bbe7dca824ffcdb602dadf60aa59f6aeaf4ddc71054386c,bb92900850ab7bee8209c0d453a8cc685b44ef99bb3fb6b2442af0b2694f483f,True,data/NEU-CLS/train/train/images/crazing_20.jpg
data/NEU-CLS/train/train/images/crazing_200.jpg,crazing,200,200,RGB,1,True,2a2ab581557322cb12c8916a6a3b74c81ccd788aea7bc0950918f89c0dae701e,d983df22ef82bd18e0819229e0d898c803656a004cd0efd10531dbbdae68b7da,True,data/NEU-CLS/train/train/images/crazing_200.jpg
data/NEU-CLS/train/train/images/crazing_201.jpg,crazing,200,200,RGB,1,True,20ae74412c2c5e1271d975356217412b3a2f8c1c68ced06c5175028fa74566d9,a8771daf0073ddbacb0e327ebac79b2edfdd1f8f32a7732b1017656b6c80235f,True,data/NEU-CLS/train/train/images/crazing_201.jpg
data/NEU-CLS/train/train/images/crazing_202.jpg,crazing,200,200,RGB,1,True,0c9e4a2a4ace6ececf47b659f9f3babf48dba32b4bf6d7bf26e0b579893b01a0,29e8dfb02f04e59a2ac91867eba0636fd56321912c87d37b4b68179cdb230a55,True,data/NEU-CLS/train/train/images/crazing_202.jpg
data/NEU-CLS/train/train/images/crazing_203.jpg,crazing,200,200,RGB,1,True,b8cc3d4cf816a1f02b5844c5f7344667db80947581b57f86e3a3363734620fd4,5cf1192e0d6eb722af430161ec11f84994051ce1162705926bbbbcbc457791ca,True,data/NEU-CLS/train/train/images/crazing_203.jpg
data/NEU-CLS/train/train/images/crazing_204.jpg,crazing,200,200,RGB,1,True,b2f9e0689212c067d3dd36923e753371114697911d9e5533dd51f2a775ddef0d,fa46a64c805878615cd512c81b9783d3eaa0348eaae374fee90d6232da308731,True,data/NEU-CLS/train/train/images/crazing_204.jpg
data/NEU-CLS/train/train/images/crazing_205.jpg,crazing,200,200,RGB,1,True,893f11bee876f47786e05acecf0acd3007e78908329bdf3eaae7203b13d3dc7b,6524cfbecd9287c1c99375320a5208d52f56a3cf209495fca3f4948b9d5daf40,True,data/NEU-CLS/train/train/images/crazing_205.jpg
data/NEU-CLS/train/train/images/crazing_206.jpg,crazing,200,200,RGB,1,True,40bbb613dd990d44eb4cf2f8c0b9620ae47d556c041b7555baa52d4d94480d46,5b1dc5d423717c23be53648e35c27d841fd309153e297fbed269ade83fd54d9e,True,data/NEU-CLS/train/train/images/crazing_206.jpg
data/NEU-CLS/train/train/images/crazing_207.jpg,crazing,200,200,RGB,1,True,27f77016ee364560e53e2c3083bd9f47d9d205340714efbe57462bd8365c252b,715bd72e831d257aa2ad50df66ba00f27e6ecb45d59cd6807ff7bac89a059231,True,data/NEU-CLS/train/train/images/crazing_207.jpg
data/NEU-CLS/train/train/images/crazing_208.jpg,crazing,200,200,RGB,1,True,2ecfe579cfe9d6105a160f6d005ca6bcaa3cc6b04131ece0c909a50803a33ad0,daa9b95eb251b165c6ad6fcf6ce0195a6fdb918fe9f09a9836a968b5844f3179,True,data/NEU-CLS/train/train/images/crazing_208.jpg
data/NEU-CLS/train/train/images/crazing_209.jpg,crazing,200,200,RGB,1,True,77e8903891d20e2997a793c3789823ff8133e909b404ce8ffdbd4bb7cc470d64,0b3c374f7bfd5e26962468fe1a9bec37b1e7d1768ca88f2fa304f4f4b6d46ce5,True,data/NEU-CLS/train/train/images/crazing_209.jpg
data/NEU-CLS/train/train/images/crazing_21.jpg,crazing,200,200,RGB,1,True,299bdf591092a9582b866d295173c77278b5e2e5adfc82880eea3427dac8d413,065fe385c3d51097c28a2027cca3205bdbf9592bb811f1a72055701740e7a3dc,True,data/NEU-CLS/train/train/images/crazing_21.jpg
data/NEU-CLS/train/train/images/crazing_210.jpg,crazing,200,200,RGB,1,True,0eb758928ba3664ebce598e52f122e973ac1f7e8de648bb20c3f54c30e35d2b0,01b788e919c32a81fcd0fd1927ddc2f2e0f18bff72d92cb73a933e660f434133,True,data/NEU-CLS/train/train/images/crazing_210.jpg
data/NEU-CLS/train/train/images/crazing_211.jpg,crazing,200,200,RGB,1,True,36bc59a5854fbe928a35b2b41478f37456721a5d8b5aa723be04a3e5fe6c3bbb,989050f7efeca11022411e58c82fe566ce590fe0acb17033dd843a2a4b38219a,True,data/NEU-CLS/train/train/images/crazing_211.jpg
data/NEU-CLS/train/train/images/crazing_212.jpg,crazing,200,200,RGB,1,True,a7ce3566d8246d17290452bd22d8e4c8c526d2703204d0491a15fe1d31628fe7,8b9ecc1052ee96d54cd7bdf5e6862e2c6c21fb680568e6cfafdcbaa8d7cd109d,True,data/NEU-CLS/train/train/images/crazing_212.jpg
data/NEU-CLS/train/train/images/crazing_213.jpg,crazing,200,200,RGB,1,True,ecbcc17281d66963b480397632d6dc90be81cab2d69340d6b379d2f416cf3602,323551b8b754fc4af7cafcb73cc68b07fc61f4d76f4a9d55a9153317d5bb00d1,True,data/NEU-CLS/train/train/images/crazing_213.jpg
data/NEU-CLS/train/train/images/crazing_214.jpg,crazing,200,200,RGB,1,True,0046405b60f2f012edc86c68264e839d574b20bf77777df10cc61acb763de3fa,606e7ac1c6ed004feceab1dc592dbebead873f92c5e00d2db6bbfe1ac8a2c072,True,data/NEU-CLS/train/train/images/crazing_214.jpg
data/NEU-CLS/train/train/images/crazing_215.jpg,crazing,200,200,RGB,1,True,2598ee75cb31b6717eadeedb5f7039893ea8b4fb08417212332f7fe3b7bd7b09,db4060b5ce4d7ee9b8a37a6cce339ba9a42191b257a2d5476d39d0d76ac0727e,True,data/NEU-CLS/train/train/images/crazing_215.jpg
data/NEU-CLS/train/train/images/crazing_216.jpg,crazing,200,200,RGB,1,True,23d057d6150dddcf0e0a83e75d2fee86af4a52ce801e454539301431ad2d12fe,3d187f7d7a543224bd35cc84e56629d336c069e545bc7bdd559400c2daf6af14,True,data/NEU-CLS/train/train/images/crazing_216.jpg
data/NEU-CLS/train/train/images/crazing_217.jpg,crazing,200,200,RGB,1,True,dd0e2f8a2c6901cc540c53aa7194af40fa2e8ed38a0825608e1b56c846fcf01e,288458a0b60ebb128635595c596809e0465c4900e1d13b3695908657002d01ac,True,data/NEU-CLS/train/train/images/crazing_217.jpg
data/NEU-CLS/train/train/images/crazing_218.jpg,crazing,200,200,RGB,1,True,0391916cc44a7dbfebd764dd85759974cd636da8208b3a3a47df2d73538ee6fb,13b6b28b2d0c7beb9183f5e702091336eaf18926b2f1d3f40a976b5ef36350ff,True,data/NEU-CLS/train/train/images/crazing_218.jpg
data/NEU-CLS/train/train/images/crazing_219.jpg,crazing,200,200,RGB,1,True,11e62a880f9d69352c265469c3e6d49783125880a3f2ce31e0a8bdc8f410e258,fdf63d098fbc750853e8cf0f309c233c58b0830a984c2f658d9957a9527658b9,True,data/NEU-CLS/train/train/images/crazing_219.jpg
data/NEU-CLS/train/train/images/crazing_22.jpg,crazing,200,200,RGB,1,True,feca81a11578690771b14f50dd53d6a4656bc18a7a80aaab8ad19d48b78a8f39,0438d6bc41b08a0936e628036a817712585bf1eb85085c2eaf2c4cd5023084d8,True,data/NEU-CLS/train/train/images/crazing_22.jpg
data/NEU-CLS/train/train/images/crazing_220.jpg,crazing,200,200,RGB,1,True,ee6d32c95f87d6489f177f035f4464b5c78e919b72800c33ec029d2292988c89,2d8378aa739f36d959e6c4b6ca28033d9ac75c1d84caa9ddcf26030a67f9e66b,True,data/NEU-CLS/train/train/images/crazing_220.jpg
data/NEU-CLS/train/train/images/crazing_221.jpg,crazing,200,200,RGB,1,True,ebdc18e201d36b0c1d68ed71fbdaf0954b04acfc69224b19f51e7fe2b919e77c,fe2974c9460e9a3100a37b9fc3d58bfa0747cfe48ec08958f3926b8703632f2d,True,data/NEU-CLS/train/train/images/crazing_221.jpg
data/NEU-CLS/train/train/images/crazing_222.jpg,crazing,200,200,RGB,1,True,90521f05d4c3c2fc3f15475e8d00a7af52111db2f8884cc8befd9aeb14b661ed,936990b5307c744d7545bdcc732c888867e23c68388b00f51d2037f6c57e0abf,True,data/NEU-CLS/train/train/images/crazing_222.jpg
data/NEU-CLS/train/train/images/crazing_223.jpg,crazing,200,200,RGB,1,True,62753656212be7a89c7a882a18e589bf51effc711f9b01bb15fdbeb67a5f80fd,c6ea6af40976cb5a23f7e9dd91947581e0f69179f245f01296048e3565cfab4c,True,data/NEU-CLS/train/train/images/crazing_223.jpg
data/NEU-CLS/train/train/images/crazing_224.jpg,crazing,200,200,RGB,1,True,420d84308e801c4d24c125c8b2b0b15f53fa7dc7a1c0e51e129a25b428224e37,997ac20a95bbd7088e7f6f8e050d0e2cb304b922460c1419bd8f55b16cc4e2f0,True,data/NEU-CLS/train/train/images/crazing_224.jpg
data/NEU-CLS/train/train/images/crazing_225.jpg,crazing,200,200,RGB,1,True,cf6c9fb4f506098d208ad0e77fd60da60eebb7f483eae9a5a56876157f39a428,a256f11d70cfdf7f55009a3c7114441abda41113fc3e01bdf9e96a796c530009,True,data/NEU-CLS/train/train/images/crazing_225.jpg
data/NEU-CLS/train/train/images/crazing_226.jpg,crazing,200,200,RGB,1,True,cf59e7a9b758c9af450503774af88a65ce22546907fe59a73ca5533e96c70a75,73b8350dd06b99b794fd27a81e0009e820d91e697414be86da83b3a91d6b796e,True,data/NEU-CLS/train/train/images/crazing_226.jpg
data/NEU-CLS/train/train/images/crazing_227.jpg,crazing,200,200,RGB,1,True,67499dd21306030c383b07abf5c7a7d597313d24d8420e16a46d797fba6d1195,4e52ef1c0e5e019dcb3c186d12aeb74a47926abfc6eac17e4805cc264cb93b37,True,data/NEU-CLS/train/train/images/crazing_227.jpg
data/NEU-CLS/train/train/images/crazing_228.jpg,crazing,200,200,RGB,1,True,acaf388126e0a346c5f5a76920cefcab08ef6121a8edffb1ac4da56fd0a95188,7ff3604e99fa05244225c454de4f93b857d6771b1413566732a6ca0dd777f653,True,data/NEU-CLS/train/train/images/crazing_228.jpg
data/NEU-CLS/train/train/images/crazing_229.jpg,crazing,200,200,RGB,1,True,f837bf055e053b796928091851c0b848c1c0646de7e458b43df3107ac16db285,7f87d59080b848ea15f33d119619785029e9754e4a92555dfd5f442aafa8dbf1,True,data/NEU-CLS/train/train/images/crazing_229.jpg
data/NEU-CLS/train/train/images/crazing_23.jpg,crazing,200,200,RGB,1,True,a395ac78920129571f89635111d30b50ad88b593fe44856d586c7c4adf8f24e5,b18a9f3285bc5547fe968635c92cda74e943fe6ccff36d3e6fd862f6d6fc13af,True,data/NEU-CLS/train/train/images/crazing_23.jpg
data/NEU-CLS/train/train/images/crazing_230.jpg,crazing,200,200,RGB,1,True,ed6f3c3c49fa25742c0b87379e9e05ca950adcc4d734a15e941b2d13aefbafc0,9f48b39a67676e943a72fc233dd39a30caeef4140f7567ab64b05d66e7c58c2a,True,data/NEU-CLS/train/train/images/crazing_230.jpg
data/NEU-CLS/train/train/images/crazing_231.jpg,crazing,200,200,RGB,1,True,89526e779b3ef99fe1a115262f58d9ad2e7f0012e62a8f86b59ab7c3f770e2d4,85b01ffd28c13ab8faf3c66dd14b9c726c19b24e9116255c5d179e4d8859e739,True,data/NEU-CLS/train/train/images/crazing_231.jpg
data/NEU-CLS/train/train/images/crazing_232.jpg,crazing,200,200,RGB,1,True,783748168663bbb816334df63cdc72f8802944e4ad3dd318bcc74ca9b8829ab2,a2e6a7999b10185db16f8f1f70853b6a9389a7239a5bebb71bfe275f11c4761a,True,data/NEU-CLS/train/train/images/crazing_232.jpg
data/NEU-CLS/train/train/images/crazing_233.jpg,crazing,200,200,RGB,1,True,6d36474a8491a431c9965b54c53a51538c4bba96752c9af72bd3d82b3f4a85ef,d67be5bfdd097d78060f7c607752d28cbd52fa21ef780c1718dba91bed5e115c,True,data/NEU-CLS/train/train/images/crazing_233.jpg
data/NEU-CLS/train/train/images/crazing_234.jpg,crazing,200,200,RGB,1,True,3beefc152c0661038c722d0ffb4e2242ca6180a7bb88d196b3683287d92a2efc,41beef8ff62571a7563dc9d8c1639c6584ba83cb4183f1461d1c2401f7f67679,True,data/NEU-CLS/train/train/images/crazing_234.jpg
data/NEU-CLS/train/train/images/crazing_235.jpg,crazing,200,200,RGB,1,True,2f70c13563551d283461a163bc2f6deced9c678740118db144404bf4b9ad61e0,d7896be9c1cb3694677e4d8fea2a48653426f39cf2f898cbdb1a11695ddbb8f6,True,data/NEU-CLS/train/train/images/crazing_235.jpg
data/NEU-CLS/train/train/images/crazing_236.jpg,crazing,200,200,RGB,1,True,6326aa9e8a757535553482e8d99d75f8995f39705b0bf355749dc3ef65427bef,99dc2e5c368d6a4c907bc9fd3216aef221f24fedfb382c2cee8d54d210d72769,True,data/NEU-CLS/train/train/images/crazing_236.jpg
data/NEU-CLS/train/train/images/crazing_237.jpg,crazing,200,200,RGB,1,True,18f8b0bcf9692da645238c25dcd17a8f29d9119ec6f84079f9b97bd93d9557cf,436f7eed2b03bb1f83c5313582391f9f785ddbd7159d63d728b3e157a93e28b3,True,data/NEU-CLS/train/train/images/crazing_237.jpg
data/NEU-CLS/train/train/images/crazing_238.jpg,crazing,200,200,RGB,1,True,8eee0652524255e28c455d460e04389c38c6e8ad8ef6bcf60f6e9ca1110aabf2,80a48bbfcb2374cd30baac93ca6f2d2adab60520ec33a5471ae901072dce0b97,True,data/NEU-CLS/train/train/images/crazing_238.jpg
data/NEU-CLS/train/train/images/crazing_239.jpg,crazing,200,200,RGB,1,True,c2c86495e80860b742b5deb1ef96f8a9a6d2fbbbda9cf8ab8f20a675e4800eab,00e9e34a82204fe0a1102af4a7ca9fd06aca10bed6704aee65a1497ec2e2205f,True,data/NEU-CLS/train/train/images/crazing_239.jpg
data/NEU-CLS/train/train/images/crazing_24.jpg,crazing,200,200,RGB,1,True,26341b60aa1ce81a0f2c000942a9c71deb7eac2de9b58f3bd21b6dd54d1ad4d7,b767d5bff684bea2cb295f2b9f149baa039bcaab453f59a2fb063b4ab84eadcc,True,data/NEU-CLS/train/train/images/crazing_24.jpg
data/NEU-CLS/train/train/images/crazing_240.jpg,crazing,200,200,RGB,1,True,81e5ca1b935489de16db4808ec37b4f8525b493d7d3f65f913b5a95696ae8a81,13bb660dfa39c399301642c20e54a3ddf92f7b90ec8b92c837684988ce3e64f2,True,data/NEU-CLS/train/train/images/crazing_240.jpg
data/NEU-CLS/train/train/images/crazing_241.jpg,crazing,200,200,RGB,1,True,1d65ef27eaa9bf27608d954dfe57b40e401fc1aed435884400f35e8000bbf98d,1635b7bde794703d33a361af3e8632dd62d21aeaa13642a28718d22bc05f8247,True,data/NEU-CLS/train/train/images/crazing_241.jpg
data/NEU-CLS/train/train/images/crazing_242.jpg,crazing,200,200,RGB,1,True,6471b0b8300f5b0c809ff9802c4a1c7f747c0738929a952b30ced6d0e65f61f3,64c8622a1f98040abaa0ad2a0835e8148fbdd774bf854828190a87f069158d1a,True,data/NEU-CLS/train/train/images/crazing_242.jpg
data/NEU-CLS/train/train/images/crazing_243.jpg,crazing,200,200,RGB,1,True,94e839f26e6b51d8dee5d8a8c3ffc0d4f820015f18e7bcb5fef9582a2df2b295,44838b795417b159cfd31e20090c83da6084e75220de19cf1e9bd0bd47ea0f9e,True,data/NEU-CLS/train/train/images/crazing_243.jpg
data/NEU-CLS/train/train/images/crazing_244.jpg,crazing,200,200,RGB,1,True,fa3d0c5d7a23b82da1533df61a39a7056a21b021f879da6426f6dc6326abd0a1,eddacdae8522bd6bf0cc87ddfe91baf4ab093abc0091bbbccecf8ec750d0ad1c,True,data/NEU-CLS/train/train/images/crazing_244.jpg
data/NEU-CLS/train/train/images/crazing_245.jpg,crazing,200,200,RGB,1,True,933abef72d56ca78e0398d4da001d51df4070e4d796af398359b843eaaea4d90,d4f1aa9b5f83957816201440a4e039d0a2c75878f99430af2dc0f6e456c3d65d,True,data/NEU-CLS/train/train/images/crazing_245.jpg
data/NEU-CLS/train/train/images/crazing_246.jpg,crazing,200,200,RGB,1,True,0018b62c07b5dfd379d0563721fe46d15d72bf3bdbc1e39d7f8e081692c0266d,9c84cf7a37ad546d246aa40464f62ccf4c1b5ac6d58352bcfdadec5716ccde0c,True,data/NEU-CLS/train/train/images/crazing_246.jpg
data/NEU-CLS/train/train/images/crazing_247.jpg,crazing,200,200,RGB,1,True,8f41f3d185b0de0fe9197e70631c7fa148180067ddd8d95e87ca1aa2ecd1807f,b5441bf9aedb00d5fdd8b74ec83706a6546fdc71ee9987b648e2bd80be1a672d,True,data/NEU-CLS/train/train/images/crazing_247.jpg
data/NEU-CLS/train/train/images/crazing_248.jpg,crazing,200,200,RGB,1,True,461c41b74f61f2b38c1110194b783f7652edf89784c69b4a79f521fd7117079b,1e439b35c1f65146ff8796dfc3635f2cca5233bb9b8b776bad4f18a284b6d9e0,True,data/NEU-CLS/train/train/images/crazing_248.jpg
data/NEU-CLS/train/train/images/crazing_249.jpg,crazing,200,200,RGB,1,True,e8a366fe396aaaea124716a1baad189f43971bf78b88e4a4c4c8bbd3ceb849a9,10777778b95a3be57891c1e2205fa1c1aaced8ce5be9ff6654fccecbea94e289,True,data/NEU-CLS/train/train/images/crazing_249.jpg
data/NEU-CLS/train/train/images/crazing_25.jpg,crazing,200,200,RGB,1,True,0357ebe4e802a34427d3a5c1c2ccd7c3674f690bf8fce4dd0d622d79a29ca1d8,157f0a6254c189cd8080792b0d7b825e58aa77fd1179b089fa056857f9d0a149,True,data/NEU-CLS/train/train/images/crazing_25.jpg
data/NEU-CLS/train/train/images/crazing_250.jpg,crazing,200,200,RGB,1,True,811d2e1f215e2d4eecba1dff15b08f138187626e34f57b3c1bb334f45e25e4a2,850d0d21786ba524828ea7234805c97de20818cf4528f1b17f7621f34de7dcf6,True,data/NEU-CLS/train/train/images/crazing_250.jpg
data/NEU-CLS/train/train/images/crazing_251.jpg,crazing,200,200,RGB,1,True,d5a8082d1ffe47364d9d09bec23d5ff6bee3e1e69f8f50016d7e7ae3e486f97b,2118b9934236ea5169781649bac5c058263ada1b0a5b7d7403de36861b805d48,True,data/NEU-CLS/train/train/images/crazing_251.jpg
data/NEU-CLS/train/train/images/crazing_252.jpg,crazing,200,200,RGB,1,True,0e7db66e291981d959158176443d58c2d54491bb9c804db19b7e6a2529ff29bb,6b5efcd7c521f955fcf08636d218836f314cc247933c3e7e396a09030676f220,True,data/NEU-CLS/train/train/images/crazing_252.jpg
data/NEU-CLS/train/train/images/crazing_253.jpg,crazing,200,200,RGB,1,True,1b4d78036b2313669f4cdfbf4a77619998c68f0807d1e655cbf3edcc70158f80,30286de33cd7dab6a7e528858db6f087ed7965b07c4eb74086e1049ad36794c6,True,data/NEU-CLS/train/train/images/crazing_253.jpg
data/NEU-CLS/train/train/images/crazing_254.jpg,crazing,200,200,RGB,1,True,eca94052417c7982259fce8aa9a6aca1693ea34570d9dee9b46374dda8094154,6e2e53077dda411b561d3db947676d7893bdc9d84e099e9806cc6c0cf518266b,True,data/NEU-CLS/train/train/images/crazing_254.jpg
data/NEU-CLS/train/train/images/crazing_255.jpg,crazing,200,200,RGB,1,True,a96b1fd4135862349a69a761e76dfbb3af6faccdc3efb97e0d4e52a1f605076d,6a13965cc9c365cec0b03efb14308eebc9931130134bb52cce1bc9d09cbbb347,True,data/NEU-CLS/train/train/images/crazing_255.jpg
data/NEU-CLS/train/train/images/crazing_256.jpg,crazing,200,200,RGB,1,True,c609f66d29dcff487eaaf6c43e4b7410792a9f07974ed085eaf508c593fa9a2e,0d18484f8fb380a2f770aa33a70b10347a38d3ccbbadf0493bb1c1c18d66c44f,True,data/NEU-CLS/train/train/images/crazing_256.jpg
data/NEU-CLS/train/train/images/crazing_257.jpg,crazing,200,200,RGB,1,True,f4e5cf14e8e352b89da12ed84a98de3d5b7e7e402694d64ecaed9acb7efe9454,d755038634d45dd38ea33df974fa25b8a06148c9e47fbaf3b90d2aa9b553fc00,True,data/NEU-CLS/train/train/images/crazing_257.jpg
data/NEU-CLS/train/train/images/crazing_258.jpg,crazing,200,200,RGB,1,True,714900c25988c034626be50863b7e570430d1d3f2009c5a2e01784a7678f7aae,bed23be3a2117794b32d26a6deb7f86ddf072eeb8714edeccb5a15311b42e96c,True,data/NEU-CLS/train/train/images/crazing_258.jpg
data/NEU-CLS/train/train/images/crazing_259.jpg,crazing,200,200,RGB,1,True,a877fc65b57470befe6d482650fc613d2cda028b55df0eb86d25fffd0dba781a,3ec0a7c0ea419c813da581479630358a329876c1bbb5bf4a1bbd881efe870dc4,True,data/NEU-CLS/train/train/images/crazing_259.jpg
data/NEU-CLS/train/train/images/crazing_26.jpg,crazing,200,200,RGB,1,True,6c24d211a06a25d7b1ab80038402f9cebd3932cdc73b348b7871fb690047f0d3,2281121005e743cd020547d1f1ae50344fb342f42ddcd486c625584efe29f917,True,data/NEU-CLS/train/train/images/crazing_26.jpg
data/NEU-CLS/train/train/images/crazing_260.jpg,crazing,200,200,RGB,1,True,f8f182527157c5fad4a77848f79231a203f2366ed8cee3eb7d0dee516d3f1143,29feb5400623fda1774af5cbc60d21527a6a3f5b075ccfdb0058682a08a51ca7,True,data/NEU-CLS/train/train/images/crazing_260.jpg
data/NEU-CLS/train/train/images/crazing_261.jpg,crazing,200,200,RGB,1,True,3f8df47b873cf6e2ade7b42ad3d18d361dbf504e0f1921bfab3dc7a207499e92,0a07fe4ca02e565f8b54b8795af87a339d8e3eed381ea25539df53ac5255329b,True,data/NEU-CLS/train/train/images/crazing_261.jpg
data/NEU-CLS/train/train/images/crazing_262.jpg,crazing,200,200,RGB,1,True,abc6b2581de60b19137ef9cb68e4b237a1b5a1302820df4809506b5454d02c19,b780c22a8e216cbd4127a09904bdf850898c1318c1f1446c488856a387f3175a,True,data/NEU-CLS/train/train/images/crazing_262.jpg
data/NEU-CLS/train/train/images/crazing_263.jpg,crazing,200,200,RGB,1,True,1e232e717c44df26f4700547935f55a177ff78ff3187179cf94321471fc93298,ddf2810b0acaa27db4ee1bf92f3084966dcaa31fd70a59357c2ff8f5bea5d2aa,True,data/NEU-CLS/train/train/images/crazing_263.jpg
data/NEU-CLS/train/train/images/crazing_264.jpg,crazing,200,200,RGB,1,True,b69102d4b251f77872eef741bd0e8dcc342bf2ab59d90e8a45dd8c5535265477,7c9b4f7bc75935432e5b95248118b59f76947e54c61fed22a2a3767f6ae780ca,True,data/NEU-CLS/train/train/images/crazing_264.jpg
data/NEU-CLS/train/train/images/crazing_265.jpg,crazing,200,200,RGB,1,True,707d4e141e42dfb3c41fd09764e62423913a54d844b3e851fb9b5ea68cc3181c,9339fab888db64bcc3c2c38543580b40429c277d8b0c4603799d48c054601768,True,data/NEU-CLS/train/train/images/crazing_265.jpg
data/NEU-CLS/train/train/images/crazing_266.jpg,crazing,200,200,RGB,1,True,a59b97cf9671a0ca80101ca67291e977a172f5223f295edc1c8760b7224762e4,3febc17a578af9cbe700a0b03b9998be35c1d5f1bd8543ea5a9ac54b561240ca,True,data/NEU-CLS/train/train/images/crazing_266.jpg
data/NEU-CLS/train/train/images/crazing_267.jpg,crazing,200,200,RGB,1,True,e2e8e6f90ca2b9d2135613801ef954565e81881938917b241b5c7ffa89ea02b2,3f169c933eeea578ba1ad61f6206697a9c22690f3249d9dd320b8e84d04bfb1c,True,data/NEU-CLS/train/train/images/crazing_267.jpg
data/NEU-CLS/train/train/images/crazing_268.jpg,crazing,200,200,RGB,1,True,35cc3d2e7ad513f2bd1fd22d105e2eb68106df4609f4f727a71fb7ce5b9b48ce,913184306c56937e8a4474dfccb6728c46d6cd6dbe9ee56c74af5df754aec445,True,data/NEU-CLS/train/train/images/crazing_268.jpg
data/NEU-CLS/train/train/images/crazing_269.jpg,crazing,200,200,RGB,1,True,4cac3f7a6ef724ab817f6e4c0fe8f80117880efb5a80fdbae565a5edc70b32d4,86185bb746ef667767a689b23f8c4d3ee9c5222f2569a6c97c16820e2d2a88e7,True,data/NEU-CLS/train/train/images/crazing_269.jpg
data/NEU-CLS/train/train/images/crazing_27.jpg,crazing,200,200,RGB,1,True,10626e2b51d15ee8d30e107d3f92b4d02017ef40188f029ebb7c64d77bace16b,556c09281f9d4be3eadf44ba422bcf3b4923c294d543f0f6699d289fed8b5ec2,True,data/NEU-CLS/train/train/images/crazing_27.jpg
data/NEU-CLS/train/train/images/crazing_270.jpg,crazing,200,200,RGB,1,True,4c67250c57703f8fabb6d97cc0ad72000b690e8412c071f0a63fc5a03bb2a5b7,79a740a85e4183eb823d21f6cad94813cb55309072a33699721d5ec82c689126,True,data/NEU-CLS/train/train/images/crazing_270.jpg
data/NEU-CLS/train/train/images/crazing_271.jpg,crazing,200,200,RGB,1,True,2227d033081e4b5d83589d4dea528b0af45d94d22c2a916e1204bf00b372a6fe,192d8d839b9e085b8bc329afc1e74748c2599ffbdd1bbbb28ebe0c600e699e71,True,data/NEU-CLS/train/train/images/crazing_271.jpg
data/NEU-CLS/train/train/images/crazing_272.jpg,crazing,200,200,RGB,1,True,e57ac6b9b586284ae7d07cf487540d03092daa569d6f949f67db398d23cfa439,4938034d4fc02605b1716869ad7faeba08f009216c098dadbdea069e7c189ee7,True,data/NEU-CLS/train/train/images/crazing_272.jpg
data/NEU-CLS/train/train/images/crazing_273.jpg,crazing,200,200,RGB,1,True,b67c916c81548576bf226c07c29c081f2fe0a73d2c2b37be5b762bffdb605810,15da8f0826583912688fcf4cfc9f049c4e2acd7e5fdc76c003e788e1a5e8e851,True,data/NEU-CLS/train/train/images/crazing_273.jpg
data/NEU-CLS/train/train/images/crazing_274.jpg,crazing,200,200,RGB,1,True,7666107c448d2234f43fcf14541e7bf958d41583e7ca38449f59547e030a5f6c,9a2eb75c6b3e53edaaec83972c6766b6ac372446d2476b09cf0b36e9bda6e29f,True,data/NEU-CLS/train/train/images/crazing_274.jpg
data/NEU-CLS/train/train/images/crazing_275.jpg,crazing,200,200,RGB,1,True,6ae4426aaf22b79d3eacb74fc03893ccf3a2ff1f489fd37bd1a402a78a8d5949,0408c041d816c9b76ca714ee3d3df4ff5fbabdeadcd028b492cad56384595a47,True,data/NEU-CLS/train/train/images/crazing_275.jpg
data/NEU-CLS/train/train/images/crazing_276.jpg,crazing,200,200,RGB,1,True,8440b30fbde2cb5f3d254648340dbc2e4094df6ace47089511ec685f953a2bf8,3fea5d3db92ed6c704897bac5b71c28dc34de36b4a92b1de05f7be80234b2689,True,data/NEU-CLS/train/train/images/crazing_276.jpg
data/NEU-CLS/train/train/images/crazing_277.jpg,crazing,200,200,RGB,1,True,41dee519ca65f342c25b91f0e8a6fa82c0bf90fb36be8ed47360ab57f72b7d82,f9f1f6376ac7658b4a82f5fdcfa6747b166edf2f5ca1e7c66954667f0ddc46cc,True,data/NEU-CLS/train/train/images/crazing_277.jpg
data/NEU-CLS/train/train/images/crazing_278.jpg,crazing,200,200,RGB,1,True,8aa0adc94ab37ba8bc08f828343a938e0a8e24ea459e0eb5ed93a65ab0fbabdc,070038cded8d11a8fdef368daac8b03acede837850229b6d9cf09b5f8e1c8b12,True,data/NEU-CLS/train/train/images/crazing_278.jpg
data/NEU-CLS/train/train/images/crazing_279.jpg,crazing,200,200,RGB,1,True,edb42fccfd1f9754fdd6866a0517c1550a46775f004618d3f6747229ba7f1b67,d161c5281b62b4c7238b0ef360a59a5df3ced00e2f644605a0386528aade2345,True,data/NEU-CLS/train/train/images/crazing_279.jpg
data/NEU-CLS/train/train/images/crazing_28.jpg,crazing,200,200,RGB,1,True,933e2ddde52372191f1c211d8750a719f656ce6f8c82a0b381e57a7945b02341,e9c3bebf655597b1d1588ff432cf53128564601c56ff8158bfca5f317303b1d6,True,data/NEU-CLS/train/train/images/crazing_28.jpg
data/NEU-CLS/train/train/images/crazing_280.jpg,crazing,200,200,RGB,1,True,f67462e22e7e025d07a09854282b519ad30a5bd802d79ae3c4fb17c609fdb570,094332e5b4e6832b0e7efdaa396d13597708e9f9811d489a149ed8de35d4ec6d,True,data/NEU-CLS/train/train/images/crazing_280.jpg
data/NEU-CLS/train/train/images/crazing_281.jpg,crazing,200,200,RGB,1,True,72c1c814e984a539b879e0a03bd81fc0a1e5146b7d95bd12aea2db9a73d3a846,ac26d3443caf1997499e76630ec39f8be3fddbc6beb83ca3ace3c52c34d61478,True,data/NEU-CLS/train/train/images/crazing_281.jpg
data/NEU-CLS/train/train/images/crazing_282.jpg,crazing,200,200,RGB,1,True,541ea674fef6a8964b6485fd3f14ee79c2a2cd24ab9d03f80e6e669d29e8378d,c87b9ddc024dc6d551c6bd9a7bdb439ba933c6d4343ab57b8b140f593a7415c7,True,data/NEU-CLS/train/train/images/crazing_282.jpg
data/NEU-CLS/train/train/images/crazing_283.jpg,crazing,200,200,RGB,1,True,09ec881115d4ea3652342ea63a1bb225cfaf4c9624ed13838208b1477f611ded,223f0e2c0d353dd83a65f317aa2b91f6e90c53c7e02c21d3674143a2e024759d,True,data/NEU-CLS/train/train/images/crazing_283.jpg
data/NEU-CLS/train/train/images/crazing_284.jpg,crazing,200,200,RGB,1,True,7e298fc6d48cd74212b6e50c7cbd5c193f91c6ce5ea3b5787804a8cdae3870ea,cd2a47caa6832e50b99108e4006d4978aa5c39ff19029c49fe48b8bec08683c3,True,data/NEU-CLS/train/train/images/crazing_284.jpg
data/NEU-CLS/train/train/images/crazing_285.jpg,crazing,200,200,RGB,1,True,f93b867670dc0f2ac94cf98db4fa8abcaec09bd2b3a22098bc46a20cdea1c891,c6e82eee397679a41dd7faa6da3e69600d01f614a65ae1bdc95cf5d878c5526b,True,data/NEU-CLS/train/train/images/crazing_285.jpg
data/NEU-CLS/train/train/images/crazing_286.jpg,crazing,200,200,RGB,1,True,590a7b94145bc859adbf27001833c28dcdc58d8bc67e5f0dd1e3eb978d99b571,41e09f9544470e1f4de81327a9eefe1d69cf97dd2b07376b96920f4ad0648cbc,True,data/NEU-CLS/train/train/images/crazing_286.jpg
data/NEU-CLS/train/train/images/crazing_287.jpg,crazing,200,200,RGB,1,True,793aa8808f567cd6552258c01904817b28d481c5224cce86c6b78bdd2721d42f,b08dd4499148d58768dd57bb582427fa8643e0cdd4cbadb9b031bba78e555829,True,data/NEU-CLS/train/train/images/crazing_287.jpg
data/NEU-CLS/train/train/images/crazing_288.jpg,crazing,200,200,RGB,1,True,48efd269655d26e04df4dda98d72deac85963a3bee9390be7b26f81889a64bea,1241572683c144244b5c1cdd88230958fa433b30f1d8a7e3d642dbbf1b637f39,True,data/NEU-CLS/train/train/images/crazing_288.jpg
data/NEU-CLS/train/train/images/crazing_289.jpg,crazing,200,200,RGB,1,True,e8a4eb437e3586cdedf11bbca2fc2698cfbfeabcb8df251c80696b9b7780318c,c9990f101b5d248c6c79d83f4556723a4ff80b3d60eb0e16de3103a962db9ee1,True,data/NEU-CLS/train/train/images/crazing_289.jpg
data/NEU-CLS/train/train/images/crazing_29.jpg,crazing,200,200,RGB,1,True,9718f45776957ad8492f896067db6783e448911992b49564f29b0342e5ad02b5,529079bd80293e52936e70416dd7a476465ea5be794ac4a9739c2382aa5de332,True,data/NEU-CLS/train/train/images/crazing_29.jpg
data/NEU-CLS/train/train/images/crazing_290.jpg,crazing,200,200,RGB,1,True,adcb1bb45c8e9a837bde4b39b3979eabf08a2ad921bb2b660b3d61a17c6c8800,8924deb5b3d8b0358bba9ca1a11b289c8050ada25e3cf0bf5ecb169322c41651,True,data/NEU-CLS/train/train/images/crazing_290.jpg
data/NEU-CLS/train/train/images/crazing_291.jpg,crazing,200,200,RGB,1,True,f08ee4fd02d4b59f72263bc8b11bf3af8561d7527be9c5636f1eb4f7398534ea,3b9e7f6c39d1a853da2b3f7ba0ffbd359f26be855e52b4d418fd3c34641f4498,True,data/NEU-CLS/train/train/images/crazing_291.jpg
data/NEU-CLS/train/train/images/crazing_292.jpg,crazing,200,200,RGB,1,True,091518252229e30c7a01b80f32aa02a9f1c576b1649deaa7bca26bc4b2b67203,ebfe6b6788fb6f737f6fcab6434d17bcb6e6888c4b07ca742dd0204f1cbba177,True,data/NEU-CLS/train/train/images/crazing_292.jpg
data/NEU-CLS/train/train/images/crazing_293.jpg,crazing,200,200,RGB,1,True,d2ba33bf399dabc564bd17c2a3b104d832decf6eaf585ae09e3d3a3eec1911d3,51e6a7f59053c515dd949992fc850ab92bf0c380247580bb019895934ad7732f,True,data/NEU-CLS/train/train/images/crazing_293.jpg
data/NEU-CLS/train/train/images/crazing_294.jpg,crazing,200,200,RGB,1,True,067a4d6dd8fbae0a53fe3ed2242c7ceb0cabd778003db32a25205a45ca9f1230,bfd3ce3354bb5cbd737ac5ad466807de13b0be25242cfa67a3402d6ec4612556,True,data/NEU-CLS/train/train/images/crazing_294.jpg
data/NEU-CLS/train/train/images/crazing_295.jpg,crazing,200,200,RGB,1,True,baf96b62005b06f8f3e14fd87e5b9748b52f0f8e1598c26d10cff50692bfc6b6,dd3f30f276f3b150e2e7e29cfe0d6034bc1c6a470d38dd1955e34a71ad1588c9,True,data/NEU-CLS/train/train/images/crazing_295.jpg
data/NEU-CLS/train/train/images/crazing_296.jpg,crazing,200,200,RGB,1,True,92a1d48c1f1b08a495abbc40d999e54f6a2fdb910ecf40cc9675aeb917db3b5e,1fef4e0aae46d19cc97f5fbcb34721747af9d25e43bd58ca64a9d0daaeecd131,True,data/NEU-CLS/train/train/images/crazing_296.jpg
data/NEU-CLS/train/train/images/crazing_297.jpg,crazing,200,200,RGB,1,True,f747b0d994279d4e000f854793f762f3592becb5909afb704d512b9e74f2dbd4,970c6881dc8f4fc0660b519087601a6ce8bfeee019192c286759cdb4ca456d33,True,data/NEU-CLS/train/train/images/crazing_297.jpg
data/NEU-CLS/train/train/images/crazing_298.jpg,crazing,200,200,RGB,1,True,767ef7b4c31afd770cd2dfd17341af33ca3eec6a0018ad9cf9ef6c69c13c97a0,a449425afde262b85883bfc4e30a64b2e470be30570c945cd19f8448ef4fbf58,True,data/NEU-CLS/train/train/images/crazing_298.jpg
data/NEU-CLS/train/train/images/crazing_299.jpg,crazing,200,200,RGB,1,True,37cb5a5f9ffcf7226ac5a1963823da5b918c26750897d1926c9bc90b0eb7ec67,8db489ad76da4db51fa610e90a3c8b895debdce3017ce917742ddd9df9ce0abf,True,data/NEU-CLS/train/train/images/crazing_299.jpg
data/NEU-CLS/train/train/images/crazing_30.jpg,crazing,200,200,RGB,1,True,81aff6312a4ceae245855ced6e56719e7e8e3d0911345317d2bb9f8ebbb9847e,c195db4fdb61371b0f6f13b883eed26553bb6f2826809f4ad6352623f570fd94,True,data/NEU-CLS/train/train/images/crazing_30.jpg
data/NEU-CLS/train/train/images/crazing_300.jpg,crazing,200,200,RGB,1,True,87595c05d2a5f7792c219dfa245dce2cfc26784e165a5172fecaab73eaee288d,56486d728632e317e219457b91165f3969aa298e7e51b740132db2cf532cc6bb,True,data/NEU-CLS/train/train/images/crazing_300.jpg
data/NEU-CLS/train/train/images/crazing_31.jpg,crazing,200,200,RGB,1,True,11811c52e18ce0f75735982d56a593e8c7d55ce91acbbb276e716d921de03c6c,5574ee9685263363611444ed4cfd55d015f05c0eb37b7543043df50e548a15c8,True,data/NEU-CLS/train/train/images/crazing_31.jpg
data/NEU-CLS/train/train/images/crazing_32.jpg,crazing,200,200,RGB,1,True,f57a1208c7883891c0bea1879d9d6e45df7d5640a47caccc0df53615f87b5533,ce1cd0b4986c78b30113bf3aef375a3a0aa627f0feefb477398f89530256522c,True,data/NEU-CLS/train/train/images/crazing_32.jpg
data/NEU-CLS/train/train/images/crazing_33.jpg,crazing,200,200,RGB,1,True,448d39af4c31bc49221dbaaca70522b51a5c9b000499f395db8292f421788931,8a81d511c78ca6e7319aa207caf3ea09d2b5240661e56f45ee5e1be03746e5dc,True,data/NEU-CLS/train/train/images/crazing_33.jpg
data/NEU-CLS/train/train/images/crazing_34.jpg,crazing,200,200,RGB,1,True,fdee1c20f4c0476d35b7348d2325e4a933b8992465ed2fb409435cde08f0197e,af554726bdbdff5f459fb1f82098cc66d35b18feab87736c8db86f12687ea927,True,data/NEU-CLS/train/train/images/crazing_34.jpg
data/NEU-CLS/train/train/images/crazing_35.jpg,crazing,200,200,RGB,1,True,744ed04f33da9d31c23f0c1b1d97157c96e39fb5e8b38a5f98f97473b86baff9,f7cf256ad7de17e50ae68b3a34cb16e4f1c317b228ba03a5eae4558d19e1f2cf,True,data/NEU-CLS/train/train/images/crazing_35.jpg
data/NEU-CLS/train/train/images/crazing_36.jpg,crazing,200,200,RGB,1,True,84294a46d3ecfbaab1882f992230e73a56852ce3778d0187e8f6ed352e763103,0303ae1d1364d5f5a148501815189484f2bfb0959e677af8e7f8432652480e5b,True,data/NEU-CLS/train/train/images/crazing_36.jpg
data/NEU-CLS/train/train/images/crazing_37.jpg,crazing,200,200,RGB,1,True,4ffcf91ed3cf1fdd3f2d840553b6cb569e4ca1ab0eece4db7810082a7fa7026d,35d75f33eda94a6d56aed584f46f488aa5eb6d7636ac38dc2d39899be36573de,True,data/NEU-CLS/train/train/images/crazing_37.jpg
data/NEU-CLS/train/train/images/crazing_38.jpg,crazing,200,200,RGB,1,True,5e16cb2c52345acb8e71cf29e98082a6e52074a8e823452ea59705e482b8c4c2,950109310fb4855910af27817630ba72870cb86f2a844c0006173230d882b195,True,data/NEU-CLS/train/train/images/crazing_38.jpg
data/NEU-CLS/train/train/images/crazing_39.jpg,crazing,200,200,RGB,1,True,4a2b97c587ee93b2ca5ba820ce2c09c4d25fe95a731fce3bd96d6fe91d04f594,5b54f7caf1a1d8738df7ed734867a303a54f21fb8eb2fbf96516e670c131aad5,True,data/NEU-CLS/train/train/images/crazing_39.jpg
data/NEU-CLS/train/train/images/crazing_40.jpg,crazing,200,200,RGB,1,True,5af42f7b29116f3a377435738a7cada23e573e81998b6a34b1c3f8e137f18dbc,4b35dbb3111994ff7736d3c1aa97a0bccc69175bb6d742ba72fe2df507fe0d2b,True,data/NEU-CLS/train/train/images/crazing_40.jpg
data/NEU-CLS/train/train/images/crazing_41.jpg,crazing,200,200,RGB,1,True,53b23674f9756ffbee2d8e24d622ab80c797f9380b881734a62d8f8383bd1f49,cf4c7ead7a7ae09f78dd4c06f3e4fd4a451089f860777ec8a8abf5273f456987,True,data/NEU-CLS/train/train/images/crazing_41.jpg
data/NEU-CLS/train/train/images/crazing_42.jpg,crazing,200,200,RGB,1,True,9381527988faf21bd1241ad42d0dc85f53bc54e0c83c8b5bfdf3b4a0f430b640,0013bed6a7082f733b4a5a93c5b1797174fe062a32d04cd7a7b5bd47fbcc82a4,True,data/NEU-CLS/train/train/images/crazing_42.jpg
data/NEU-CLS/train/train/images/crazing_43.jpg,crazing,200,200,RGB,1,True,0e3fae3fea8ac95c28d5d5f791418a967b76ab1f73512677ca13a9148874150e,4213ea9444de6d3b8e44ecd508ce791a2930f5ed669cb491259fc98a6cfd5bc9,True,data/NEU-CLS/train/train/images/crazing_43.jpg
data/NEU-CLS/train/train/images/crazing_44.jpg,crazing,200,200,RGB,1,True,4b95e1f850b1cf16c6117525ffee5cd0669bd8211ef9ad58507d7b3f3c423b9a,50b03d203c91636c49cd814a3a8c9cb573ec210d72ccac41011224c52eb9e8cc,True,data/NEU-CLS/train/train/images/crazing_44.jpg
data/NEU-CLS/train/train/images/crazing_45.jpg,crazing,200,200,RGB,1,True,d3dce85fea7604f681e3da01982c40842e1fb564242c1a755fac59355816df56,75fb331f5e3270ff0c67c396725506b7c521084b2acc64bee4c1729d0c0b9f62,True,data/NEU-CLS/train/train/images/crazing_45.jpg
data/NEU-CLS/train/train/images/crazing_46.jpg,crazing,200,200,RGB,1,True,ebbb23464a4c5be52235fd3088e89930c60802de487a1fa1c608bee259a48526,9cc9445b6afb302563379c871fcd4d3a504578abe5c39ef4b20a103229815cb4,True,data/NEU-CLS/train/train/images/crazing_46.jpg
data/NEU-CLS/train/train/images/crazing_47.jpg,crazing,200,200,RGB,1,True,d77ee250330fd1743874dadec8bedd898266c285e810be192742fe470aeec688,00ea3268e27c46a243c681650f46e96a39233687a499d5c6894a07668fa757b2,True,data/NEU-CLS/train/train/images/crazing_47.jpg
data/NEU-CLS/train/train/images/crazing_48.jpg,crazing,200,200,RGB,1,True,d79b1cf76ffa81315a8e1a870e374076bdcc01196e4eb9796c8d43297ca4d8cc,6754a3d3b0ddf5dd87eeacee3ce4e6117633121a80becdff56ded2c80380ffc8,True,data/NEU-CLS/train/train/images/crazing_48.jpg
data/NEU-CLS/train/train/images/crazing_49.jpg,crazing,200,200,RGB,1,True,d9beeff73a60926ebf5a2763df3f02c22275f0d9164b81204d30a4926a1ebcce,4df36f17818fce8c461fa17cecc9ad621df97c847957b2e57ed68e478fcae0ce,True,data/NEU-CLS/train/train/images/crazing_49.jpg
data/NEU-CLS/train/train/images/crazing_50.jpg,crazing,200,200,RGB,1,True,a7a11fa9737a118af9703e8ea983bee26d5db78ba2c6fe067d536cc200366323,70e240c783f557d613ff59082bf65aa4e7fcf2e6ea6c4193d9aa0371994a665c,True,data/NEU-CLS/train/train/images/crazing_50.jpg
data/NEU-CLS/train/train/images/crazing_51.jpg,crazing,200,200,RGB,1,True,185daa31428cf2467d48f9f57ff582575d07a796cd26d77f3e05537bae681503,ad6f815bc2cb8a5c16a1a37bda5e0d27d9783f146815af1cd7eb5a4c528e46f4,True,data/NEU-CLS/train/train/images/crazing_51.jpg
data/NEU-CLS/train/train/images/crazing_52.jpg,crazing,200,200,RGB,1,True,055986e899fafa4a46e80fe01e5dad5255a5158b55e77325bed3b1c9bdc5b9c9,d62d2957239fad2c878b5c8b342a7c6a199e25a8ff62283e5129f957c7beeedc,True,data/NEU-CLS/train/train/images/crazing_52.jpg
data/NEU-CLS/train/train/images/crazing_53.jpg,crazing,200,200,RGB,1,True,a16828a58ab03f0c6cd5947f4a7015eef72febf6e5528b49fb165539046b53fa,54b81bd55006f8a54d0d8265f91df8b0f4cb4ff9de42bfa3c8d4b947e7a396b5,True,data/NEU-CLS/train/train/images/crazing_53.jpg
data/NEU-CLS/train/train/images/crazing_54.jpg,crazing,200,200,RGB,1,True,1bb2a0b5f536370e8565466ec3d6147071fe5a17925ef706b5166bca8f1dd1f9,898f5606d15025a038ddff20118f4cd1f26712bc702379e3308253bfe843f856,True,data/NEU-CLS/train/train/images/crazing_54.jpg
data/NEU-CLS/train/train/images/crazing_55.jpg,crazing,200,200,RGB,1,True,ef625b79fbd0636ce5a4af56e0ff832f5ab3c1b25dc7c0e648b20fbcadf1a798,59ac382d5bbc9dab2e7009985a7c0f0ef1887c4a5f760db4073dd9eca07c3c7a,True,data/NEU-CLS/train/train/images/crazing_55.jpg
data/NEU-CLS/train/train/images/crazing_56.jpg,crazing,200,200,RGB,1,True,f0db4ea8f3b579799fac33d14d621dc7de2e0c56c0bf83bf2539c56cac1ac3f5,9736404d5f08793fdb2f1c177bb3d94bb9a37da6279422ec926faad612f884cb,True,data/NEU-CLS/train/train/images/crazing_56.jpg
data/NEU-CLS/train/train/images/crazing_57.jpg,crazing,200,200,RGB,1,True,d962440b85f1a1b6a3fbfc38562dd10fba994c3e8b269ae34b28f2f44b0edff0,b418b5bbf80e60063a65cb6d80f04a3fe6ad8fc6d99501556fa9c2aa61bdf278,True,data/NEU-CLS/train/train/images/crazing_57.jpg
data/NEU-CLS/train/train/images/crazing_58.jpg,crazing,200,200,RGB,1,True,b65f1e18d496df96231807c74aab701d680a5d529be56ad97497f6f52443d977,8f1dcceee5f85e4335724cac3926bb3d85fa6229489db70319bf14982982086d,True,data/NEU-CLS/train/train/images/crazing_58.jpg
data/NEU-CLS/train/train/images/crazing_59.jpg,crazing,200,200,RGB,1,True,a00621e2838535650cc053346039c394cb920e4166eb08785c68b8cc8e65bbec,fb0332da2cb0b2ca43bba1aff628ceb7cb834ffbb53abf1a089ccb3e8a346842,True,data/NEU-CLS/train/train/images/crazing_59.jpg
data/NEU-CLS/train/train/images/crazing_6.jpg,crazing,200,200,RGB,1,True,34646d48f4e27f58a044ddac5e893c3208e855676e724a33f9d8e588bc78b2bd,7f3a6fa36125f48a10d7720232da9d6a8c37de9ca4261ec4870649e5773f7a98,True,data/NEU-CLS/train/train/images/crazing_6.jpg
data/NEU-CLS/train/train/images/crazing_60.jpg,crazing,200,200,RGB,1,True,564d10bccbc68f4c7e1983493469c7adb25dc89ab37456c748c3e70acf232f57,5cc3ecbc71fc8065945fe0bfff03f454885131e9b30f1e3101bd00b5277ef7a8,True,data/NEU-CLS/train/train/images/crazing_60.jpg
data/NEU-CLS/train/train/images/crazing_61.jpg,crazing,200,200,RGB,1,True,d0e4e13c6a2680da14861607445dec73092103187163bcd0d677d8f43028ef10,6906dc8dfcdf99a8d7828ac4f2da8f0fe123b9b7bcc4838af49c76ab7741448d,True,data/NEU-CLS/train/train/images/crazing_61.jpg
data/NEU-CLS/train/train/images/crazing_62.jpg,crazing,200,200,RGB,1,True,8abc2a5ba3bb3c562fddf2c815f0803f4ae32d6a05c83ffd424465011e55769e,de952d5643dce4d241c725f9b03d840af88aa37bb5a0dc94d82d576599961617,True,data/NEU-CLS/train/train/images/crazing_62.jpg
data/NEU-CLS/train/train/images/crazing_63.jpg,crazing,200,200,RGB,1,True,b6870a0cc504de5913c485b462c538bcc6242771cf4fe3f2cb22ba37cae0483a,56550e4017b36233d49e5dd2a72fb0e8d6261db6a0c921ff0910c304397121a6,True,data/NEU-CLS/train/train/images/crazing_63.jpg
data/NEU-CLS/train/train/images/crazing_64.jpg,crazing,200,200,RGB,1,True,41f29f1de1be87c832619d28a4e30515b2efec24b9b29560efe1957b01ac49a3,25b5922ba43a1bce3a4282da132d149eacc43e5acebeeea3ba3f20341fe883eb,True,data/NEU-CLS/train/train/images/crazing_64.jpg
data/NEU-CLS/train/train/images/crazing_65.jpg,crazing,200,200,RGB,1,True,a35f3d67bd8f90728ff701ab77e49073085bc8ad2fa3ba4bf7ef8599140f1a08,214aa19bf9ba50bf517c0cbf78e252c90d1ad067e64fed42fc24d55cafad7fdd,True,data/NEU-CLS/train/train/images/crazing_65.jpg
data/NEU-CLS/train/train/images/crazing_66.jpg,crazing,200,200,RGB,1,True,c905e814bfb7385132197f1f8efd5b7b76414398c1534dd90114681b3d2a6144,4de2f6fa1cd0edfb6353626bd072fac5a201015f8be0843d9f40736f7773332c,True,data/NEU-CLS/train/train/images/crazing_66.jpg
data/NEU-CLS/train/train/images/crazing_67.jpg,crazing,200,200,RGB,1,True,c4f1027db43a4cc746e12b1dda42f5d1728ecc093ee73bbb2ec8961e4aaa72cb,fe8e70e006eb79335770fa1b58ac2d8931279984de3ca05616dd48a3ad211728,True,data/NEU-CLS/train/train/images/crazing_67.jpg
data/NEU-CLS/train/train/images/crazing_68.jpg,crazing,200,200,RGB,1,True,cc1a491bafa45b321edbd4e82a147279093824fa258a74e942be76f0cc6ed3e2,6e6205c348d89df732de0fc92803746d87a82628b041f5280ce1b262fae89676,True,data/NEU-CLS/train/train/images/crazing_68.jpg
data/NEU-CLS/train/train/images/crazing_69.jpg,crazing,200,200,RGB,1,True,f83a0b7c191f807566e02550ca6d8c3a530c0bf225a50fd68c0da84aaa1b86bd,345d583337871995151db93e4ae40897a9594bfdd62dc26abc07a1d63fd549dc,True,data/NEU-CLS/train/train/images/crazing_69.jpg
data/NEU-CLS/train/train/images/crazing_7.jpg,crazing,200,200,RGB,1,True,cc919de8775d5528872dc90d26ef796a64e73bfc04310d1a993455ce7a3a9f39,9f79ca82431c0f43c377756888d01afac2e313986743bcd26159e66921c104cf,True,data/NEU-CLS/train/train/images/crazing_7.jpg
data/NEU-CLS/train/train/images/crazing_70.jpg,crazing,200,200,RGB,1,True,2c4a6204c48c5a072726320d3cefbf94a8667580a52b88800bc72997a4b4b653,efbef7909bedae0c8ebc135d09a57379efb4ead83a876b4895a89ea60867864b,True,data/NEU-CLS/train/train/images/crazing_70.jpg
data/NEU-CLS/train/train/images/crazing_71.jpg,crazing,200,200,RGB,1,True,a73890705e7a0d3e52254d0aec000ed0307968450e10f860a7b7e45fe9e085db,2e929c4fee13ec479833ea2f1cd67ec2b2a27926b1f3d7604fae892c53f720f0,True,data/NEU-CLS/train/train/images/crazing_71.jpg
data/NEU-CLS/train/train/images/crazing_72.jpg,crazing,200,200,RGB,1,True,8477e24640fb56d2644a2460b57c3e653e259d8eb768d87d7342983389c5d4fb,617bc6fc53f89ed97c4147925ccea2389f8553c6512ea5ffdb2828a215d3aeaa,True,data/NEU-CLS/train/train/images/crazing_72.jpg
data/NEU-CLS/train/train/images/crazing_73.jpg,crazing,200,200,RGB,1,True,01da434c490153c66593c10ec70ab8a776a68d6468c7a28894fe09a5a81b50e7,0e35040e2d18812dc7ffce9c3600571ef6b653cd38ed485aba4bdb6c2070dfbb,True,data/NEU-CLS/train/train/images/crazing_73.jpg
data/NEU-CLS/train/train/images/crazing_74.jpg,crazing,200,200,RGB,1,True,93458f9a74b514a0e88a19b98cdba20ecf2a085d0847b2320133b3765501ed57,43e3cab57f330ae441259f1519050a2a2c8c20e406996a209e49f3e049a3f7be,True,data/NEU-CLS/train/train/images/crazing_74.jpg
data/NEU-CLS/train/train/images/crazing_75.jpg,crazing,200,200,RGB,1,True,06eb9b9386adbe1416941871e2f20ac2de1396c623e783ca78252f8549b11008,8e496ea465cc87da859e3c5047d099e5e16d434c9613ff748b3db035b66f2ab2,True,data/NEU-CLS/train/train/images/crazing_75.jpg
data/NEU-CLS/train/train/images/crazing_76.jpg,crazing,200,200,RGB,1,True,8e670b781eb7113474cc63d5cf47b58070206ac5aeb4b82b6890097e212b4250,dede82a17838330807de809510a3a1753060c03170cbe18a3332be2c11441913,True,data/NEU-CLS/train/train/images/crazing_76.jpg
data/NEU-CLS/train/train/images/crazing_77.jpg,crazing,200,200,RGB,1,True,055ee2a21ea7f1edb8034df061a2a9867048640c4f3993e46c28bb92dba6a9a4,ada9a0f670f3ddee0313ab7a0baa10170199e61d4c91ff6b02f9f38dc9ae0130,True,data/NEU-CLS/train/train/images/crazing_77.jpg
data/NEU-CLS/train/train/images/crazing_78.jpg,crazing,200,200,RGB,1,True,89bf4eaf2c246bbb9cd378c6231fe2b188b1ded2e6648f89b5bbe7e4d1f01342,b646b71ed802ccd5f67f3ab130c02b5e226dce88842c741bfc0484ce26e811a5,True,data/NEU-CLS/train/train/images/crazing_78.jpg
data/NEU-CLS/train/train/images/crazing_79.jpg,crazing,200,200,RGB,1,True,05ea42b4023df81cdcab5da55b25f800345152c6a55d62f0d8d413209c8cf0bd,69e76a7c45f2f4e57d9bfb18385fbe8cff24cab097c427867023a8fc86a959e1,True,data/NEU-CLS/train/train/images/crazing_79.jpg
data/NEU-CLS/train/train/images/crazing_8.jpg,crazing,200,200,RGB,1,True,641e7ed94550b4f44709faa8d5ccb5b206c82abe81e298e18c4db6f0d29d6df1,4acd3795335e25be13a8b95fa38f40ee3851c98f4f84ba9c94deaf0fa3899548,True,data/NEU-CLS/train/train/images/crazing_8.jpg
data/NEU-CLS/train/train/images/crazing_80.jpg,crazing,200,200,RGB,1,True,ce76e8ff95c334621fd7c603b101abdca5ac945e3766967268332831ba41417a,2db447c0613fa0c12c51b0f17d7433c191c264195f3a66697cec869bafd2eece,True,data/NEU-CLS/train/train/images/crazing_80.jpg
data/NEU-CLS/train/train/images/crazing_81.jpg,crazing,200,200,RGB,1,True,79bef32f8309a3e38a5c96e56a1e54bfd5057b58d4b000e08a5815a28bcffaef,2b278094912e88a288ea7825e8e1fcd1249d07b19f7dc48ed43c34b4ab0b6cc2,True,data/NEU-CLS/train/train/images/crazing_81.jpg
data/NEU-CLS/train/train/images/crazing_82.jpg,crazing,200,200,RGB,1,True,70ba79d6bd7962c5b1130db39351a223dcd3f5bafd7820c30ab66573e3d4a159,32c06884d8b5c0bcd2240828736d064f2d553c1872efd612470468b48073aa22,True,data/NEU-CLS/train/train/images/crazing_82.jpg
data/NEU-CLS/train/train/images/crazing_83.jpg,crazing,200,200,RGB,1,True,b44de873cabd306c7fd31edebcedde3c8b6aebd35ee4d22304324da5db5b6e01,c8ed74a8b6c98964592dbdac128e75daec6f866b0462c3483ed1b1951e241504,True,data/NEU-CLS/train/train/images/crazing_83.jpg
data/NEU-CLS/train/train/images/crazing_84.jpg,crazing,200,200,RGB,1,True,c5669030d7526877ac547e46b9bfe8cedcc6e6e0e4f7bb481c8c52706215ae0e,c7bc11661a3390df3706afcb6ca4d9b62eac3336107a7fd6feecbdb7b22516d7,True,data/NEU-CLS/train/train/images/crazing_84.jpg
data/NEU-CLS/train/train/images/crazing_85.jpg,crazing,200,200,RGB,1,True,2b8c862c81366fe5c8e7d3600216f7d5b80c1b10aa55b1540d18d5eb60461ccc,c984856d77508a04161f1aad528da439e1eb072d47f89504bb71b43d662c2da1,True,data/NEU-CLS/train/train/images/crazing_85.jpg
data/NEU-CLS/train/train/images/crazing_86.jpg,crazing,200,200,RGB,1,True,bdfee0b1201604e89f9ed8953bea9f820375c70335c109fe7a434c326868f9b4,d0b0b494300e12cc9bd5ae8ff2397eb7c5a3a64d25ebd2268a1fb61c638937aa,True,data/NEU-CLS/train/train/images/crazing_86.jpg
data/NEU-CLS/train/train/images/crazing_87.jpg,crazing,200,200,RGB,1,True,b8d2d75a4a252c9b8735931f45c6dd576219ba514823cf41e40076b685023958,b0bd44212259d0207308f11ad1df3278111ec84d2c2bb18dc162a277b9dd9f3e,True,data/NEU-CLS/train/train/images/crazing_87.jpg
data/NEU-CLS/train/train/images/crazing_88.jpg,crazing,200,200,RGB,1,True,9519c11fd80a47c30c9b46f2820a57a967d0cf74d9db0b2b06345c7af3194751,f7dda95077d5aaabfca771a892083e2b1ad6c50029b094733066b56909aaa33a,True,data/NEU-CLS/train/train/images/crazing_88.jpg
data/NEU-CLS/train/train/images/crazing_89.jpg,crazing,200,200,RGB,1,True,b74f577a82e82a76db9450526b2fc5863ecc761cfb6d243fef8907559711afb5,4e26f139f603f2e2412be34ac8f6d8bf8f3310b7564df0b36f4a024d00967dca,True,data/NEU-CLS/train/train/images/crazing_89.jpg
data/NEU-CLS/train/train/images/crazing_9.jpg,crazing,200,200,RGB,1,True,77fa42b142e72ebaadeb44516b791bddcf511db1a4448655e4c16180012a263d,1035b6618f899db5bca33c297d14cd07aab4383ea86298148e860a4a956994ad,True,data/NEU-CLS/train/train/images/crazing_9.jpg
data/NEU-CLS/train/train/images/crazing_90.jpg,crazing,200,200,RGB,1,True,d0ffb5df9fa35be28448d4f9b9efc5fd881868fcbd989a66981adee52b061f1e,1d978544c8297b406f7e0ae994e51f5f585b79b261abac38239ce3b4b0e58aa9,True,data/NEU-CLS/train/train/images/crazing_90.jpg
data/NEU-CLS/train/train/images/crazing_91.jpg,crazing,200,200,RGB,1,True,f7b2c16c4506a6c7b3cb97f5a5c7db6ae55d3dcdcea66828866ad2aba7b029c1,3bcdcb7301dea490b0b8ea3c24a7286bbf7cf10e1881e4fc339f9936ee4f77f5,True,data/NEU-CLS/train/train/images/crazing_91.jpg
data/NEU-CLS/train/train/images/crazing_92.jpg,crazing,200,200,RGB,1,True,6d73bee0a96f6225aa34bef31b62743b657c1254023eeebf604d7bad83142deb,0172da8737988116c187b8454b64c7e7c6013fb031b0ceb51472589f44cd9a07,True,data/NEU-CLS/train/train/images/crazing_92.jpg
data/NEU-CLS/train/train/images/crazing_93.jpg,crazing,200,200,RGB,1,True,2585ec106fb28318a0b6ddc3e5b80f3f80876bd0cd3bdd4f6a99f5d7daac44df,1d55ad87b138f5feef04778442acc57c5acffff95761efaa3e79c42416d492e1,True,data/NEU-CLS/train/train/images/crazing_93.jpg
data/NEU-CLS/train/train/images/crazing_94.jpg,crazing,200,200,RGB,1,True,d33a7c76a9097cbd713eaad36560aa59a825710de6b4e1f11ff7b3050bee602f,a880e6664f7f329ed5a1a09d507a82c33c5f68eccb6afa46c0e811f8030d5082,True,data/NEU-CLS/train/train/images/crazing_94.jpg
data/NEU-CLS/train/train/images/crazing_95.jpg,crazing,200,200,RGB,1,True,b12e69d530b6835b738cd918273ba8689b4eb12b931771e3a729571a8f0eaed6,806bdb1c21e8c2a107844410c12d6af6024a800da2dba98de643879f9a477419,True,data/NEU-CLS/train/train/images/crazing_95.jpg
data/NEU-CLS/train/train/images/crazing_96.jpg,crazing,200,200,RGB,1,True,a678a984ad795c63e8db2587831755f6d8bad4b5116361ab48a1d93a12479c9f,ea7e85be060b8d19ee69a95b405cb923a0ca1b23b9d89acee763f6b6b507d5b0,True,data/NEU-CLS/train/train/images/crazing_96.jpg
data/NEU-CLS/train/train/images/crazing_97.jpg,crazing,200,200,RGB,1,True,a613d4150cdcc04fae34a4e95814a877e1cccc939851343b46f8e11386190b68,f98c9cfa8869870f07820bd60d79a2ad2569ec150e5a5db4b88cc9718d73170e,True,data/NEU-CLS/train/train/images/crazing_97.jpg
data/NEU-CLS/train/train/images/crazing_98.jpg,crazing,200,200,RGB,1,True,8bad4ff0ef7fd0b090e649037db185543ef3db586b3f52e00fd7a1b13516092f,64d0c24156f460431ac8e52b9cbf3e789641973aa9c5250f0e7b7573bd7a145d,True,data/NEU-CLS/train/train/images/crazing_98.jpg
data/NEU-CLS/train/train/images/crazing_99.jpg,crazing,200,200,RGB,1,True,2fdc9b193fd36431552fab516805c037a5f6e972ef61f6e0d95ab0892925d96d,30348b93ccde939617d04378267624648aa7a70431ed8de8da63ed2978c72b2b,True,data/NEU-CLS/train/train/images/crazing_99.jpg
data/NEU-CLS/train/train/images/inclusion_10.jpg,inclusion,200,200,RGB,1,True,67a9e66628070a2508aced5103bb920ba0a48c8e1897d0ee5058647bc0f67f02,66ea5e279b08c3631579a79d0c7015edb9dd155c30ebdbc70d0ffbbf890a5d16,True,data/NEU-CLS/train/train/images/inclusion_10.jpg
data/NEU-CLS/train/train/images/inclusion_100.jpg,inclusion,200,200,RGB,1,True,4a204bd8c11a28973c0f7abd57439cc1116af08aa4e7e1e1dd36eae887c9dec7,b0b712e5db77627f18459f9588c711d7422b4ede8353696ca11788d621bc6143,True,data/NEU-CLS/train/train/images/inclusion_100.jpg
data/NEU-CLS/train/train/images/inclusion_101.jpg,inclusion,200,200,RGB,1,True,314b71b87c87fe49edd16b947d7161546fdbacc2655c7695da041a31c7026d7a,1b90f027cd5ff683a25170c0176e07cc32af90214898d7d0ec6795cc77716001,True,data/NEU-CLS/train/train/images/inclusion_101.jpg
data/NEU-CLS/train/train/images/inclusion_102.jpg,inclusion,200,200,RGB,1,True,0b60560ad9252b5c0f1187c7b5a6a9ec732157ac79b0bd11493cc3b6d44bd3e3,6ab502504e5e99b85db77cec11d3168052639f3218cbb58c15745eba93468714,True,data/NEU-CLS/train/train/images/inclusion_102.jpg
data/NEU-CLS/train/train/images/inclusion_103.jpg,inclusion,200,200,RGB,1,True,2dcc3bb7d8c5ac7f3ef0821f9d4bd3a35a7964be1628a80a534ba0bf4646f3fc,2f59c3bb536c00ca4405dd6af7b3c59065ac394ad600fe892750d89f1d7a0ddb,True,data/NEU-CLS/train/train/images/inclusion_103.jpg
data/NEU-CLS/train/train/images/inclusion_104.jpg,inclusion,200,200,RGB,1,True,f6d1f086d618e7898841c26ad7f6d1016ed53d61bf472c63f6dad11bd290d5f2,c872f26eae132594b89a67f2bf14d1d601888863436c7c2b4c5c6c56940cea31,True,data/NEU-CLS/train/train/images/inclusion_104.jpg
data/NEU-CLS/train/train/images/inclusion_105.jpg,inclusion,200,200,RGB,1,True,b017cecce1ed22826088c567cf600c2d7925e2e002b69a0b6abf7f494d8cde86,556467889b0473d51f2d0f59ad451d8104e8318343ebf73d09260994c185a70d,True,data/NEU-CLS/train/train/images/inclusion_105.jpg
data/NEU-CLS/train/train/images/inclusion_106.jpg,inclusion,200,200,RGB,1,True,daa14864329dffb7423a3bebb1d09e135caa573e059f888b0df8ed73e277b6b2,ce2516cae5182c8ed5d1e29b075ff4a5589b9d6eca54cdb3e52184a666eb9394,True,data/NEU-CLS/train/train/images/inclusion_106.jpg
data/NEU-CLS/train/train/images/inclusion_107.jpg,inclusion,200,200,RGB,1,True,e4e9f9a990f83be32b5c034ceb0c4221773b990ac3e16b1f50a4b9198928c931,c6d21a08e804cd92801ddb6168f6f3091961854f09e26aae456e9d30089cb947,True,data/NEU-CLS/train/train/images/inclusion_107.jpg
data/NEU-CLS/train/train/images/inclusion_108.jpg,inclusion,200,200,RGB,1,True,bfcdd7d31d4dd71195b20d5ee0ef212776706c1aade4741cb105ce9206bc23cf,02aa863b0a1c48c97ce1115b921fac16373cff369aac8d091a345224ab438b28,True,data/NEU-CLS/train/train/images/inclusion_108.jpg
data/NEU-CLS/train/train/images/inclusion_109.jpg,inclusion,200,200,RGB,1,True,8056fae340d0cf22cc6abf3ab0ca43dc32e22fb75f423acb3a59fe0f6c389e15,ae881267f881d69395de1e90c6ff2c62a9e1820d0f783117c3f0c12f1c3063c9,True,data/NEU-CLS/train/train/images/inclusion_109.jpg
data/NEU-CLS/train/train/images/inclusion_11.jpg,inclusion,200,200,RGB,1,True,26f65a8837796443967138e5addc16cc21d481795dbdf63da8baf6579d4bbf5b,582bcf30611181d09d601654bed5e6deb93e6c597c8d325dd291c13068be9e05,True,data/NEU-CLS/train/train/images/inclusion_11.jpg
data/NEU-CLS/train/train/images/inclusion_110.jpg,inclusion,200,200,RGB,1,True,ec3ab6724ba7ed34889aceee6de8c9776905df1ad2224ef6c104fa54c0fefbe5,620d6ccb6536d591328a5153f85c6f0ba7bea745d6e577d70dc280eef3539411,True,data/NEU-CLS/train/train/images/inclusion_110.jpg
data/NEU-CLS/train/train/images/inclusion_111.jpg,inclusion,200,200,RGB,1,True,78c04620e339ecb660b05e50fb3e51dc92ac9bc0e41e4ec4c6fbef9431db04d8,066d3e2ed529fef43260c79802379e23055704b1e36651eac43c1ed3b41216e2,True,data/NEU-CLS/train/train/images/inclusion_111.jpg
data/NEU-CLS/train/train/images/inclusion_112.jpg,inclusion,200,200,RGB,1,True,1d54cf98773f6ed810b6958ec7ea873e2b44311d38c40ee02feb794def78fddc,b50d4f41e505ce35caa14df45cec972e4ab68638e2d0fdbc8676788cdc8d9077,True,data/NEU-CLS/train/train/images/inclusion_112.jpg
data/NEU-CLS/train/train/images/inclusion_113.jpg,inclusion,200,200,RGB,1,True,a2659ec4b2525f131436db9793d8771c00580577ad002d410e106600f42fa1b4,be4112efe12a2cc922336b10cfa9e4c76063e0bf4fadb2e0fc4f3ef80cc2e5cf,True,data/NEU-CLS/train/train/images/inclusion_113.jpg
data/NEU-CLS/train/train/images/inclusion_114.jpg,inclusion,200,200,RGB,1,True,c91a9bd5ce5a0afad4c1d879dfec669d1aa5252477921d115bd16c2aff034efa,61aefd996097fa61eb77656f336ed18fb83cb96f7f3311c2c8fd2afb8c51cd87,True,data/NEU-CLS/train/train/images/inclusion_114.jpg
data/NEU-CLS/train/train/images/inclusion_115.jpg,inclusion,200,200,RGB,1,True,e3f6a03fb6aa11cba667ab45b03671dcd4108b183bbac71ef28e620d9864cc89,e4432954eac7d30068951db6c4b9e78c9612cfa6717d3d03c2450a7c04a286d6,True,data/NEU-CLS/train/train/images/inclusion_115.jpg
data/NEU-CLS/train/train/images/inclusion_116.jpg,inclusion,200,200,RGB,1,True,17297ed59542a7be793813baf3c7441e2f74e5f79636101c669171e91f0e927e,e454755591fa1f59e8560fcc46ba92fa17480709143e751445291a6b9d95929c,True,data/NEU-CLS/train/train/images/inclusion_116.jpg
data/NEU-CLS/train/train/images/inclusion_117.jpg,inclusion,200,200,RGB,1,True,84a71148648b705f3697197e5660b36a7e0319acf77300015aafe78d0d555ef6,e5a4203fd4838d41ea025d4120fe9d3eca28ce5b4df13853e346e9bd7f72bce2,True,data/NEU-CLS/train/train/images/inclusion_117.jpg
data/NEU-CLS/train/train/images/inclusion_118.jpg,inclusion,200,200,RGB,1,True,033306a176d01d3ed5f0c6ab29b5842ac44e4a52a63e28a852628056cf0cf66c,494247b2d4a1c5e7eb2844dcb56286d21f66627ad4b30547be68db913c2e9e43,True,data/NEU-CLS/train/train/images/inclusion_118.jpg
data/NEU-CLS/train/train/images/inclusion_119.jpg,inclusion,200,200,RGB,1,True,f4562ead6fe00c0051cee44830c0c654dbb48b9f198e24d1baf26429aa814256,8adc327516623ff23657de4e3da3b680cdca3840593b36c4f65c5116e4d136ab,True,data/NEU-CLS/train/train/images/inclusion_119.jpg
data/NEU-CLS/train/train/images/inclusion_12.jpg,inclusion,200,200,RGB,1,True,399c512883d199635f6233e27e7a7a3d5bed3eb7aab15083dc5bf9f265d2baa6,d3bf6a2ec970d3cb00f7f991602d4d0eed7edd3999361206f07379f5b94babc3,True,data/NEU-CLS/train/train/images/inclusion_12.jpg
data/NEU-CLS/train/train/images/inclusion_120.jpg,inclusion,200,200,RGB,1,True,9deed64441fc84ee4d040cc532076cb2b68f2c227cf011c10f3ce43b9ee57ff6,8fe0b43eb5bfea85c6b2c98e04dd22ec6dc96a5d89ca2718dd64eb6106acdc45,True,data/NEU-CLS/train/train/images/inclusion_120.jpg
data/NEU-CLS/train/train/images/inclusion_121.jpg,inclusion,200,200,RGB,1,True,8a441bf016f67aaa0f21112bfbd35a032f157df1869f5b97154063f527891151,6b57d7e9aff86f58b6744e1320ed6f48b2249dbcce509e1297ae1b8d35b90ca3,True,data/NEU-CLS/train/train/images/inclusion_121.jpg
data/NEU-CLS/train/train/images/inclusion_122.jpg,inclusion,200,200,RGB,1,True,be11bdbb46072c78e354a3531e4370efb39780b56bc59cbe1b776f3986832919,069f80b59de9662b37ca1d9e9520e3dcfbfe9f5be4aaed4d9e67893681103030,True,data/NEU-CLS/train/train/images/inclusion_122.jpg
data/NEU-CLS/train/train/images/inclusion_123.jpg,inclusion,200,200,RGB,1,True,e5aa3842ea4186e83d97099d5c413fa7ce27296b1cacc374976547412f0d8f10,59102c5aac2c98f6dd55e7b7358bd777c030e85f691a07658ac0232f89b760a6,True,data/NEU-CLS/train/train/images/inclusion_123.jpg
data/NEU-CLS/train/train/images/inclusion_124.jpg,inclusion,200,200,RGB,1,True,97fa15032df6ad2d76d39216b2ffc67f672cb9d84d1dd1d5c8375565e75f4b02,91abea4e64b624c656b378eb61727abf2cce48f6d57a042da580cc2a596baf28,True,data/NEU-CLS/train/train/images/inclusion_124.jpg
data/NEU-CLS/train/train/images/inclusion_125.jpg,inclusion,200,200,RGB,1,True,155cf4ea1d3586310a12fcfe9ed6df92b7bb7f02ed9b83434b65243d6d1eb24a,288beb8a36dd2d227ced5519855a258e511217974dc215d2ba248e5c82780411,True,data/NEU-CLS/train/train/images/inclusion_125.jpg
data/NEU-CLS/train/train/images/inclusion_126.jpg,inclusion,200,200,RGB,1,True,8d4fd5282bca4cdcf7ba5996fa44924a89742990cbdbf7dfdc5056344dbfb2c1,12041bad0a6349c0ff453f77c5bbd4e10748a28d45ac4427984b3bb62bf0b5ed,True,data/NEU-CLS/train/train/images/inclusion_126.jpg
data/NEU-CLS/train/train/images/inclusion_127.jpg,inclusion,200,200,RGB,1,True,f5491face05957d5c441d52295f15e0d9b917ac2500cd84d8baa0f2d2c39f75f,caa5fbdc94fc503360691ff181e89c6754db4609118f174612b5a455bbc62f00,True,data/NEU-CLS/train/train/images/inclusion_127.jpg
data/NEU-CLS/train/train/images/inclusion_128.jpg,inclusion,200,200,RGB,1,True,679ef3b3bbd5634a8083ec6e29530980d52bf139d98e2cea973f9ebe714272d8,8f60039a232a3cf66423a3437930f8ee5ec4c8c76d9a1106004d7c13d8d96eb0,True,data/NEU-CLS/train/train/images/inclusion_128.jpg
data/NEU-CLS/train/train/images/inclusion_129.jpg,inclusion,200,200,RGB,1,True,26b493e2bc04505e128c9a3d1f1b5ab4d248ffc9b50739848fa389cf07643b0b,e8bf68a249a50f5ebbba5637ab07bfa98313a7ee074b5521c26473547dd9d0b2,True,data/NEU-CLS/train/train/images/inclusion_129.jpg
data/NEU-CLS/train/train/images/inclusion_13.jpg,inclusion,200,200,RGB,1,True,b7a8d1df8c1325f4d62076db47c1e08e42a38a7e19e4bf79a38bc98edffb8312,63af1528a1ba491b2b2815011c1c0edc509f442ab9f7bacdf3dcaab28560c776,True,data/NEU-CLS/train/train/images/inclusion_13.jpg
data/NEU-CLS/train/train/images/inclusion_130.jpg,inclusion,200,200,RGB,1,True,7d1a7e9f9c8d77814ed0e7f1c64afdeb930f4107556ec754654ab679b28995c4,10159c634b6fc62d750ff31cff39be7aa2d20b78d846f2c1bd9a6b0182b8debb,True,data/NEU-CLS/train/train/images/inclusion_130.jpg
data/NEU-CLS/train/train/images/inclusion_131.jpg,inclusion,200,200,RGB,1,True,121102528272c406ef04d6ed35dc09445581465c39bb3280d15dc9ef837b1fa0,64c04a7225f8b2e66a9c057b4d97b0a704a89a065c5216246adc3dd750c20d31,True,data/NEU-CLS/train/train/images/inclusion_131.jpg
data/NEU-CLS/train/train/images/inclusion_132.jpg,inclusion,200,200,RGB,1,True,a999cd13bff0c4a30a879391da70c8f0a39894ae18ce905e3df58a28ae99468a,3957271ed3f5ada9e0f8d303d849263f79f95375b1cce3c1ae2357bffbc24966,True,data/NEU-CLS/train/train/images/inclusion_132.jpg
data/NEU-CLS/train/train/images/inclusion_133.jpg,inclusion,200,200,RGB,1,True,5304fe6f94b65fa9ee8871e9b3f6d7cc279de4c3dc4802f8e314a0df60139d86,b5f322f0d7b16374c8157e0947073941904ce40f3b59bd8e9dd9d6937d7dafe7,True,data/NEU-CLS/train/train/images/inclusion_133.jpg
data/NEU-CLS/train/train/images/inclusion_134.jpg,inclusion,200,200,RGB,1,True,56268a1aca392a04bb1a27cd6180614baa5bbcfe2cebbdd9f8e8dce64af9643f,7cdbd7b5220c5089e6798d142a470b32e96031985ba013556eec0dbe1e530ec5,True,data/NEU-CLS/train/train/images/inclusion_134.jpg
data/NEU-CLS/train/train/images/inclusion_135.jpg,inclusion,200,200,RGB,1,True,96a0fd79d5c8d6eab03b09e2331e258b931fd1b4523668b5b49f8ab69075ce67,ea058523f20c0112b2d5ddf4180722f4a4bcd9d6fe085d822469b3f910217103,True,data/NEU-CLS/train/train/images/inclusion_135.jpg
data/NEU-CLS/train/train/images/inclusion_136.jpg,inclusion,200,200,RGB,1,True,e3f794540ebe533da72cf1066ed395705d0d46013911015619477d01a5123aa6,87a33569826a559d7e189ff5fc61be906f514dbc84271c264c932df6e65cd858,True,data/NEU-CLS/train/train/images/inclusion_136.jpg
data/NEU-CLS/train/train/images/inclusion_137.jpg,inclusion,200,200,RGB,1,True,83e36ce6a0c6c52df50800121a1f786b0b5006a0af5034bcbb64f76feb3a1a02,d433cd52df132588593b2bb60f83286c18ea875a2cd382c088a2da0d60f28fe6,True,data/NEU-CLS/train/train/images/inclusion_137.jpg
data/NEU-CLS/train/train/images/inclusion_138.jpg,inclusion,200,200,RGB,1,True,adba4d9671f1e57d2360ac94f566fce3c56c531ea69921530d71c251a643ee6e,582c3f510ea739e0fa4ff2df42c5c44fde7a778fe468956c514c0271157945e4,True,data/NEU-CLS/train/train/images/inclusion_138.jpg
data/NEU-CLS/train/train/images/inclusion_139.jpg,inclusion,200,200,RGB,1,True,916b7498706c9af4adfdaf71e8c10a0611699328cfa2d44003fc089c38385b5b,7ead4a53034ee76aaf087127de523d87b42be5af3a58824fb21814807f626bd4,True,data/NEU-CLS/train/train/images/inclusion_139.jpg
data/NEU-CLS/train/train/images/inclusion_14.jpg,inclusion,200,200,RGB,1,True,3e5d44a4bd16a2674b3365eab98670cbce42be701f6215e13e32cc2d1dd74b66,47345e5f2ae71940da1749a5cf3b31bd06bce8ffeda33ebefda554caf9a1d12e,True,data/NEU-CLS/train/train/images/inclusion_14.jpg
data/NEU-CLS/train/train/images/inclusion_140.jpg,inclusion,200,200,RGB,1,True,39b0022061709787cf48658c6fb8dd15731e66c4610fe9d75712366d74a2a7ae,3e47e595c4a2533470232a1587857ea6ebc1b0c38fc336d8a9b7b7dbf26511d5,True,data/NEU-CLS/train/train/images/inclusion_140.jpg
data/NEU-CLS/train/train/images/inclusion_141.jpg,inclusion,200,200,RGB,1,True,84a06d731f725be3d828a132c4a5af91d30a4c04e9ba1ab1129d44fef35066c9,e99cfe4ca80f8cda2f90ebf00f416d8a8aaed8db3328e3b07061f8e2621bd0e9,True,data/NEU-CLS/train/train/images/inclusion_141.jpg
data/NEU-CLS/train/train/images/inclusion_142.jpg,inclusion,200,200,RGB,1,True,3ea22fcbc9559df0c49efd5c847dc1b8e2bac974845996bcfdca20013aa22572,a6c1ee40c64a1f2fc40b344df572e9b9b248108e8acd0ece3d009475cc5d16d9,True,data/NEU-CLS/train/train/images/inclusion_142.jpg
data/NEU-CLS/train/train/images/inclusion_143.jpg,inclusion,200,200,RGB,1,True,32e8bd39347f2d1d039aec781076f7a096afd5a80df15958abfbfa59e40cefaf,d146e85b411f6ea9333fe63fbb16604ea238338989de0563e9cbf3bdf123ed78,True,data/NEU-CLS/train/train/images/inclusion_143.jpg
data/NEU-CLS/train/train/images/inclusion_144.jpg,inclusion,200,200,RGB,1,True,8aa78a39a516fda6f89c9ff12162e9eac95f09f2e308436b84c561ad64579f52,067f2b0008dba68f05227a1e449b96645f8942797c8f97abec257f516878c0d8,True,data/NEU-CLS/train/train/images/inclusion_144.jpg
data/NEU-CLS/train/train/images/inclusion_145.jpg,inclusion,200,200,RGB,1,True,bd928a997d31ef67da19b3fb130b504e198e0687dd5ab5adaf5f1d888f2b9f95,0cb7c4da62e3d3a756744a3dc9421f8f6f381e5e9050e098658f9208b07cfc34,True,data/NEU-CLS/train/train/images/inclusion_145.jpg
data/NEU-CLS/train/train/images/inclusion_146.jpg,inclusion,200,200,RGB,1,True,a6df6483c6af20b75a4833e3727863820153949d6c9a9a85903846571925ca00,ed2eb1698de819e11464efe94d5a32cb0ee038cec02041e55051cce58cbdf4e2,True,data/NEU-CLS/train/train/images/inclusion_146.jpg
data/NEU-CLS/train/train/images/inclusion_147.jpg,inclusion,200,200,RGB,1,True,87066da067983f42d34b65bcf8daf90f8a88081805eb83190cefffd587e55528,f719606fe296f21d7a8f3cc162ab8a1c85b0162fe6214d806f875984d5655e6d,True,data/NEU-CLS/train/train/images/inclusion_147.jpg
data/NEU-CLS/train/train/images/inclusion_148.jpg,inclusion,200,200,RGB,1,True,08fadc55bbfc38e5b1bfb98edf6647e8071a03b440d905a4b5a075ea8e20c7ec,a6f55feb4c34e8f7142058f425c363e5d5bea1e22ca2c3779cd28766d005002a,True,data/NEU-CLS/train/train/images/inclusion_148.jpg
data/NEU-CLS/train/train/images/inclusion_149.jpg,inclusion,200,200,RGB,1,True,ce474a3f31f2970dbe9c0ffdca8450df075601d75043a5f3443be5b8eb35f907,77440fe728fe35fbcc4cb3e8e140b951c4bafd471a4c4098e6d16a05cb660dc9,True,data/NEU-CLS/train/train/images/inclusion_149.jpg
data/NEU-CLS/train/train/images/inclusion_15.jpg,inclusion,200,200,RGB,1,True,d97cf69a0e573de757e2eaaaa35451f9121242ce528a872b6e38927feb537fb8,593ad43ea0ba1f06c029e9c81b485adcfd9059a5ac13082f0cdc83c494a3069a,True,data/NEU-CLS/train/train/images/inclusion_15.jpg
data/NEU-CLS/train/train/images/inclusion_150.jpg,inclusion,200,200,RGB,1,True,d1c6327a8e25505b2fc0d78a7a4acfd6a178d33bd57153c4ad19cde34151b073,4880e8dd61e8f6ca957d2524f84e232be8a91b8b7a614079eff246cc67a79723,True,data/NEU-CLS/train/train/images/inclusion_150.jpg
data/NEU-CLS/train/train/images/inclusion_151.jpg,inclusion,200,200,RGB,1,True,2f54b0fd9e6dc52ffcc99a6b21a9ea87ea2c2f87bdc1004cb65f9a6ec4fe9fe8,5c028fed454311595286d826b777776653d5024d36260e07c1897f0cd3e5e867,True,data/NEU-CLS/train/train/images/inclusion_151.jpg
data/NEU-CLS/train/train/images/inclusion_152.jpg,inclusion,200,200,RGB,1,True,b001742d109eaca3abdbcda69c81e660f07eb26b687e98f13cafda10656d5b49,7ae1f445d0823bfe5325bd630c405fb788d2e70f527f65b51408c1dcde6d4529,True,data/NEU-CLS/train/train/images/inclusion_152.jpg
data/NEU-CLS/train/train/images/inclusion_153.jpg,inclusion,200,200,RGB,1,True,45d7514244ee1334c276973371a33bf1d5791ba3ee8548a19ed996ecc4279bf5,37f8848f60b026a4328d1f170c28e574de92438aeca8dce18fb5c3d0add09e36,True,data/NEU-CLS/train/train/images/inclusion_153.jpg
data/NEU-CLS/train/train/images/inclusion_154.jpg,inclusion,200,200,RGB,1,True,93ced17f4532f10811fe84d12c5b7c366e778f5f1cde4da0923be991d10a2305,747261aee67e5af85dd2995a2a2dbab250c8155e1838ba5e30f37b256b3d7ad7,True,data/NEU-CLS/train/train/images/inclusion_154.jpg
data/NEU-CLS/train/train/images/inclusion_155.jpg,inclusion,200,200,RGB,1,True,c5858265ba4571fe22ec933cb3e43d91742f98e57d39a2a7c36734b1a140ff5e,7e022622a5869fc3f62b67311cbd84442bd00793f6c5f54ab043cc4345920475,True,data/NEU-CLS/train/train/images/inclusion_155.jpg
data/NEU-CLS/train/train/images/inclusion_156.jpg,inclusion,200,200,RGB,1,True,ff382e577013e3c6ed9c2edb09ca4a2fa01c9dc7b2c6926577136b72bd0f8f31,3211422c762f9187ee11b17db4e6642be7373069ef90c322e082c2c10d68022e,True,data/NEU-CLS/train/train/images/inclusion_156.jpg
data/NEU-CLS/train/train/images/inclusion_157.jpg,inclusion,200,200,RGB,1,True,43a920eaf92b342c118b81d1cb5d9996dc73bb2ecbcad3ad2ea69c7f61c8d271,f6ce955d1183da31ecbbbb1c06e5fedc838c22162df6791a38142c7cfa08d4e8,True,data/NEU-CLS/train/train/images/inclusion_157.jpg
data/NEU-CLS/train/train/images/inclusion_158.jpg,inclusion,200,200,RGB,1,True,1708c782c65037a4e1002c179ec593782fcd4f0b086a5cac0ffd573ef58dc7a4,722c41d4d92ed723cef2b0aa99e508bd216b5bca0f88d287765fea8a3b40d6a0,True,data/NEU-CLS/train/train/images/inclusion_158.jpg
data/NEU-CLS/train/train/images/inclusion_159.jpg,inclusion,200,200,RGB,1,True,334f175f1c20608fe83aca78b84d5e5e174f0faf0e2f0d573a94a58b7978734f,f86d772ca24e2d1b520e06df278ffa79a89ceb089e5cbbe324d05e97981baeaa,True,data/NEU-CLS/train/train/images/inclusion_159.jpg
data/NEU-CLS/train/train/images/inclusion_16.jpg,inclusion,200,200,RGB,1,True,1ff85f67c5d902bf00a37895e4ea86ca2a49bb1c452fa9fc44d0431f154a3940,c89b40c89954750c901ebda1f4d747169a0217915c0997fb12d061c1e2ef9576,True,data/NEU-CLS/train/train/images/inclusion_16.jpg
data/NEU-CLS/train/train/images/inclusion_160.jpg,inclusion,200,200,RGB,1,True,1d313b57bc9d79f93550317dbd2a783a94c718c5a59e60953430655b8a2804f7,a8b2b860bf99331e2c003b42920d51553e4d4e2cfde2611b26d1f671a1c66fde,True,data/NEU-CLS/train/train/images/inclusion_160.jpg
data/NEU-CLS/train/train/images/inclusion_161.jpg,inclusion,200,200,RGB,1,True,a4cd53d1d2e625c7af5487dfe0710b0b731e5fa84a4f32e2942b2db49286c02a,595de648dd03971a81a1253e66495189111d1e883b62a351aec87ba09f35fabe,True,data/NEU-CLS/train/train/images/inclusion_161.jpg
data/NEU-CLS/train/train/images/inclusion_162.jpg,inclusion,200,200,RGB,1,True,f759a7280dbeb3ac000845c90d2f5d9d0324330c543dcfe23771fa3ff550fe69,38b41ab54b3759850ffe80230ca135aa83c55212619bc7ea0b11503e457ad5e8,True,data/NEU-CLS/train/train/images/inclusion_162.jpg
data/NEU-CLS/train/train/images/inclusion_163.jpg,inclusion,200,200,RGB,1,True,0c18abd9ca29890c846e8f8515ea5b676f927333169180b02c83cfe0fd258d00,fa47fa96e04cb3cd9bd61b6c4ba9d9d6d792c4b1d7e211d2b50ae108a775063a,True,data/NEU-CLS/train/train/images/inclusion_163.jpg
data/NEU-CLS/train/train/images/inclusion_164.jpg,inclusion,200,200,RGB,1,True,99bca7b247dbf186658ebcf83f5746b579a48b6c80ac6dcc2e9abdb38cc6ae7c,cbd14cde25bf8c9a4aee6898fea001bb8210a75a7a10fb25fda4def2e10df94a,True,data/NEU-CLS/train/train/images/inclusion_164.jpg
data/NEU-CLS/train/train/images/inclusion_165.jpg,inclusion,200,200,RGB,1,True,c58092575544dd1697cbe20f5b87b7e45bb1234a5cceb7d0b3399aa786272d72,5ace19304a0e6a724c6862bd443691c6fe0f88979d264bf9f77c6c1dbcebe760,True,data/NEU-CLS/train/train/images/inclusion_165.jpg
data/NEU-CLS/train/train/images/inclusion_166.jpg,inclusion,200,200,RGB,1,True,6ab19736190e97e57643404649b0ed3d2cb75ab6bc66f1c2bece67d888458573,4770bc2fdb4a3f8ae2194de0fe8f2865449b6b3f541291b6fe948766a78e9047,True,data/NEU-CLS/train/train/images/inclusion_166.jpg
data/NEU-CLS/train/train/images/inclusion_167.jpg,inclusion,200,200,RGB,1,True,5010d4ddf544bbf92f607d8d52659978e1d4c9aab299a222304ce8a5807c3fa1,e5a57e8815f1d7b63e933fcd342e79e9e59e75472afbb49084ea495d919cca0a,True,data/NEU-CLS/train/train/images/inclusion_167.jpg
data/NEU-CLS/train/train/images/inclusion_168.jpg,inclusion,200,200,RGB,1,True,993844e1b0fc263877c6b0be51967d55e3f58dfab3774cdc4fa4576e811e0001,92f77281f3c97c7a87ffd5f5d19bb7378b4356cfbab28c257b7a27e1f99e6dd3,True,data/NEU-CLS/train/train/images/inclusion_168.jpg
data/NEU-CLS/train/train/images/inclusion_169.jpg,inclusion,200,200,RGB,1,True,e4936ff375f3bc21a1b7e43c9a0ecce642b1e603ee33d53231b065b458c77d0b,3e2882340a67441aaa20207764d80386a4036a284da16c19ba9175b1fd1b91dd,True,data/NEU-CLS/train/train/images/inclusion_169.jpg
data/NEU-CLS/train/train/images/inclusion_17.jpg,inclusion,200,200,RGB,1,True,87581da8b895c19669fe724b00b2180dd183fec337a3af9e0b88d574dba7e66f,5eed84643a10d6ab2e51e18f1ba0f8ca7970f96551547b9f10750af80354f465,True,data/NEU-CLS/train/train/images/inclusion_17.jpg
data/NEU-CLS/train/train/images/inclusion_170.jpg,inclusion,200,200,RGB,1,True,257c47ee8cb4152c4541ba6bad002a52f9de6cd65f20de0d6067fe55ff18b853,8071d92ed1323b5c1f605295dac91b92ca187818f5cddd808b906b1550143260,True,data/NEU-CLS/train/train/images/inclusion_170.jpg
data/NEU-CLS/train/train/images/inclusion_171.jpg,inclusion,200,200,RGB,1,True,abdc50d7591e7dcdb26660803594aa3dcf81c48fbf52b5b8f46a3c2250e2f276,f4313de17f71879301e5c4332c6c54cdf57fa585347c29c34f26cefc5c0e194e,True,data/NEU-CLS/train/train/images/inclusion_171.jpg
data/NEU-CLS/train/train/images/inclusion_172.jpg,inclusion,200,200,RGB,1,True,aa18ffe8e33f56dddfd1b88fd54e89aeeff1983c71b9f325c6baa021320c185c,a231011f4fcffb77c2582f3f282c0916c0a6305249fe9c8f2b63700e7976050b,True,data/NEU-CLS/train/train/images/inclusion_172.jpg
data/NEU-CLS/train/train/images/inclusion_173.jpg,inclusion,200,200,RGB,1,True,709e3ad3e08c8b75d794df22678327ed67c1683eb2d66d88342621cb6df3a871,2b790baa4f1200fdb991f259d49ea82dccf5af37b4eb4c1f3a18e2480945afe3,True,data/NEU-CLS/train/train/images/inclusion_173.jpg
data/NEU-CLS/train/train/images/inclusion_174.jpg,inclusion,200,200,RGB,1,True,e7904a51bc0734dfb82dbe02ad4deb759942fe04dc918de1d1decde464a7e367,3f8c35fea869edda6157ffd9ff641287f1a4a2cc8af95df05ce95fc2e84aaae8,True,data/NEU-CLS/train/train/images/inclusion_174.jpg
data/NEU-CLS/train/train/images/inclusion_175.jpg,inclusion,200,200,RGB,1,True,f57dca12b473803c71d29d3450367083fa6b7da91370a3bea73b951d6914a3c8,e726d08e95d4c380a43d898d6b90bd8c282c22fcca2fa24e75b5604a3e32046f,True,data/NEU-CLS/train/train/images/inclusion_175.jpg
data/NEU-CLS/train/train/images/inclusion_176.jpg,inclusion,200,200,RGB,1,True,27dbfca58b88c6317b60ffac4c27d61c14e8a3d6b78aca99ed4045009ba4ef9b,5422a2fb1d668550ecf33258ae54b65e80c45a4386de9236190b025392c47ef6,True,data/NEU-CLS/train/train/images/inclusion_176.jpg
data/NEU-CLS/train/train/images/inclusion_177.jpg,inclusion,200,200,RGB,1,True,bfe34c1cf0883fb91bbb6c8f91c39f0fa174e3f3f566b6ddee04786764f546d2,60136fd981ea1cc07dcd6e0efd959c1a1dbad0ea3edfea182e702f06a96900f2,True,data/NEU-CLS/train/train/images/inclusion_177.jpg
data/NEU-CLS/train/train/images/inclusion_178.jpg,inclusion,200,200,RGB,1,True,bf168cf60edf6b98da2946fea9f2eae33c8a3d8f7c1127bd0b83fe01b1e703e2,ee94671024cd2586e74edd88d8fbb7dce417421ca185617877211818f0cce40c,True,data/NEU-CLS/train/train/images/inclusion_178.jpg
data/NEU-CLS/train/train/images/inclusion_179.jpg,inclusion,200,200,RGB,1,True,d2332e2fe067d2143cd44ea60dd023bf5311a74617b761eaa197096cbe0479b3,3155abf1184923e0cfaa6ae52182c44c30e559f925b020db7dcec0b0ff477f00,True,data/NEU-CLS/train/train/images/inclusion_179.jpg
data/NEU-CLS/train/train/images/inclusion_18.jpg,inclusion,200,200,RGB,1,True,c1c54814ecaf2bf4f6d84aaf5c744fb648dc3c8323c3b0cfe1bd9f55df20788b,ccce88b33fa8ef4edaa0abc7b3b6d51f3e09471fdea3af8f0da132b3a3ed1921,True,data/NEU-CLS/train/train/images/inclusion_18.jpg
data/NEU-CLS/train/train/images/inclusion_180.jpg,inclusion,200,200,RGB,1,True,d3c5b0f3abcf8c4b8ac9e2ebb5b32dfa2fe9e1f588ffb71562a73492901902b8,2dc85171dcdb308b7f7f33adad040c1d6654af431bbe1896c0cb947abf506394,True,data/NEU-CLS/train/train/images/inclusion_180.jpg
data/NEU-CLS/train/train/images/inclusion_181.jpg,inclusion,200,200,RGB,1,True,0aaf882e14c80680751a9dee49bc7120a1e78bd270b797535275dd4f40d0e075,89809c9e0b4e978e36a11c72b930b71dee909dce4b2278f0081a313f655baa19,True,data/NEU-CLS/train/train/images/inclusion_181.jpg
data/NEU-CLS/train/train/images/inclusion_182.jpg,inclusion,200,200,RGB,1,True,63a2bac652e184372820aa13360ec1595ac8e4ea3ae9242f75ddac79f395c582,f53400b59149fc8cf5e186ac246734166481efb6b367352cc31168d52a166941,True,data/NEU-CLS/train/train/images/inclusion_182.jpg
data/NEU-CLS/train/train/images/inclusion_183.jpg,inclusion,200,200,RGB,1,True,a757f09c4119e5429c9b17381e528a6c52a094856387ea26a7249b0dac43eef6,5cfa5d52834a922559b0f7a2c291e13870d35dbaacf9db974c0dec70912a596c,True,data/NEU-CLS/train/train/images/inclusion_183.jpg
data/NEU-CLS/train/train/images/inclusion_184.jpg,inclusion,200,200,RGB,1,True,bd12f5787eea047e32b3873e3b0dda4cc12bdfef9a9fee6c4086cde1acfabbb7,3eaedc754fa6c94a3ba006e4a69cd738da8dc411a34f7ab93d352a424d4b9b94,True,data/NEU-CLS/train/train/images/inclusion_184.jpg
data/NEU-CLS/train/train/images/inclusion_185.jpg,inclusion,200,200,RGB,1,True,044e6041678c98a6ea41fdb7da1eadd75fd29ced0c8f538b43a663d42910f10b,191171e1e7299f83e6f2f71baf533be43fb8ef05054c617111139aac26f8f479,True,data/NEU-CLS/train/train/images/inclusion_185.jpg
data/NEU-CLS/train/train/images/inclusion_186.jpg,inclusion,200,200,RGB,1,True,01d2800e361e3ac79a3a8b07647fe17813559b47f40235c6d12ab29596e6d35d,166d0b055a1f9cb41687b02e8a0be0e14c1d9f7c9b0050a62196bbe080f84d38,True,data/NEU-CLS/train/train/images/inclusion_186.jpg
data/NEU-CLS/train/train/images/inclusion_187.jpg,inclusion,200,200,RGB,1,True,b50fde7cffeeb0d207aa54bbab64f3a22c387042392c25a4c3a24b5d47c6b6a2,9cc003b48222b167b9b4b4286da4ca3eacb3e9e4d01f0a53cc72d9df1d17bd18,True,data/NEU-CLS/train/train/images/inclusion_187.jpg
data/NEU-CLS/train/train/images/inclusion_188.jpg,inclusion,200,200,RGB,1,True,15bf876da4e1fab29aef9ec5509c8a35a2d6db00f025a061fc33d1baaa460721,9e93a86d3fc7f3b80a8eeb353aed2ade2a60afe4abcfb54513bf52044a3e1bb2,True,data/NEU-CLS/train/train/images/inclusion_188.jpg
data/NEU-CLS/train/train/images/inclusion_189.jpg,inclusion,200,200,RGB,1,True,be2f6c38b05bcb93ada47d50aa0abe2ff4d0cf9ddb7b9a0eb60310ee2cae51d6,8f05b6a1cf17cf8c6d78e757e97a1471bc15bdafc52007daa7ffd27c6532f95d,True,data/NEU-CLS/train/train/images/inclusion_189.jpg
data/NEU-CLS/train/train/images/inclusion_19.jpg,inclusion,200,200,RGB,1,True,616a573f0334ba53b23e18b7861df0e7017c2a28492b368f46ad1ffa39f1fd57,d3e681e9c64b06207c02a929b4c3dd8bdc6623cd037c4538082bc36759ab70f4,True,data/NEU-CLS/train/train/images/inclusion_19.jpg
data/NEU-CLS/train/train/images/inclusion_190.jpg,inclusion,200,200,RGB,1,True,9b6a8769184e5b4fee387653ec7c2843b3fba233059c1914a0746fbcc1d9e5bb,f591ec914ad5a7ce07e8e7c446432b2d0e46235b5d7b5f61887247df00e213f6,True,data/NEU-CLS/train/train/images/inclusion_190.jpg
data/NEU-CLS/train/train/images/inclusion_191.jpg,inclusion,200,200,RGB,1,True,e9ecee694c4e4f78c234679f04f199bf2711599a59a22efc4b87af4ce7962e7c,ead6d3e924e1ca03a2c0de650a575623f9364f9f9f27c2ce96ba6ada8eb64b5b,True,data/NEU-CLS/train/train/images/inclusion_191.jpg
data/NEU-CLS/train/train/images/inclusion_192.jpg,inclusion,200,200,RGB,1,True,150a6917674ff35cc2bae745a3275a26839178074323a08d0ef0bc7360688463,643098cd9e4f284a2c815ccb9d653c9c5db496d6e600b1fedd71e01ac254d872,True,data/NEU-CLS/train/train/images/inclusion_192.jpg
data/NEU-CLS/train/train/images/inclusion_193.jpg,inclusion,200,200,RGB,1,True,12f915d6f44c1366132a023c00ed8d932320f8777301705087f784ed2b5c8fa7,cd39188f4e20c1641daf0e5ca172b31c209f201d9362a791b83fad91329d6ce4,True,data/NEU-CLS/train/train/images/inclusion_193.jpg
data/NEU-CLS/train/train/images/inclusion_194.jpg,inclusion,200,200,RGB,1,True,55073f4ed8e7f803cb1412ad27e998fc4c59ccc5476597114703ee9210cc994f,230efe0c9a092db0963a32ee53d8c6125b0867834e148b895f770ee8eb688707,True,data/NEU-CLS/train/train/images/inclusion_194.jpg
data/NEU-CLS/train/train/images/inclusion_195.jpg,inclusion,200,200,RGB,1,True,788bea257894ff1be02820f29d5b4d71b8618189615a989db9122c64cf14fb07,f589111cc3463936994e0366eb84a390ee6a8ebc07ce0dee5b918c22819a700d,True,data/NEU-CLS/train/train/images/inclusion_195.jpg
data/NEU-CLS/train/train/images/inclusion_196.jpg,inclusion,200,200,RGB,1,True,3065bc0d2a74672b529bd3862b08d598bbc2e40c08842db33df83d6c5f72d215,a12c9f82d38230d9f3fe95106b6a9544ec557fa559e285040047a7aa18755503,True,data/NEU-CLS/train/train/images/inclusion_196.jpg
data/NEU-CLS/train/train/images/inclusion_197.jpg,inclusion,200,200,RGB,1,True,38d33f3610b6897a49b7f2277689fc1a92619f25d621c31808decb08848ff2f1,f1613cab6617811357f66000c4de8b32bdefb3787b6b0b62ea824b074899c73b,True,data/NEU-CLS/train/train/images/inclusion_197.jpg
data/NEU-CLS/train/train/images/inclusion_198.jpg,inclusion,200,200,RGB,1,True,6da68748488c972257aed5deffb37c06845808490dee0c92d0c3b680a7d0e850,3b997777975d2b12cdb3fd4692fdaa6eb64c5ba37b57364e096c818ece77bb7c,True,data/NEU-CLS/train/train/images/inclusion_198.jpg
data/NEU-CLS/train/train/images/inclusion_199.jpg,inclusion,200,200,RGB,1,True,1a94db598829589f75908a2dffd07030d76f3304606dfe7794e7204926384949,f64319e84715654f166198045143ae5a656844449cecfc456aeeca413c170a36,True,data/NEU-CLS/train/train/images/inclusion_199.jpg
data/NEU-CLS/train/train/images/inclusion_20.jpg,inclusion,200,200,RGB,1,True,ded73e4967cc83fb26ceb01b84eeb6cd27157029a82cec6ac96014ed802167d8,35ee32886bddd25b9ae4d1b91e370e8b7d3ab0bccf47da03c68d22414bc9174e,True,data/NEU-CLS/train/train/images/inclusion_20.jpg
data/NEU-CLS/train/train/images/inclusion_200.jpg,inclusion,200,200,RGB,1,True,25ff4fddec2e56e41ec1589fee3739f0b9166c858a1eb33ac51090d75b352bce,9fe7182f2e7dedc377ae1d48e7341e0409c0c3e502f1ac0520076280ea47908d,True,data/NEU-CLS/train/train/images/inclusion_200.jpg
data/NEU-CLS/train/train/images/inclusion_201.jpg,inclusion,200,200,RGB,1,True,1d7ffba898128163002177abf22766d368700f6504f4273db2481835d247bd14,81b9bbf0beb88e9057a515243e6b152a887fbd5be4771288f8b67d4544abc166,True,data/NEU-CLS/train/train/images/inclusion_201.jpg
data/NEU-CLS/train/train/images/inclusion_202.jpg,inclusion,200,200,RGB,1,True,c9ae789533f168d6d93ff866072d605e6612915396ef56aa6e9c77876a3a102e,0019d148260df9940bac0c38a83b29e690e293e1de31940f2d400b6d0ace0568,True,data/NEU-CLS/train/train/images/inclusion_202.jpg
data/NEU-CLS/train/train/images/inclusion_203.jpg,inclusion,200,200,RGB,1,True,b840d901af6bf20738486500037931a6c0e8b331f0a8022bf3fa846570aa116c,75d7299fb5df7cf63343f7d4979378b31841ddad10451bce738e740a23508f49,True,data/NEU-CLS/train/train/images/inclusion_203.jpg
data/NEU-CLS/train/train/images/inclusion_204.jpg,inclusion,200,200,RGB,1,True,16effdf1bcb08b21d5bea1d9d5a659d905951fb721b16e65261ca7d64a2d40b9,faf530cd6bc098b6c4466ad3b530527e1ae7891dd4db6222183e719b0387f516,True,data/NEU-CLS/train/train/images/inclusion_204.jpg
data/NEU-CLS/train/train/images/inclusion_205.jpg,inclusion,200,200,RGB,1,True,e5b195d4dae57206a538f2213c1cb94a6bcb5ddd66790b39ae03391eaf8f8fbc,4c644f9d71f812f77b575d04889df476d9c8fcb584f0044ce6f61b44836dcff0,True,data/NEU-CLS/train/train/images/inclusion_205.jpg
data/NEU-CLS/train/train/images/inclusion_206.jpg,inclusion,200,200,RGB,1,True,e925ccd5afe370eae3a6513a3e6e3f8c6ee11c43d8e5c8c4a00c8fda09e1d512,95ba3ab18b0f8daec3d67cfe8cf0cc46ef71eea4e84c039eb2c2ff87818cce68,True,data/NEU-CLS/train/train/images/inclusion_206.jpg
data/NEU-CLS/train/train/images/inclusion_207.jpg,inclusion,200,200,RGB,1,True,7512debcf6fc4857fcb2d42326c6787e227e59f819425dfd50dcb2fba37d37cc,f23cb3f4c457da49840d8bc9dbd30ddc26b45d49c019b34734a57f299a566935,True,data/NEU-CLS/train/train/images/inclusion_207.jpg
data/NEU-CLS/train/train/images/inclusion_208.jpg,inclusion,200,200,RGB,1,True,8dac05de84c8383bbf18eccd6e4434d12d0a924e58eb74cb8650141fde74d599,da71a3ee332c801cdce9dfc219f757969fd5a3856981c1c3a4660986332922a6,True,data/NEU-CLS/train/train/images/inclusion_208.jpg
data/NEU-CLS/train/train/images/inclusion_209.jpg,inclusion,200,200,RGB,1,True,208c94c15ca21363b31067979f1a7e215262ffa61bf45374aa1683c8dd939083,2c4efafcca8de74ca1a2fc0273a56ea0557c15ae1c9bafd0472226f2e7b2d00f,True,data/NEU-CLS/train/train/images/inclusion_209.jpg
data/NEU-CLS/train/train/images/inclusion_21.jpg,inclusion,200,200,RGB,1,True,fc3d9a98b5a93305aa7ffb438c6de65e66e4f34e81020944cd90328a4d712090,06e0e56d4ca325d702a8b3973b330ddcb6717fd34b6c439394ef6240b2669051,True,data/NEU-CLS/train/train/images/inclusion_21.jpg
data/NEU-CLS/train/train/images/inclusion_210.jpg,inclusion,200,200,RGB,1,True,722df1d6a537db019f7bc0cbf839edda12fa08f9debec9e81e37df0b4496ce65,06b05be2e6bd3a54569d3625ce0efeb849c9115d7a3642f3d0fa0259f861fc40,True,data/NEU-CLS/train/train/images/inclusion_210.jpg
data/NEU-CLS/train/train/images/inclusion_211.jpg,inclusion,200,200,RGB,1,True,1500a2dd882ede87ee5c3e0b48ec03f247d6072d51ead9924d63a10ad25cf03f,d4c2d96587441a9c65073e0b10b308e5964007e674c00249a0593607a8741500,True,data/NEU-CLS/train/train/images/inclusion_211.jpg
data/NEU-CLS/train/train/images/inclusion_212.jpg,inclusion,200,200,RGB,1,True,3b7e5c4031b950e6f198321c3746895dc30ba0442c0bcea34a7e257ae56b2987,7977cbae059835c261feceb5b61fd0a834c78e0ed758c9787e5bdab5ffbf499f,True,data/NEU-CLS/train/train/images/inclusion_212.jpg
data/NEU-CLS/train/train/images/inclusion_213.jpg,inclusion,200,200,RGB,1,True,4a3e4b850316da72a5aed186b33c93305740253df78f830c16aebe44e0e16e9b,a01d91904c67f266b79af864c2bab22bd57f0a364170384754fe018925751c94,True,data/NEU-CLS/train/train/images/inclusion_213.jpg
data/NEU-CLS/train/train/images/inclusion_214.jpg,inclusion,200,200,RGB,1,True,900b3af488116eb8dc24da60180598a497c4338fd72d1b0065b8ce8194ef5988,91dc99e312f5acdc2422fd8b1ad05ec3cec9aa58b43b570f0ed49bea19d63a8c,True,data/NEU-CLS/train/train/images/inclusion_214.jpg
data/NEU-CLS/train/train/images/inclusion_215.jpg,inclusion,200,200,RGB,1,True,a5fe8af5a90c4ed816914375bf77ee49b4a2840022523cbe59f15e045f3acdf3,092e9193dba779ceb2eaa1769b080b59673b26a910ac9141240b70cf9dd3447a,True,data/NEU-CLS/train/train/images/inclusion_215.jpg
data/NEU-CLS/train/train/images/inclusion_216.jpg,inclusion,200,200,RGB,1,True,8e5dd324e45046e19a7db5111b54ff15510161f288f6b996d15bf2eb28b00e73,0cf63ee0125e9ec78efab71bccf8fb289ec1b909d887d5c0671d2da95c916e7c,True,data/NEU-CLS/train/train/images/inclusion_216.jpg
data/NEU-CLS/train/train/images/inclusion_217.jpg,inclusion,200,200,RGB,1,True,e40821c51a341286572663cbba1159e7efe8a7cd729c763a5c439d851e6a9c77,d53711bf2c1c5545d0b10c25e19f108b6cd8861be2b8d32f89ecef81a8c58823,True,data/NEU-CLS/train/train/images/inclusion_217.jpg
data/NEU-CLS/train/train/images/inclusion_218.jpg,inclusion,200,200,RGB,1,True,26a96e68851c910ba49738157d5e5ac8b5ab6c1fe776de2647f443e8e36f88d7,5c4fb0ae0da7c7448c21e7a06391caddd230bcace0ff4ab1d92e1e562ea4af7f,True,data/NEU-CLS/train/train/images/inclusion_218.jpg
data/NEU-CLS/train/train/images/inclusion_219.jpg,inclusion,200,200,RGB,1,True,50cf3517b529e47d4c1dd74921d6ec9bd7c6530e0afdaf70ccd05c29b90a5f49,ee3119be909d236afd55584e7059b959f14c4014b467323db75d747719c49ec0,True,data/NEU-CLS/train/train/images/inclusion_219.jpg
data/NEU-CLS/train/train/images/inclusion_22.jpg,inclusion,200,200,RGB,1,True,9879e0ccbe89389e88f8b8ed320f5f7b20ad0eeaa817a55431dd4e55db1902d7,b08a54445d36764d2f2a55d1ffd9e9e2abbc5a50a59a3b3aad077753009604cc,True,data/NEU-CLS/train/train/images/inclusion_22.jpg
data/NEU-CLS/train/train/images/inclusion_220.jpg,inclusion,200,200,RGB,1,True,d84460af1a06a7ecf8761192044de1ec0723dee2143bc5dd9a1e64171b2d14f8,7d9c638a255dffeb676b9a781ff4e8d6bf4d9c9757add8e879aaa37f5c415be9,True,data/NEU-CLS/train/train/images/inclusion_220.jpg
data/NEU-CLS/train/train/images/inclusion_221.jpg,inclusion,200,200,RGB,1,True,20f3b47345589e838fa0c942b95fd8f75ece7b1be6909acb3c4cd58edfbc368e,482721aaf0db60d9c59f9cb21a526785fc2d60cf13bd367a81586e297590024f,True,data/NEU-CLS/train/train/images/inclusion_221.jpg
data/NEU-CLS/train/train/images/inclusion_222.jpg,inclusion,200,200,RGB,1,True,d589f433204f5f9bc298a210a9473a5c87eee136d15b493dfb61e185f389fd7d,f3cb789a4ad189a3e452e0d9a68b0119f404fe242fb58f074d3a1956b91a6d41,True,data/NEU-CLS/train/train/images/inclusion_222.jpg
data/NEU-CLS/train/train/images/inclusion_223.jpg,inclusion,200,200,RGB,1,True,a3491c40b1182bfa8e0584efefc0a4513814dd8169f79fb054ca3e77818c8f25,20abfc36bd26475b7371babc0a327738d39ec35639d800d768a59f34767c70c2,True,data/NEU-CLS/train/train/images/inclusion_223.jpg
data/NEU-CLS/train/train/images/inclusion_224.jpg,inclusion,200,200,RGB,1,True,6058d7ef1984735335046fa8c73fd9c4d9bef0b680e5c66b6ff0419ec0c7ccd1,097b84d366e294218d26c48160eb65123c8271a07e3409c1b8b74d4b3e569957,True,data/NEU-CLS/train/train/images/inclusion_224.jpg
data/NEU-CLS/train/train/images/inclusion_225.jpg,inclusion,200,200,RGB,1,True,0b3e713521a07d8074214175c96692a61e5f29e10c8d150e6095a48b2da271f9,2fa1d2d3d84916e2f25ae20f2d14bf0054c71ae130f7d85c36ef9932e9f04c98,True,data/NEU-CLS/train/train/images/inclusion_225.jpg
data/NEU-CLS/train/train/images/inclusion_226.jpg,inclusion,200,200,RGB,1,True,c638b74f0dbc79994f93a558c9fa716dc8d6c5e05881553060f6b7efaf39eed2,143bb3161d1815566ace0b03e014bdc09b0e70dda505381de1337c89a95d7426,True,data/NEU-CLS/train/train/images/inclusion_226.jpg
data/NEU-CLS/train/train/images/inclusion_227.jpg,inclusion,200,200,RGB,1,True,0eb6e04979f48f5e325633dee54162a4a724f5fe6d4ffca9edff000917b615ca,9f58a7b9405aed2b0e3461ed1b3384aadbe46f8040dcafbbbca8de2372a0e708,True,data/NEU-CLS/train/train/images/inclusion_227.jpg
data/NEU-CLS/train/train/images/inclusion_228.jpg,inclusion,200,200,RGB,1,True,b4113a4f6c021f81f12f160a617273c98ab3a5d45046f2185de11632d7dd9c83,7c939a790c72274e1519ad30b0f4b7d952b060dd2a75afda1828a3bd454be028,True,data/NEU-CLS/train/train/images/inclusion_228.jpg
data/NEU-CLS/train/train/images/inclusion_229.jpg,inclusion,200,200,RGB,1,True,ca68d1569d0181418d9abd00a3568db2a8cbf7af1813b5beccc99f432f8db560,c5aa9abac83b8b5adc336c650795833191cd7f7edfdaa703b9a6f428e1e0c6a8,True,data/NEU-CLS/train/train/images/inclusion_229.jpg
data/NEU-CLS/train/train/images/inclusion_23.jpg,inclusion,200,200,RGB,1,True,0488dd21d5ea64366bf55529ed2cf05ede3b19821d82c6903f3a1bfc863792df,566be27f49fbbd7b464657e9188469b83111f6f2cb17657a644924e02e185895,True,data/NEU-CLS/train/train/images/inclusion_23.jpg
data/NEU-CLS/train/train/images/inclusion_230.jpg,inclusion,200,200,RGB,1,True,6e55505a3c2d7e044fcd9c1592fdcc1260ad213f916afa551a8625c99d886b58,0557c907740ae63e11b06145cf64996146e9698719fe04ae7e201b2b423e92f6,True,data/NEU-CLS/train/train/images/inclusion_230.jpg
data/NEU-CLS/train/train/images/inclusion_231.jpg,inclusion,200,200,RGB,1,True,c0be442399f4699c3923f943958dbbdddd43f5c2a667f83da79c0b0652bd79e4,e54c2617f0cd0f2896bba3ef3eab78c742e7d00fa43eecfd94a03318ed69ec60,True,data/NEU-CLS/train/train/images/inclusion_231.jpg
data/NEU-CLS/train/train/images/inclusion_232.jpg,inclusion,200,200,RGB,1,True,53eec1389bb21d3630924236f200c8a3a0600763a34ef69bd4f92bd0c4e45b51,0f03e2584b1ea36ae9ce17fd9d4f6042444f98282e895c942f576c864c00ab60,True,data/NEU-CLS/train/train/images/inclusion_232.jpg
data/NEU-CLS/train/train/images/inclusion_233.jpg,inclusion,200,200,RGB,1,True,b623a1f88d2a7437eee86af7bd73b27456056775b4394694d6ebc331fe5f02bf,372a4f842d46e3615386cb705d845e177425e53f0327e424ef9f3688e3bc9720,True,data/NEU-CLS/train/train/images/inclusion_233.jpg
data/NEU-CLS/train/train/images/inclusion_234.jpg,inclusion,200,200,RGB,1,True,c1ece08822cb134c2bdc981d2ab3b79ebc4fc06108877fdbc0bb9e6ef4bcaa2b,8180441e5a22071253d4c4d9c1cab40c97111b6f3c2a2025c9267cef90e2207b,True,data/NEU-CLS/train/train/images/inclusion_234.jpg
data/NEU-CLS/train/train/images/inclusion_235.jpg,inclusion,200,200,RGB,1,True,25a0ae931457ddc495dacbc038fee25b864c3edd07cce19f13674f2bbe14623b,8d226a0a29b648fbab93751282fa51435c06c9a7c1aab1ef4cdd4b7485603bce,True,data/NEU-CLS/train/train/images/inclusion_235.jpg
data/NEU-CLS/train/train/images/inclusion_236.jpg,inclusion,200,200,RGB,1,True,fbfbacb788ef4f9f954bdc1da938c3fae6ecf9ab973f9bbb7f2eb20b0b282a0b,19c7857aa0665a895641dc6f426afec8fe73ca1c405c4e8a947b2bcca6398c81,True,data/NEU-CLS/train/train/images/inclusion_236.jpg
data/NEU-CLS/train/train/images/inclusion_237.jpg,inclusion,200,200,RGB,1,True,301e2a0bc4c7b465bbd4dcc282c4053f5433bd56e1f63166fc752a217978ba26,cbb67d9fc7f004b577377c5be0e9c8b9b6473c2a69695bd8bef95f719eab4537,True,data/NEU-CLS/train/train/images/inclusion_237.jpg
data/NEU-CLS/train/train/images/inclusion_238.jpg,inclusion,200,200,RGB,1,True,8a04962fa7fa2fab2ee030691eabe58abfd1a949a62cb94d1668027eebabfbb5,286b0f8639b5c1e8791a33852bdd41008dd5bf87fbcb27014d1108591e230b4e,True,data/NEU-CLS/train/train/images/inclusion_238.jpg
data/NEU-CLS/train/train/images/inclusion_239.jpg,inclusion,200,200,RGB,1,True,321b16bf72aa45ae7ff393757ed1b4b608e1a71be81ad34bbd92af46bc8e059a,13ae9505c2d1766e63e3a2f9b2c02976de4c5b803456038a383f325ef8c34bc3,True,data/NEU-CLS/train/train/images/inclusion_239.jpg
data/NEU-CLS/train/train/images/inclusion_24.jpg,inclusion,200,200,RGB,1,True,bee1ef7420c6f45fdc2a6e20d96a6ab30a8c22e158c7113d251c31cab436d336,77e4e0357f8c7795bf42f6223910af9197c547c31effafded829078584e3e8b8,True,data/NEU-CLS/train/train/images/inclusion_24.jpg
data/NEU-CLS/train/train/images/inclusion_240.jpg,inclusion,200,200,RGB,1,True,f9f4b2365d0af5b80cc7e4ff3db9209e599884c89aa70d789618578a90244ff3,7fab05e9811d81638c4b1bedcf1f9f2ce88b2e8c4d0e00be5cafb0e6fe133ebc,True,data/NEU-CLS/train/train/images/inclusion_240.jpg
data/NEU-CLS/train/train/images/inclusion_241.jpg,inclusion,200,200,RGB,1,True,5af978330766fcf9acd3823e99bcac51352dcb5315f0e2d9d39109120c60ddc8,1d50401728980e0b8c824c410e95383485e497037054a363ea9e7968c98f09c4,True,data/NEU-CLS/train/train/images/inclusion_241.jpg
data/NEU-CLS/train/train/images/inclusion_242.jpg,inclusion,200,200,RGB,1,True,2e604be637f1bebbbb211ebf72e04feb17c14fda5e5135fb7e2e6fc5cf96d1d0,6328be6b6a3641326c8bc58307af0da582d9489cce93453225e83cc007105237,True,data/NEU-CLS/train/train/images/inclusion_242.jpg
data/NEU-CLS/train/train/images/inclusion_243.jpg,inclusion,200,200,RGB,1,True,bc912fa169b782795d9cca21f50b8e9c991147d964fed06a146cf6a07e056a4b,d3349fa1feb2e854af6145bae52447c83be44fdfb3325488e2628ad79d50a1c1,True,data/NEU-CLS/train/train/images/inclusion_243.jpg
data/NEU-CLS/train/train/images/inclusion_244.jpg,inclusion,200,200,RGB,1,True,5e648e4d5c5c8f4bd19bfb7b0304addcf2ac408c9478601509fee08eb4561972,fe63d420478beb479143b018416c79fed5a3a02bcce703f927248ade4ce4e02b,True,data/NEU-CLS/train/train/images/inclusion_244.jpg
data/NEU-CLS/train/train/images/inclusion_245.jpg,inclusion,200,200,RGB,1,True,5b0acd8274705c0c8a79c57d3465b7c97e263f4e0f5715d92a001c6ce7092900,9793b673bb2a887cb347b7e9517ca77daeb4e56571cf359629317aa912bf4432,True,data/NEU-CLS/train/train/images/inclusion_245.jpg
data/NEU-CLS/train/train/images/inclusion_246.jpg,inclusion,200,200,RGB,1,True,5da6a636813c7b68b0d740874ca6bc7ea03124b6e69c7a4f4b09df51361c16cb,4c3cb988270c03b24c6601743d280f432c9e4f6ad65e5883f339b667f44f00b0,True,data/NEU-CLS/train/train/images/inclusion_246.jpg
data/NEU-CLS/train/train/images/inclusion_247.jpg,inclusion,200,200,RGB,1,True,5cc7d9256d647c16830ee1ddc4fc57c2fc0b90ed259961da7ebe2ba219252e84,ba6c405ee40195acf842477f6003b418c791f7c61c9506165ec4300374557f4b,True,data/NEU-CLS/train/train/images/inclusion_247.jpg
data/NEU-CLS/train/train/images/inclusion_248.jpg,inclusion,200,200,RGB,1,True,bdc1619098be2940f365b1ebd7da6a1ce81983c5840be386ae15d00fc77ee89a,14fe45fef16c1792554fa5c28901d698aea87a87e299488f2d664c20b31fc2ae,True,data/NEU-CLS/train/train/images/inclusion_248.jpg
data/NEU-CLS/train/train/images/inclusion_249.jpg,inclusion,200,200,RGB,1,True,9dc3e60e59bf1db44db73f55031bc44c97dc663241b343dfb4109d15f40247a2,a03025f98c472ad94fa1686a5fb905d3f56ff5d1808284ee836619fdc6447353,True,data/NEU-CLS/train/train/images/inclusion_249.jpg
data/NEU-CLS/train/train/images/inclusion_25.jpg,inclusion,200,200,RGB,1,True,12364ff0521a417eb27bb5504a6698849a5e45810d5a60055368d69034c6122c,5e2baa21e2a9d46d6d7503a309662ddaef82aa5aa39db8032462225906901a1d,True,data/NEU-CLS/train/train/images/inclusion_25.jpg
data/NEU-CLS/train/train/images/inclusion_250.jpg,inclusion,200,200,RGB,1,True,5ef5d6fccd6032f3ca4d2026eb0b98199436f7e280b58e95b5b1a5fff4f2288a,7e18e06c991440650fe16f85a6ae826fd5ee9c135d74c54104e9b57d42fa7ced,True,data/NEU-CLS/train/train/images/inclusion_250.jpg
data/NEU-CLS/train/train/images/inclusion_251.jpg,inclusion,200,200,RGB,1,True,34ff2376988c4f420ecf434de2b2c3d98f2c23ebbda0ba87c87797f64bfa3a66,e332d38de70a3c1130d9c1d51caca6ac267c895ce6c73488753efafabcb9a49b,True,data/NEU-CLS/train/train/images/inclusion_251.jpg
data/NEU-CLS/train/train/images/inclusion_252.jpg,inclusion,200,200,RGB,1,True,bf6d4b109becbcdb13b22dbde18ebceba0082e58227bb671c65e40e71c087a65,1aaa2b78253353479b9dbf5f10d2576004e35e3e13bd4b89c572e7fe22cbd659,True,data/NEU-CLS/train/train/images/inclusion_252.jpg
data/NEU-CLS/train/train/images/inclusion_253.jpg,inclusion,200,200,RGB,1,True,78720df6afaf5d771b71cabdb7009856de535560351867d55380e69ab8cf5749,f4cd0086b0f58d6d31ae28efff61c70a1eb8261983e347ce14fb6fdd2298396b,True,data/NEU-CLS/train/train/images/inclusion_253.jpg
data/NEU-CLS/train/train/images/inclusion_254.jpg,inclusion,200,200,RGB,1,True,236100869b6ec735343d8044489064f9f30e82bc0d07408c3923fbcc7de6c254,467dedc66d9e41affc810b6b163c942e381f4860b7b40035961051df144d583b,True,data/NEU-CLS/train/train/images/inclusion_254.jpg
data/NEU-CLS/train/train/images/inclusion_255.jpg,inclusion,200,200,RGB,1,True,aa1149e239a31e679e30cc8b54cb5e7891f110ad1befdf8530cef58a206d4188,c0c6bad7cfa13b6817a1ff05014a36b5bb68a901ff4d74d43a861a6db9bee688,True,data/NEU-CLS/train/train/images/inclusion_255.jpg
data/NEU-CLS/train/train/images/inclusion_256.jpg,inclusion,200,200,RGB,1,True,f6a08b773749caf1435416d99fe25457a4cb1fb2a1baf6cd2ba63fe05c616b3c,c7f9563ca12e45035e5ebde9ffdcbdb7ff3baca733ddc3e8a8277f3e51c5e91a,True,data/NEU-CLS/train/train/images/inclusion_256.jpg
data/NEU-CLS/train/train/images/inclusion_257.jpg,inclusion,200,200,RGB,1,True,e276da9fa99083be544b0ac21a958e1754e3ef80598c0f5756dcd7d3786c4745,43c1ae9a306542a6c642e1da5c765381e95063c70a92613126fded1d64476dce,True,data/NEU-CLS/train/train/images/inclusion_257.jpg
data/NEU-CLS/train/train/images/inclusion_258.jpg,inclusion,200,200,RGB,1,True,207faafef30696c821b5e605cf299f4a75d8d9f0adc8d03c3de9140c04a6da08,4e25ef4d7c96211fcc250f01f92739d5747075013ae22cd1a515cf286dd26dda,True,data/NEU-CLS/train/train/images/inclusion_258.jpg
data/NEU-CLS/train/train/images/inclusion_259.jpg,inclusion,200,200,RGB,1,True,fa31cbdd9952ac4f904db477f5ee7e173c3238b2bd064cfe15c9eb003f69fb43,55c42b196c5450c647645846691e594c809e7da1ce77f9abcae6db59a55f3025,True,data/NEU-CLS/train/train/images/inclusion_259.jpg
data/NEU-CLS/train/train/images/inclusion_26.jpg,inclusion,200,200,RGB,1,True,ed21ac756ad80d8649b7c1ffe8be98c9a9a309d6d21bd036e87e7e7c34c93443,18c6d2970704bd306757ae57de23abadb426dbb1dee743970590569d4e7ebfbd,True,data/NEU-CLS/train/train/images/inclusion_26.jpg
data/NEU-CLS/train/train/images/inclusion_260.jpg,inclusion,200,200,RGB,1,True,f78638a524ae537623c5ebfb32f8499c55088720bf0054cf7de495441f40d423,535153d397fefc5b0b54ccfc23f57876a5843092a37b6398cbc7df76fc7d9dd5,True,data/NEU-CLS/train/train/images/inclusion_260.jpg
data/NEU-CLS/train/train/images/inclusion_261.jpg,inclusion,200,200,RGB,1,True,efe10fb4f77ce8af5093e941097b9473201b7b797bbdd40a96ee8fba4f715724,a8ca4012e820ce76ef5461b449cd91c280712da2229f2c41b9649c0fa08b24a8,True,data/NEU-CLS/train/train/images/inclusion_261.jpg
data/NEU-CLS/train/train/images/inclusion_262.jpg,inclusion,200,200,RGB,1,True,a7ce7f9929c6a524442a6e6373580912b8d0193b0609c965553898606052fdff,5aa067374ee2c155ce1507b1f82937a9f31b36293d3ef849a7b868cc9bac2d60,True,data/NEU-CLS/train/train/images/inclusion_262.jpg
data/NEU-CLS/train/train/images/inclusion_263.jpg,inclusion,200,200,RGB,1,True,f3c2363177cccfc7bce51d78484f54ae42db54a2ad878b1479c5d0d0e2960872,802be6f1216e7b7f09fcfc010d0e36dd6a412b4cf972a278d6ac1250f9c84aa6,True,data/NEU-CLS/train/train/images/inclusion_263.jpg
data/NEU-CLS/train/train/images/inclusion_264.jpg,inclusion,200,200,RGB,1,True,73e0e76bef45d9cacef8485f13c73dd2aecaaf04685bbac11646583ee769825d,ab79663027222acc674cb4c5a581065176f5c8676c601b13ba91ff57f16e0985,True,data/NEU-CLS/train/train/images/inclusion_264.jpg
data/NEU-CLS/train/train/images/inclusion_265.jpg,inclusion,200,200,RGB,1,True,d1b022534e4ec2c3c12fc86ed3120a39510845ebd12212d8a31abfc56ede086c,fdf9ac76c0f506457e0a7644d59ad27c805a8680c90df44eb7baec0621c3281f,True,data/NEU-CLS/train/train/images/inclusion_265.jpg
data/NEU-CLS/train/train/images/inclusion_266.jpg,inclusion,200,200,RGB,1,True,cbecbb02e9949bb63a03e790317c872f30ec5f8e37db6ab8ca96c9d23faabd47,2d8bf4cd77eb231396a4e89a9b0b1b1a209a262d144e0d8c5f4924a97f702f43,True,data/NEU-CLS/train/train/images/inclusion_266.jpg
data/NEU-CLS/train/train/images/inclusion_267.jpg,inclusion,200,200,RGB,1,True,6cfdc2541251da0ce97c64abdfba7fa7934d4f6b572bb4d98782abb5765864c4,b376431d41eeea0d3b5e1d5c659c63451ca30f9d194d359a4825bdc04a4ac0f9,True,data/NEU-CLS/train/train/images/inclusion_267.jpg
data/NEU-CLS/train/train/images/inclusion_268.jpg,inclusion,200,200,RGB,1,True,a84b3716b2f7effc2243206de8dafa6874fd19f56b451773aef371c76e6f3a28,2b61ea4800bc682e24616270c89e36a5d3f219a69787f3e12518cfdc16bb863f,True,data/NEU-CLS/train/train/images/inclusion_268.jpg
data/NEU-CLS/train/train/images/inclusion_269.jpg,inclusion,200,200,RGB,1,True,4b1084c0834d5b10be64fedf6e6b61cbc8673b8a8f8d420eadd6c116fcdf463a,4db6a8ff2d9dd399b939ab5273767bd390f866cec85492fbe7b5c1362e80b3c3,True,data/NEU-CLS/train/train/images/inclusion_269.jpg
data/NEU-CLS/train/train/images/inclusion_27.jpg,inclusion,200,200,RGB,1,True,15baf7fe4860f24a2dab40d16fec6d9ad7ab44b17d87859726323969dd631dd9,d80784a8ae8f8b86fc409dcb194eab2d36ad6023bb7d27203a5fc0f11e8412fa,True,data/NEU-CLS/train/train/images/inclusion_27.jpg
data/NEU-CLS/train/train/images/inclusion_270.jpg,inclusion,200,200,RGB,1,True,3c3e1d109a401b6cb4abeaa4da07bf3d621794041c8b02e80768282614f5073a,040af62dc2055686f489b85d4ad040f336fcdd74f9523373abef050f53331010,True,data/NEU-CLS/train/train/images/inclusion_270.jpg
data/NEU-CLS/train/train/images/inclusion_271.jpg,inclusion,200,200,RGB,1,True,48487d8742cb496db2f311a7e71f64c295977a62f329faa9720e7a73d5585375,5602bb0940af94b9ebe44be0833761302d535da6c83c31643aa31bcff2517736,True,data/NEU-CLS/train/train/images/inclusion_271.jpg
data/NEU-CLS/train/train/images/inclusion_272.jpg,inclusion,200,200,RGB,1,True,c15071996140e92cf42aedc58a27e178a20c3f592dbbf62f9bcc18a9ebdfdbdc,8d83a3e07789bd18c322a5638b634ee169e8d5510fa87b71cba7bd3cf189bd26,True,data/NEU-CLS/train/train/images/inclusion_272.jpg
data/NEU-CLS/train/train/images/inclusion_273.jpg,inclusion,200,200,RGB,1,True,e913ec752513deb8cbe6d87432e9314b2a5d41aef881c909180a8f6fc353d1ce,5f887323acbe89cbd118717abac88ef9e938a316c3120639855010600e85d10c,True,data/NEU-CLS/train/train/images/inclusion_273.jpg
data/NEU-CLS/train/train/images/inclusion_274.jpg,inclusion,200,200,RGB,1,True,b5b5718577b5522fedde36f8e22811226cb305fab86541b391b551068998608c,d845a090516891cc8865c411dacc6274ba5076d9bd831ccbe28349e5b85d9adf,True,data/NEU-CLS/train/train/images/inclusion_274.jpg
data/NEU-CLS/train/train/images/inclusion_275.jpg,inclusion,200,200,RGB,1,True,6c466e7953b1c97b20163b6d69b1e895b92f050219e7d1653ac30b86230f1d1f,c09c6c0256f1182e632df81f0580ae76470cd21fb2fbb553c59f524071f0f11e,True,data/NEU-CLS/train/train/images/inclusion_275.jpg
data/NEU-CLS/train/train/images/inclusion_276.jpg,inclusion,200,200,RGB,1,True,45ed75a4a0b57ccc34b0e27282153a856920353ae075168aea91ff2c5103c26d,f19ab7800e7cb142554bcb983c72aedeed65c49fd04d34c46fae58aef9cd7378,True,data/NEU-CLS/train/train/images/inclusion_276.jpg
data/NEU-CLS/train/train/images/inclusion_277.jpg,inclusion,200,200,RGB,1,True,ccb16c05fb1c4e6bacd347363e37a7abdbde9d19542f3f25366631ec0380ee36,4eec7398fa718742ea55687fd829b88d3ce7107dd11399000b1f95eca08e6236,True,data/NEU-CLS/train/train/images/inclusion_277.jpg
data/NEU-CLS/train/train/images/inclusion_278.jpg,inclusion,200,200,RGB,1,True,c8e8a4a7e4f73be0dc85a31a112b09e953f98a2760f0fa60ccabeffb1b5006d8,238abfeac4574dd1f500ae807c12eaecc4668b1e26777f714020be0e6af0eff4,True,data/NEU-CLS/train/train/images/inclusion_278.jpg
data/NEU-CLS/train/train/images/inclusion_279.jpg,inclusion,200,200,RGB,1,True,94a38ea1934412a178570519e0d1c42f7bd5e848c46be510c52e4accaad9c2dd,f1955e8887bf0c50d6b96e83eda78fc23ca854b9740b9bde658d970a43d9d9ed,True,data/NEU-CLS/train/train/images/inclusion_279.jpg
data/NEU-CLS/train/train/images/inclusion_28.jpg,inclusion,200,200,RGB,1,True,38bc145c261f094ce9af5c51a8126645b75584f768fc1d6ecfce63f4bf6aad04,a433cf31d8084fb2b1501bed9674ec89b89c4a5e0c0dc8b71f97c4e958ed9cfb,True,data/NEU-CLS/train/train/images/inclusion_28.jpg
data/NEU-CLS/train/train/images/inclusion_280.jpg,inclusion,200,200,RGB,1,True,d12b66004f348638474b6cf7b299494e263963d9639cf250ac0f3fce96c6d437,acb2cca8646b3665ccdd8ea684c133e203e41e296b030a9958db834a71435eab,True,data/NEU-CLS/train/train/images/inclusion_280.jpg
data/NEU-CLS/train/train/images/inclusion_281.jpg,inclusion,200,200,RGB,1,True,8ea45458a7691285a0c197399d2f2b19f1111cb7a3a7336c5dfc02c222fc5825,99677c783121eb66ddf5b9e56942dd32d250334a84048d25c50dda5ac85823f6,True,data/NEU-CLS/train/train/images/inclusion_281.jpg
data/NEU-CLS/train/train/images/inclusion_282.jpg,inclusion,200,200,RGB,1,True,7baa41a3a61051f22e5e99400ae072f8a9a359d41bc47dc6172ec3b76e9f7ca6,9022c02ef2871f01865bca04029c39dc3ebff5f31f477a115f18c893ba3ca671,True,data/NEU-CLS/train/train/images/inclusion_282.jpg
data/NEU-CLS/train/train/images/inclusion_283.jpg,inclusion,200,200,RGB,1,True,20ab6fc6330d683b417404eb49dbc8b6932dcd159a9037c69cd130c12d75ee04,f2ddd5eb896c91b847760258ffcd8111b47c146c992fb4ee53411427911dc949,True,data/NEU-CLS/train/train/images/inclusion_283.jpg
data/NEU-CLS/train/train/images/inclusion_284.jpg,inclusion,200,200,RGB,1,True,4bd59750b701df9dcf8b7380309ef5fcb94d896aae4891b53abfcc1942df8ca2,14982a785abf3ff10a1d0f7d606157397a0a668535a95af1790933de5a0fbe6e,True,data/NEU-CLS/train/train/images/inclusion_284.jpg
data/NEU-CLS/train/train/images/inclusion_285.jpg,inclusion,200,200,RGB,1,True,7e4866042e496e3e7af263172c498ff5a3d75584797ce827e4ad3dd869de43ea,489c2b7293eb92be703b10863bc74c7d6132fe1c2b2d79894ac79f94d2a9488e,True,data/NEU-CLS/train/train/images/inclusion_285.jpg
data/NEU-CLS/train/train/images/inclusion_286.jpg,inclusion,200,200,RGB,1,True,62525a1b2cae83b20f3a4b8c05ed577086492454adf18609e7fae5668551b87a,7389e54efacf25bd5a014a69032171d22637fd28f9faabbff353ef9ababd3aa4,True,data/NEU-CLS/train/train/images/inclusion_286.jpg
data/NEU-CLS/train/train/images/inclusion_287.jpg,inclusion,200,200,RGB,1,True,aa4a04bfc65ad081a4165644e442ef1ce050501215dd1b83219ff2481b1a23e9,0a1c09911cc8629c2e2f465813d0bfc30f179f67ce37447ed2c1799ccdceefb4,True,data/NEU-CLS/train/train/images/inclusion_287.jpg
data/NEU-CLS/train/train/images/inclusion_288.jpg,inclusion,200,200,RGB,1,True,6d738aa8d938af3847e17d260b5626e85152a55572dd2d2bfa3774e7e8a1a5a9,0f9d05b4289236a7e03b03cfa2c47c6b057fb762f693e0ae2b149767a9bc32e5,True,data/NEU-CLS/train/train/images/inclusion_288.jpg
data/NEU-CLS/train/train/images/inclusion_289.jpg,inclusion,200,200,RGB,1,True,ab9e9667fd3cd58c3b532936c69b4dbb117d5671334e5bcbaacb3722a22162ea,4ed3567ad4adb8bcd1b052d1f767044e88a1adab5168eabf8b5b099108178393,True,data/NEU-CLS/train/train/images/inclusion_289.jpg
data/NEU-CLS/train/train/images/inclusion_29.jpg,inclusion,200,200,RGB,1,True,818b2deae9ccf07d41c876d0b7372ca892a9813d331aedfa3e6e34ef693d6ba8,93a044f31f04c4b5c08ea9e46ffaa1a0529413dae43f0f461008c5f0d46ceaee,True,data/NEU-CLS/train/train/images/inclusion_29.jpg
data/NEU-CLS/train/train/images/inclusion_290.jpg,inclusion,200,200,RGB,1,True,f965707a2b7f4645df819d433fa24ed2e5affcb4e492b6b7154505fbb5136c8c,89d34befd0b2569d0f26b6ccbd4d248aa48d9fa8c8e6794633be49f0e777fb10,True,data/NEU-CLS/train/train/images/inclusion_290.jpg
data/NEU-CLS/train/train/images/inclusion_291.jpg,inclusion,200,200,RGB,1,True,ba590ecd26f874380ca45fd7e6f5bb9d5e9f135acec0745d69111b382d887f88,fa9c19a2460814edf4186558479304f6a362443df7d0ae09643a27fe7d2ee941,True,data/NEU-CLS/train/train/images/inclusion_291.jpg
data/NEU-CLS/train/train/images/inclusion_292.jpg,inclusion,200,200,RGB,1,True,7a688ec367df776ee3b1142d281f6abed8c81ea49bea2bd3d01f9c9ebc1ab993,7dd6a10bcbd5de109cb48509681405b9e0d727f3d42ac53f5ccac54446f2b5a8,True,data/NEU-CLS/train/train/images/inclusion_292.jpg
data/NEU-CLS/train/train/images/inclusion_293.jpg,inclusion,200,200,RGB,1,True,5cfae097f87a05dc4b1a6de558aa305f1820f75143e20bf286efb7128ae6342d,aa1684a520066eb3bf37df8f2ee13009a52f79f144ca9bd28faaf7465acd2bea,True,data/NEU-CLS/train/train/images/inclusion_293.jpg
data/NEU-CLS/train/train/images/inclusion_294.jpg,inclusion,200,200,RGB,1,True,cdf27f9337292c89f59b2e48c79ff16c1767df3864490a42b41d6f6aa32efe26,fafe2655cd8ade71a87fb164aaa678208ef392cf16258e5a7b09a8eb68c177df,True,data/NEU-CLS/train/train/images/inclusion_294.jpg
data/NEU-CLS/train/train/images/inclusion_295.jpg,inclusion,200,200,RGB,1,True,c1233156b17a5bbaefc9700881b44fb512cc4ba12bf00b8718af00addb34f6b2,47a5a289621e37f6053982b28710ddf42fb149b41ec33a064ab577694e74e1db,True,data/NEU-CLS/train/train/images/inclusion_295.jpg
data/NEU-CLS/train/train/images/inclusion_296.jpg,inclusion,200,200,RGB,1,True,b47270b2b088b4934f9e6b4a5f26de8805860d695deab4fdf5d437ee8c1a0b28,989e5691eec929594fba93546554d39436d390c3b7ecd15382be73fb39f61653,True,data/NEU-CLS/train/train/images/inclusion_296.jpg
data/NEU-CLS/train/train/images/inclusion_297.jpg,inclusion,200,200,RGB,1,True,cb9c3d5c69cb4c566781d0263b40e1290c44ddfb951a02b58a7945f956166390,ea848044d384ffe8c456c39fdf4016b8daca0b20ce6f1d5b0213e70380e8d103,True,data/NEU-CLS/train/train/images/inclusion_297.jpg
data/NEU-CLS/train/train/images/inclusion_298.jpg,inclusion,200,200,RGB,1,True,8b05aaa4648d3760f79e9d6805e2070c332f9648a9df7415533adcc17d9ecf3e,212a4d86848ca8c021cb21254718e213758e16d17af6497e293c10e12dc6b1a2,True,data/NEU-CLS/train/train/images/inclusion_298.jpg
data/NEU-CLS/train/train/images/inclusion_299.jpg,inclusion,200,200,RGB,1,True,c7e999cc03a2e6dcd3ba42fc9a21e3592bfa9f21f4cec7c4f602dd1d417f6a5c,464ee1c33d7cd276ad5047ff4c80952827aeca9b6453bc433184e9d0d8aff509,True,data/NEU-CLS/train/train/images/inclusion_299.jpg
data/NEU-CLS/train/train/images/inclusion_30.jpg,inclusion,200,200,RGB,1,True,6472211d35f109b7697637359174f97800ecbaa0990a77f674bcd78a662b212f,f997e1dc98b4b0edfca6e0655d10575c2b3161115b490fad5f2f17d84c39d766,True,data/NEU-CLS/train/train/images/inclusion_30.jpg
data/NEU-CLS/train/train/images/inclusion_300.jpg,inclusion,200,200,RGB,1,True,0aa52d34c0e0baf7e5288f54cb48307c5c76492081ba736cbbdea1edfb94c47b,27499709e1d53cf8c0b5082492a975cc12c23d8e28cf03a6e3da8d9990028c66,True,data/NEU-CLS/train/train/images/inclusion_300.jpg
data/NEU-CLS/train/train/images/inclusion_31.jpg,inclusion,200,200,RGB,1,True,139571bd8aa1d6ccde3e7435a23440cf4641a68684a354b1fc7afbe540bcac24,e419a2219db3a265129923cc6defbc79a6e622f03439d823895cb4750a46847b,True,data/NEU-CLS/train/train/images/inclusion_31.jpg
data/NEU-CLS/train/train/images/inclusion_32.jpg,inclusion,200,200,RGB,1,True,0dc574a58f0e017fdb612bfad855a50cea451a50b5ca15960f8b5e37fa40abb7,58fcf7ecd4cfd3577d35ecb681c98ab8006688b1cf5e3062384d9b0992c37ea7,True,data/NEU-CLS/train/train/images/inclusion_32.jpg
data/NEU-CLS/train/train/images/inclusion_33.jpg,inclusion,200,200,RGB,1,True,38e21661768ed76f443f3ecfcfc009dfa3297870e30731bb1c3a16ee6babfabe,71f6eb05ae41b66f54787d9c05b472e778c29f3f19e231638e5c614e7a30cb15,True,data/NEU-CLS/train/train/images/inclusion_33.jpg
data/NEU-CLS/train/train/images/inclusion_34.jpg,inclusion,200,200,RGB,1,True,82b8711bbdbd0339337db43a5964b53a522ba31c8b766941dca9299755c8f190,e2f6b7a8cd11024c3b3a27c96bd7466e5387e2a8db2ec063085028855375a226,True,data/NEU-CLS/train/train/images/inclusion_34.jpg
data/NEU-CLS/train/train/images/inclusion_35.jpg,inclusion,200,200,RGB,1,True,10eac5c3d002ca0b4ae0955d6003da0226e73b0b9cf12b3d54a8153b8732d284,7c1082b0acd3dc5a9cb59ff431ea8adfa9e48dd7258a36b04fb3e3f4464b9a7b,True,data/NEU-CLS/train/train/images/inclusion_35.jpg
data/NEU-CLS/train/train/images/inclusion_36.jpg,inclusion,200,200,RGB,1,True,03d0c7947ba20593012275692691070501daf9609168f2eaec15dae935dd5adf,0f1c23c5ef41f6347f968fa2f2e779223a0edeabc420712cb317d6cd8f2e8491,True,data/NEU-CLS/train/train/images/inclusion_36.jpg
data/NEU-CLS/train/train/images/inclusion_37.jpg,inclusion,200,200,RGB,1,True,3af4243d7ebdcd2c2f7ab6c11abc1529395bbd9a1878a13f545c83df276f90a4,36d8c90788ba2254d1937dce437d1292304795f149dd2260ba94bbf6b4e77c33,True,data/NEU-CLS/train/train/images/inclusion_37.jpg
data/NEU-CLS/train/train/images/inclusion_38.jpg,inclusion,200,200,RGB,1,True,6ed3dd061cc183e90d3fe15fa0045855f24e0027a028a1b25750fb530cea0cb1,81b733d4af99a5006c28d52056e315dbd9d104a077c0c2709cd5e8810b0977d4,True,data/NEU-CLS/train/train/images/inclusion_38.jpg
data/NEU-CLS/train/train/images/inclusion_39.jpg,inclusion,200,200,RGB,1,True,4ee5e42f34d3976b193484ec7a8b16a0b16f7303bcc774b795cd6fa31b95abbf,fd1a2ece228462e6248451f0feed22cc653bab8ec22ea124b10eeb828d26ec9a,True,data/NEU-CLS/train/train/images/inclusion_39.jpg
data/NEU-CLS/train/train/images/inclusion_40.jpg,inclusion,200,200,RGB,1,True,7d184ad36e7785f3af0eeef6749f8bb23418fd1132b8c14090e351dbde9e9798,54e8ff00133269f004f1d4d83dd631122e37afb681ae6fbecde487bfe7def964,True,data/NEU-CLS/train/train/images/inclusion_40.jpg
data/NEU-CLS/train/train/images/inclusion_41.jpg,inclusion,200,200,RGB,1,True,28612ab5241da32535d450c8f68a632551f8c26e391e8766e592a288ebd3507e,ec4c23c472619e1eb1e9e3ebcccae95badc3c091b5f2816955250eb465d0dd6a,True,data/NEU-CLS/train/train/images/inclusion_41.jpg
data/NEU-CLS/train/train/images/inclusion_42.jpg,inclusion,200,200,RGB,1,True,af1f43f4066ce205fc2551daecd5fbc5113222bc11886c69272ee0a2754d9c76,45d52e95eb7505c0ca7b2fab8552975fc9d31b1c9094d6b732ce6fb52fdf47ad,True,data/NEU-CLS/train/train/images/inclusion_42.jpg
data/NEU-CLS/train/train/images/inclusion_43.jpg,inclusion,200,200,RGB,1,True,a8d41006cce96894094a5fa1a294fefa063840dbbfe2e7b0d9734aaff22184c2,e106b8a3168dfae55a94a04a6fd4a856966aeb8ef7fced79c536baa634e4e0e3,True,data/NEU-CLS/train/train/images/inclusion_43.jpg
data/NEU-CLS/train/train/images/inclusion_44.jpg,inclusion,200,200,RGB,1,True,b9fed34b03b2f459b7f11b7957585fa6624326bfb7284d5ab284a0234cc33172,798497efd736b2868c34d0e8ab7d016b7005e0ac56f30bb10f9c2a5aad2b0dfc,True,data/NEU-CLS/train/train/images/inclusion_44.jpg
data/NEU-CLS/train/train/images/inclusion_45.jpg,inclusion,200,200,RGB,1,True,162307be7f8060a0f4b83762ebd23cb7e73e2b80659226f598b0ce899568723e,03539589e17289cef28f4c64650533be0045d76bcddc3924b5991aff898504a6,True,data/NEU-CLS/train/train/images/inclusion_45.jpg
data/NEU-CLS/train/train/images/inclusion_46.jpg,inclusion,200,200,RGB,1,True,d23590d9155e0f3fd1460c8b5b89f1d41bdd74bbe8b2ebddf91fa94df122369a,ebf70f453d68db72e434b9849b00b4a12552dd93d4bac7bc32a97199d5ba51df,True,data/NEU-CLS/train/train/images/inclusion_46.jpg
data/NEU-CLS/train/train/images/inclusion_47.jpg,inclusion,200,200,RGB,1,True,30e0f1e631a3e102c3470971257e2713cfcb7ab8eb202c2c3ae5e13670e79334,1fc803275304841fcfc0da7f2fdcb2968d96ed623c6779cc2f71f801add93bac,True,data/NEU-CLS/train/train/images/inclusion_47.jpg
data/NEU-CLS/train/train/images/inclusion_48.jpg,inclusion,200,200,RGB,1,True,2dc77674ad9a14b32fcad2c9405d8d2d92fdd8b3ff7b98ada46a6f1558cd80db,8f52021ac103012b00ede837a5152ba9a4964fb4c585f395ed3ea5e16a6f5c25,True,data/NEU-CLS/train/train/images/inclusion_48.jpg
data/NEU-CLS/train/train/images/inclusion_49.jpg,inclusion,200,200,RGB,1,True,2f73b68667c43d84a593cab12432b333c62d4d67236d6d578071f8141fd78ae0,1e7e532085f3a4ecb2c55af047891b996aa55a4e66df55eb2bd2d5d23f631b8d,True,data/NEU-CLS/train/train/images/inclusion_49.jpg
data/NEU-CLS/train/train/images/inclusion_50.jpg,inclusion,200,200,RGB,1,True,ad278704f51eb28d6c62da130d27563dd5ec248aec8df771545e4cf11652dfb2,343c1de47badc41a9fe6053759e51260c6fde7c946f8a94605b400a4cde36891,True,data/NEU-CLS/train/train/images/inclusion_50.jpg
data/NEU-CLS/train/train/images/inclusion_51.jpg,inclusion,200,200,RGB,1,True,6b3c673e82e489f1e49482bb5173a76dfb477ad006c39c773de5719e8ab6ff60,dd0bbfcebe952091cc93f7da4e86d8ea3d79b4e5e04011d76e4ee37a0e8e6e1c,True,data/NEU-CLS/train/train/images/inclusion_51.jpg
data/NEU-CLS/train/train/images/inclusion_52.jpg,inclusion,200,200,RGB,1,True,25be1de5f930c94e4b146bfe20b87a9bc2fa6c8fd4b456f1f7d764fb4c1bfcd0,5d9779d22ba57dc5108f1b86968fabc4171fa5a19e4212bdb2325e2f77c79087,True,data/NEU-CLS/train/train/images/inclusion_52.jpg
data/NEU-CLS/train/train/images/inclusion_53.jpg,inclusion,200,200,RGB,1,True,cfcbeda713cbbdebc17a0a9847bbd0a9e9e7171500dea6d7e763b8b8a03e4398,acc41a4dff4f8dca3e17027aa9f3635b1a5eede89eb1b68a972ba8c455187343,True,data/NEU-CLS/train/train/images/inclusion_53.jpg
data/NEU-CLS/train/train/images/inclusion_54.jpg,inclusion,200,200,RGB,1,True,10b35f5da4a3ff79ed9af7cf75abb84f2535d809023c51b7b1e3badaa38a7390,4b6f647cc25e727011bcbe799071e2b3ad01170593c9d8bf4bacee5621a62fd5,True,data/NEU-CLS/train/train/images/inclusion_54.jpg
data/NEU-CLS/train/train/images/inclusion_55.jpg,inclusion,200,200,RGB,1,True,4c209b20eb9a0cf81dd831e226daa7521b348412956749b0859267b021b46508,06010d5fdfba6cc95030ab88b7fddc2b3aa889b0b69044efd2fbb4c086368fe8,True,data/NEU-CLS/train/train/images/inclusion_55.jpg
data/NEU-CLS/train/train/images/inclusion_56.jpg,inclusion,200,200,RGB,1,True,d31ace34a9b85472eea0169cc2243653756cc3fc71c512dd794927274a7a6f16,df1df6ec0cfaab62f45251c4507c8ae48a9ffae3ec9c9ec5090cf1f7896d01ff,True,data/NEU-CLS/train/train/images/inclusion_56.jpg
data/NEU-CLS/train/train/images/inclusion_57.jpg,inclusion,200,200,RGB,1,True,f51b7b9c213b8584377c251fd29b0d49087ac1bd2433bdfc69195e8cde481b00,e2159de56e291edd48397ee58baac536b453926ceeb03013ff5c5477130ab20b,True,data/NEU-CLS/train/train/images/inclusion_57.jpg
data/NEU-CLS/train/train/images/inclusion_58.jpg,inclusion,200,200,RGB,1,True,aa7779ddbe6690026ad73c6d12f24f573e5b3be527edc064c10344d5837a8d22,50fe96513fc790ea84501498280dc240871159b2550769b5345d2cf37178e699,True,data/NEU-CLS/train/train/images/inclusion_58.jpg
data/NEU-CLS/train/train/images/inclusion_59.jpg,inclusion,200,200,RGB,1,True,8852c6966fd374fe4072b1c9b7ac1e36e3b922b57409e37e8f914d9b4803aaec,d8bff3826e6a33914538870012cb433eb2cab071bd2a8d27ec8bcd7c7178b242,True,data/NEU-CLS/train/train/images/inclusion_59.jpg
data/NEU-CLS/train/train/images/inclusion_6.jpg,inclusion,200,200,RGB,1,True,c3e8d16676654a022b58559e9879e882476a25c57be200044140b0e08ce73a11,eef810e3d312a64d053e58b4d07aeecda7330c9825273bd030681077047577d3,True,data/NEU-CLS/train/train/images/inclusion_6.jpg
data/NEU-CLS/train/train/images/inclusion_60.jpg,inclusion,200,200,RGB,1,True,36abe20b2d92bf520ef3a2929ac42f12d220317b05d7ec43b6cb43dae5ec5370,ebbb5d1a5b8f76cdc3b190949fc2cdca0a66a84eef8d56d8741275b74c128c97,True,data/NEU-CLS/train/train/images/inclusion_60.jpg
data/NEU-CLS/train/train/images/inclusion_61.jpg,inclusion,200,200,RGB,1,True,064eb68a6d22169cc6816daaab8b4cafdecd9c2cb82b5b4fb6318fad99e5c3a4,6fbb380b198ffdcacbee1c5e1dfd38c84b3a2eb0b5c6fec6ed244ad7a51870bb,True,data/NEU-CLS/train/train/images/inclusion_61.jpg
data/NEU-CLS/train/train/images/inclusion_62.jpg,inclusion,200,200,RGB,1,True,8e0054f0340926877170c7b74183e76334ac73b213e45f8c19cb49f1fa1c0d08,73cc93fbe15a64a4d5f3595ad3408e5e9db4e6d33bfe9247d24fe10ae3c057a3,True,data/NEU-CLS/train/train/images/inclusion_62.jpg
data/NEU-CLS/train/train/images/inclusion_63.jpg,inclusion,200,200,RGB,1,True,549aa383a27d057e88120683adf0ebdf912a22ec26ed52a383fdda64f8685764,5ce2d2f233f900c2b5786f5926774f2c06a3538d89903c140c482c09aaed380a,True,data/NEU-CLS/train/train/images/inclusion_63.jpg
data/NEU-CLS/train/train/images/inclusion_64.jpg,inclusion,200,200,RGB,1,True,08a995fddf11e95c56b6db06ccb6c36dd2f2340dc0edac8544d6c5354efae52d,c5199058798e81142dc1be420df471fc27f107bfc78e6361fae56e2a180ef58b,True,data/NEU-CLS/train/train/images/inclusion_64.jpg
data/NEU-CLS/train/train/images/inclusion_65.jpg,inclusion,200,200,RGB,1,True,e59317cb276342730a6b07328219fc8b8461fa62d53afca6f921d0c5787651d4,bdf0cdc547f86dfab3860128c024db8d7a63812ac98d7e9f3188ae5447dde1e5,True,data/NEU-CLS/train/train/images/inclusion_65.jpg
data/NEU-CLS/train/train/images/inclusion_66.jpg,inclusion,200,200,RGB,1,True,30f324e65df6f93a5b9b59cb5df7af34cc4c05412c685c58d888077606863acf,9f5e7821ae7d44ce12cc6127cdf222bbb99ab1317d5fdb655144e3ac7acd2c53,True,data/NEU-CLS/train/train/images/inclusion_66.jpg
data/NEU-CLS/train/train/images/inclusion_67.jpg,inclusion,200,200,RGB,1,True,2847607777c2a4e5f9f406cfccfbdd97f4f7c9cbedae33b6c6cb4ec819de9481,4db8c2ac9551a0f5ffadfbac05fbab82a5ce9a2620b988959676199e91cd330f,True,data/NEU-CLS/train/train/images/inclusion_67.jpg
data/NEU-CLS/train/train/images/inclusion_68.jpg,inclusion,200,200,RGB,1,True,9e237565781dcb4535fd8213a959ff2a5a57b9303bc3edf504c7651e9a46517f,a06c00a9732008bbeec68efdd2c8a36172731d9fcc55f62a4f15585ff41830ec,True,data/NEU-CLS/train/train/images/inclusion_68.jpg
data/NEU-CLS/train/train/images/inclusion_69.jpg,inclusion,200,200,RGB,1,True,8ec63b200162284c686649b438a7db5b47b89b092ea52e5bf7e65c733ebe961b,b3ac98985bb5ada29f6e68bd9b017e866e433bc6803bc6cc46406661cc55c144,True,data/NEU-CLS/train/train/images/inclusion_69.jpg
data/NEU-CLS/train/train/images/inclusion_7.jpg,inclusion,200,200,RGB,1,True,267f327e8898fc186132dd385ffdc8a75c954e09c9046c9456629e24c4e7f032,3bca79b50bebc2341debde6c77f7335ad981938543d9305995bc6aaabf80121b,True,data/NEU-CLS/train/train/images/inclusion_7.jpg
data/NEU-CLS/train/train/images/inclusion_70.jpg,inclusion,200,200,RGB,1,True,a4501360a85494ce2d302663c0baed512eb1778dbefaa937e0b7aff440641814,087fbd01aaa5d1067988d5b2c749170030063a997ddcb760bcb086ae35a7d2a7,True,data/NEU-CLS/train/train/images/inclusion_70.jpg
data/NEU-CLS/train/train/images/inclusion_71.jpg,inclusion,200,200,RGB,1,True,7a244787ebbf3a69dd5fc5cff3eb5e176fda798149284e8e58ec4bd00d3cc64c,ec38a2368d8f6ce6adaf5f39aa4f3b93968a07affda4d321f8e8b944d1967e36,True,data/NEU-CLS/train/train/images/inclusion_71.jpg
data/NEU-CLS/train/train/images/inclusion_72.jpg,inclusion,200,200,RGB,1,True,39da29b48daf4aa2dd6a38bcbf744bf6981004eba96c2494f2e91f73d331807b,9a621933df2bba43156488489911a05f909f359c2221c5e2b91fe2927d4d27ee,True,data/NEU-CLS/train/train/images/inclusion_72.jpg
data/NEU-CLS/train/train/images/inclusion_73.jpg,inclusion,200,200,RGB,1,True,3d0b1faa0d49f2eca6d707d0ded89df614aef91c15a8bf301ec0ee6824a312b2,e332ed26fbcb0142aa87538debad958817cdd339639cb4e1a8959a51cf11d0f9,True,data/NEU-CLS/train/train/images/inclusion_73.jpg
data/NEU-CLS/train/train/images/inclusion_74.jpg,inclusion,200,200,RGB,1,True,cb58115fe0d97b8a6fdaf3b800a1b8a98f1eaa9b1771f85b2f50454ef828310d,a6777722b461a07b285b804e5f0b8d540c650942a5e0ca44dd5feef886f6e70b,True,data/NEU-CLS/train/train/images/inclusion_74.jpg
data/NEU-CLS/train/train/images/inclusion_75.jpg,inclusion,200,200,RGB,1,True,a98b7c77c5cb906f24bc2e49e485895dde8d93b8424b0ba9a2934f0f44491f8f,2cdb7c6a11440f3c733a409351b0bdf4cb957df7d44d6b2d396d1ad959a293a8,True,data/NEU-CLS/train/train/images/inclusion_75.jpg
data/NEU-CLS/train/train/images/inclusion_76.jpg,inclusion,200,200,RGB,1,True,e17afff1b887a22390e1f348be5bec04655313549a76cbbae5bebb06a8d79fba,6d9d755d4fbeb87219ea13114fe1781aa29d124028953da6a37cb83e94fb6ba0,True,data/NEU-CLS/train/train/images/inclusion_76.jpg
data/NEU-CLS/train/train/images/inclusion_77.jpg,inclusion,200,200,RGB,1,True,1a7653ee84dd218bdced6d380aef4d394af046e49a5283e7d82d8fb1d73a973b,3415bd0f5aaf3ac451b386e2fb095742f80d910b2ab38ade5ad9a67aa8d14097,True,data/NEU-CLS/train/train/images/inclusion_77.jpg
data/NEU-CLS/train/train/images/inclusion_78.jpg,inclusion,200,200,RGB,1,True,4b5f5b95bc5c489e8bb75338e700a31d2f9a540638d803878940a2a5effada48,37c9864034053ad9c5f7632b3e1ba31da8d6f8f6da6ba12fe02e072a285001fe,True,data/NEU-CLS/train/train/images/inclusion_78.jpg
data/NEU-CLS/train/train/images/inclusion_79.jpg,inclusion,200,200,RGB,1,True,215300cb10dfde212df06fe9d7588842b2f13d8e9cf1a1857ac4bc46a6480fde,89c57b7f2d6cb32121a162ad366ec6bb47063cade26230466b17087c1aff5126,True,data/NEU-CLS/train/train/images/inclusion_79.jpg
data/NEU-CLS/train/train/images/inclusion_8.jpg,inclusion,200,200,RGB,1,True,f31ffb71c6f63d083e12971694a3fad2ca07a457cece221b681c665a0f4ce44c,e1354770c7a981be8d1027d2d52ad5b84d31a70a1eefaf5a1c3ae3a2231cd65e,True,data/NEU-CLS/train/train/images/inclusion_8.jpg
data/NEU-CLS/train/train/images/inclusion_80.jpg,inclusion,200,200,RGB,1,True,064fecb66f3a7262a587a42d57b7d10cfd4ae48efd738cae62766b7225f9effa,c2146b0c29639e6f998dd92b069efc10197175b86d4b5928037fc493aafb92d3,True,data/NEU-CLS/train/train/images/inclusion_80.jpg
data/NEU-CLS/train/train/images/inclusion_81.jpg,inclusion,200,200,RGB,1,True,72c30eecc2beb38a31b41b25ca26c8e380924d2036bda0bf5b6d5f99f5cbb967,e1411fdd82e9f22a580adcac64a90a25bba4e96c2561c4436d31d2c629b0bf24,True,data/NEU-CLS/train/train/images/inclusion_81.jpg
data/NEU-CLS/train/train/images/inclusion_82.jpg,inclusion,200,200,RGB,1,True,c392db16cf6ba4967cde4e61b1f02d64d396b09c4d4a11784fddf940c0a41743,ddf190ea458dae076ccdf0b27f8612a1941e9baeec3aa1f77588a31c3dd0533a,True,data/NEU-CLS/train/train/images/inclusion_82.jpg
data/NEU-CLS/train/train/images/inclusion_83.jpg,inclusion,200,200,RGB,1,True,39ec6bf215bf2a37f3b91bb2316bdfe85ac3728d507056f81fdbf943dc91fb7e,0734e248f95f3923b66926ee487ec5987e38bfcf23f225c096a03e04c4edce41,True,data/NEU-CLS/train/train/images/inclusion_83.jpg
data/NEU-CLS/train/train/images/inclusion_84.jpg,inclusion,200,200,RGB,1,True,99d400c5192164cf65246de5d2c91e54e6a5312655288503487946d573efa0a0,ae8265ac8d6b5624a27b4539a96bfae9b34f4da2fc5a35edc1e0cd12472b1ab7,True,data/NEU-CLS/train/train/images/inclusion_84.jpg
data/NEU-CLS/train/train/images/inclusion_85.jpg,inclusion,200,200,RGB,1,True,c4fae55bfccaab43a3abf47d43f6fbc70c564c90430ec5e9754621082b43429a,53e937575edd5664112e67105b038c49f71325b689aeea1443dcf87f77c6e808,True,data/NEU-CLS/train/train/images/inclusion_85.jpg
data/NEU-CLS/train/train/images/inclusion_86.jpg,inclusion,200,200,RGB,1,True,f85cf375f7bdb7c8e448f8ee1515507a4b13336f1a5cdf455b9a3d769c6c4d04,cd41318059894a4dfc5995745a85a61e68a9dbc1e0a7551de8b98830a6897e08,True,data/NEU-CLS/train/train/images/inclusion_86.jpg
data/NEU-CLS/train/train/images/inclusion_87.jpg,inclusion,200,200,RGB,1,True,5a168b205040383a97855ecd837708b184ebd83dddf1dff0ef30c4c39c96e55a,25a509feaea3091dbcd360d1299d0f21a78949763183622e686cd1a72b435cda,True,data/NEU-CLS/train/train/images/inclusion_87.jpg
data/NEU-CLS/train/train/images/inclusion_88.jpg,inclusion,200,200,RGB,1,True,6c88492f949b2bcc2dc1ebc282bcafb272b5fa892c236e606ba9bcd6b95319ad,2641d8e8a5021923f4f7918b2a358c8baa617d16bbea701f25b58bcc8a4c7c96,True,data/NEU-CLS/train/train/images/inclusion_88.jpg
data/NEU-CLS/train/train/images/inclusion_89.jpg,inclusion,200,200,RGB,1,True,832126474eb86a0afb051ed85288fd51e00dcc7c094498787d2736519150c334,5142948bbef8c028a6e9f05226989bacb0e65216e477c25105ae975cc82b868c,True,data/NEU-CLS/train/train/images/inclusion_89.jpg
data/NEU-CLS/train/train/images/inclusion_9.jpg,inclusion,200,200,RGB,1,True,20c34b61ab678832629c6ee8bce155710e520bbbe1435aeb138ea91c9ab6ab22,9ab99fa414b3bb084504c98ff79ca2c97db8ca71b02191790aedaa071f1a3451,True,data/NEU-CLS/train/train/images/inclusion_9.jpg
data/NEU-CLS/train/train/images/inclusion_90.jpg,inclusion,200,200,RGB,1,True,421ac2ff62979abd1611571dabdbf69ca673add5f2802c550ef5da347ef4a012,a8297bf41bcfa66722833efddf79a6a2f5569cdc89a9f26adc35a2487ad9857c,True,data/NEU-CLS/train/train/images/inclusion_90.jpg
data/NEU-CLS/train/train/images/inclusion_91.jpg,inclusion,200,200,RGB,1,True,1610fec2851ec5993a9f543d61afd553e94cdd3a98ef851790984a6e5aaf799c,920f55e894fd39a0be99534e797a3c9db1349ff81f72e6af171069beaf351bac,True,data/NEU-CLS/train/train/images/inclusion_91.jpg
data/NEU-CLS/train/train/images/inclusion_92.jpg,inclusion,200,200,RGB,1,True,1d15666484061bd44fbec995ac395b12dcfd345f977dc066bf9f4cf3ef4db3c1,52cc609081f02568ea8c06a7b9fc359b1b7624df7447dcb44c990eeaf52e185f,True,data/NEU-CLS/train/train/images/inclusion_92.jpg
data/NEU-CLS/train/train/images/inclusion_93.jpg,inclusion,200,200,RGB,1,True,448b313e89c52ae512117e2b3d522264d51b6f5d487e5b0d1f60bd8fd0fe2ea8,bd19c707f2503a2e96669bac7fea6ab72f15f60aa99d4de232587b074f1eafe4,True,data/NEU-CLS/train/train/images/inclusion_93.jpg
data/NEU-CLS/train/train/images/inclusion_94.jpg,inclusion,200,200,RGB,1,True,0e10df466f922c4d03d7aac46b83afcb99f1198f6775be9eda4223e65a142c9e,f7be7987d88782ce442b6d24f7a11b29b89274d11cb2b77d2170117376883e2e,True,data/NEU-CLS/train/train/images/inclusion_94.jpg
data/NEU-CLS/train/train/images/inclusion_95.jpg,inclusion,200,200,RGB,1,True,17cda79fc127b80d5d4649103b8debeac0a0b6603fa61da5bcb6ea1a4b696415,f72e67b8e52368c9e2a86dc439fdbbff0bf89e9d4cf23d9977c2fdb1d09b0d09,True,data/NEU-CLS/train/train/images/inclusion_95.jpg
data/NEU-CLS/train/train/images/inclusion_96.jpg,inclusion,200,200,RGB,1,True,c084ace8c2a494cd70ee68a90facb0676d4cf340584204f9d9867380c5e1fd37,fbb04f37b17bbf07177fff00d7016502ff195fcb3debf12e04e0fca6cfdff10e,True,data/NEU-CLS/train/train/images/inclusion_96.jpg
data/NEU-CLS/train/train/images/inclusion_97.jpg,inclusion,200,200,RGB,1,True,6d4ac443d14c9f7481edc7da94be06b9dda1b43c05dfe036d218d920f3debc41,6a0fe757fcb89aae6b083202cecbd555999c63a09eec4f4f95e642c9f29091d6,True,data/NEU-CLS/train/train/images/inclusion_97.jpg
data/NEU-CLS/train/train/images/inclusion_98.jpg,inclusion,200,200,RGB,1,True,4b5f7c03e5a26c7390067318e8ab9131d0171048190ae7913b1af3d81d58d3d1,5d270ce18c2159c2acd90cbd47d3f5e403ab054840f2e8b4a948cfee49f126c3,True,data/NEU-CLS/train/train/images/inclusion_98.jpg
data/NEU-CLS/train/train/images/inclusion_99.jpg,inclusion,200,200,RGB,1,True,671e5f187e7db6b692b2b812ffad0cda7b22d61e008f12cdaf2ca45a099c77ff,b95d9511aacbc1eb18518f94380b721c78267e111cd2628917d9f5164bb99e01,True,data/NEU-CLS/train/train/images/inclusion_99.jpg
data/NEU-CLS/train/train/images/patches_10.jpg,patches,200,200,RGB,1,True,0bce06415796cabe1187dd00329893d46ea1f71f07f5c795b16a4629ce71249c,512321d02c5a56a54fa3be31a803abe71fba826308971f984a724f52ea094292,True,data/NEU-CLS/train/train/images/patches_10.jpg
data/NEU-CLS/train/train/images/patches_100.jpg,patches,200,200,RGB,1,True,71b3e853711967d5e74010510cfebe9d2793022986a08d4e6f6b456a3a7d1fcc,dd47c48003cc3be1afbc91c0a36db8dd3f13d38d6880b073f6d02ba3abfa0573,True,data/NEU-CLS/train/train/images/patches_100.jpg
data/NEU-CLS/train/train/images/patches_101.jpg,patches,200,200,RGB,1,True,4d2de82731b86cdbc7a66f2a9bfb01074bb4cb65e47bccf06b66470d53857071,2674e119fd69aaa9f2a662e3965defd66351521f3f7cb512950bec4de5b828f6,True,data/NEU-CLS/train/train/images/patches_101.jpg
data/NEU-CLS/train/train/images/patches_102.jpg,patches,200,200,RGB,1,True,5705722086f38f4ead84fd0d1e8a7aa3df1bf2590bbaed73d4b656d4c6d8e07d,9ff9b59a04a540dd920dc07f3f9c801a1506a262225a1979c14c3b2013fd361c,True,data/NEU-CLS/train/train/images/patches_102.jpg
data/NEU-CLS/train/train/images/patches_103.jpg,patches,200,200,RGB,1,True,17467d85b47cc880050c304ec54f014801980084b7db8cce7303e2a125368f81,4f808aef01e374ece80a593590ac809f41fca578bca023e2f9feb01525189d2e,True,data/NEU-CLS/train/train/images/patches_103.jpg
data/NEU-CLS/train/train/images/patches_104.jpg,patches,200,200,RGB,1,True,6e501cb64c6075180ec65230eb5d60b98a565532a3c6367efd2bded8f30e8eb3,331d50faa333790c3fe3fcbbfb73fdd99041a90fc4dfd11456fb41face52c5fd,True,data/NEU-CLS/train/train/images/patches_104.jpg
data/NEU-CLS/train/train/images/patches_105.jpg,patches,200,200,RGB,1,True,4d2de82731b86cdbc7a66f2a9bfb01074bb4cb65e47bccf06b66470d53857071,2674e119fd69aaa9f2a662e3965defd66351521f3f7cb512950bec4de5b828f6,False,data/NEU-CLS/train/train/images/patches_101.jpg
data/NEU-CLS/train/train/images/patches_106.jpg,patches,200,200,RGB,1,True,ba7f35d15202c401a79ac9e675b178716c86f55b1ae1d945c9ba1ea7162d4e3a,257551c7fade029e176cdcfed1726fed409a4049b4a2f29d6a9df51889a37430,True,data/NEU-CLS/train/train/images/patches_106.jpg
data/NEU-CLS/train/train/images/patches_107.jpg,patches,200,200,RGB,1,True,a15c056f9104659fd5cbfd086cf0b82318eb4fd1391938bc28c69600b396a6fd,e99d8183789e5efe06a2c501fd3c13955e19a3d148cc80d7446c723fbd5ab494,True,data/NEU-CLS/train/train/images/patches_107.jpg
data/NEU-CLS/train/train/images/patches_108.jpg,patches,200,200,RGB,1,True,c3ae0b7be45e7ba18a9f8de098a03076f9e7aedabf9be697bcac139b5013a9cc,427a8010682ad28c71c47a4a396e0a59282ef7ba31bad89fa5c6c82b730266ca,True,data/NEU-CLS/train/train/images/patches_108.jpg
data/NEU-CLS/train/train/images/patches_109.jpg,patches,200,200,RGB,1,True,425fde38df51d513d0aa0b4c5a1587fefb270a876aee1e8d8d3da37b3ad71a70,a966892fca9a0c4bf90b4249d7b1afd8238e525f50fb247cd5c536ac6e768841,True,data/NEU-CLS/train/train/images/patches_109.jpg
data/NEU-CLS/train/train/images/patches_11.jpg,patches,200,200,RGB,1,True,1cb3c476f073744d7c44ef552384d57344dfddb5fd41ed4609df09b5ae8c3a6e,a410b769a6643f180b499b5a156e78af080ae4aa3d8f16b0f2fad212d3367d7e,True,data/NEU-CLS/train/train/images/patches_11.jpg
data/NEU-CLS/train/train/images/patches_110.jpg,patches,200,200,RGB,1,True,030250f554661a749b7e832fc5b6a3fc336e94b7e25d5da9ce87ecd50c3b106f,18e01999f1ae8f0f7e364861457c07a520db48b66e1fc9d91f48459793b14cf7,True,data/NEU-CLS/train/train/images/patches_110.jpg
data/NEU-CLS/train/train/images/patches_111.jpg,patches,200,200,RGB,1,True,e928a260968ef82b0767cbb1d3e3115ace8935854db15d712e4b3c49c0c48aec,db106ce70403705192b837780516b1fd4b6d6964f740fef89b9fac2caaa5652b,True,data/NEU-CLS/train/train/images/patches_111.jpg
data/NEU-CLS/train/train/images/patches_112.jpg,patches,200,200,RGB,1,True,2e51c9ed34997d6c6d1992a7ee15988a45cf36a0013a67f222f1a9633f2c7219,5dfecadb824e718b5e3e8edf7c48a646f74ef3cfdea90ccd92f6b8e6c1be6e93,True,data/NEU-CLS/train/train/images/patches_112.jpg
data/NEU-CLS/train/train/images/patches_113.jpg,patches,200,200,RGB,1,True,96512debedaa44f6fc462336bc99c9eb082da86cdb149331a8880beff8aa60b1,f237cc606d6419ae1acd27d164e25ac5908a8425046a613b101a574714abd32a,True,data/NEU-CLS/train/train/images/patches_113.jpg
data/NEU-CLS/train/train/images/patches_114.jpg,patches,200,200,RGB,1,True,69799974db41d6809f6d1cdb01417cc6409ed6dd0b7723ace455ee548df43d05,0f0c0ddb41f6763827f4ac7585421cc8d96e674f400af7dc62dc4491e4982199,True,data/NEU-CLS/train/train/images/patches_114.jpg
data/NEU-CLS/train/train/images/patches_115.jpg,patches,200,200,RGB,1,True,d717a70aeca510536d423aab3e1880179593f24ff9fb1874af4ac4b1e33504eb,e0a0641cf279efaec024b7b974d0d75c696b2504c58aa27eb6f308f0afe529cd,True,data/NEU-CLS/train/train/images/patches_115.jpg
data/NEU-CLS/train/train/images/patches_116.jpg,patches,200,200,RGB,1,True,14e65853add379636cb1daceda84748089b203bbc6b9af4bca8ec5e6860a5853,a248ed654e6466a505f8d82b7151423431fcb9f2fd8afa5d0fe8ca63f3886d60,True,data/NEU-CLS/train/train/images/patches_116.jpg
data/NEU-CLS/train/train/images/patches_117.jpg,patches,200,200,RGB,1,True,3ee20e280ec039613a1ce9190d80f6366cef69cc045e53c47dcb788dfab13210,cb9509d9e6dc176b44e2bd4b6e982609a448c78bfe65c785c68546871ebf7698,True,data/NEU-CLS/train/train/images/patches_117.jpg
data/NEU-CLS/train/train/images/patches_118.jpg,patches,200,200,RGB,1,True,c138ff00ac535bc21ff492590b04a5c9df13bba39bda6f47dd91cb88d980186e,4be436c0e22c11c1916c33c019de1b97f473dca38ba7b5e141af090344cccc4e,True,data/NEU-CLS/train/train/images/patches_118.jpg
data/NEU-CLS/train/train/images/patches_119.jpg,patches,200,200,RGB,1,True,b996e8bb0019ebd447a9eeb03a7c0af31d36dd38081f02f35172778cdb7134fd,95d771d5a61cb1cdec22f0a5adb5af2b08669b847333088d65db96b124e50407,True,data/NEU-CLS/train/train/images/patches_119.jpg
data/NEU-CLS/train/train/images/patches_12.jpg,patches,200,200,RGB,1,True,261a55f5fe66d2b3dbb601907e1c455b9c3eac1f271bf5abde92e8891928bfab,af565485325a8aca3fc96ab6b913ee9c00c5a1865fc82277c7714840bc5e3b30,True,data/NEU-CLS/train/train/images/patches_12.jpg
data/NEU-CLS/train/train/images/patches_120.jpg,patches,200,200,RGB,1,True,ff83258b9529bc80bb6c6114e052611fa238ff45bdc6715087441529c7ebc2ba,e74bf5b171892c47869f5febd0c4d6ff34e6a787de8194f3bf463d00b3a60da5,True,data/NEU-CLS/train/train/images/patches_120.jpg
data/NEU-CLS/train/train/images/patches_121.jpg,patches,200,200,RGB,1,True,efbaee1c2678ff433374df25f385927a5b106c8ba3ad9e675e3ca7948e9eafab,6a848cf31032cdcb2abbd0dc10438021391903b4f67aeba7394eeb9f2ff36a8f,True,data/NEU-CLS/train/train/images/patches_121.jpg
data/NEU-CLS/train/train/images/patches_122.jpg,patches,200,200,RGB,1,True,d2297aedb4dadf11a6d5963cb4b70d26e68a141252a5044eace2aa9bc6d6725a,0b3b979e52e5accde39243881c71b6f87a341bc6d0109954f141c76c7df02ea8,True,data/NEU-CLS/train/train/images/patches_122.jpg
data/NEU-CLS/train/train/images/patches_123.jpg,patches,200,200,RGB,1,True,f1238c00892079e77ef914d636ab8e9116bfcc92ac12b63783fc0163e72037ec,c0bb38ca79db8fa1c9bf7f0fa3b8fb50e2937fc6548544c82bdf014479dc6d4c,True,data/NEU-CLS/train/train/images/patches_123.jpg
data/NEU-CLS/train/train/images/patches_124.jpg,patches,200,200,RGB,1,True,8e75daa3148fa90158d2a4edfaa9e96b521ba9d07021316a14fce3c112beb91d,ec6b0e1060d45731adf9dac0b80076dd297647d485903fcbbab55e2916229535,True,data/NEU-CLS/train/train/images/patches_124.jpg
data/NEU-CLS/train/train/images/patches_125.jpg,patches,200,200,RGB,1,True,9701bd8d49cae20363e0c31f68985ea237b9eb02cdad5e1c5d599802e7d102e3,054e6eb5bc7aeaddef55edcca6e26b323c423fe306ee290f2d18b6a3a68dfeb5,True,data/NEU-CLS/train/train/images/patches_125.jpg
data/NEU-CLS/train/train/images/patches_126.jpg,patches,200,200,RGB,1,True,03b7774e99ebcf4349bd01a904bbb61d9c89427972bb8a70acc910c6942a41bf,464be4996e03cdbe62f19715761437f40f385fbc5ef603e3306402b4cf50e2fb,True,data/NEU-CLS/train/train/images/patches_126.jpg
data/NEU-CLS/train/train/images/patches_127.jpg,patches,200,200,RGB,1,True,e9adce592ef3d885eb5eec4da6264b5008f12540aa5268d407100104c6a6d695,03379dde2540a45b5646945f71ddae7092cd80e6f95a252443591f83ce2fa131,True,data/NEU-CLS/train/train/images/patches_127.jpg
data/NEU-CLS/train/train/images/patches_128.jpg,patches,200,200,RGB,1,True,97ce3a3141e7e881568430940663b53b5fc4829a717ede85aa22034fc9db68b4,abef7a9949792704e0cce0c0d8ba90e99881e58e558fcae821aa270a794582e2,True,data/NEU-CLS/train/train/images/patches_128.jpg
data/NEU-CLS/train/train/images/patches_129.jpg,patches,200,200,RGB,1,True,3fa248c8bf726361accefdae301ee11602d1ef0489e414cde5b711a991927bcd,ab772bed7a3f9867d27372b93b3b429a9053bb9cacba99729daea4e5564edd75,True,data/NEU-CLS/train/train/images/patches_129.jpg
data/NEU-CLS/train/train/images/patches_13.jpg,patches,200,200,RGB,1,True,58cdb77cc09feab192ebdefd3b3ba6dca322cf73e907f02ab301306a3f671e44,d7f0684f25fa6ad1ee9a33cfef9b2a58e5434ff76d7476974a5e4dbf3ecdf381,True,data/NEU-CLS/train/train/images/patches_13.jpg
data/NEU-CLS/train/train/images/patches_130.jpg,patches,200,200,RGB,1,True,8253ad2fc03f6a9eb468759ad0aef69cb9a7925be41c160fd65b9355c3b69adf,cff3785d13933aefb332f50224259fda0dce3b45978463119a99bfc9631441d6,True,data/NEU-CLS/train/train/images/patches_130.jpg
data/NEU-CLS/train/train/images/patches_131.jpg,patches,200,200,RGB,1,True,6c4bb69ad9a47caef8712455c5b63b6a4096b1134e5d5898f09cf1a482d14dc6,76eef452e55917811f048d6da6360e26b6f23f03335fabdb4f5f1fb683f99101,True,data/NEU-CLS/train/train/images/patches_131.jpg
data/NEU-CLS/train/train/images/patches_132.jpg,patches,200,200,RGB,1,True,f9e12ac424ba0e9d72834084fbfaa1a746b0ce109ac3fe28fde658008aa33b78,284445f0f68e70c8d8057082a0d45aa76621215d41c69a8dd72cb031fa3a1c12,True,data/NEU-CLS/train/train/images/patches_132.jpg
data/NEU-CLS/train/train/images/patches_133.jpg,patches,200,200,RGB,1,True,b2da2199a39655b0a56bbb4aef03f0b1e26ae8a6fd699399c3017899e546f68f,e7719f75d095e5672e0aa5c023874cbee89986dab44da1a7c61634167fdb2507,True,data/NEU-CLS/train/train/images/patches_133.jpg
data/NEU-CLS/train/train/images/patches_134.jpg,patches,200,200,RGB,1,True,608d8747650080d180c34c1f5ec90b4c593d9c22c46796c90df03b504d3dc485,e26d23d968fa5a4c13a44585a77c6bf97caba9c1cd01e4a5bffa11c09c39c479,True,data/NEU-CLS/train/train/images/patches_134.jpg
data/NEU-CLS/train/train/images/patches_135.jpg,patches,200,200,RGB,1,True,0d29b05f6ed3fff32332f948e29f439851afd6d27dc713b2785538cd12f69b8a,a34a87f018b862bbca4994f706e03e81fd52cb562d42615e0edcbd29afe7b3c4,True,data/NEU-CLS/train/train/images/patches_135.jpg
data/NEU-CLS/train/train/images/patches_136.jpg,patches,200,200,RGB,1,True,6f92bad92f5ed2e838d27f3ee181301b0125f215eb9bcc856abec4e79973cd44,239b39e75b11fdd522541f4d982bf3653f33d096d1cbd7621a8fd56d8d535446,True,data/NEU-CLS/train/train/images/patches_136.jpg
data/NEU-CLS/train/train/images/patches_137.jpg,patches,200,200,RGB,1,True,82fb6d832a93ab370a235ad1da788e4c00e869995829f368f4d58225d416b365,ccbf9bd33ac7abc0fee9ded1115a3d719145871711023a191f7968a1d66711e5,True,data/NEU-CLS/train/train/images/patches_137.jpg
data/NEU-CLS/train/train/images/patches_138.jpg,patches,200,200,RGB,1,True,74330d6f6ea62facd45209ab8ae61bc1d41b87dd69a03e810ff7991757048231,0d6270895e987372bf2aaf246557506f944f7ca777b26982e3971b7a83a18725,True,data/NEU-CLS/train/train/images/patches_138.jpg
data/NEU-CLS/train/train/images/patches_139.jpg,patches,200,200,RGB,1,True,91906ca766ab2d87b9d96983d688d067d627d70cb0feb0a951833df4f7c2a61f,2e30e0380b354375d74994cc58c0bfce8d36cc99095d28ed5eab440430770153,True,data/NEU-CLS/train/train/images/patches_139.jpg
data/NEU-CLS/train/train/images/patches_14.jpg,patches,200,200,RGB,1,True,1417658bcd2219ee87f67881268f12d96951db240e26b357a7c0a1905b969d45,9e0d0507a72e44721892b494207b3389d2f8a5c56cf8af6cffd2d027a645f062,True,data/NEU-CLS/train/train/images/patches_14.jpg
data/NEU-CLS/train/train/images/patches_140.jpg,patches,200,200,RGB,1,True,9232201956ead5b82110289d25fe4d0964b9d9cc0d62b1c75fa72da1d5755730,e4f31e4b6ff31fe64064b83134fc085cde923c833fad377d496b4f6f4b528838,True,data/NEU-CLS/train/train/images/patches_140.jpg
data/NEU-CLS/train/train/images/patches_141.jpg,patches,200,200,RGB,1,True,9c6d455aee8bb4dd474750ba5e8b862e978e82bad024de6b2b5849cd3b4883b1,2885465a16100b860597f6ed91f6ad9d56c97973cd40bee0e845fbdd64279ed8,True,data/NEU-CLS/train/train/images/patches_141.jpg
data/NEU-CLS/train/train/images/patches_142.jpg,patches,200,200,RGB,1,True,07108895b311000a2e6f221bb5fadcde41d8908f9442a557372a7a6e147e78ec,df442e821b00e7250fa47fd526f487ad4ddf23ac25d1b01efd8ed7a12f3cf2d5,True,data/NEU-CLS/train/train/images/patches_142.jpg
data/NEU-CLS/train/train/images/patches_143.jpg,patches,200,200,RGB,1,True,214303d47c642dfa9f4f85cd3e166709381120ae46e7ef47c5a7b0571daa713a,869a8c273b3342d55cabb1ec7af2d781c0a0fda82580bafebaaed54bd4756417,True,data/NEU-CLS/train/train/images/patches_143.jpg
data/NEU-CLS/train/train/images/patches_144.jpg,patches,200,200,RGB,1,True,a9d39b0ac5c7dea33ab007660ee75de56cd14e26f7eac49690fd72dc6419b02d,2a6d4fb9d2f548537549913d35e772272ba6571d536d913d2df44dc8750e206e,True,data/NEU-CLS/train/train/images/patches_144.jpg
data/NEU-CLS/train/train/images/patches_145.jpg,patches,200,200,RGB,1,True,6fb38c29252478274769ad1377696796b812be1ea4e32b5335f9680ce823feb7,ba804678217f91cb432bc09e82a6172ac00da641160e54df019daf0f50680e24,True,data/NEU-CLS/train/train/images/patches_145.jpg
data/NEU-CLS/train/train/images/patches_146.jpg,patches,200,200,RGB,1,True,68a75502eb09f2fce11bafa903976e6ebd301cf882c9fec5d17b14f8a2f99778,71bc0fa16f6c4cd92e6402d33b11ed4dca3a618d584f7e386f1c5e9e161685ee,True,data/NEU-CLS/train/train/images/patches_146.jpg
data/NEU-CLS/train/train/images/patches_147.jpg,patches,200,200,RGB,1,True,3e8572520292a452158735853befe42a089db883b04a173ae5434adffca05bfb,be1c77ac256518c0d8029421f669cf0d1c9918a1e052f0a7ff83dccb40de9f8f,True,data/NEU-CLS/train/train/images/patches_147.jpg
data/NEU-CLS/train/train/images/patches_148.jpg,patches,200,200,RGB,1,True,636b01e783962322125e76a6dba37f396899268e68109a1f667443058da6d3b7,d9d720725ccc133c19ffa1793013d3fb24b642c32d3dd45ca6db8e1d086b5dc3,True,data/NEU-CLS/train/train/images/patches_148.jpg
data/NEU-CLS/train/train/images/patches_149.jpg,patches,200,200,RGB,1,True,1cea8bc35e67216b1c1343e3231418c52c05dd7b370bdab3e79d3e67d0135090,3715444f302ba35d9f187bc2f0317a2ebef76e45e1a8aa76e04971aa91a8c181,True,data/NEU-CLS/train/train/images/patches_149.jpg
data/NEU-CLS/train/train/images/patches_15.jpg,patches,200,200,RGB,1,True,3757b1e2dcdf1b980cadc5732dda2265a2ef7605321a1da6cdcd7b702e57450e,bdfa5a18874890aa7a83e4cd3c1d8732b5469165d1a0aa4d55b29e40352c60f3,True,data/NEU-CLS/train/train/images/patches_15.jpg
data/NEU-CLS/train/train/images/patches_150.jpg,patches,200,200,RGB,1,True,4056930ab385cf2283b3434af3b07bceb143d0b8915c0e2a7b6d0d2013ccb35a,1af449a684fd3ba15ed92beff551c37e29eceeea6c2a31e0835730be80ba3038,True,data/NEU-CLS/train/train/images/patches_150.jpg
data/NEU-CLS/train/train/images/patches_151.jpg,patches,200,200,RGB,1,True,d97b9899a36deefd9754c2874b026b3f30233cf3a69ca94f021622527585107e,10eb3eb65fa6db97e4e1b8345f6b7b0592088a46ac7c9975ea85eb2fb20ddfed,True,data/NEU-CLS/train/train/images/patches_151.jpg
data/NEU-CLS/train/train/images/patches_152.jpg,patches,200,200,RGB,1,True,d2f30341e0189fdd3c47b4ef3b94b381fcc9d43f4b3b4efb3df1722a203db58e,d6b61889cd6cea5bc094359e6d2ae5ce5aa3914797b776928fd8bbc7a92801c7,True,data/NEU-CLS/train/train/images/patches_152.jpg
data/NEU-CLS/train/train/images/patches_153.jpg,patches,200,200,RGB,1,True,0d25cee992679e08246be6763ef5cc97be495c201c3a16013f077484d3e2b836,70b2067612fc0508c059a99779ea10e3767a9b24e7ab1152d43377e91ce7eeaf,True,data/NEU-CLS/train/train/images/patches_153.jpg
data/NEU-CLS/train/train/images/patches_154.jpg,patches,200,200,RGB,1,True,6d1d6467b07e33d7d826dadbf27bcc6a428f65a9f116ad9b8f5464cf517d4331,b066a5ded6c07718171b63ef591d3aaab2520fe7af7d4d0a8e660001f2bfeb4d,True,data/NEU-CLS/train/train/images/patches_154.jpg
data/NEU-CLS/train/train/images/patches_155.jpg,patches,200,200,RGB,1,True,b87f28bf0895ebcb1273e5d707c40243f1fcdb132ed63eabca253e1c67ae34d7,ad33d55018619a96149eda4da98883ff85dd57722824c5d419662f903cc63375,True,data/NEU-CLS/train/train/images/patches_155.jpg
data/NEU-CLS/train/train/images/patches_156.jpg,patches,200,200,RGB,1,True,9961f0ffde85a40516f54262b3fa74eb35cee24fc87a54d4fe8f07b7e7fb2ec2,df588dc38f3414f14e47a53ff7a94bbfbbc8c24d5a9a1e222e57b4ea4823fd3d,True,data/NEU-CLS/train/train/images/patches_156.jpg
data/NEU-CLS/train/train/images/patches_157.jpg,patches,200,200,RGB,1,True,302db455ade32145d76a587ba113c0a82e56311226f313c4b451410b5402c67d,ec7fe8b11463c7cab357725cf9bb31cab53d7190b2effbf346f623d2302b8b15,True,data/NEU-CLS/train/train/images/patches_157.jpg
data/NEU-CLS/train/train/images/patches_158.jpg,patches,200,200,RGB,1,True,e0c59d0cf887cbed94ec56da824eee7e347ae2a7b10ea3488d833a3058a8a62f,17017ab929ec6978d52a32166ef4a06dc956728165e8c21d99393b760b1f6584,True,data/NEU-CLS/train/train/images/patches_158.jpg
data/NEU-CLS/train/train/images/patches_159.jpg,patches,200,200,RGB,1,True,caa276f56de3cb2c828f36062786f7f3826fcc14b7d6be57bb1fd43929633415,50776f5dfc7915e13678901b3ec67924b66faa2d718aceb3424179ab65fdde11,True,data/NEU-CLS/train/train/images/patches_159.jpg
data/NEU-CLS/train/train/images/patches_16.jpg,patches,200,200,RGB,1,True,745dccd9dde8538337e406c42870463fd31123cc5925d0c13791b48fa22ad8cf,88f7874d7ea04ebf747cf6e932492713832ed719237dcd2dcc735985293d7717,True,data/NEU-CLS/train/train/images/patches_16.jpg
data/NEU-CLS/train/train/images/patches_160.jpg,patches,200,200,RGB,1,True,7163a072ecd14c36764803d154fb8b98684fb56f3bfcbf6fd1d4417aee2ab6e5,a67fa0222fbf8496b85b25a8936116778ccbc0d8ad7002630023082b087bbea7,True,data/NEU-CLS/train/train/images/patches_160.jpg
data/NEU-CLS/train/train/images/patches_161.jpg,patches,200,200,RGB,1,True,bd202f91ddd89c3727996d411e6330301df47bfbce8627e909dcf5cd3ab12636,bd91fb48dbd61464b1038cec10d6b9a6341ede35e73cb8553c1a0d7ef28d3ff3,True,data/NEU-CLS/train/train/images/patches_161.jpg
data/NEU-CLS/train/train/images/patches_162.jpg,patches,200,200,RGB,1,True,3239ed10b8c553328b57ed770aeb95e389b78e6c4c0ee3154002ba3754115e75,4acf0d70930d57c93a8e62185120675e815379a62d6a59a9d428f261d400c250,True,data/NEU-CLS/train/train/images/patches_162.jpg
data/NEU-CLS/train/train/images/patches_163.jpg,patches,200,200,RGB,1,True,58a58110791d4f674b52db9086fc1f0c49ccb0eb6283a90a94a6a32f5ac87b1b,8e97f2daffd17a6d0e30461e8acc2d29a2b37067db328fc35587eb6d207d8ea7,True,data/NEU-CLS/train/train/images/patches_163.jpg
data/NEU-CLS/train/train/images/patches_164.jpg,patches,200,200,RGB,1,True,87c1b46a01c796c71030ee72ca51ae732fb2e4e8a39117e483e5b42fa55a9b8e,65e52fdb251522c8ccf93ab3e74fbab87fa13b6145f30a9cc1380dc703414452,True,data/NEU-CLS/train/train/images/patches_164.jpg
data/NEU-CLS/train/train/images/patches_165.jpg,patches,200,200,RGB,1,True,320921e15b7b47236fb08cb0244b81b326a66cd3e79d0fc4459b98a30f38f3cc,bfbfcd22d748f602cb174cd032149c39157bd9e01d581342fa29d8dfc9599c0e,True,data/NEU-CLS/train/train/images/patches_165.jpg
data/NEU-CLS/train/train/images/patches_166.jpg,patches,200,200,RGB,1,True,49869b28925cfe2db006ab2784edeb1a817ed11bc7f11763b8c3d5227d059b30,a013c6022291a7cc84e656e854d319d000c4d2b178e8d85eed5af209495b7545,True,data/NEU-CLS/train/train/images/patches_166.jpg
data/NEU-CLS/train/train/images/patches_167.jpg,patches,200,200,RGB,1,True,631d3384882fbb9935daa7032092688d3bc9d716c12175bc59e2c5767289a205,2ccd102cacee1aed3f154304810452231cb8a2ceb41871fcddc172cffe51ba10,True,data/NEU-CLS/train/train/images/patches_167.jpg
data/NEU-CLS/train/train/images/patches_168.jpg,patches,200,200,RGB,1,True,11551ae1e03110fd3c21ff836b7da31727ac9c53d146735e61854d12850484ba,541f52b384ba224ea177366c219f61642fe9eb0c8b7de109e451bb8645aa4427,True,data/NEU-CLS/train/train/images/patches_168.jpg
data/NEU-CLS/train/train/images/patches_169.jpg,patches,200,200,RGB,1,True,6f4636871b1447810cccee23d7c432d19595069555d9c5af2940a987e6223d78,5941a52d362a713c76041b695889cb28cf3086c7582cc1329f1ee326cb23f7c4,True,data/NEU-CLS/train/train/images/patches_169.jpg
data/NEU-CLS/train/train/images/patches_17.jpg,patches,200,200,RGB,1,True,5321e25088da9adf11b3455da3a3435ab7a81a5302c46fdb987f6521e65f4f07,da5352f41210227f4c627d3793858ffbd938475c4353a57571832efc0a57aada,True,data/NEU-CLS/train/train/images/patches_17.jpg
data/NEU-CLS/train/train/images/patches_170.jpg,patches,200,200,RGB,1,True,15a49a3f74f4cb2dfdd291069afff4a4ce5fef99ee2f83f4bdfa5ec828d6d8e7,22383f55f21f897c9d85872dd30dd131bc92ad062542f1b5e04843182bd0b3f7,True,data/NEU-CLS/train/train/images/patches_170.jpg
data/NEU-CLS/train/train/images/patches_171.jpg,patches,200,200,RGB,1,True,e741626eb4750d162a040183755e1403e1ba9af7bc1e93a3f528ba4be929cd11,752aa151cbcaa47151eb4f09f2a44ea9c4a7fcadb60e9e7019ec17563825c8e3,True,data/NEU-CLS/train/train/images/patches_171.jpg
data/NEU-CLS/train/train/images/patches_172.jpg,patches,200,200,RGB,1,True,1cb7032729d52c8d051f73c6be8ad61c3e8a4599f37b554fd43d7652cdb94d4d,0439499c0c0e0f45eee8a72888bc1f3e0eef4b37e593b8bb7076720d39447676,True,data/NEU-CLS/train/train/images/patches_172.jpg
data/NEU-CLS/train/train/images/patches_173.jpg,patches,200,200,RGB,1,True,5cfabcb4e299b09666c2ddd5e586c9f5705fb8c1fb9b628473465722d42cfd43,47766279bda9f9ef7396f0fe2f71e4ca3eeb1d6bf92f3537be5383f8ae976e75,True,data/NEU-CLS/train/train/images/patches_173.jpg
data/NEU-CLS/train/train/images/patches_174.jpg,patches,200,200,RGB,1,True,58a7540a7be07aebcd8a5a96f9f58bc4322141ab414487160c8b78127093fecf,3cb67c5d7d6823fcb96ec1ce8b2b27b544a041230e09ee19ec18cf5ebb75647c,True,data/NEU-CLS/train/train/images/patches_174.jpg
data/NEU-CLS/train/train/images/patches_175.jpg,patches,200,200,RGB,1,True,a531077af118c640daf5c1897d90d194ca9e594de8e21ba19d45254f2ea3e37c,8a8768320fb31bcc6465e8e2f2283c73283a53186133662567fac3bb9efa9226,True,data/NEU-CLS/train/train/images/patches_175.jpg
data/NEU-CLS/train/train/images/patches_176.jpg,patches,200,200,RGB,1,True,6e86fd9aa036ece2f4827477eb4f06973189e59aa1bbd67644dde85ae51cf17f,8adaf66a1dab8d8dfd32e3c0b005522ce31846de29cc78139aacea0d58dffbf7,True,data/NEU-CLS/train/train/images/patches_176.jpg
data/NEU-CLS/train/train/images/patches_177.jpg,patches,200,200,RGB,1,True,8296704a80a15a59e806394db76485fbaf9160ac55f745dcda03da054edb1bb7,116ae1f73b60123c2df34c3aac87ba0fd4b065a16ad0ac8870ef924a9f875872,True,data/NEU-CLS/train/train/images/patches_177.jpg
data/NEU-CLS/train/train/images/patches_178.jpg,patches,200,200,RGB,1,True,81c0eddd3ff44319baf7b1747aa0f4a6761763810fd8b6059137bd3eabfb0f08,2caea5a1df0658de2d9e6def7342d59b22e49ceb9b595dd5aad068a97782788d,True,data/NEU-CLS/train/train/images/patches_178.jpg
data/NEU-CLS/train/train/images/patches_179.jpg,patches,200,200,RGB,1,True,c960357bb6f0c3f85b124fbf91f5a53acc730cad0a86b39bc531024bf51fb8ce,d4d56e2db6ec6444069db4c61619fca6a8332574550bec194e3070ca23052454,True,data/NEU-CLS/train/train/images/patches_179.jpg
data/NEU-CLS/train/train/images/patches_18.jpg,patches,200,200,RGB,1,True,58b730ff89fd4558ab7dcfa5686d3c9f6da0bb6428dde3c6e941c826211ca711,5a8958951587e766ea125fc10d633884589c5d85645736bcd31bd15051c04090,True,data/NEU-CLS/train/train/images/patches_18.jpg
data/NEU-CLS/train/train/images/patches_180.jpg,patches,200,200,RGB,1,True,11ee2ca3f59b50c11feee7fa223814abe34e7977c6a1183fd42062e95af522e1,429b7c18c2769d5de40ab32e9b058e246caac04248635ecc9b7edeb1f9afdf5f,True,data/NEU-CLS/train/train/images/patches_180.jpg
data/NEU-CLS/train/train/images/patches_181.jpg,patches,200,200,RGB,1,True,fcebed354c17ff4339ab57196c75f7e7d12c77f03a38f0819e22aa2656083634,d3e6a86b02a58bf0fa90a21f55c6fac9bf254a196f68ac8bcb3c0edda98bb871,True,data/NEU-CLS/train/train/images/patches_181.jpg
data/NEU-CLS/train/train/images/patches_182.jpg,patches,200,200,RGB,1,True,4495fb8e282aa3a7dd211f72aaadf61b96e79ee9190d2d951630410decccc39f,1fcf3ab13a6c8e56ce9bbdcaa11f499ab7a9c4fc83529a3d394d5e7279b8486c,True,data/NEU-CLS/train/train/images/patches_182.jpg
data/NEU-CLS/train/train/images/patches_183.jpg,patches,200,200,RGB,1,True,334b6e74e2b54a6fec042f33d78615e89ab4212d5c6cd83ba808529eb85a5cda,006e207097999d9bc1dd264485c25a93c09d6e85b2d26a80cd1909ee457d98a5,True,data/NEU-CLS/train/train/images/patches_183.jpg
data/NEU-CLS/train/train/images/patches_184.jpg,patches,200,200,RGB,1,True,b08da27dbdb393b157c42e014b712358edfcc210a17b78e8b993ed0e6186f1fd,4c0b5cfcf9e0b6fd3c6a08c93ecb2d50807cde7b983eb0d939d93f5622f8e24c,True,data/NEU-CLS/train/train/images/patches_184.jpg
data/NEU-CLS/train/train/images/patches_185.jpg,patches,200,200,RGB,1,True,fa83293ba81f4aae52ff4e395c98d6aa81596624f19c2f4539d9d8e3493bae1b,a491606ab5b7766d80b95b3a67e740f767b1f3823e4e152736bf2d1fcf99184c,True,data/NEU-CLS/train/train/images/patches_185.jpg
data/NEU-CLS/train/train/images/patches_186.jpg,patches,200,200,RGB,1,True,e4be79405f21c621732e4317499f0efa703e78c84f2ff3b597031181e8c72216,72080f832b3f90bd0c53c8996a8bce3bf0f4b586bb2989dc05cbb05a2701d9f0,True,data/NEU-CLS/train/train/images/patches_186.jpg
data/NEU-CLS/train/train/images/patches_187.jpg,patches,200,200,RGB,1,True,da4406453e637084645096a60120392739e6b2057d6db8b5820cdaf301b19d0a,a9f8f388c14359a230779ee687cf15fe0e0d27bc111988069d6df55515c06bfb,True,data/NEU-CLS/train/train/images/patches_187.jpg
data/NEU-CLS/train/train/images/patches_188.jpg,patches,200,200,RGB,1,True,8909063db7f0d72cf2c014a73e164b97eeca2b42c6276867b853cf5a51dba8fb,d629b19161eec7a95592a747054d6081d6c6ad98d461dc5924acd1868948fa54,True,data/NEU-CLS/train/train/images/patches_188.jpg
data/NEU-CLS/train/train/images/patches_189.jpg,patches,200,200,RGB,1,True,12d65f261844bc8d215a9091d6452c88654faf6d36e9e8203a5c07a0c0b24296,80ce3eafcf036e614564b324d82378ff44eeabf2fd087a336ba8c0b2b5a475b2,True,data/NEU-CLS/train/train/images/patches_189.jpg
data/NEU-CLS/train/train/images/patches_19.jpg,patches,200,200,RGB,1,True,9fddc984d5c02565fd12b248572bed264d11f810f51c15cc071272837db29ed4,64599ba8762f2bc3f692d2963dc5d345e85857c70148bb2ce05f667340a9a28e,True,data/NEU-CLS/train/train/images/patches_19.jpg
data/NEU-CLS/train/train/images/patches_190.jpg,patches,200,200,RGB,1,True,8c96de37135dee7e58a35bd60a623262817fc4e0e9c00d80846546a751f77dcb,083ba19071e2c14c523fca2da630ac80f3379f995038c830fcddba7237c76883,True,data/NEU-CLS/train/train/images/patches_190.jpg
data/NEU-CLS/train/train/images/patches_191.jpg,patches,200,200,RGB,1,True,389fa2692a890ace1610695cf8046dd9886bdcac29fa485c072e26fecf58599f,fc8193f4c67bb8d22ea47be1c1c416f0d977c9d04775458f2b92337392438585,True,data/NEU-CLS/train/train/images/patches_191.jpg
data/NEU-CLS/train/train/images/patches_192.jpg,patches,200,200,RGB,1,True,7140772ba97405dbf146e15a3edd9a0068f2200a76cfffbd22a023462f18e149,bc565bcfb540d67dbf635e51ab16d870158c73f71a4907182e81cb455473e736,True,data/NEU-CLS/train/train/images/patches_192.jpg
data/NEU-CLS/train/train/images/patches_193.jpg,patches,200,200,RGB,1,True,9fcc65087f61af456d62d8fabea419e6eb99faf1b66f92f532a54dbd5ccc63dc,25b07c24f1bea239701227e367776c853c6a9620570fe9c09640a8e6f2623167,True,data/NEU-CLS/train/train/images/patches_193.jpg
data/NEU-CLS/train/train/images/patches_194.jpg,patches,200,200,RGB,1,True,bdbb493f9ce0d7776902e07437977a0abdfe0481abcee3358c989d744be198be,999bf88bab34effd22e558b3d7f1e74ff9d23f59001d86a3f76c1f31b5f45f33,True,data/NEU-CLS/train/train/images/patches_194.jpg
data/NEU-CLS/train/train/images/patches_195.jpg,patches,200,200,RGB,1,True,016b5b6f235e54cdd6dca76d0d03087e5d25da7e36c018ff1dfa240c4b8fabc2,cb515cee4ea83f85b27d378417153d2516bad55f7bc06782b1bcb2ee7d8cd0dc,True,data/NEU-CLS/train/train/images/patches_195.jpg
data/NEU-CLS/train/train/images/patches_196.jpg,patches,200,200,RGB,1,True,6c8ff326e64496001a154cb0f4ffdaae45d077fc86624ded60ace3b00a943ceb,15048e271966a459ec3e65ac311c52d4455f48cb1c296c8d6a04cb4062079692,True,data/NEU-CLS/train/train/images/patches_196.jpg
data/NEU-CLS/train/train/images/patches_197.jpg,patches,200,200,RGB,1,True,7248fa223902c1398f6d82f8de387d8a795be6ca9f1dc2a33fc0f379b61f6dc6,44f67f92cf7dad705d5e4083731cba0871c8b0ef157079e68aaa76d7ac47beec,True,data/NEU-CLS/train/train/images/patches_197.jpg
data/NEU-CLS/train/train/images/patches_198.jpg,patches,200,200,RGB,1,True,92ef61aa98bdcda4173603a3dbcec573ff0fd754915f7463103464e105c58c16,a70f16e9cbeeb17be3276945423195c962e38dc9396c17c34a342015e03fefcc,True,data/NEU-CLS/train/train/images/patches_198.jpg
data/NEU-CLS/train/train/images/patches_199.jpg,patches,200,200,RGB,1,True,06071e67ada2d39202ab845f44317165233135a24aa83ac519b998c25e488adb,d88d5b5bd27598b610353e28ab7f9ca37870bed3b8810a8e6704d25000f1ad65,True,data/NEU-CLS/train/train/images/patches_199.jpg
data/NEU-CLS/train/train/images/patches_20.jpg,patches,200,200,RGB,1,True,0f894cdac195e33088bf23e665ee018ec79b9904a9d1e55c5d66de95928f952b,707b0ee003dab222dcd72b3196fcd7e03fef728761e991eaf7add90fc26805d2,True,data/NEU-CLS/train/train/images/patches_20.jpg
data/NEU-CLS/train/train/images/patches_200.jpg,patches,200,200,RGB,1,True,f4fea54ba383909b5e71c25f1d327425d5e102fb4619e590aa94933044d828a1,fdec77fa22cafe018c2d490b52a854bb4798d5d69afdfe6d183a9dd62d280bde,True,data/NEU-CLS/train/train/images/patches_200.jpg
data/NEU-CLS/train/train/images/patches_201.jpg,patches,200,200,RGB,1,True,3096d28045ca41280028e716d6c64c9d65a70f3c171a98686f4772c99c7620a6,907a852c4775b1ea17d2e4eb4e12604e7791c5311a68f2c679e799d111f2bbff,True,data/NEU-CLS/train/train/images/patches_201.jpg
data/NEU-CLS/train/train/images/patches_202.jpg,patches,200,200,RGB,1,True,53117ada4199b82ff4b331c1b8373d67fc5c8868b7923996ac44ee4fe465734e,12f939a0d57e304b057a2a3270de80a909b9bb0d778b0a4dac14cae711942def,True,data/NEU-CLS/train/train/images/patches_202.jpg
data/NEU-CLS/train/train/images/patches_203.jpg,patches,200,200,RGB,1,True,0d40be789f7cffcdf9914b712b1b4c157f80d2c44a58679dcba1cfb09ba0fc3e,c2c67eb0e4d7605338272cbd80592487b20671409e0a75d67b22f2b1bcb2106b,True,data/NEU-CLS/train/train/images/patches_203.jpg
data/NEU-CLS/train/train/images/patches_204.jpg,patches,200,200,RGB,1,True,3b78a9f47fd2d1881216ba5c9764e38f1948518a2f73f76e15feabb430c8fbd9,ed955a19a73a062843e5a7727e2aad8fea910a267caa02285e3a1239c5c11e6e,True,data/NEU-CLS/train/train/images/patches_204.jpg
data/NEU-CLS/train/train/images/patches_205.jpg,patches,200,200,RGB,1,True,391a1343e891e8b84111d341ad039a8a43375ad6910e16d2692d5dd93662624e,fcb157425a8331753fb09da014eef4d607a2040bf451e443dd3e7f2ac7c2f117,True,data/NEU-CLS/train/train/images/patches_205.jpg
data/NEU-CLS/train/train/images/patches_206.jpg,patches,200,200,RGB,1,True,8a610809a1ab93c4ccf80fad3c868d5edafa6fb7ff01d97b1026c3b969401614,7c661ed7e3c9df6e9bc3519b8ad69a2a7adbf554cd5199003225df426edf1561,True,data/NEU-CLS/train/train/images/patches_206.jpg
data/NEU-CLS/train/train/images/patches_207.jpg,patches,200,200,RGB,1,True,82caa9f13416c4039b5e928be14cc48e0709506d895d8d1642f0718043ef5bef,292028bc09ff17d14857f01d419be6d9cde0b8f99cb51d4b63fcb3d3c41e3f40,True,data/NEU-CLS/train/train/images/patches_207.jpg
data/NEU-CLS/train/train/images/patches_208.jpg,patches,200,200,RGB,1,True,8ba753aca9c53c268cd20bec32d93046316436aae748756b11f5dda4074379e3,cc5e9eca581dca5af6d9e1d5b86f1f82d9e05b1fe57fb46a0bdaa28eabaf6433,True,data/NEU-CLS/train/train/images/patches_208.jpg
data/NEU-CLS/train/train/images/patches_209.jpg,patches,200,200,RGB,1,True,4f98a185024e14cb67f9eca63ee70982a240328c139c80ae670f550754398c7d,0782a690360367c2c7de9d579cad481c457c37159e5987f90d01155cfd512ed2,True,data/NEU-CLS/train/train/images/patches_209.jpg
data/NEU-CLS/train/train/images/patches_21.jpg,patches,200,200,RGB,1,True,e9766ef04b4726ab89fa3872716a99f3fc761f080f1b00095b7b8e2245ad3950,7f67ec736cca5f6d1c4b01fd6ed3b4981033472020a9bb20e714b5c3a71b11fc,True,data/NEU-CLS/train/train/images/patches_21.jpg
data/NEU-CLS/train/train/images/patches_210.jpg,patches,200,200,RGB,1,True,8e0b0c93ba4d6f0e07b76908399ffc17791bad48b0cbb01721fc3f7e6df311c0,cdc86dd44c244a3641eb4a05e0de33c61936d2def0fe0d17594b8798873d6270,True,data/NEU-CLS/train/train/images/patches_210.jpg
data/NEU-CLS/train/train/images/patches_211.jpg,patches,200,200,RGB,1,True,f988631bac3b31eac7be7a1f56e118d14d3327989ce4b454370761c5c8700305,1016bb134cbc67b4cd65c0f3b00f37d3ed297439e85f8d0ab0f5e1b091721293,True,data/NEU-CLS/train/train/images/patches_211.jpg
data/NEU-CLS/train/train/images/patches_212.jpg,patches,200,200,RGB,1,True,856463e6892bdd866ea1d73e5a95d2a0423df43e16fb57f40d078f59d824794c,6b846d42044d31d53197114f6caceeaa9713128e179d5970893b8919a8d9efb8,True,data/NEU-CLS/train/train/images/patches_212.jpg
data/NEU-CLS/train/train/images/patches_213.jpg,patches,200,200,RGB,1,True,6a4b08214c314135518585256f952cef50c514d5137ab1244e7842cee7167c6d,25cb02de6531078f4766ecc2b7390bfae66f8658e10df7745ceb18a92975b1ad,True,data/NEU-CLS/train/train/images/patches_213.jpg
data/NEU-CLS/train/train/images/patches_214.jpg,patches,200,200,RGB,1,True,7a72f8abc4e0b3def00afe8bac2df18c494da501b3de3566fd8542d65853b62d,b5393374e3e138ea9f479baddecb50cb34be171d0df522c731eab37f34e904d6,True,data/NEU-CLS/train/train/images/patches_214.jpg
data/NEU-CLS/train/train/images/patches_215.jpg,patches,200,200,RGB,1,True,5a901625c47393f44918ccc9dbafa5bcf716d9edf6138d9eec5d5f1a04180583,e0951736c5f3b9579e4a4bf52b8ebee73026880ac0aff6a2b0fcdaa5cb5750ca,True,data/NEU-CLS/train/train/images/patches_215.jpg
data/NEU-CLS/train/train/images/patches_216.jpg,patches,200,200,RGB,1,True,b23b9b600ab5718db7201a36cbca183b053060b47ef3052a3749f33cbfc609ac,bf6490f49ef8a6e3c1b7970a2988a6f37624c40a26e12cc8370c6fc3ddcf586e,True,data/NEU-CLS/train/train/images/patches_216.jpg
data/NEU-CLS/train/train/images/patches_217.jpg,patches,200,200,RGB,1,True,71285ecc73ee77e281e1edd71a31fba5fbfc123dc4e120910ac9a0696568db47,df687279859c1a58be446e51028344f902432d67528223262ae15f7c68304409,True,data/NEU-CLS/train/train/images/patches_217.jpg
data/NEU-CLS/train/train/images/patches_218.jpg,patches,200,200,RGB,1,True,bdc8d32308a3eaaa7153b16c4ebd6e56ad346377708fedd172da28de464dbee8,1dd584ed30eddff414fb1b9d16e71b31e814d17817701dbedc215fd811b4dad8,True,data/NEU-CLS/train/train/images/patches_218.jpg
data/NEU-CLS/train/train/images/patches_219.jpg,patches,200,200,RGB,1,True,8fa718c52b5d4b920510fb65720cfcf0ee9e6ff736229849c59b6154b9af24a7,211464365303b4facdb630fe49cc29d82edfb941217dfa1793a0711293108350,True,data/NEU-CLS/train/train/images/patches_219.jpg
data/NEU-CLS/train/train/images/patches_22.jpg,patches,200,200,RGB,1,True,7c0f0b709bea9e06f13e75228b06366187e92d119650bf2f017fa34acc126223,97d636328b8d41c3a4f1874aa4bbde212ec52fbaf13bb63fbc8377ebfe51be0b,True,data/NEU-CLS/train/train/images/patches_22.jpg
data/NEU-CLS/train/train/images/patches_220.jpg,patches,200,200,RGB,1,True,40ae61cd45e6826404c5ae044df70997a18e14248d051c1e75c6c3397b6c79cc,a47e8cb7ff5128bd623cb2f0c3edff175f8f4fabfc311cad3071cbad29a20d65,True,data/NEU-CLS/train/train/images/patches_220.jpg
data/NEU-CLS/train/train/images/patches_221.jpg,patches,200,200,RGB,1,True,4dc6536f2e2175fdcc8346933636a0c2fe22535431a4d41de41d03ad0b4e53fd,69fce74cb7594a1397d62834dc51d14305734a4298cf73edea97c9cd4c1de32c,True,data/NEU-CLS/train/train/images/patches_221.jpg
data/NEU-CLS/train/train/images/patches_222.jpg,patches,200,200,RGB,1,True,a284f947f7707d7c2a31e6a816e22c1b2e18934253a0b70df7b126b4e311f577,79563d6f4a5cb8c1f76a4d5b87b17fc99e8c6f7c87f9cff4e5e42e2b11cec2f1,True,data/NEU-CLS/train/train/images/patches_222.jpg
data/NEU-CLS/train/train/images/patches_223.jpg,patches,200,200,RGB,1,True,dc6d186a0f02199210d97007ee503cd663fd82d6aea1499d9af4fa8e4da82b63,5608bb39027c741af1f4522d218a9042726457450f167d0526a7b8a49287ced2,True,data/NEU-CLS/train/train/images/patches_223.jpg
data/NEU-CLS/train/train/images/patches_224.jpg,patches,200,200,RGB,1,True,af9fac336367e2b8b4e7314d428fc1fb3390401a1670787a3419940157727388,1f8ed84e39773f859aef60605ba26a49ebfe572edc87c61dc12c0f042ee56480,True,data/NEU-CLS/train/train/images/patches_224.jpg
data/NEU-CLS/train/train/images/patches_225.jpg,patches,200,200,RGB,1,True,3554340b5a48b23c97a194f7b7bf1776a625cc789d77a0b835ad07052b679eda,24b41366f9cd2489b06fccfbc83a07397fa20ce0a1a2996d39e08641fe9d2eba,True,data/NEU-CLS/train/train/images/patches_225.jpg
data/NEU-CLS/train/train/images/patches_226.jpg,patches,200,200,RGB,1,True,7a187942009565b63b6cc73c5bdd7481261e565e1d9981f7ddc7b436077da17c,e26a3ae7c08b4b078f30297946351bfd663922917eaa93d1923a27776e996cd0,True,data/NEU-CLS/train/train/images/patches_226.jpg
data/NEU-CLS/train/train/images/patches_227.jpg,patches,200,200,RGB,1,True,6e4c68ebe62d2fd805a614a0394a7700a792d5e6d09379122a1b945f75d665c0,dcff3f7b1c16a2d4d4d0f3d192a5b38f55dfc9c426a4cd31456f503a113fedc2,True,data/NEU-CLS/train/train/images/patches_227.jpg
data/NEU-CLS/train/train/images/patches_228.jpg,patches,200,200,RGB,1,True,a9d5c1daaaeb00a1819b3b9ef87bc8f5fbaabb37e3e2e1320ac344ba61b606ca,73a61e1005847913137c03fb65d3cf8573e909bf0f18e624074ed4eaa632abec,True,data/NEU-CLS/train/train/images/patches_228.jpg
data/NEU-CLS/train/train/images/patches_229.jpg,patches,200,200,RGB,1,True,e78a97001d6da623401ef5aaa794e710fb2884ae3e9ee20e023a6307a48c80f4,dbee4f46f2b3548d4909e66c02f4471a6706b8453f9064b4baa5204110698126,True,data/NEU-CLS/train/train/images/patches_229.jpg
data/NEU-CLS/train/train/images/patches_23.jpg,patches,200,200,RGB,1,True,dd1db0ac511a64489da2ef322ada61ea20fe7798488cacd8342cff5462951cfa,da4583e1e897973a418cbff88c3d09e77102fe44072fba0dfb61de41479aa7d9,True,data/NEU-CLS/train/train/images/patches_23.jpg
data/NEU-CLS/train/train/images/patches_230.jpg,patches,200,200,RGB,1,True,f9875ed804f7a3595505650f60bd511262c904e4ddbdbd9aa4a27450c9237e39,bf7ffef8bd2877cba460f88cf2a1d1fc11edecfa9fd61302d19e499204f4fa52,True,data/NEU-CLS/train/train/images/patches_230.jpg
data/NEU-CLS/train/train/images/patches_231.jpg,patches,200,200,RGB,1,True,6d24d04a14ecb962be8849befa4bc9eb527ac27f711866ca297a4328c5477c93,70e9d4bfe2181bd15fcd10d5facd95f67c83ed0ebc8953f2677f7cbf2c3eaf09,True,data/NEU-CLS/train/train/images/patches_231.jpg
data/NEU-CLS/train/train/images/patches_232.jpg,patches,200,200,RGB,1,True,0b5208b4c5d357165541c510e2b6dc7f35f3601a25db6550854727991fe92cd5,e0dc3600e77b5217e7eae0f43709d1a003d9b60b2fe7d215ac72e81ec3e35c30,True,data/NEU-CLS/train/train/images/patches_232.jpg
data/NEU-CLS/train/train/images/patches_233.jpg,patches,200,200,RGB,1,True,d8d82af5475004befe8aad2d33fa125d4f25a9d133a25f689bd6e434f1dcf1b5,65b7ddae8108a8d0b53a7f7bc59ec8df2ffacc657c911d4ecda399ba42c29f01,True,data/NEU-CLS/train/train/images/patches_233.jpg
data/NEU-CLS/train/train/images/patches_234.jpg,patches,200,200,RGB,1,True,d9094210db614a288863a4d96cc69430ec80189b77ba5a489eb89010d27ff11e,19361484f07326a5dacd18ea334a62bd8b9bd86bcffa6bc2b0ff35e1d28669ef,True,data/NEU-CLS/train/train/images/patches_234.jpg
data/NEU-CLS/train/train/images/patches_235.jpg,patches,200,200,RGB,1,True,920d6955b3eec2d8777af6b97c21782822c2596c278d57d84a213db9d45ca58b,080a21cd257688229c01b5db5ec1a5afddd90e00401db240106283f07ee6a8fa,True,data/NEU-CLS/train/train/images/patches_235.jpg
data/NEU-CLS/train/train/images/patches_236.jpg,patches,200,200,RGB,1,True,414ea0d44b8a8694ec810f8773c5318a863ccc30cbbbd0fa98c8c67687d189d6,3b48bd9912bbefcc42fb914718c524a88ba1f36c1049bf51d2e8f1d1b9dca55b,True,data/NEU-CLS/train/train/images/patches_236.jpg
data/NEU-CLS/train/train/images/patches_237.jpg,patches,200,200,RGB,1,True,a4c20056a61539628ff0da81d83a2cdc799136fba97ac8d641525abad293198b,7c0f198ee7e83f4784cb5a3a79c59da86f3cc21bea37b3ab826672ae4b950648,True,data/NEU-CLS/train/train/images/patches_237.jpg
data/NEU-CLS/train/train/images/patches_238.jpg,patches,200,200,RGB,1,True,3280a9e88f44688005a0c7b4f3ae7b8593e2791f8168568dd63a229de7598dcf,1eed16fe324bc4bdf3665898cacab458e0fb123f90f666db4a5c238367045ee9,True,data/NEU-CLS/train/train/images/patches_238.jpg
data/NEU-CLS/train/train/images/patches_239.jpg,patches,200,200,RGB,1,True,3231f7b287e4856079b3825f0c8da1c7f73715325bb411f792d40465274350cb,a6df8109346a0a2e0e1fceb04dda722064a835543b06fe09f7e3d50e9f456d35,True,data/NEU-CLS/train/train/images/patches_239.jpg
data/NEU-CLS/train/train/images/patches_24.jpg,patches,200,200,RGB,1,True,896839c104be92dd6dcd7d1ba13dabca2e2592f3d486e67398e6a536bbaab2a0,ab3176e817cfe7ffdf7cd8d8b421ec7f113665c159c977076ea263589d662ce4,True,data/NEU-CLS/train/train/images/patches_24.jpg
data/NEU-CLS/train/train/images/patches_240.jpg,patches,200,200,RGB,1,True,98ed6658cdb71e6b6fee8de73e6c203633be44162a80bad806c0092f3f029ef5,e3e09aff0903cc3c243221e91d3acd55c59f745dfa91af9a8e4b4181f75833cd,True,data/NEU-CLS/train/train/images/patches_240.jpg
data/NEU-CLS/train/train/images/patches_241.jpg,patches,200,200,RGB,1,True,d8ee841afe3d24b39a3f1f5656780b75ce9b1e1b6bb11cb6953a99d0cbaaffde,3ede0314dfabc12978eb71dc4b0120941729f9d550fd180d67593e42f4b4827c,True,data/NEU-CLS/train/train/images/patches_241.jpg
data/NEU-CLS/train/train/images/patches_242.jpg,patches,200,200,RGB,1,True,2df3804d5f3d14eff1a21de3e6a348b09739d358ea31bf658a8cb3481d41ba3c,74fd19780f299dd79c1b21007da33f2dfcc8fc046160fdcae344a00716cf05a0,True,data/NEU-CLS/train/train/images/patches_242.jpg
data/NEU-CLS/train/train/images/patches_243.jpg,patches,200,200,RGB,1,True,8e8fcd54563e51cb9d72bf739bf1ead8bfee6ec5c39fd6c9134ce0dd5ed714c0,ca40720dae816e03225ae0a5429e63aa7de949273c2ab5cc64369b0c149767fa,True,data/NEU-CLS/train/train/images/patches_243.jpg
data/NEU-CLS/train/train/images/patches_244.jpg,patches,200,200,RGB,1,True,315c904e5d70da210481d8a3d0353a46f3f7b7f10791140e74c0d5b5f32d0c10,ef4e36e22746dacf1deab78cd8be58e38dde523ac88de7d4fb71ddea2d88c5c4,True,data/NEU-CLS/train/train/images/patches_244.jpg
data/NEU-CLS/train/train/images/patches_245.jpg,patches,200,200,RGB,1,True,aafd4d10099294256277db55a2e7931b10f04c5e55040e2f1a448cb3dbea9dfb,fa7c00600ddc2e3e957b98ce53109d91ebe489ff9cfb36e85d9e09e3062a3fe6,True,data/NEU-CLS/train/train/images/patches_245.jpg
data/NEU-CLS/train/train/images/patches_246.jpg,patches,200,200,RGB,1,True,7f45995002795476b698d414a272a5e742e89098d6d15fe633cc6fa36d87f6a7,d9529fc6b4b7f502c07496f3de8a618584f7ec32c9e2c814cb9e6c1c04d45884,True,data/NEU-CLS/train/train/images/patches_246.jpg
data/NEU-CLS/train/train/images/patches_247.jpg,patches,200,200,RGB,1,True,855c94193ef337063103964b1a6be05681eb08db3892b778fd43e1da58c1da0e,ac4eff0126329b753dabaf65c4518886989310f287ee104c8c5f4ff0eaa3808f,True,data/NEU-CLS/train/train/images/patches_247.jpg
data/NEU-CLS/train/train/images/patches_248.jpg,patches,200,200,RGB,1,True,3d2c26ea976d8fffbf4c12713fa5ae9739cdb86702ec99a293fa22e932a32abe,53d6b16ad8224d23248b4f3dcc37e178d5e4fce65bdc37a7f1fd48b3b752bc33,True,data/NEU-CLS/train/train/images/patches_248.jpg
data/NEU-CLS/train/train/images/patches_249.jpg,patches,200,200,RGB,1,True,2dc3453e4d6fbfa651d2625258f5b6bfbf234b13c294f82bc66b39b75c0318e4,2542895519c2e8b0026bc275d264654b30851fcb8866103b43a0aef044ec8538,True,data/NEU-CLS/train/train/images/patches_249.jpg
data/NEU-CLS/train/train/images/patches_25.jpg,patches,200,200,RGB,1,True,3c2cc3eff5489f7b63d2dff96f4def2fd2f3a645e30a6f3446e3e0b51c61f67f,fb60153298948cc31f2040dd917acc412c09b33df0a9c1c5eeee507907b23a37,True,data/NEU-CLS/train/train/images/patches_25.jpg
data/NEU-CLS/train/train/images/patches_250.jpg,patches,200,200,RGB,1,True,fcac664c792126f8bbe6f91e68c0a0dcb0d54cd224def3be7bf49936d7359c04,48ef49bad5363887ef2a7e2efe5a2513c40ef9783e9e94b5aac662b2b1a7b982,True,data/NEU-CLS/train/train/images/patches_250.jpg
data/NEU-CLS/train/train/images/patches_251.jpg,patches,200,200,RGB,1,True,6efbb6c7d45b29f759993305699138358ed942ea479e3b11b397a8b08a5452ae,10a27b2716c577b63ee8aa3d723bad9323de0a6d1b7a0e29a95f91be1799dc87,True,data/NEU-CLS/train/train/images/patches_251.jpg
data/NEU-CLS/train/train/images/patches_252.jpg,patches,200,200,RGB,1,True,9e58a22421d0be152d754b40c490a34a3bc28a997f78dc7a51854c2409364513,270640aae69b98bbc2b2c00027573eed3469bb395555199a964c7b8266adb660,True,data/NEU-CLS/train/train/images/patches_252.jpg
data/NEU-CLS/train/train/images/patches_253.jpg,patches,200,200,RGB,1,True,b89d0a8707dc655037dccecb89adc179432b22a72f14c962241f30fc1d6eb6dd,a255c8171c6a6dec17dd03176e88a571e7a8b9d79711df1eb70c14090dc70a15,True,data/NEU-CLS/train/train/images/patches_253.jpg
data/NEU-CLS/train/train/images/patches_254.jpg,patches,200,200,RGB,1,True,59a375029c861f4a9ce59ca6df2ee257c0020aa4c1f2463f12bdb433c1fc4d9d,602bb365cc737c11d34506faa2822bd9c73c68ef9ade319a73843e76f3b09b36,True,data/NEU-CLS/train/train/images/patches_254.jpg
data/NEU-CLS/train/train/images/patches_255.jpg,patches,200,200,RGB,1,True,877905b79e570196b42d6e2befd56a28578a93caaa1ad87adcc64c6e7e2d887a,212f39627fe97805e4c11e7e81cad63676d3b135158a1155ea3066a908394d0b,True,data/NEU-CLS/train/train/images/patches_255.jpg
data/NEU-CLS/train/train/images/patches_256.jpg,patches,200,200,RGB,1,True,9b269fb885009d472b311b800460b1dcd0b7b6fdefc07b2588b4dc4bec23a12b,60691fdcfb70bd628df0a8933f6074ba41a9884bd96f66218cc8afd748c9b3e2,True,data/NEU-CLS/train/train/images/patches_256.jpg
data/NEU-CLS/train/train/images/patches_257.jpg,patches,200,200,RGB,1,True,0a3c01f45ef41e5d16a39722fa4f1211cfd2d2e8d9ad17ff1170e491cbc973a7,d2c11b00178ef8c77b137d83588d122947c869a0b3535d46b0c72ac125f6c618,True,data/NEU-CLS/train/train/images/patches_257.jpg
data/NEU-CLS/train/train/images/patches_258.jpg,patches,200,200,RGB,1,True,c84926f3e184c145c36499809377afbfed5f87bebd5ff9d22dbba28291690ffe,e4e10d77c57ab7128f3e020f44e1d501ea6d605193b095f2b98518c65e2e5211,True,data/NEU-CLS/train/train/images/patches_258.jpg
data/NEU-CLS/train/train/images/patches_259.jpg,patches,200,200,RGB,1,True,19c9a24f2b5aa8b4a8e5b703aa7fb58af80c6b2f9d7d6342add68fe34c1ef3d1,9479e0e7355d3252b9b3f197e57e6159c268c14981f68b7b7435ca82e2108bf5,True,data/NEU-CLS/train/train/images/patches_259.jpg
data/NEU-CLS/train/train/images/patches_26.jpg,patches,200,200,RGB,1,True,662afb41b7d1c5bde0b9349ce2f5d76fb5d3aee3068b84b6ee03bad8811e69d9,76d71ba0e4f1cb8c623b9a7ce7fd6331d875b122127e3966b94aa6c9c42cb20d,True,data/NEU-CLS/train/train/images/patches_26.jpg
data/NEU-CLS/train/train/images/patches_260.jpg,patches,200,200,RGB,1,True,66abc4550e371062fe3fe5eeb1ad4362dfd3a8cf3e53d568ec8bfd5e772f900e,8db7316c5399c7a19cd98e9f4ae31348bff81e5227f9c77e4a9cfae2615bd308,True,data/NEU-CLS/train/train/images/patches_260.jpg
data/NEU-CLS/train/train/images/patches_261.jpg,patches,200,200,RGB,1,True,e8a474c5aa2c24719e4409edde2f0b3b78c26f4da3e38cac5b1e1e39ea3c3f03,1d5eeae990eb6f1dd72ec85ded03f7176c2bc68071ca398423726900a1866d7c,True,data/NEU-CLS/train/train/images/patches_261.jpg
data/NEU-CLS/train/train/images/patches_262.jpg,patches,200,200,RGB,1,True,c89368f86ab398317eb89d1b0f0619206b5d9e5ad94e172b1b7c4fe39c66b23d,8b122755bb9652eb7846e4f6d3ea184fce4d30ad8927f251e06d5f663424f77e,True,data/NEU-CLS/train/train/images/patches_262.jpg
data/NEU-CLS/train/train/images/patches_263.jpg,patches,200,200,RGB,1,True,6b17042244a90f5fb4c1c95875e3153e136a8def40b32aeeace7b5a50a7c01a6,da9df2d0958f3611b41d85844ca3d4f3da338c053c26e0f84f99faa96ce7fcb9,True,data/NEU-CLS/train/train/images/patches_263.jpg
data/NEU-CLS/train/train/images/patches_264.jpg,patches,200,200,RGB,1,True,87bd41d2156623b33e07da6540a4b26df2f36d2469b3d935d33489f2198edd61,75cd8cc33d53f22d543111a72185799c378d8f725e3cd6aee9d900bd7a19328e,True,data/NEU-CLS/train/train/images/patches_264.jpg
data/NEU-CLS/train/train/images/patches_265.jpg,patches,200,200,RGB,1,True,41100b9bd8340832ffd683c0d3a8d7f4885af68c3615d7851776430c75a17fb5,b575cfff9acca3c020a2c4976e6ce2658ae3017f9ef0293e6f3bf8def16440dd,True,data/NEU-CLS/train/train/images/patches_265.jpg
data/NEU-CLS/train/train/images/patches_266.jpg,patches,200,200,RGB,1,True,8b1bb04fc57972f8392a18c373d260441c819a650c2c0319f1304078c3146019,4cd17f6fbeaf30aeafcd49dec817f5931016ab8c53e3282ed8388c530e74ea07,True,data/NEU-CLS/train/train/images/patches_266.jpg
data/NEU-CLS/train/train/images/patches_267.jpg,patches,200,200,RGB,1,True,4c42e1f62c262d8f6019cb78f446b6e353fbb213dba084c4e9f58eb97af38dfc,f3e8c28ad96a3a66ed07f3ad9001ba1afc17639e1d302aefc1d74e0ae9930b0c,True,data/NEU-CLS/train/train/images/patches_267.jpg
data/NEU-CLS/train/train/images/patches_268.jpg,patches,200,200,RGB,1,True,79c04ddd57264674600662ec8941aaed6ca0d6f82aa4c595b1ae2b8af1eaf2dd,fe62e98bce80efebb52d872ad981420249bef9ff02281d124223fb51e53dc3e1,True,data/NEU-CLS/train/train/images/patches_268.jpg
data/NEU-CLS/train/train/images/patches_269.jpg,patches,200,200,RGB,1,True,a92362a8674b188bbe4340c7fc47d839110a479cfd52479ce2c3e1db4556edcf,c03213c21fc213f18db4ae4e130ac673a5645121c8d1c7a3865131c10fd75451,True,data/NEU-CLS/train/train/images/patches_269.jpg
data/NEU-CLS/train/train/images/patches_27.jpg,patches,200,200,RGB,1,True,363f4cb0b22d52149a43b469283da65a8ec36bbae23def2ee677db23f9aa0f89,9329a21405f0b12d747a0d63f780c9fe4ce3742ddedc45ecc3651a72d572d1e5,True,data/NEU-CLS/train/train/images/patches_27.jpg
data/NEU-CLS/train/train/images/patches_270.jpg,patches,200,200,RGB,1,True,839e441d971b5032b74387b4c6ad73e4a763066ae091e72d34ff2d8f33b5ccda,92dc481b4e3ebef935721da2b4b6c7acb345a4424eb3e733fa8e24d85ca45849,True,data/NEU-CLS/train/train/images/patches_270.jpg
data/NEU-CLS/train/train/images/patches_271.jpg,patches,200,200,RGB,1,True,c156a7fb1638744378b3a1d6cb8bdeefabb794c1b5a8cc7631b8fd71a54d3d8e,c7cf67ad800d310f143941b54545f597f7c1c7266b888a83388f74ea512a27ec,True,data/NEU-CLS/train/train/images/patches_271.jpg
data/NEU-CLS/train/train/images/patches_272.jpg,patches,200,200,RGB,1,True,fab6bccd498ba53f8a27bede2ec0effa53d3b30c05f2a1df1923ab9dd6417db9,623b11f9850c698ecad36e5c9279ea5e2bb9881f067d787bc4890352a8aa3da1,True,data/NEU-CLS/train/train/images/patches_272.jpg
data/NEU-CLS/train/train/images/patches_273.jpg,patches,200,200,RGB,1,True,5d0b9c47b6f64c3bf47a139fd53ac2c23111f036d4a61312c57897434ec766f3,f58a12a8882ceabebf3a17845cacc9a6eb3046e4640eb095a622aaee4e8b75d7,True,data/NEU-CLS/train/train/images/patches_273.jpg
data/NEU-CLS/train/train/images/patches_274.jpg,patches,200,200,RGB,1,True,5dc9bf890f7261dc1c9a66d6eab3c7de7914d1b8778c67e98a6609fc2febf151,22d266bd59a1e09a4a718c2d12a6f69686fdc8963ce774df861a5cabb3e286f9,True,data/NEU-CLS/train/train/images/patches_274.jpg
data/NEU-CLS/train/train/images/patches_275.jpg,patches,200,200,RGB,1,True,4e9f0be2c1b30d73fcc31215266a98e2fd3977c32d55757da1923170467c5fd4,63375ca8649656cfa73fa9ff3dfd0464fa36afe8db5c24b530ffbca27da49161,True,data/NEU-CLS/train/train/images/patches_275.jpg
data/NEU-CLS/train/train/images/patches_276.jpg,patches,200,200,RGB,1,True,dd3ed2d74c829c9318b0cef6166dfd146dc8d0853a6d8fe7bd60a0dc69a4969c,03253f2cdde77eeda8f817aacabc1a74243ae21ca1e6349d63aa8e39049e3c91,True,data/NEU-CLS/train/train/images/patches_276.jpg
data/NEU-CLS/train/train/images/patches_277.jpg,patches,200,200,RGB,1,True,dc994b40ea8acfc0083506ff7b2e5b4d8be5691a3cd655e73180349dd0d2a7e7,a4468860a7f503589b04d1c45a01af63067cc07966f5227fe11cfa9c370c411d,True,data/NEU-CLS/train/train/images/patches_277.jpg
data/NEU-CLS/train/train/images/patches_278.jpg,patches,200,200,RGB,1,True,b7cb46c7b9496613084079842e4b895ec1f69769d6d0d60ec3e051572e85d52d,c536c5e16afd7600f0ae14b1702a0ec02f8d8a16439a7ab58d2bfa434da9df60,True,data/NEU-CLS/train/train/images/patches_278.jpg
data/NEU-CLS/train/train/images/patches_279.jpg,patches,200,200,RGB,1,True,d2bf11e2a6293675454996b47c2247a4a6dfe992fa9e6890900f47ebbbadbfaa,7eb3f8b977deaab64e3b07422b501cacf61d5cfd6f6e4fa534288e4dc008e312,True,data/NEU-CLS/train/train/images/patches_279.jpg
data/NEU-CLS/train/train/images/patches_28.jpg,patches,200,200,RGB,1,True,16e62ede3ef06e13473d5833fe4c43702325e86f6d34855465a35c43fcaf78f8,5e256f7969ed01e2033777e9d3f757d377fce1b586eb90a15e5d9d9e8e80b9b4,True,data/NEU-CLS/train/train/images/patches_28.jpg
data/NEU-CLS/train/train/images/patches_280.jpg,patches,200,200,RGB,1,True,0c2f7d48bd413351cc0c50b71e806f82d1c54fcee9db74dc99aac2fb927941bc,9e6f882ec85ba98bdba691e9316c8902e93c48c3cc4a566cbbf40a3f0d509080,True,data/NEU-CLS/train/train/images/patches_280.jpg
data/NEU-CLS/train/train/images/patches_281.jpg,patches,200,200,RGB,1,True,7a9cee7c60897f04d1e777e760ede9846be68aaa74bc2e870929f46d035eb9bd,6e7e398c03ed11d2a7f93d609ef72c51874e2fd508e77e8cc3de71d9f94e9e85,True,data/NEU-CLS/train/train/images/patches_281.jpg
data/NEU-CLS/train/train/images/patches_282.jpg,patches,200,200,RGB,1,True,d31139e157f9d1b8f7021dac0124019d63847626960bcdc49d98caccd9233e74,0970b94270d347b569331b2fe5dad9c4a304aa0d327faa7ae34cd586e3c8f324,True,data/NEU-CLS/train/train/images/patches_282.jpg
data/NEU-CLS/train/train/images/patches_283.jpg,patches,200,200,RGB,1,True,65c3ac9d8c00ed212ce359f057e9978a4824d32bd4c06021e6afcca1d8ba231d,0dfec23513ef581ef88a90a602e3a9e3e5c545c8d8419b8573502443411988f5,True,data/NEU-CLS/train/train/images/patches_283.jpg
data/NEU-CLS/train/train/images/patches_284.jpg,patches,200,200,RGB,1,True,bdb2d8ecf644a70e53933064656ee0a272d4b72783c190925b52d2154f26bd20,973a0f724627b8a2758c11f7e6df5cddf831479610bfd6bcbcb05a18d244d37b,True,data/NEU-CLS/train/train/images/patches_284.jpg
data/NEU-CLS/train/train/images/patches_285.jpg,patches,200,200,RGB,1,True,7def0954602b375c6d4a4c57ddf5a78851549f58f91f4b5e6370343815b029ba,3139bb1783d1be17e9d5235dd90b3f8a5047ed8664a9dad238de28dda48930f4,True,data/NEU-CLS/train/train/images/patches_285.jpg
data/NEU-CLS/train/train/images/patches_286.jpg,patches,200,200,RGB,1,True,a7076ebb0a338b718a02a4428f4e04d614832513d838e23e01449f6377fc0d01,22fc03ed32081f740fe4bbe7bb128776872a2e1449c867a27f74d4d919974406,True,data/NEU-CLS/train/train/images/patches_286.jpg
data/NEU-CLS/train/train/images/patches_287.jpg,patches,200,200,RGB,1,True,5261d0b7ee9c4ca06e32cb1b4888d139beb9acbd009ac4eadcb859dda106b5ac,d23d02890b6b2b01a4fafe815cf1b20457833071fe7feefd62b5c37660d397fd,True,data/NEU-CLS/train/train/images/patches_287.jpg
data/NEU-CLS/train/train/images/patches_288.jpg,patches,200,200,RGB,1,True,6da34fabd707f6b8fc2bcc8ee164fd53fa881a8276089179e8abecbf95490856,e31a5b2dd447f8c18bea442feb2e4f5c60a92958835b3624df31b04c1ab91793,True,data/NEU-CLS/train/train/images/patches_288.jpg
data/NEU-CLS/train/train/images/patches_289.jpg,patches,200,200,RGB,1,True,d9a2f0f14640326213f17616892c3e94d22d32ee6d4673f440cf43ab2d5fae89,f9c5ce9b47c7fe2d3f386cdb01d4936cb5ec8775b6f248ee4bdc8cbcaf90f4c3,True,data/NEU-CLS/train/train/images/patches_289.jpg
data/NEU-CLS/train/train/images/patches_29.jpg,patches,200,200,RGB,1,True,9751d8cee90dba22e1218cfb50df1942184096520fe2a15f372eec27f8e44b0a,816c832daf403b0b6c9dff0a58a39932995ba67b37aa8ac79eefd54f62d7f281,True,data/NEU-CLS/train/train/images/patches_29.jpg
data/NEU-CLS/train/train/images/patches_290.jpg,patches,200,200,RGB,1,True,3a3ef9ad75e44d1feafeb60e4e8054e04f226db4f45c8598d5ed75216878e14d,42b61702b727d89c2ef63a9fc97de525afa18949e52cffd64904994b94aaca82,True,data/NEU-CLS/train/train/images/patches_290.jpg
data/NEU-CLS/train/train/images/patches_291.jpg,patches,200,200,RGB,1,True,9afa3a077dcf17d80cb2aa4d82dd8ef9d04a9993fa28678214ac4b52aa1266fb,d36ee8669d732dd987877e4acbc7b4d94ad7cfad1803142929dced02960f888b,True,data/NEU-CLS/train/train/images/patches_291.jpg
data/NEU-CLS/train/train/images/patches_292.jpg,patches,200,200,RGB,1,True,7aa94f790e2e69fcb4acf2e7a7ddc81ac63cb7f8ef9105ab87c9c20e605fb8ed,a328777956a439a9682fa03654b8e68a76348cac6b36d78db1929935b915b553,True,data/NEU-CLS/train/train/images/patches_292.jpg
data/NEU-CLS/train/train/images/patches_293.jpg,patches,200,200,RGB,1,True,79c65389caf2906135bc9968e7dfaeeda1067adb821e70765a7e2ad8454b3974,37d5ea60ebb0c9957b24b2db675f20a8e66229659e0bcefced4c4e50f565cbbc,True,data/NEU-CLS/train/train/images/patches_293.jpg
data/NEU-CLS/train/train/images/patches_294.jpg,patches,200,200,RGB,1,True,28260a8973c0988bbb15e731191937f8aa06ff8f76b9f637cdd87a3573bae8bb,606ab796ed1bbcef27d9d5592eb6ec02fc4d4b921baef2da2f67951baf6484a9,True,data/NEU-CLS/train/train/images/patches_294.jpg
data/NEU-CLS/train/train/images/patches_295.jpg,patches,200,200,RGB,1,True,f3daada7e1852c8bf08f769c940a832e1c0ec514bc5b08a059814b47e87c011c,a965724a57c5ad62283b5ef8404269a481fd29189d577904fcef4c0c19fa4157,True,data/NEU-CLS/train/train/images/patches_295.jpg
data/NEU-CLS/train/train/images/patches_296.jpg,patches,200,200,RGB,1,True,b80f700f2871cde38bff5a8f0c5adee3731e86116b3e4b1e2eadcfaa1966dd3f,0dec4b6d538acce3917945a297fb2b12318d0830e0f00e673f38ad61a9fba3d5,True,data/NEU-CLS/train/train/images/patches_296.jpg
data/NEU-CLS/train/train/images/patches_297.jpg,patches,200,200,RGB,1,True,0cec0be4c4130819995d9d766998f08826e433d561619c8f0f635a933c75cf01,4cb9866147e30f63893b31675308f0c3ce4ae4cbeffd1b62530aa32d9cb1bf66,True,data/NEU-CLS/train/train/images/patches_297.jpg
data/NEU-CLS/train/train/images/patches_298.jpg,patches,200,200,RGB,1,True,7f1193eb62c98ca54123cc9b92cecc4486a79cdb3f489f7f863836ef09ea4a38,365df4087bf2454c5f234a2c76d67e7d4ed4ece0d46fecbaf6f30fc34e4e3397,True,data/NEU-CLS/train/train/images/patches_298.jpg
data/NEU-CLS/train/train/images/patches_299.jpg,patches,200,200,RGB,1,True,249e1897dcc805e311d4ba9ef5b4d57429f0dfc2d9dbcb52fc19928813676adb,4be49efc04d262d9477e7afd383dd49e549caf67a6fb056b2c5211b37f181f70,True,data/NEU-CLS/train/train/images/patches_299.jpg
data/NEU-CLS/train/train/images/patches_30.jpg,patches,200,200,RGB,1,True,7592e6e7afadf98080f4dbe6eccf15f9b1cb1e39afbd4e0c1fdc355c9bc721a3,335f092c4fe12daa7d05bcd300b999444ffd9fee288803454d706a5b1c0b9fe8,True,data/NEU-CLS/train/train/images/patches_30.jpg
data/NEU-CLS/train/train/images/patches_300.jpg,patches,200,200,RGB,1,True,c97e4426198ad6989ddf6c2cf1449e6231b1a6d05cc75443398c4ccc77c51d08,b434a85b24b83faec08109c6aab2a56be19587d5044dec1675d2786c02dee200,True,data/NEU-CLS/train/train/images/patches_300.jpg
data/NEU-CLS/train/train/images/patches_31.jpg,patches,200,200,RGB,1,True,76f02e8cb7ba6f0981006abc3f964838a998cf94470918cce1a525be5c9e85cb,55968170daadadbbae8fd57ac42b60f533a8f06847bc9e451c032d5406c16b2c,True,data/NEU-CLS/train/train/images/patches_31.jpg
data/NEU-CLS/train/train/images/patches_32.jpg,patches,200,200,RGB,1,True,f1cc2da29bceb16f3845896cbfb025a48bbf86e14b38773042a8f3355cbf9ee0,9586cb9662f7a9c26c9bc6b9d162c79f97c67e42a579d302bb364f82f5ec068f,True,data/NEU-CLS/train/train/images/patches_32.jpg
data/NEU-CLS/train/train/images/patches_33.jpg,patches,200,200,RGB,1,True,48f16d365f49ec5ae025add65e89951206ac60a74583332fd45cfb541e0c35c4,b689b1121ec7df4b1695adaa9040034bf56f95e0d760b9d0a9d7e9debfb8ab1a,True,data/NEU-CLS/train/train/images/patches_33.jpg
data/NEU-CLS/train/train/images/patches_34.jpg,patches,200,200,RGB,1,True,dbe4aca05a9d06d4a3bd854f5e957943f09d6fc1995c92b4f1022f046dbfe742,a8b4fc68b829fcd4f06daf2b7a6d7838d4608f2490692f5aa69e2c976baf48a4,True,data/NEU-CLS/train/train/images/patches_34.jpg
data/NEU-CLS/train/train/images/patches_35.jpg,patches,200,200,RGB,1,True,82432820198842702516c67da59c853b45a0fcdcc99b7bd4d4067305e563f5be,504b2d1286f78902b01fab7fea5f56b6f0afb1a5602a82a96d52dd272a35be80,True,data/NEU-CLS/train/train/images/patches_35.jpg
data/NEU-CLS/train/train/images/patches_36.jpg,patches,200,200,RGB,1,True,16d9d374ef799b83365d544152aa4612e6d8aaa2584c2c9ccdbc5ecddca00752,7ed5e1e80127f2f38a370539b2db396d6330af3115a45c8ab8fbafdb3aadc77f,True,data/NEU-CLS/train/train/images/patches_36.jpg
data/NEU-CLS/train/train/images/patches_37.jpg,patches,200,200,RGB,1,True,652274f82d438b3e630a15f574eef99e8699daffbf36b0c295269658981777a2,7148762e3ab4e98346823777bdc9f8987b4af4f390bbb3c35b7baf412a0818c5,True,data/NEU-CLS/train/train/images/patches_37.jpg
data/NEU-CLS/train/train/images/patches_38.jpg,patches,200,200,RGB,1,True,850630a905233629d96e499f95cc288025add64fa216273b81fa0894ca4f4997,31f07ad9addaceb1899169716ef2eb402ffbd28b48256c29dc44453160259be3,True,data/NEU-CLS/train/train/images/patches_38.jpg
data/NEU-CLS/train/train/images/patches_39.jpg,patches,200,200,RGB,1,True,7147f20f064932b1608dc0e061836d9432882204b4b8ec8a122932dd30175800,22335b3763d68da78642f229a085d18d40f6c5f77b99f0d4f66fad25d0939883,True,data/NEU-CLS/train/train/images/patches_39.jpg
data/NEU-CLS/train/train/images/patches_40.jpg,patches,200,200,RGB,1,True,f53035ba73bae155171b5f00e97bc030b5c0588a3a29f5ff86129f485908fa37,ca993541eaa839792efb0d834d247b866da459580c9bbc2dd7635db18064816f,True,data/NEU-CLS/train/train/images/patches_40.jpg
data/NEU-CLS/train/train/images/patches_41.jpg,patches,200,200,RGB,1,True,47fa240620b53d3e904860c9233616ffa07714e76b2bb0570973d42a356acae5,bb70ad6ac6326d96785f11cb764b782ffec597a85e6254b00eae48284b2e66ce,True,data/NEU-CLS/train/train/images/patches_41.jpg
data/NEU-CLS/train/train/images/patches_42.jpg,patches,200,200,RGB,1,True,0dfc1c73fd895bfffe2a6d86840b8c44ff8ef4cb5d13e18a0f4cb01664b6e3a8,163a0f209df1a361499001645d7165a8e03cdcd96a925c8c6fc4cf6a3a41da2a,True,data/NEU-CLS/train/train/images/patches_42.jpg
data/NEU-CLS/train/train/images/patches_43.jpg,patches,200,200,RGB,1,True,f39a7c42ad27fbeb5d7b5bc1bcf9db36b63eabdbeecae52aa5e30b8e17d43558,bb35f4e7a3b224d16425c679d9584a1f0d22d40adec604de8f9d7bb2bc9a0483,True,data/NEU-CLS/train/train/images/patches_43.jpg
data/NEU-CLS/train/train/images/patches_44.jpg,patches,200,200,RGB,1,True,2b73682bf43d2fae72f41b3d0303b83f44dfadcc43d57d9c93dcf66ad316cdc7,43c8ca0bfc71632e902f7e46f9a2b3e75741115f36be29d4d5cfb27b9c9aabc3,True,data/NEU-CLS/train/train/images/patches_44.jpg
data/NEU-CLS/train/train/images/patches_45.jpg,patches,200,200,RGB,1,True,1ecc9523532c76a310d26978323a052d086d6b7382673a6544b5bba6589e9516,97216c4638ad8f856357deb97dacc9cff3178c9ac3650b62d48c35624a40af92,True,data/NEU-CLS/train/train/images/patches_45.jpg
data/NEU-CLS/train/train/images/patches_46.jpg,patches,200,200,RGB,1,True,2bc773158b38f9b4dea792a10311f8ba9eb81222454f6a347e500c8d7b3ebb9d,d3b2f0fc55e18fe2441a963665c07a61ba3a265b28ff0a119c3ddd0e220e9b19,True,data/NEU-CLS/train/train/images/patches_46.jpg
data/NEU-CLS/train/train/images/patches_47.jpg,patches,200,200,RGB,1,True,9480bc5ebd5e144c249be8f41e9cc08f11ceeb38b00f21c535e7f7d249ebfe6b,eee77e421515350040d7279a15bf61c05fabaf45e9d3c9560626969fa0e446d6,True,data/NEU-CLS/train/train/images/patches_47.jpg
data/NEU-CLS/train/train/images/patches_48.jpg,patches,200,200,RGB,1,True,0d04cbafb4f85f684c20c7c2121d29b89f259d1e90c7c35acc6178e86dc41833,d5781a46e105da61311388603038f9b4d4bc2ec5c1fb51d8c1a6131ebeae65e2,True,data/NEU-CLS/train/train/images/patches_48.jpg
data/NEU-CLS/train/train/images/patches_49.jpg,patches,200,200,RGB,1,True,813fd3fe142c2c6a82a3c4d9f0752f7ea0a12e3c051fbc5c6e47417d3d097a1f,c61627d9830d9b60cf79ef7c468b87bd7ea12d24187a922144fd187963deba4a,True,data/NEU-CLS/train/train/images/patches_49.jpg
data/NEU-CLS/train/train/images/patches_50.jpg,patches,200,200,RGB,1,True,bd1d51aab6e085e53bbd0511cccbeeebe4a410bbbf6fc2d06c87be776e8e2490,ddc9c3e4989ce5f322f10e5e5d1f6436f8795f7f8a75ab861522ca6b75697907,True,data/NEU-CLS/train/train/images/patches_50.jpg
data/NEU-CLS/train/train/images/patches_51.jpg,patches,200,200,RGB,1,True,18d85c3b688f740fd42f09990f12327ad9d97238da066489ed8eb8ace4bad2b4,651af8b9869de30e2bda41c992053a79ef083d68dd02c1ff51d784d8b2126ae5,True,data/NEU-CLS/train/train/images/patches_51.jpg
data/NEU-CLS/train/train/images/patches_52.jpg,patches,200,200,RGB,1,True,6c63d879043e0bf5a0e514c6205e15bb05cfe5932fb6e6e4e0cf35e899bf410d,0722885fedd9383d766c6a230235adbd8d4b1f0e38fb7a8c8bbef9feb842e512,True,data/NEU-CLS/train/train/images/patches_52.jpg
data/NEU-CLS/train/train/images/patches_53.jpg,patches,200,200,RGB,1,True,e6ae7b224dda86e2217a8ad3695a46a68ba5e0588ad3e535632fa8fab51b9482,321fe2e624747462f90756abfb0a9bc1c3e9ace31e17dd3bf10bb25d5a6d27ef,True,data/NEU-CLS/train/train/images/patches_53.jpg
data/NEU-CLS/train/train/images/patches_54.jpg,patches,200,200,RGB,1,True,3917f309e0b449e00fb619f7f8e4cfa216181ff0a5fcd774b78b874847884760,cf47af3a3318c2d23573adeaf1f84a2214e1f56848c745fb5e8a7a7908ac8bd9,True,data/NEU-CLS/train/train/images/patches_54.jpg
data/NEU-CLS/train/train/images/patches_55.jpg,patches,200,200,RGB,1,True,09e0a0eb4007c107add4c1826438419a80ee03a859cd9878964f6a1e2138d3b9,e5bdea34978852605b35c64cf596cc87432e426325ea292de2be8be6397a9c51,True,data/NEU-CLS/train/train/images/patches_55.jpg
data/NEU-CLS/train/train/images/patches_56.jpg,patches,200,200,RGB,1,True,2eb8a2241f30fe57dba0d3a3e399acdf081a7dc94722e6326defe7de8c28f384,6d3b3d7b59f3c590891e0ced3eddb85fbf17561f233741766047d63e97658610,True,data/NEU-CLS/train/train/images/patches_56.jpg
data/NEU-CLS/train/train/images/patches_57.jpg,patches,200,200,RGB,1,True,ad85bc58b5b85587725a3d43f80689aed3a6559750a9177ff7cae7424a5831e2,b47f42a40ffad1b8e86b143ef3afef30a491bbf30169974914d5bd82055b3f45,True,data/NEU-CLS/train/train/images/patches_57.jpg
data/NEU-CLS/train/train/images/patches_58.jpg,patches,200,200,RGB,1,True,00b535f833b0da0a11d89737458d619d9cb2adcc6f0d0991d17194b3145ecbd0,310f546a21643e06a1a32ee4b9fabc253e71a8d539d708430ace0289528e81b9,True,data/NEU-CLS/train/train/images/patches_58.jpg
data/NEU-CLS/train/train/images/patches_59.jpg,patches,200,200,RGB,1,True,971381029c915999dd1f6c4773980467ec5188a0c662d438fcb98b8fd25fbff8,041f9143a51bb10c5d08eeb014b0f45222eb8b850f949063e98e2f568f2de428,True,data/NEU-CLS/train/train/images/patches_59.jpg
data/NEU-CLS/train/train/images/patches_6.jpg,patches,200,200,RGB,1,True,3292e041757d375f967dd817e9927477220057e29b61f514d3fba6e6bb867432,ecdf408f85d27868b411af1e6d27dc120d6ce259c7a91aa4420a0a09c93b1750,True,data/NEU-CLS/train/train/images/patches_6.jpg
data/NEU-CLS/train/train/images/patches_60.jpg,patches,200,200,RGB,1,True,1fc9b5946cfd859f68e4c41b2b75171e36db8f6a3ead99d45ac4db7f4548170a,8e1e7bebac8ff49ab12f11aac2c3bcc158b4e8a0102b7232a1570fe10fc3c27b,True,data/NEU-CLS/train/train/images/patches_60.jpg
data/NEU-CLS/train/train/images/patches_61.jpg,patches,200,200,RGB,1,True,04fbf0f1dc088c1187e0c79ebec84cc1722cf47b27f2f1f6ae072e81c106e6b2,074aa479c41f2eb2b63f2f543e9e4a869ceb4ad3379728bcd2ab3cffda3e14ed,True,data/NEU-CLS/train/train/images/patches_61.jpg
data/NEU-CLS/train/train/images/patches_62.jpg,patches,200,200,RGB,1,True,32817a5ff56d28a9ae23dfb54c66af057532e185301f6a9d220f26b39b69a436,6ec223e088f70b762511ac86440c04c9cc5102ae1d2f88c6aec7d4017c3423f4,True,data/NEU-CLS/train/train/images/patches_62.jpg
data/NEU-CLS/train/train/images/patches_63.jpg,patches,200,200,RGB,1,True,f0f766eddccb3418241198b22811f720ac110e3dcc84802afa9ade0c7bd49ece,8690561989c24c7b75d7de089bfcdb7254394e84c9e4c772d08c1d4bd663b805,True,data/NEU-CLS/train/train/images/patches_63.jpg
data/NEU-CLS/train/train/images/patches_64.jpg,patches,200,200,RGB,1,True,75ac452389f59bd725c6bf68f4521ba1471a556d30adbcfb5b29d1fa64fe023e,139bc9e031a111f8ae5acb6f26d757e6c1997f88a1379a061d555ad1a9995139,True,data/NEU-CLS/train/train/images/patches_64.jpg
data/NEU-CLS/train/train/images/patches_65.jpg,patches,200,200,RGB,1,True,9bc86e5dba604d4f670bd6eb4517e936549eedf56e598af740845de5c7dd306f,0355addac09d13cdfda2db990e68a07f2cdc86f7db4fadb2f05c4a95ac4f7529,True,data/NEU-CLS/train/train/images/patches_65.jpg
data/NEU-CLS/train/train/images/patches_66.jpg,patches,200,200,RGB,1,True,c8f5da2d277d603369ac8288683add214cb7976ab9d2b05cfce59cbabe8a54f9,1439fb6f579a158c50b51fa33c667845ca36637c202a6a7a7ec303681bb0bbe5,True,data/NEU-CLS/train/train/images/patches_66.jpg
data/NEU-CLS/train/train/images/patches_67.jpg,patches,200,200,RGB,1,True,65273259d3645fe141523228332b96bcc3b5a14a053204a4043287970f7a3b4d,76d1984e58e13ef184463011e3a31355604da86b8d63f53739c1982869de535f,True,data/NEU-CLS/train/train/images/patches_67.jpg
data/NEU-CLS/train/train/images/patches_68.jpg,patches,200,200,RGB,1,True,b321a0330bef26b422cb79a39196151b783bc28760ecc1dbe3f9efcf5d51b69d,152f519ce7e543219173c7bc9ff383bd807a357cda4ee02b0e1fa5bfde4e7875,True,data/NEU-CLS/train/train/images/patches_68.jpg
data/NEU-CLS/train/train/images/patches_69.jpg,patches,200,200,RGB,1,True,cb53b10f2f667f4e050dabad2aafb14e1cb930abc6618f4ec52cfca6fb615901,f4b70e22b9498b90797fcf3c386aca1b4f21fc4add6439ad63ad3e0c1b631423,True,data/NEU-CLS/train/train/images/patches_69.jpg
data/NEU-CLS/train/train/images/patches_7.jpg,patches,200,200,RGB,1,True,45b4388e53fc01bd3c4a19b6febf047e0741c9ff5b592014978666c73df072ee,8a06cf109f0a7a2360018de997791c0f87abe6c41d6e756f9d8577714c9540f2,True,data/NEU-CLS/train/train/images/patches_7.jpg
data/NEU-CLS/train/train/images/patches_70.jpg,patches,200,200,RGB,1,True,3c7de7e24fbb1a48d6a302b7f81a1939560708b244193706851e985daa27cfe8,7a146c8a93b926ee824fb0749f8cd48001d3ca0371eae5ecaed10e5c818b3d1b,True,data/NEU-CLS/train/train/images/patches_70.jpg
data/NEU-CLS/train/train/images/patches_71.jpg,patches,200,200,RGB,1,True,260ebd8bea08ad0fff2b1aaf6d1353f474112c294438f3ced6bdbf5179393475,186ddac5a42299330c449eaebe23d99c267ec390b0956b8d4248df6eec5932f5,True,data/NEU-CLS/train/train/images/patches_71.jpg
data/NEU-CLS/train/train/images/patches_72.jpg,patches,200,200,RGB,1,True,6d6bed66ce3e74b682388888f50979c7ab563fdd636651b1e3b16ee4d3be34e7,54756cf48a808cb32368e1e33dcadff5e363099851c726ccb28ad7ab1bf72a07,True,data/NEU-CLS/train/train/images/patches_72.jpg
data/NEU-CLS/train/train/images/patches_73.jpg,patches,200,200,RGB,1,True,d9be27423d716b677d8a2bbcbc025bb34a076e172622a595a093e074bdcf925b,deeb6eb8830fcdd546c23717bca926ecb8160d9b46984d5b9d64dc3b02ee2bd8,True,data/NEU-CLS/train/train/images/patches_73.jpg
data/NEU-CLS/train/train/images/patches_74.jpg,patches,200,200,RGB,1,True,83e61428e26252fe1f9d4c8d2f0f88b192744a8ff274501b9a27ab5c3444ba09,58927feb14951939a92ffca2c21e5485e513d0bb223c91e68a0ac5fce8e85c6d,True,data/NEU-CLS/train/train/images/patches_74.jpg
data/NEU-CLS/train/train/images/patches_75.jpg,patches,200,200,RGB,1,True,4182308eccb755fbd7d58861f8662bc6e07234a5894e5dbf7c05fb3fe273e11c,24b78fb24276c99671273a7e7cb2fa0f414efaadec4d53e1734d9efda801cd1e,True,data/NEU-CLS/train/train/images/patches_75.jpg
data/NEU-CLS/train/train/images/patches_76.jpg,patches,200,200,RGB,1,True,330bdf47b236f1e6f798999556beeb3325c19fffddd8173ef8aa9941f0af86ac,acdc9c532f9ca987ddc8cee7656bd888e68e8e1d4561b50a7485393e57778c75,True,data/NEU-CLS/train/train/images/patches_76.jpg
data/NEU-CLS/train/train/images/patches_77.jpg,patches,200,200,RGB,1,True,916ccd6be14fd6c8677038281576b6ac0910f5a71f5db3b860e44e06d5edcdb6,e7aa88725c40b5b2b23bac0c2e2c2cfce03ea1d1bdc0896e148d1f967b0b75d1,True,data/NEU-CLS/train/train/images/patches_77.jpg
data/NEU-CLS/train/train/images/patches_78.jpg,patches,200,200,RGB,1,True,e13974fc75cf9fc1af00d028e2a7d7a8f79c4b41ead19a3d64242daf2946d941,0b24f12114024809a39f2e6b88f0e7206492fcd2663486aaed3221ee956fa3c3,True,data/NEU-CLS/train/train/images/patches_78.jpg
data/NEU-CLS/train/train/images/patches_79.jpg,patches,200,200,RGB,1,True,a067a12a0a6c2211bfb7a6f65a107bc5c247a47f420208d4504f14d68d456aef,5beabee0c29db9bf4f610432edb6743f723571fb5243392d5f2ed3737c923c25,True,data/NEU-CLS/train/train/images/patches_79.jpg
data/NEU-CLS/train/train/images/patches_8.jpg,patches,200,200,RGB,1,True,9de6dd8f908d03729a7030de8584eb3018c5509b1fabda27e9312b1cec901cb7,ad6c984812c732001bb3a501277a983755647fdd951adea1aefd7a639131bf7d,True,data/NEU-CLS/train/train/images/patches_8.jpg
data/NEU-CLS/train/train/images/patches_80.jpg,patches,200,200,RGB,1,True,31fe70de9d9bd5a348f84e7523682106f3cbac1a8fe2603421ae4792c98f1623,f035f8d1de0209f36659faf35ec7507e9ff4ebc89bc20284a00a5f3ef26b541e,True,data/NEU-CLS/train/train/images/patches_80.jpg
data/NEU-CLS/train/train/images/patches_81.jpg,patches,200,200,RGB,1,True,166d260252071650251d0a7ae8ba380fc33005e882799871fe60074b61da1e30,8eb54f27018d55a5dd51e610bb6b2a64591f7d2ab0dad5e6c58bfea37d84115d,True,data/NEU-CLS/train/train/images/patches_81.jpg
data/NEU-CLS/train/train/images/patches_82.jpg,patches,200,200,RGB,1,True,ef939b0e5fde664b7e4f703004b2227c81800c99aec3ac64aa97b26ee2f12664,b760da1d25723bdfa6e2fc583a3b344d748e66bbdcc90cc863d66ac5afb15088,True,data/NEU-CLS/train/train/images/patches_82.jpg
data/NEU-CLS/train/train/images/patches_83.jpg,patches,200,200,RGB,1,True,bff8b23555a6654dd5a240992aee08df5e9b3fe8c688fefa37cf17bc9c2b6a3f,3d52d131a7dfaa716154017e26d7a817c4d81178b97c85a0af5ec71ea9152061,True,data/NEU-CLS/train/train/images/patches_83.jpg
data/NEU-CLS/train/train/images/patches_84.jpg,patches,200,200,RGB,1,True,d0af1504ae045b785a8bfba9ede764ad8cb37122b544979d88beec7e82ce1819,31bd9d56363861b9318e7f19554df2b2fa06227099a540776281a64c9e7a522f,True,data/NEU-CLS/train/train/images/patches_84.jpg
data/NEU-CLS/train/train/images/patches_85.jpg,patches,200,200,RGB,1,True,763fb3e085fc251574ac8c8891df7fc1df858adef7bf6af4533e4b8b052c628a,3841a859605b0a117290c888e059a8a89dde759192a265396ae3e56f120fab19,True,data/NEU-CLS/train/train/images/patches_85.jpg
data/NEU-CLS/train/train/images/patches_86.jpg,patches,200,200,RGB,1,True,2d3a44b12063dccbfb06c6efff8687bd7223450399e00c1ddcdaa8898699034f,2bc7363668153cb826afa22d7dafa457a0831431ee58f43bcc11b9ed391146a9,True,data/NEU-CLS/train/train/images/patches_86.jpg
data/NEU-CLS/train/train/images/patches_87.jpg,patches,200,200,RGB,1,True,1e5af4ebaacd3bcaf9f1cdb5c446052192c78a2d6a5552d530a1187930e58d76,9c168331dc5cedba7fd95da1ddf12b2d7ad65afc7320c44a32ed7e6a58061a59,True,data/NEU-CLS/train/train/images/patches_87.jpg
data/NEU-CLS/train/train/images/patches_88.jpg,patches,200,200,RGB,1,True,611437ac025ff97ed6aa321aa504daee4f400921a1149a6ccc9eafe7e227ce29,6a383cd6cfa502d7f1e1e1947ba3864cba7bb73d2565b39d35065241e36f0996,True,data/NEU-CLS/train/train/images/patches_88.jpg
data/NEU-CLS/train/train/images/patches_89.jpg,patches,200,200,RGB,1,True,9d66c91aec906d8be6a0296ffd1fb2fb337b6804bf684adce43229bdd664570c,b4385ffa6b4d03f9839f138c3ca52e94642f21b3d34ad85ebebb42fc179161de,True,data/NEU-CLS/train/train/images/patches_89.jpg
data/NEU-CLS/train/train/images/patches_9.jpg,patches,200,200,RGB,1,True,48158c47d557ab7b499a34dbc2ba4955754a2235db290c5cc3c4a1266111494a,bf4df66a7abeaa1bef0fafc7a4169780ba34c846e88a69b8fe6a17ce408ed5a1,True,data/NEU-CLS/train/train/images/patches_9.jpg
data/NEU-CLS/train/train/images/patches_90.jpg,patches,200,200,RGB,1,True,65704f810f46a2dd58e1ff24c78f75e2c46678266e1f76b927da7a340f24eff8,5389666beb0d38c07a530c310b2d103647323cb77b8f04ada12951f80c9d8cd2,True,data/NEU-CLS/train/train/images/patches_90.jpg
data/NEU-CLS/train/train/images/patches_91.jpg,patches,200,200,RGB,1,True,1443c2233065e7d99f7e24135b088e762f5ce1c09ac2662dbd2cb650490023d7,3f0547d21d44146125aa93014cb6b6de9d244a047d209c09f8b642730b58a86c,True,data/NEU-CLS/train/train/images/patches_91.jpg
data/NEU-CLS/train/train/images/patches_92.jpg,patches,200,200,RGB,1,True,8b3a734f92577c089878018dcf563cfd73eb93fe0c2c3e4be60749f4c3d29dfd,4e9f9b15ea813817b35ae1888c70418bc87324c0bcc98193d018dbf02ee95580,True,data/NEU-CLS/train/train/images/patches_92.jpg
data/NEU-CLS/train/train/images/patches_93.jpg,patches,200,200,RGB,1,True,1a7d1dbbb35ef9f8e44672cac1cf2018b00f61fd7547c3bd0283c7336fc7d9f7,c993a178db6c160d4605051f3661e38121c451bd589e2900ca8eddad11fa454d,True,data/NEU-CLS/train/train/images/patches_93.jpg
data/NEU-CLS/train/train/images/patches_94.jpg,patches,200,200,RGB,1,True,be4e2ca0cad95d9dc7effb02b1a10318235767391674217a8b59437730708ea6,b7372c1822563067d66662572102f2f6763a34b689eefc1ae1190c3a356f576b,True,data/NEU-CLS/train/train/images/patches_94.jpg
data/NEU-CLS/train/train/images/patches_95.jpg,patches,200,200,RGB,1,True,88c7fb7274a3d5d18a71143bb3c9fdc6acd0217d715300bd9195ce8eaf85874e,85d10e06e29bf2976ce39e7ab26925653c99ffed79bdd722ee011f5be7c3b09c,True,data/NEU-CLS/train/train/images/patches_95.jpg
data/NEU-CLS/train/train/images/patches_96.jpg,patches,200,200,RGB,1,True,25744eeaf0aac9ecd72d030ca47085843891b2d6e3b1c0971f02bd0eb43b6ba3,9ede36ea349255cad58070c3fd3d445d44e23606a2d4833dc903b309b39baf40,True,data/NEU-CLS/train/train/images/patches_96.jpg
data/NEU-CLS/train/train/images/patches_97.jpg,patches,200,200,RGB,1,True,9c08845910fa4492a657eaacb89a80890fd83010e79c94223dc38a6f4d6534b4,fed8c02cecbe92850a9927a9b64f4969ffe73a24c2c784f014e70afd4950a5ef,True,data/NEU-CLS/train/train/images/patches_97.jpg
data/NEU-CLS/train/train/images/patches_98.jpg,patches,200,200,RGB,1,True,e366ca0d4ab2d15235a71ada431c48963cbac46c44d730364afd6413648c7edf,1d45f13cc7521babc70264ef87feee936abfefd75f384d7f11913ce220eaeb9f,True,data/NEU-CLS/train/train/images/patches_98.jpg
data/NEU-CLS/train/train/images/patches_99.jpg,patches,200,200,RGB,1,True,032e85df219d8d28b260d21b4171114711cab98cf525b8f61d832efd483723dc,58b98c65e5f99ab2618a88c86fc409a2af0f41e556f78387a648fbefc9abbed5,True,data/NEU-CLS/train/train/images/patches_99.jpg
data/NEU-CLS/train/train/images/pitted_surface_10.jpg,pitted_surface,200,200,RGB,1,True,bd2c587072010df78e39b36790392ad28b6a0353b8d78a10afa56a25998a515c,037479fb570c0ea7def6ee1c353983bdaada8e10ec1376da68109df5f5d9f5d5,True,data/NEU-CLS/train/train/images/pitted_surface_10.jpg
data/NEU-CLS/train/train/images/pitted_surface_100.jpg,pitted_surface,200,200,RGB,1,True,df878735886705a5cf3e8d4024cd8d2729fd16cbb8696a289a7252b1854e7f0a,1550bd86c4df881b5120ec0df1b59d0c39269531cad970acf2ba620aa517dd80,True,data/NEU-CLS/train/train/images/pitted_surface_100.jpg
data/NEU-CLS/train/train/images/pitted_surface_101.jpg,pitted_surface,200,200,RGB,1,True,7df40e532413e8125e874e0d93467862e9b2aeba436d7e78f9fb93419e68a6eb,6126627e6e8b537b8bff5b5486cabe84eb1883250172e0b2d6f85bbc5b0c24a8,True,data/NEU-CLS/train/train/images/pitted_surface_101.jpg
data/NEU-CLS/train/train/images/pitted_surface_102.jpg,pitted_surface,200,200,RGB,1,True,04cb6afe5cb2b4026f4546a742fb8d19840269e963a684d30c7ab54e576800e4,0060f97f27789c14001c0bef4a1c63c253831bd7fc125fcde1c01c8a59a4c5a8,True,data/NEU-CLS/train/train/images/pitted_surface_102.jpg
data/NEU-CLS/train/train/images/pitted_surface_103.jpg,pitted_surface,200,200,RGB,1,True,18a3a8a97ca9bb7b323dbba23ad48f391793626f8e1508b132ea3587e125a730,337d8f1321e7f8f0343d6e1dcb78cb80a5d847e50407312969ff7f554853a410,True,data/NEU-CLS/train/train/images/pitted_surface_103.jpg
data/NEU-CLS/train/train/images/pitted_surface_104.jpg,pitted_surface,200,200,RGB,1,True,38fd5d9f816505acfbdc0bd52255fc6a0a50db2b408fd42aa8b0384115fefe81,032e5b08e2f1d51ba45a7cb5f758da565fdde694aa59565e72872501f02cef98,True,data/NEU-CLS/train/train/images/pitted_surface_104.jpg
data/NEU-CLS/train/train/images/pitted_surface_105.jpg,pitted_surface,200,200,RGB,1,True,dff0501d7a09a474271930b63e051e3a15613ab10d169c39d6c0453de23b3a59,0d82e3b88f371e327a5c0cc31643339b98203b493759e7c72424d37081629539,True,data/NEU-CLS/train/train/images/pitted_surface_105.jpg
data/NEU-CLS/train/train/images/pitted_surface_106.jpg,pitted_surface,200,200,RGB,1,True,d0809bf74c816873f48e5690a3d7edb590821f7f7294594af6b29100066fc76f,2a0e9ccbac9f36e79eefce765ed388bf7537e472748a5b9b92e21ed9e445d688,True,data/NEU-CLS/train/train/images/pitted_surface_106.jpg
data/NEU-CLS/train/train/images/pitted_surface_107.jpg,pitted_surface,200,200,RGB,1,True,a1f9797208b18976c3ac2d9c80c9783dc747a812c47a40f1b6d72d92d78abf8c,9a92761879f46dad505db8366d308fe08446e44ecc9ed3d7f0c04f5157ac1e7c,True,data/NEU-CLS/train/train/images/pitted_surface_107.jpg
data/NEU-CLS/train/train/images/pitted_surface_108.jpg,pitted_surface,200,200,RGB,1,True,78a9395980390808492e802391815b49696c0fd0bc8ed2e2315e82f64b3a27d3,4434fa7ffd24fcf02eb40265eff6d19a1b8515553386882c987bd009085b82f5,True,data/NEU-CLS/train/train/images/pitted_surface_108.jpg
data/NEU-CLS/train/train/images/pitted_surface_109.jpg,pitted_surface,200,200,RGB,1,True,dffb4f12feb3be5600277854c58ffe6b1579a5575a1d570838b0991280936c3d,b689cf903627af23e13106d27c464b817f53423c29696ade87fe4d9c08bdee87,True,data/NEU-CLS/train/train/images/pitted_surface_109.jpg
data/NEU-CLS/train/train/images/pitted_surface_11.jpg,pitted_surface,200,200,RGB,1,True,64dbfff0db96f94c0b52a4354c93b6196df3e5bb962e22116988d5e0b0eae195,1c6370790b17ae1c6b4a46501e52d276ad4235a6f6e09e44b82060507f44249d,True,data/NEU-CLS/train/train/images/pitted_surface_11.jpg
data/NEU-CLS/train/train/images/pitted_surface_110.jpg,pitted_surface,200,200,RGB,1,True,603b67f60855f5e5b99be81814987015fc24d8573390ea3995ac316e3739f43c,26fd8e3af263452440248e5f925d4326874a2c270b8e70fc37b46d360b355c25,True,data/NEU-CLS/train/train/images/pitted_surface_110.jpg
data/NEU-CLS/train/train/images/pitted_surface_111.jpg,pitted_surface,200,200,RGB,1,True,08a6412fd55add10e1547133fde43b852ba20c4ddac317c950ffa05b2647c10d,a73a3cf7970479fdc01d8a8773ff6b6131f84f11ce1818aea67ed4d5aea1af18,True,data/NEU-CLS/train/train/images/pitted_surface_111.jpg
data/NEU-CLS/train/train/images/pitted_surface_112.jpg,pitted_surface,200,200,RGB,1,True,0c88b32244e8952c33367fbc895808513e4c7fc2396579ec0eb8a298777d5d2d,ae20ce5a63fa405d9b0f97046f11560d92e9615987d050f2a8e5a350ec7748f0,True,data/NEU-CLS/train/train/images/pitted_surface_112.jpg
data/NEU-CLS/train/train/images/pitted_surface_113.jpg,pitted_surface,200,200,RGB,1,True,85988f6cae7b26bbb95668ae57ba731cd733d700631f1072a41a1c511c7b133b,461ddcd743884adeef0328b98b719e7a84ea821e5037d38ba1657cd8d530118e,True,data/NEU-CLS/train/train/images/pitted_surface_113.jpg
data/NEU-CLS/train/train/images/pitted_surface_114.jpg,pitted_surface,200,200,RGB,1,True,f3baaa7f791f671bad4dd95f528746aaf40e677b8b5a371bc9e954559c5e1c13,5d0b7f40189fb6fa031ce0c5049cb5c4c7508f915350004b44c1343ddadcb605,True,data/NEU-CLS/train/train/images/pitted_surface_114.jpg
data/NEU-CLS/train/train/images/pitted_surface_115.jpg,pitted_surface,200,200,RGB,1,True,f1bc1a620c2c46140f68b20fd1d74d1d6f16f0317f9c052ead9c4291550bed3e,a1d13be29ad3dcb41b1c49df7ff411d9a6153c23e8d41c7bca1f4825b7738cdb,True,data/NEU-CLS/train/train/images/pitted_surface_115.jpg
data/NEU-CLS/train/train/images/pitted_surface_116.jpg,pitted_surface,200,200,RGB,1,True,65e9f60b8ed02f4891ae1b7759c57aa2295a67d5d8008aece4dfe6a925dc8c28,4b14c8b5875bc24fd725840883de58008f090ee01dc9ba1fcd8b47299c823414,True,data/NEU-CLS/train/train/images/pitted_surface_116.jpg
data/NEU-CLS/train/train/images/pitted_surface_117.jpg,pitted_surface,200,200,RGB,1,True,0ba87e5908b2d654e157dee81160a2f5a711d6b631c9a95f65203c1d39a02998,4d90ccd2c595bcba6cf6509b1ad6b32b596144f707a3093e6deefb64d7d3e034,True,data/NEU-CLS/train/train/images/pitted_surface_117.jpg
data/NEU-CLS/train/train/images/pitted_surface_118.jpg,pitted_surface,200,200,RGB,1,True,8fcda1c9f6a355a80e5411b5f88edbaf3069161bcba432fd9e4a529585d6156a,cc76b87db8e48c999df4253e8729c6c1cd8b1c679b7ba2d44f9d1f5f780d821b,True,data/NEU-CLS/train/train/images/pitted_surface_118.jpg
data/NEU-CLS/train/train/images/pitted_surface_119.jpg,pitted_surface,200,200,RGB,1,True,22b00840d783585bee690a1be5e7ac194a8fa627e25573252cfff23002ea3444,fb9fd5da46da38ba0a9dc553f8cef9f76869a1899a141e144a29ed5ac5bf2c04,True,data/NEU-CLS/train/train/images/pitted_surface_119.jpg
data/NEU-CLS/train/train/images/pitted_surface_12.jpg,pitted_surface,200,200,RGB,1,True,0c0f06d3952f180bb6723d619b50a5ff1c676fe14bfffe037397019f92e4b71e,600643546bad9243323134bc3cba72b525638c393005a4967ba67e63d38f873f,True,data/NEU-CLS/train/train/images/pitted_surface_12.jpg
data/NEU-CLS/train/train/images/pitted_surface_120.jpg,pitted_surface,200,200,RGB,1,True,297ec1a0a369123845e17c413587e5ca71563008ceb91c5355162f3b9d7c5938,2fb691ab7d44545830f60203b92aac1bfda5430609a4b33998903d2163342268,True,data/NEU-CLS/train/train/images/pitted_surface_120.jpg
data/NEU-CLS/train/train/images/pitted_surface_121.jpg,pitted_surface,200,200,RGB,1,True,edf9240aa7fe76ecfc0384e64000c24d59e38cbeab699f7c3a80bc908f5564a9,dbb9a835be4dca0864babd2a8d76144343c0f5e3d30fb7a5eb94f4503354fec9,True,data/NEU-CLS/train/train/images/pitted_surface_121.jpg
data/NEU-CLS/train/train/images/pitted_surface_122.jpg,pitted_surface,200,200,RGB,1,True,5934e4cc5c6bbadc1cea805fe707cbf4180c0b7a1cf341cf79c6788ab87c7bf2,7d3bdf328d0408c881eaf685b755ec431fb6530b4da42aec334495fd2c71d1eb,True,data/NEU-CLS/train/train/images/pitted_surface_122.jpg
data/NEU-CLS/train/train/images/pitted_surface_123.jpg,pitted_surface,200,200,RGB,1,True,cc953c4f1eac4e85ceef824bc68763ce0ab18af51799b5a19a0e258b868c6b62,d6c5c65348a2aac6ecaabda82d00c9b310b1a2280656fc8bd7cdfdf8555ff025,True,data/NEU-CLS/train/train/images/pitted_surface_123.jpg
data/NEU-CLS/train/train/images/pitted_surface_124.jpg,pitted_surface,200,200,RGB,1,True,dac1e12ff8fd41f06d5275d1244f7c5b67c98d14bc3b053da947f94cdd76ac90,7a5960d2c4f0b0c16a827f81a4cfbc384c4f454b5b4bac5322f5dad117567076,True,data/NEU-CLS/train/train/images/pitted_surface_124.jpg
data/NEU-CLS/train/train/images/pitted_surface_125.jpg,pitted_surface,200,200,RGB,1,True,a55b9e4172cde4c6441feb878a394c202b269bda1e9f4a7a61b41da7ac4fe85d,ed52e3be085e0153909f66d0751bc02514b3403de0b06296e50fa8f388f42bd4,True,data/NEU-CLS/train/train/images/pitted_surface_125.jpg
data/NEU-CLS/train/train/images/pitted_surface_126.jpg,pitted_surface,200,200,RGB,1,True,51179378d603a639c6a7158107977d2e58c7072c1be248366f3debde1b5066cc,b17222d48a2d23e65b212080d43e445fcea197dba3a726d33a8e15539502a69f,True,data/NEU-CLS/train/train/images/pitted_surface_126.jpg
data/NEU-CLS/train/train/images/pitted_surface_127.jpg,pitted_surface,200,200,RGB,1,True,f3e3485b985b6fc1bb6dd33232cd7140f25afc90fc8d3e3ac83d81571d847520,24b1758447f562da977410a451b3103f3f53e1437f69765cb1a30c7dc4177f09,True,data/NEU-CLS/train/train/images/pitted_surface_127.jpg
data/NEU-CLS/train/train/images/pitted_surface_128.jpg,pitted_surface,200,200,RGB,1,True,11cad42985c50774cdfc37f6f91f625e86c73c8f10563c15a0e8bf73130ce945,b05ae5b9ba0306cd3457b418b34a001c492dd379a2fa6bec3675fb43b376fe5d,True,data/NEU-CLS/train/train/images/pitted_surface_128.jpg
data/NEU-CLS/train/train/images/pitted_surface_129.jpg,pitted_surface,200,200,RGB,1,True,970f912b65572015c6be924332a361bc9033bbed55f7cfba4c9c48151b93cb3c,dddf451fbd40aa9cf46152f8da25e9e41a190497c7b06594993f9d74ea820dc9,True,data/NEU-CLS/train/train/images/pitted_surface_129.jpg
data/NEU-CLS/train/train/images/pitted_surface_13.jpg,pitted_surface,200,200,RGB,1,True,c58dcd3efefdf6a427b95b49035a7b40e952c63be773efd56bdc2163a4db5679,ea65ea1a47659f6c19eabca6337dc728dbb1ae81065f79d583993fead3be44c1,True,data/NEU-CLS/train/train/images/pitted_surface_13.jpg
data/NEU-CLS/train/train/images/pitted_surface_130.jpg,pitted_surface,200,200,RGB,1,True,0d4d2589783dbf9ac9c1650c0134d14bac51c6e2f1e5308a82e8c4a132d83ec2,718bc9f76a6224d5ab9a29f693c359a608c779fb24da4b9d441824f239c4081e,True,data/NEU-CLS/train/train/images/pitted_surface_130.jpg
data/NEU-CLS/train/train/images/pitted_surface_131.jpg,pitted_surface,200,200,RGB,1,True,0a83aa10ba7b994ff4f43e7a2253b1085ff9837f7879136edd37886a6cf16f23,c8964106e23d0b68f7e975c6a04cee015909bf7b576d00f359cadc7459ffa193,True,data/NEU-CLS/train/train/images/pitted_surface_131.jpg
data/NEU-CLS/train/train/images/pitted_surface_132.jpg,pitted_surface,200,200,RGB,1,True,5f7a8aff9dc8874ed44837c96fdff07bb59e12d7db218ba92f46a9cf1017c570,dd8c3b04fb251a7a14ad1251f366f9bed3dd74c1ead8fa71abbaa1e923971626,True,data/NEU-CLS/train/train/images/pitted_surface_132.jpg
data/NEU-CLS/train/train/images/pitted_surface_133.jpg,pitted_surface,200,200,RGB,1,True,8d13fd79bbee3c0bce2ad1a50c361e50c172f7e59dfe26eeb5f41b25b096fb20,30c923f2cbe30ccb4902f911d0c20afe9fa1be06a369b92e249dc19ad14ec7c1,True,data/NEU-CLS/train/train/images/pitted_surface_133.jpg
data/NEU-CLS/train/train/images/pitted_surface_134.jpg,pitted_surface,200,200,RGB,1,True,4e77b73c0c3869eb8b9a94495c6296374f79976bfc68c2c83874e19371558831,8e4d3f2297173e758c0482c776beea1de7201382dc8185c424c60830b9858478,True,data/NEU-CLS/train/train/images/pitted_surface_134.jpg
data/NEU-CLS/train/train/images/pitted_surface_135.jpg,pitted_surface,200,200,RGB,1,True,edfbf2614088b45c122de369f0ede6d4cf513b2dbb5e0a2aedc37e912d2ca15e,0e564e836ce5ee95ec01c16f4743acb5962956ad4922cda1c1278051e16bf6e6,True,data/NEU-CLS/train/train/images/pitted_surface_135.jpg
data/NEU-CLS/train/train/images/pitted_surface_136.jpg,pitted_surface,200,200,RGB,1,True,be2dd28519b9d2e35420dab94db63adb8f1a0f5ff3012a75f69ef770c1b9e2c4,ce6000d5bbb756c146788ed0bfa6104d305d47564a32856eb5099dde6f02d4c7,True,data/NEU-CLS/train/train/images/pitted_surface_136.jpg
data/NEU-CLS/train/train/images/pitted_surface_137.jpg,pitted_surface,200,200,RGB,1,True,db701df4413c5913f0f67f7374ffe50b52931b46afe0cf9a276df742983e44b6,aea07cbfa3c4c5f7153ae088bcd50eaf4a35bf2e3d35eb792fe7c181466ea22c,True,data/NEU-CLS/train/train/images/pitted_surface_137.jpg
data/NEU-CLS/train/train/images/pitted_surface_138.jpg,pitted_surface,200,200,RGB,1,True,bec8cea242698b86eb179223494c7dba93a12e6e92c673623ce2148edc628b47,3211741596071ea8afbc765dfc27a7bbddd75e5746509ad6675689ee7ac5a1f1,True,data/NEU-CLS/train/train/images/pitted_surface_138.jpg
data/NEU-CLS/train/train/images/pitted_surface_139.jpg,pitted_surface,200,200,RGB,1,True,3959b69b3cb5d73ca2aeacda703c42b34af2be1c3aacd59c9712de88c54c9e8c,f177e38e16c9837bd9f24531ce9cf961315f30098583ed22d4136bd776629c9d,True,data/NEU-CLS/train/train/images/pitted_surface_139.jpg
data/NEU-CLS/train/train/images/pitted_surface_14.jpg,pitted_surface,200,200,RGB,1,True,7898fe4fe87f61985faeff0c20476488180dca9545e324ce3710c8ac95d084f9,b18ec3bfb4912a3b234efa3e6fa9ed3d75817a8b95d0caf3b6828155c7f83413,True,data/NEU-CLS/train/train/images/pitted_surface_14.jpg
data/NEU-CLS/train/train/images/pitted_surface_140.jpg,pitted_surface,200,200,RGB,1,True,b81cccbe01de965e89e23fee0630c23ffca236c2bd7b4a0bca2f5cb45817d1de,a1182d721735f0a6c632f331caf88d9e01e25608f477a24b03eb764a7804d4a0,True,data/NEU-CLS/train/train/images/pitted_surface_140.jpg
data/NEU-CLS/train/train/images/pitted_surface_141.jpg,pitted_surface,200,200,RGB,1,True,d2ac0749d95210cdfddadfd8a28dae8a6b9ac7d1520daa2c9367b9a27648441d,6af87492d67dd5e221d8f3439143e8c4d3f34dea7665d646c1d216b8204e3a15,True,data/NEU-CLS/train/train/images/pitted_surface_141.jpg
data/NEU-CLS/train/train/images/pitted_surface_142.jpg,pitted_surface,200,200,RGB,1,True,1aebf4e22b9afea31144533fda985009b887172939f45d20ac027be24fe0abef,986c77f12301e8097ff932d5380b48fdca80c6018b7fed4fd8fa99a07b1b6b9a,True,data/NEU-CLS/train/train/images/pitted_surface_142.jpg
data/NEU-CLS/train/train/images/pitted_surface_143.jpg,pitted_surface,200,200,RGB,1,True,11989cce1e1ca2509772e88844ec32fb659d1a7a3fcb7e5ce9bf04e78f442fb6,cca0cc85aea1b43d6f5eb7ca99afd7befc103580a1df8470fdabe4d5caf6450f,True,data/NEU-CLS/train/train/images/pitted_surface_143.jpg
data/NEU-CLS/train/train/images/pitted_surface_144.jpg,pitted_surface,200,200,RGB,1,True,195f74c60474e1d873462ca82185a1909911b4e273dcd393514623db193564a7,56222f6e2b7d0ef3905014714c16450df72565f1b9ac75e993cfe0d018c3c473,True,data/NEU-CLS/train/train/images/pitted_surface_144.jpg
data/NEU-CLS/train/train/images/pitted_surface_145.jpg,pitted_surface,200,200,RGB,1,True,acdd1073b72b38592ca7e9f5e4b027eed2219769095c7fd5a990d310268fee87,56518feb3734167c220ed45272ce51f8538a782340dec740ff100e865c185b6b,True,data/NEU-CLS/train/train/images/pitted_surface_145.jpg
data/NEU-CLS/train/train/images/pitted_surface_146.jpg,pitted_surface,200,200,RGB,1,True,bd138a884896606799978fcda063bbaf2a1a0d986ffbe808f10b859b0199ea3e,ced6c7a366c4dbc13c2c027402b1393513c40da5a592c336b36461eba237175b,True,data/NEU-CLS/train/train/images/pitted_surface_146.jpg
data/NEU-CLS/train/train/images/pitted_surface_147.jpg,pitted_surface,200,200,RGB,1,True,7c0b26e35c50d5fad55665427fa3a87712a9e2ea055d87906c56c146228ae41d,186fd99c51f514907f2a885d872be176b2f4293533bbb8c96d9e58e24015b7a8,True,data/NEU-CLS/train/train/images/pitted_surface_147.jpg
data/NEU-CLS/train/train/images/pitted_surface_148.jpg,pitted_surface,200,200,RGB,1,True,1a2e08ad1a06c2df27a4e6d90cd433477e2937fe95ee70189ae9571b45ab88db,d06e9d3d3be49ba350856c6509f5a77c858eeb07962ee9487f283a5a3276fce2,True,data/NEU-CLS/train/train/images/pitted_surface_148.jpg
data/NEU-CLS/train/train/images/pitted_surface_149.jpg,pitted_surface,200,200,RGB,1,True,733164e8a04943aae86a7b85d13331401b84f31f3413d99216c325f73306eeaf,72afb7e1a09a81b0c7847a3dedde2c1fd1f5b0514aa6467f5379e0b3694fb551,True,data/NEU-CLS/train/train/images/pitted_surface_149.jpg
data/NEU-CLS/train/train/images/pitted_surface_15.jpg,pitted_surface,200,200,RGB,1,True,53e7260d78101d4313f81b01e063e47dd3cc8974062ae4bfe8f9966d9136668b,a8ebd0118371fe450675bf1c201ddf3b94c759465cdc6b5592f4c0f79aa9d4fb,True,data/NEU-CLS/train/train/images/pitted_surface_15.jpg
data/NEU-CLS/train/train/images/pitted_surface_150.jpg,pitted_surface,200,200,RGB,1,True,3638923dd4d7c5f98dfbe9378fa009a8612d67f1a56f0f722a2a7f11c01ec6e8,6338856567109474d08dd8b3487e7994d47dad8b47f6bb640d04b90e390d36ea,True,data/NEU-CLS/train/train/images/pitted_surface_150.jpg
data/NEU-CLS/train/train/images/pitted_surface_151.jpg,pitted_surface,200,200,RGB,1,True,5cb95bafcb084497ec3874ad6efba69512ea522feae5e678033b017e847b9c16,94b23d85e4998aa95cc6739a2e28b7da4190dad3c5ba6969b42ea992ead337f9,True,data/NEU-CLS/train/train/images/pitted_surface_151.jpg
data/NEU-CLS/train/train/images/pitted_surface_152.jpg,pitted_surface,200,200,RGB,1,True,2f25db31d58ed8d62acd2371c9b9db717cda92f2436c4336c8956aa037d728ab,f6924a34d29359177110b1cb30f203951841d93619b9b35bbd8d942515f2b4f6,True,data/NEU-CLS/train/train/images/pitted_surface_152.jpg
data/NEU-CLS/train/train/images/pitted_surface_153.jpg,pitted_surface,200,200,RGB,1,True,edac63aa6c0baa6e30f86ec7797342cf96605d6e25fc566700589b9f4522e210,308d5a332192b92adcc758086254fe22eeb2bd6dddee42192fcc929251674db4,True,data/NEU-CLS/train/train/images/pitted_surface_153.jpg
data/NEU-CLS/train/train/images/pitted_surface_154.jpg,pitted_surface,200,200,RGB,1,True,cb154ef1ed441b221b54a0e298899c95ad04eb511ae31dfcea55d0a60ebc39d2,4efc35e3b749b22cea72a6e48a9dd24187bc0b8fca2515cf6e04933f49e155da,True,data/NEU-CLS/train/train/images/pitted_surface_154.jpg
data/NEU-CLS/train/train/images/pitted_surface_155.jpg,pitted_surface,200,200,RGB,1,True,aa593a59fdc9a434f81f20e63741b27c32c5fc8bace9902bdfd154c6971b1683,bbd09cac8a9608216c346d19dbfd41cfc98df209df55d80e50f32ed9ccdefff3,True,data/NEU-CLS/train/train/images/pitted_surface_155.jpg
data/NEU-CLS/train/train/images/pitted_surface_156.jpg,pitted_surface,200,200,RGB,1,True,8493666f951523858b3ef610f12f89c58a882e8044b618fe0685611e12824229,ea752ca957083f5b3cf142c0d4281336237fe333c67f2f41a77528e2382a81b2,True,data/NEU-CLS/train/train/images/pitted_surface_156.jpg
data/NEU-CLS/train/train/images/pitted_surface_157.jpg,pitted_surface,200,200,RGB,1,True,33afa881416db262ff8d434879d5ddeb6339a1bee6424acbbb89c2dbb2f1e16c,f68d45f21bafda8ea7bfa622e77535852d8b4dac1a70cec610c394a6df82d9bc,True,data/NEU-CLS/train/train/images/pitted_surface_157.jpg
data/NEU-CLS/train/train/images/pitted_surface_158.jpg,pitted_surface,200,200,RGB,1,True,f974db6148b295ba3821601b906f828aa20a136cc6458af9fec9c24e5890922b,7f55d2923b981dca9aeaea283f8f774cc5a098aae6e2df06e7390af2434f128c,True,data/NEU-CLS/train/train/images/pitted_surface_158.jpg
data/NEU-CLS/train/train/images/pitted_surface_159.jpg,pitted_surface,200,200,RGB,1,True,ac4f0a45732551cfa164a3bc6ecd1675b9c8a9a087dd1ddc6bae708ec20c84d0,9d9ef41ca7222a185891ed787e836fda670d5f040507f72cb49f686a956d24cb,True,data/NEU-CLS/train/train/images/pitted_surface_159.jpg
data/NEU-CLS/train/train/images/pitted_surface_16.jpg,pitted_surface,200,200,RGB,1,True,aa77c688ffd4dfa8f6780653b961eb69bd28abfc1c7ec05c90e8bd214b393ad3,02247c8b1ccabd3140313acdca5538562c7918a0a7b7d235f8ef93aa2be7324b,True,data/NEU-CLS/train/train/images/pitted_surface_16.jpg
data/NEU-CLS/train/train/images/pitted_surface_160.jpg,pitted_surface,200,200,RGB,1,True,b9d02dcd7624fa4acc749cd90926411fa3e96d578c7c979ff5f4241df835bb0a,c57952dead07aed88a9ee8a696b0b792d126769928454471f588ce791648738e,True,data/NEU-CLS/train/train/images/pitted_surface_160.jpg
data/NEU-CLS/train/train/images/pitted_surface_161.jpg,pitted_surface,200,200,RGB,1,True,2e831d96126f240bc4615cddebe49aeef493d4927a05355541b845d624f4ea61,acb4e6ce12abd26f6ab097f8ba16c6ca469049aba0f91e56f188c6a3faada3ec,True,data/NEU-CLS/train/train/images/pitted_surface_161.jpg
data/NEU-CLS/train/train/images/pitted_surface_162.jpg,pitted_surface,200,200,RGB,1,True,91da27038e46931779bd62a50210ae239a8ee0f0b70725c0d5777414663a294c,330f94bc14b007c5b3476260f46320ced325db8cf2a4394e117a3a88196855e3,True,data/NEU-CLS/train/train/images/pitted_surface_162.jpg
data/NEU-CLS/train/train/images/pitted_surface_163.jpg,pitted_surface,200,200,RGB,1,True,fab5744932d1ec330661ae33284428e376683c02514119f63c6de5d7e0de8f5e,2c30ff08360691a6f6827e81e0ef6d1a805df91c23f3bd1f0c705f5730b5b81c,True,data/NEU-CLS/train/train/images/pitted_surface_163.jpg
data/NEU-CLS/train/train/images/pitted_surface_164.jpg,pitted_surface,200,200,RGB,1,True,8e85eb2f09f0454ccbb6b209e4995f8c1e134ff2b710e2f983367ac641832da5,1c6f8a72fd863bedb78dc18dfa3f6b1331502d238fa77aae03b40e3539096490,True,data/NEU-CLS/train/train/images/pitted_surface_164.jpg
data/NEU-CLS/train/train/images/pitted_surface_165.jpg,pitted_surface,200,200,RGB,1,True,33c41793939b2240f338bfd9bb83eb691d1b63b90326f48a4304fb44e0af7783,e11641ca5581dc0968fa2aff30ba83056413b635f668dcb83523e2f7c4385205,True,data/NEU-CLS/train/train/images/pitted_surface_165.jpg
data/NEU-CLS/train/train/images/pitted_surface_166.jpg,pitted_surface,200,200,RGB,1,True,60dca15dd3a36d24887daa91eb2a37c9aca3e793801aaaa35cfa70e76c09c825,6e616284406f4053efe549bcc1e4ece80bfa50cd91f793728f06059d20908d76,True,data/NEU-CLS/train/train/images/pitted_surface_166.jpg
data/NEU-CLS/train/train/images/pitted_surface_167.jpg,pitted_surface,200,200,RGB,1,True,d7079a9f0b6fc5cc2e06959f2da61f863eb5a18454ced8fcc15f1137c8842c43,49b39aff45b6e9c1297c9b1e6cb66308c7b1bd798845f2cdba11e32ddf2c605a,True,data/NEU-CLS/train/train/images/pitted_surface_167.jpg
data/NEU-CLS/train/train/images/pitted_surface_168.jpg,pitted_surface,200,200,RGB,1,True,08a5244832af8b28d9246cfe2287d465c133b0f187322da442348bb1f3d1d3d7,f92362bc9a5ebfe7e3a7f4237716c0aad10e1316b9d2257e42f02874c17f2136,True,data/NEU-CLS/train/train/images/pitted_surface_168.jpg
data/NEU-CLS/train/train/images/pitted_surface_169.jpg,pitted_surface,200,200,RGB,1,True,8adde2933895b423743393c72db703ea996a0bec8dfe324ed055642763af28d1,308579335bd6d513188d2daa622b6b93a942797f7afe886b56e9a10dfb83b12f,True,data/NEU-CLS/train/train/images/pitted_surface_169.jpg
data/NEU-CLS/train/train/images/pitted_surface_17.jpg,pitted_surface,200,200,RGB,1,True,efa2e345933a082a83e015e77c8a6f478cc33c5a28cc4e46c9e6ce53d3769a73,0a3ddf78dd88d35bf20a280be05b2c4da3437b7fee2d01aa39bd331f57e30697,True,data/NEU-CLS/train/train/images/pitted_surface_17.jpg
data/NEU-CLS/train/train/images/pitted_surface_170.jpg,pitted_surface,200,200,RGB,1,True,172e6d8fd52d7463fcf2576091971550f4b5de2d3567edc0c5e80f19e0f0cc91,6ffc19613c704bde6a8e1a1870694e6d06cc759ef3b544d2b10d7b36ddc8ea51,True,data/NEU-CLS/train/train/images/pitted_surface_170.jpg
data/NEU-CLS/train/train/images/pitted_surface_171.jpg,pitted_surface,200,200,RGB,1,True,d6d441431fd93301874b9cf5d291f95c33b3a5424f6b1521f11e0dede07bb6c0,259b80737f9b881f6273651f505eaf0ebca079b15d28496100a31c16e4494780,True,data/NEU-CLS/train/train/images/pitted_surface_171.jpg
data/NEU-CLS/train/train/images/pitted_surface_172.jpg,pitted_surface,200,200,RGB,1,True,1b6c04443bba76556ef7d2478932ea04ddac452ebe954f72c087f0ff8cc47b16,8449cdd26025fa434f52daf49f209e91d58f5fde9a0b122f8bdf4b24d02cdfd2,True,data/NEU-CLS/train/train/images/pitted_surface_172.jpg
data/NEU-CLS/train/train/images/pitted_surface_173.jpg,pitted_surface,200,200,RGB,1,True,70867ad2f8960e4f00f80db2d0dbb1fda2bea7cc382d42ade30606b49a762dbf,31b4df2c36e1a760a7def1d922b34ad858940e3d987765940d020127fd0cc403,True,data/NEU-CLS/train/train/images/pitted_surface_173.jpg
data/NEU-CLS/train/train/images/pitted_surface_174.jpg,pitted_surface,200,200,RGB,1,True,af626cd84902cd7b4663043a36a81d0a019d954d9607879f6f7aaa96130441c8,4fe73f65236570ecc66ca352995519d8dea706da0ebb814adb783b02af5e6d26,True,data/NEU-CLS/train/train/images/pitted_surface_174.jpg
data/NEU-CLS/train/train/images/pitted_surface_175.jpg,pitted_surface,200,200,RGB,1,True,afb29b73d7fae466b00ad572d37ae5be308ccd91cf57c82309331ea58ebd3fa4,3d1ec5e5f20baccc4882bc22a2a09f902005c0490d0768f80e5bde652d18a1bc,True,data/NEU-CLS/train/train/images/pitted_surface_175.jpg
data/NEU-CLS/train/train/images/pitted_surface_176.jpg,pitted_surface,200,200,RGB,1,True,8346be4d7aabc46d0886101c531a608c8a5b2873ba89b95648b59f6c91d20ec5,c5924591da50abdd155b240f32fa765d96d2c551bec81df259606018d6309f8b,True,data/NEU-CLS/train/train/images/pitted_surface_176.jpg
data/NEU-CLS/train/train/images/pitted_surface_177.jpg,pitted_surface,200,200,RGB,1,True,cf734cb6382268765c36de9d9fe9fbbc7d082943b271062e1861a71c4da97347,a7c941f1d7bbeae268dab8b18f487bac6752b0e4e53928b298fe08aaef859edb,True,data/NEU-CLS/train/train/images/pitted_surface_177.jpg
data/NEU-CLS/train/train/images/pitted_surface_178.jpg,pitted_surface,200,200,RGB,1,True,cf4f8193aeb1ca4c556720805b6b4ab7d8d0b4e30ee7d3ea1406bbfe0fe4a35e,2060be758899767b5b35629f6c2a16d88449a504bda09a91197688097e92eac5,True,data/NEU-CLS/train/train/images/pitted_surface_178.jpg
data/NEU-CLS/train/train/images/pitted_surface_179.jpg,pitted_surface,200,200,RGB,1,True,71bc95c2b31192ae504aea3f1dd50f22344f0407ba414da0ea219768189b1b1d,de222e1c8f14da86391ecba2f5a92558895bac47f4b16736fde7519cabf8848d,True,data/NEU-CLS/train/train/images/pitted_surface_179.jpg
data/NEU-CLS/train/train/images/pitted_surface_18.jpg,pitted_surface,200,200,RGB,1,True,d64413fba409a9234c5d72f363b09fec4938dc278f71e97377341671d3346628,3b7068c7c5c49f0a42622af06f3029d3a0d70accf9bc24971b276d10c71e7a8f,True,data/NEU-CLS/train/train/images/pitted_surface_18.jpg
data/NEU-CLS/train/train/images/pitted_surface_180.jpg,pitted_surface,200,200,RGB,1,True,2b42007398e13ddb5babeb349d90e3635d53c3133d08372d287a95109ed37cc5,d368917d6f9fe8f32e16ac62a8908eb4c64852222c85156985f08bd620dd0719,True,data/NEU-CLS/train/train/images/pitted_surface_180.jpg
data/NEU-CLS/train/train/images/pitted_surface_181.jpg,pitted_surface,200,200,RGB,1,True,31b7482b422c3941ac6a11ab1b2760253cd8961701b7a012035522cbea98c356,d129251613988691f57300431088565b5038fd37e12721e7105a1d45cfe5bb45,True,data/NEU-CLS/train/train/images/pitted_surface_181.jpg
data/NEU-CLS/train/train/images/pitted_surface_182.jpg,pitted_surface,200,200,RGB,1,True,495c9dd26758ca1cdfd39436f3d208104d15378a948c77eb240805626bfe3657,9a1824a43fce4b74ab3a2609ac494cb9fdbab43e437c5f5cf64d1c558131a466,True,data/NEU-CLS/train/train/images/pitted_surface_182.jpg
data/NEU-CLS/train/train/images/pitted_surface_183.jpg,pitted_surface,200,200,RGB,1,True,08c86b3c67320c77cd7fdc77aa2485ed2b31c9a442399cbd5dff994ea41b3c5b,34bcc1a2c3bd30de626ae8a27240027c660b0ed21eed39a5d22cd9037750f8e4,True,data/NEU-CLS/train/train/images/pitted_surface_183.jpg
data/NEU-CLS/train/train/images/pitted_surface_184.jpg,pitted_surface,200,200,RGB,1,True,a6764f42e7608e539fd3b60c663b8f3bfc7d863fde46b2f41cc1c3dedd92c724,c7db72039c4d5945b05e32af472e5d1cfc909a565c681daf2a74cb68eb245ca8,True,data/NEU-CLS/train/train/images/pitted_surface_184.jpg
data/NEU-CLS/train/train/images/pitted_surface_185.jpg,pitted_surface,200,200,RGB,1,True,cbbd9e956886c5ea30e94d7f4cf26c81790b440839b7aa3f8fe08aa9cc6944ea,4da9dded311f277f912cde761b78ade657a825968a8b53692f50accb681648cc,True,data/NEU-CLS/train/train/images/pitted_surface_185.jpg
data/NEU-CLS/train/train/images/pitted_surface_186.jpg,pitted_surface,200,200,RGB,1,True,a1b72ce8de5c400c85f76234f2178ae517d660d1a9292681217983bc9b709311,64a6f58a82d34b97dca97e3a1a780bcf8f5018c62ed3812aec46e0d02de25ca0,True,data/NEU-CLS/train/train/images/pitted_surface_186.jpg
data/NEU-CLS/train/train/images/pitted_surface_187.jpg,pitted_surface,200,200,RGB,1,True,df2347ec3e9637adcc36294b8a7b18060649129cdf2a7c23eca2ccccce60d227,6dd02afe3312ca572b9bcaf807b0ff95a23da562043c2c5d8f7fdfec45c167e8,True,data/NEU-CLS/train/train/images/pitted_surface_187.jpg
data/NEU-CLS/train/train/images/pitted_surface_188.jpg,pitted_surface,200,200,RGB,1,True,1e76a357d396dec239656007172e46997273ee8c3307b246eeae95303f1234da,32cb0b590c9ae61ca949046275565abf67efd971a6d75b1d232026f6050eef88,True,data/NEU-CLS/train/train/images/pitted_surface_188.jpg
data/NEU-CLS/train/train/images/pitted_surface_189.jpg,pitted_surface,200,200,RGB,1,True,c1fa2cb0ed7e9bca3ca7b24bde379162d07de699bf37ae408b6cf57e551b0f84,97bd5f92ec8a13a208508f7c6edbf7c4ed9b066b3ce165fc25479019bc912c8f,True,data/NEU-CLS/train/train/images/pitted_surface_189.jpg
data/NEU-CLS/train/train/images/pitted_surface_19.jpg,pitted_surface,200,200,RGB,1,True,7ed12bdb7a30a918bdbf14b37b5a5dedaeabbe9e6f6a5b6c63aff9fdcf33ffd9,fcfe87a33f8a1180395854405e6fc898b75aaa042da8b7994e922473ae960892,True,data/NEU-CLS/train/train/images/pitted_surface_19.jpg
data/NEU-CLS/train/train/images/pitted_surface_190.jpg,pitted_surface,200,200,RGB,1,True,cf3abc2609997d757cffee43193a1c17b3f17bfd96934e41be168254ffa0770a,c003b1dc8a015836b077b21500245888ba11efc039045100b4284bc84604655f,True,data/NEU-CLS/train/train/images/pitted_surface_190.jpg
data/NEU-CLS/train/train/images/pitted_surface_191.jpg,pitted_surface,200,200,RGB,1,True,4280f3f673781287869bae98e82ddb0701c8d74c3836a1a8dcfbd59dd68a71cb,7a2a0f411e1c066bbe392d8cb16e46d9a43a6e45ff48cd86660efdd4e6e03ac0,True,data/NEU-CLS/train/train/images/pitted_surface_191.jpg
data/NEU-CLS/train/train/images/pitted_surface_192.jpg,pitted_surface,200,200,RGB,1,True,6abbcc366958cfa091b89c4838ea43fe2b404b1456e94f1f454f027f0207e0ed,4d42c87ea844f71cc3805a4e59f528a4a6cac8c21efb66c5f80cceabba57bab7,True,data/NEU-CLS/train/train/images/pitted_surface_192.jpg
data/NEU-CLS/train/train/images/pitted_surface_193.jpg,pitted_surface,200,200,RGB,1,True,4fbd168afd947dc6cd6440ba16c211c5892b776e9db0e3c1a037dea20c3102a3,12a4c66164e66a8285740185dae8936f385c788c14f20b248bb8a237b46dd5f6,True,data/NEU-CLS/train/train/images/pitted_surface_193.jpg
data/NEU-CLS/train/train/images/pitted_surface_194.jpg,pitted_surface,200,200,RGB,1,True,a8e91027261d33ad4c2058468f1b0a058fabfa6c29c4abfc1a0c9d42a80fe8f6,41d7ad02bb84ba04cf18b4ec7145e2f43b6b87ffdda7d60bbb44f744ee4c7385,True,data/NEU-CLS/train/train/images/pitted_surface_194.jpg
data/NEU-CLS/train/train/images/pitted_surface_195.jpg,pitted_surface,200,200,RGB,1,True,496a7faddb7fb2c2d2454ba1ac3abcbdb7e0b2d35147015987422027a85d2dda,1684961c371ba677d8e423b7a0e4ba8aefa25d891c846209f2b958369f552365,True,data/NEU-CLS/train/train/images/pitted_surface_195.jpg
data/NEU-CLS/train/train/images/pitted_surface_196.jpg,pitted_surface,200,200,RGB,1,True,e42dc05a223ea0e05edea37ff91b31c709dc061845dcbce245692bcff308bcbd,7f1534bcdcc332eb43855a96e5a1a403f639c4b9188e72cf224395b4b86fc1c4,True,data/NEU-CLS/train/train/images/pitted_surface_196.jpg
data/NEU-CLS/train/train/images/pitted_surface_197.jpg,pitted_surface,200,200,RGB,1,True,9897a8daae0073eac185c034f3a664a21b586005fdf2069346dc2bebb83daf1c,1777eeda59a972832d81a904c81c704d3c90da323cc8b9de04199e750336e2cb,True,data/NEU-CLS/train/train/images/pitted_surface_197.jpg
data/NEU-CLS/train/train/images/pitted_surface_198.jpg,pitted_surface,200,200,RGB,1,True,a460460283fd402e9e0f6cf07ed90cd0a3ce76e58ecedf31882adc9a02240f79,b848a76347a24ab511a77efec106525cb21dc1f35cfc2f565b5f2f7c6de859a3,True,data/NEU-CLS/train/train/images/pitted_surface_198.jpg
data/NEU-CLS/train/train/images/pitted_surface_199.jpg,pitted_surface,200,200,RGB,1,True,92b64539dbef7c4e515d113a114ff19b22a0d80d9c13d06d7f96df48d0b5e75f,9aa0b73cc85dcd35cd5c91027c2a9267166216576e729e3b30d30346c2b09651,True,data/NEU-CLS/train/train/images/pitted_surface_199.jpg
data/NEU-CLS/train/train/images/pitted_surface_20.jpg,pitted_surface,200,200,RGB,1,True,6e20a0c048f099170f8cdf08b011c8da6794e0d49d7fbe986c9600e2d5bb972e,80e7e08fe8766efad02e2aab0320a23d495c9e0de28a2282ac0496642bbdc959,True,data/NEU-CLS/train/train/images/pitted_surface_20.jpg
data/NEU-CLS/train/train/images/pitted_surface_200.jpg,pitted_surface,200,200,RGB,1,True,05e116a8b71bbd2ef952d71836d43017f0b30940a17dce3ed62868c6d03cb865,57bb9334cb272d017c61472d43e732facf0041af7ec93c3da788e247b696a796,True,data/NEU-CLS/train/train/images/pitted_surface_200.jpg
data/NEU-CLS/train/train/images/pitted_surface_201.jpg,pitted_surface,200,200,RGB,1,True,568bb30a2536d70ce4be156e2a98825eea9e20c45bd603c06678a07f5c5dfd04,630aa7f9a9f2d48278eb98fc960bcc0506d273d319d20c17d008d0ce82873d2e,True,data/NEU-CLS/train/train/images/pitted_surface_201.jpg
data/NEU-CLS/train/train/images/pitted_surface_202.jpg,pitted_surface,200,200,RGB,1,True,5897b0dbb3ed17cdafaf286793f856f3ee51e5aa507008204619909ee75652fc,4b64080e74c4ba4c1d8143509687d304224593596830137cc4984cece9aa1145,True,data/NEU-CLS/train/train/images/pitted_surface_202.jpg
data/NEU-CLS/train/train/images/pitted_surface_203.jpg,pitted_surface,200,200,RGB,1,True,b1696ee15b32b9a837187462324f5d6d047cd3f89cdc56641d10153411e3e03d,3373dea0e00a4dcaa286c2b86ad75482f02a61c0d59abe7f64bcc6de9bbe8bb0,True,data/NEU-CLS/train/train/images/pitted_surface_203.jpg
data/NEU-CLS/train/train/images/pitted_surface_204.jpg,pitted_surface,200,200,RGB,1,True,1e21cc5c368d9e015223dbac4771343d8acbb2b76c2ced5e49a319e1b1bb3f31,a3a1873bd8ff7f9aca7b7f616d38549fea8bd0756eb79135a89eb5c41a31208b,True,data/NEU-CLS/train/train/images/pitted_surface_204.jpg
data/NEU-CLS/train/train/images/pitted_surface_205.jpg,pitted_surface,200,200,RGB,1,True,fe06df43b595bf9b9067f6f4437aa3ffe3534eb7b56d400f0d2c1712d287daf5,a48b1f30c02a422fa553c10a99123770d9b40b7dfd323d7b19d164373ea15c01,True,data/NEU-CLS/train/train/images/pitted_surface_205.jpg
data/NEU-CLS/train/train/images/pitted_surface_206.jpg,pitted_surface,200,200,RGB,1,True,391de7caa6797b40467b1274be7b3b9241a79912813372ed40c061686dca3a95,12ba6e7c8fe421c915e723926cafc11227ccb72604f687c62e1e5d64217ca540,True,data/NEU-CLS/train/train/images/pitted_surface_206.jpg
data/NEU-CLS/train/train/images/pitted_surface_207.jpg,pitted_surface,200,200,RGB,1,True,6afad28d421f88534c6f44a5c54185fe68d6e30fe4ce55f698c6a4eff97186aa,e8c69535103aa1da7eda7ae3da6f98a69997807d29cddce717785e94d4d52a29,True,data/NEU-CLS/train/train/images/pitted_surface_207.jpg
data/NEU-CLS/train/train/images/pitted_surface_208.jpg,pitted_surface,200,200,RGB,1,True,2c14424b4a7895ac18bec0ad4692ceca810d5d099aeff58eeb741d5d8d40ff8c,67839b9e65ae6663c0e26ada941108aa42e9030c608d106d8fd3db82ee204a38,True,data/NEU-CLS/train/train/images/pitted_surface_208.jpg
data/NEU-CLS/train/train/images/pitted_surface_209.jpg,pitted_surface,200,200,RGB,1,True,76aff94fc0715efb879685a56ab14ced25a300216035f1262a0223d3a77dfe22,835ed24bf8b5be1c3415c3663a61327a85417202c43ba4b9409d0b7a1f8e2e0a,True,data/NEU-CLS/train/train/images/pitted_surface_209.jpg
data/NEU-CLS/train/train/images/pitted_surface_21.jpg,pitted_surface,200,200,RGB,1,True,2e6e07a89d10430905dd4f20e89fecb5fd03c0e29e47de9f35e001a4209373ab,0986bbac602267f37abaffa0b95075d8e243d983ba0ab681a91b6e03127729ca,True,data/NEU-CLS/train/train/images/pitted_surface_21.jpg
data/NEU-CLS/train/train/images/pitted_surface_210.jpg,pitted_surface,200,200,RGB,1,True,885c345fcea43592d1b3b8b9d2ad23a1dd4db9ba812be39b2e7a0987d837f314,4f8e5bec889488736b8e30ea34dbb6925665ed2a0a24f36eacfcbd9d59624dc8,True,data/NEU-CLS/train/train/images/pitted_surface_210.jpg
data/NEU-CLS/train/train/images/pitted_surface_211.jpg,pitted_surface,200,200,RGB,1,True,29083485e5fe4dc1a540e30697534e268f7b646ea41e3397207dda5a48ea8b57,48efe89f8e89b057843a9193d6623c16ee2a9bb9823ce5938d42eea0be3c6ce8,True,data/NEU-CLS/train/train/images/pitted_surface_211.jpg
data/NEU-CLS/train/train/images/pitted_surface_212.jpg,pitted_surface,200,200,RGB,1,True,d577914facd1ea5374575111d224ae145e0a6d76b642d3cea95a62121cc36983,b84f81a3b0ecb9f4bb7869b78d8e0f42f04bcf2b310ac2e56636c699495ace4e,True,data/NEU-CLS/train/train/images/pitted_surface_212.jpg
data/NEU-CLS/train/train/images/pitted_surface_213.jpg,pitted_surface,200,200,RGB,1,True,52ebe98212b1df478c828c7fea519c35e85f4c7cd7879fd510c9c836fbdf9492,082b184f361e0704733690953b85b8ce3d5dc49f8abd1231dfa6034b5c582123,True,data/NEU-CLS/train/train/images/pitted_surface_213.jpg
data/NEU-CLS/train/train/images/pitted_surface_214.jpg,pitted_surface,200,200,RGB,1,True,b700ddc547f3ffa22408554d90dbecc41870e42fb02cb030272fe1cb871c5e64,311e819775312fae26bbc531dec2c710ffe87dc4e801aeb963f22236adcfa9ff,True,data/NEU-CLS/train/train/images/pitted_surface_214.jpg
data/NEU-CLS/train/train/images/pitted_surface_215.jpg,pitted_surface,200,200,RGB,1,True,43a0b26cea6a82a9d71121ffd0e736f6357fa9cbcc7aefb7ad35f5fe0e373342,0a837b6b9aaaf9531e9d5aba9068f0f7b72d5537f7a56d2102ab9d8360ca5235,True,data/NEU-CLS/train/train/images/pitted_surface_215.jpg
data/NEU-CLS/train/train/images/pitted_surface_216.jpg,pitted_surface,200,200,RGB,1,True,0cc8500cb005542f6dc42c57dc10439bb202d62b7b6376e0d7407ab63c073ec4,806b6c083e606666e6cea807d89be365195ff6068bda39f3712d32de0c990632,True,data/NEU-CLS/train/train/images/pitted_surface_216.jpg
data/NEU-CLS/train/train/images/pitted_surface_217.jpg,pitted_surface,200,200,RGB,1,True,6f1f26a6ace02993d898f43ca3e9d6d04bdbb8db1e7dac5d39129db0ec789791,9fbf030190a192e4f12d4d7f70099eb2d04dc86f436c0ca063db2e0845c0deb6,True,data/NEU-CLS/train/train/images/pitted_surface_217.jpg
data/NEU-CLS/train/train/images/pitted_surface_218.jpg,pitted_surface,200,200,RGB,1,True,0f24dcb09eb61b04a299bdb63cb829404d787b8060f7900adab631178a9446f1,3787844a10f7696cb55ec4b3b4271c9028249d4b49cf1247f1d8a9d01bab9500,True,data/NEU-CLS/train/train/images/pitted_surface_218.jpg
data/NEU-CLS/train/train/images/pitted_surface_219.jpg,pitted_surface,200,200,RGB,1,True,5320c3405306655a27cb9452538ce7d3fd1f9a2b7be03e7f152472b1be5ce529,c080118ae253dc8089aa3bc66a987e68f37fa0f8efaefa976091d3044d1c75ae,True,data/NEU-CLS/train/train/images/pitted_surface_219.jpg
data/NEU-CLS/train/train/images/pitted_surface_22.jpg,pitted_surface,200,200,RGB,1,True,7c856260062dd39b4a02f77d5387f7f29059de2cee995c2c2bb60cc9eada39ed,acb503ee660f14f69b40d2b240f8007b6e3c992d69a5654184ef979a8903fdfb,True,data/NEU-CLS/train/train/images/pitted_surface_22.jpg
data/NEU-CLS/train/train/images/pitted_surface_220.jpg,pitted_surface,200,200,RGB,1,True,fed492c4346a483756fffa78f1f97d92410b94afef6d20b470026dc21bd00f56,a3c993d05eacac8c528f43e3d456e477c19998344dfcf48f0e9ff0f3c7f9192d,True,data/NEU-CLS/train/train/images/pitted_surface_220.jpg
data/NEU-CLS/train/train/images/pitted_surface_221.jpg,pitted_surface,200,200,RGB,1,True,6a2224a64ceffa893be6b282bca163a986567529f9ce5d52b949bc4fa2bab382,6028c37dd4520d89222cc0987e3fed8de69c9280d840d5839a9a35377ce3fb4c,True,data/NEU-CLS/train/train/images/pitted_surface_221.jpg
data/NEU-CLS/train/train/images/pitted_surface_222.jpg,pitted_surface,200,200,RGB,1,True,44f1fa209748d5d5ace64ce627fedc76df2e88a1c54b20366a6becc6d723aeac,5ed891b7d95001cd0218616a88aa9bda65e2733d63481997b8c99a9a8d77eba3,True,data/NEU-CLS/train/train/images/pitted_surface_222.jpg
data/NEU-CLS/train/train/images/pitted_surface_223.jpg,pitted_surface,200,200,RGB,1,True,93674f451227f71e21513aece38ffbd9de074ff66434bc640c5be7d0e52d5d41,09bf079c71a45b13cd64c08dfca904531e06c13d4441aff82032244e85acd9ed,True,data/NEU-CLS/train/train/images/pitted_surface_223.jpg
data/NEU-CLS/train/train/images/pitted_surface_224.jpg,pitted_surface,200,200,RGB,1,True,419e1d0d40ce7c53fcce40b55f4b8091d4573881d2315969d74318df493a0e80,b457ea2cac831b4bcf7dda1a0eac5ec987178bbd6701c4f18953be496d54801c,True,data/NEU-CLS/train/train/images/pitted_surface_224.jpg
data/NEU-CLS/train/train/images/pitted_surface_225.jpg,pitted_surface,200,200,RGB,1,True,23be66132f661ba432b06ba402734cbe12d05d5eca0bebed90b99d9f15cec92f,9f59f458afa9789f4aff7062bc4a23eb37bee801f6078fad0361b10bc9b27606,True,data/NEU-CLS/train/train/images/pitted_surface_225.jpg
data/NEU-CLS/train/train/images/pitted_surface_226.jpg,pitted_surface,200,200,RGB,1,True,8d08c943af8c0783ac007753d6450fd5a5828e129e199d943015f2b45c54be9e,34563f1518874084ddce69b1ec45e2a9789317a7b23546367450d1e7e31b326d,True,data/NEU-CLS/train/train/images/pitted_surface_226.jpg
data/NEU-CLS/train/train/images/pitted_surface_227.jpg,pitted_surface,200,200,RGB,1,True,67bc72dc62f6bfbcf417b731fab4a3dc6b4eb54079bd17195abfceae02a38454,a0a5186ae88ed4c3d43005663f4e8d8ffac96512bd1a5c94a5dfc09c17e73d5f,True,data/NEU-CLS/train/train/images/pitted_surface_227.jpg
data/NEU-CLS/train/train/images/pitted_surface_228.jpg,pitted_surface,200,200,RGB,1,True,a10e61fcd8ebed18668bd1ff308bf7a7e51147e25d5aabe55cf37730058b94b7,869a26ab447641268c0841ce640409c7e30cbf8e0fa13dddb71ecbddd67d8b35,True,data/NEU-CLS/train/train/images/pitted_surface_228.jpg
data/NEU-CLS/train/train/images/pitted_surface_229.jpg,pitted_surface,200,200,RGB,1,True,fcbea3daea2af57f5ecc704b6c61ac4c61a7e1e8ed047f8152b24c3c269f79a7,1517122602e9da8941c3941e38be369660c1fa9934fbe7e1151efca50678338f,True,data/NEU-CLS/train/train/images/pitted_surface_229.jpg
data/NEU-CLS/train/train/images/pitted_surface_23.jpg,pitted_surface,200,200,RGB,1,True,8f5618c22dc644e5d6e2683217caebbacbe830d3279dc1fec9619a39380fc222,2f1ba0ae0774958048594ae577b9e6d675eecce0769f3c10a2a8be0710f4519c,True,data/NEU-CLS/train/train/images/pitted_surface_23.jpg
data/NEU-CLS/train/train/images/pitted_surface_230.jpg,pitted_surface,200,200,RGB,1,True,c9eaa9c832649fe4b1fb3f7892bef6aff8f1dbdc00a4528f899bc6bfc303a8dd,afc54feb89b43a9c7b38d8175d34fbe6d741e6c7f185b49c272029a2ccaa5b17,True,data/NEU-CLS/train/train/images/pitted_surface_230.jpg
data/NEU-CLS/train/train/images/pitted_surface_231.jpg,pitted_surface,200,200,RGB,1,True,0bfa310238545597ac7a48495a85ae1a945d2f6f8e4fa470d1bce5f4648c931c,88a70815bfd2cd5db69b1cff1bea7a03abfddace4d831aa2a9bd180cd26e9cdb,True,data/NEU-CLS/train/train/images/pitted_surface_231.jpg
data/NEU-CLS/train/train/images/pitted_surface_232.jpg,pitted_surface,200,200,RGB,1,True,7fc724b97720558c8368af9ba71a65c100eb8cf912904d40bebd69498d87c489,56f0d5fc9baf670254927e0996067d1e2a446dc3efca8b160ca6189a3a5a7368,True,data/NEU-CLS/train/train/images/pitted_surface_232.jpg
data/NEU-CLS/train/train/images/pitted_surface_233.jpg,pitted_surface,200,200,RGB,1,True,a5e0724b49500d56911c65e25705e564217d7e39f098921845beb08feefc88e3,48aeb39b23b43071f770479d7a3e33dcfc7649ad14e8657a3b9ce006bb4410d5,True,data/NEU-CLS/train/train/images/pitted_surface_233.jpg
data/NEU-CLS/train/train/images/pitted_surface_234.jpg,pitted_surface,200,200,RGB,1,True,60fc8a38f90fc137e91ccb6877a0fd38e882f696f8837382615b71ec712e1e70,2f29ac395d39e3158f7c92892d3801ce173865cee21467a114fa3395e2a9a4d0,True,data/NEU-CLS/train/train/images/pitted_surface_234.jpg
data/NEU-CLS/train/train/images/pitted_surface_235.jpg,pitted_surface,200,200,RGB,1,True,a5dcbe35d37f72bd55b1d06e9c1bc2ad856bfd522a4c615f707b0257340c4727,b245cb8a337b2012e4b71fec097f723d0b88a3228269c9a089f354cfc3bcb58f,True,data/NEU-CLS/train/train/images/pitted_surface_235.jpg
data/NEU-CLS/train/train/images/pitted_surface_236.jpg,pitted_surface,200,200,RGB,1,True,4fe9242908c05da1e83d2d4c5aaa4ed0834e793e2f3de534a44da67fdb610617,d8c01e2dbb4b79187d314ab923e8db42d997003d85e21c8451e8f9608316d9ac,True,data/NEU-CLS/train/train/images/pitted_surface_236.jpg
data/NEU-CLS/train/train/images/pitted_surface_237.jpg,pitted_surface,200,200,RGB,1,True,72b3058a737c51a0126269a3d3472d6221f5ca94d5000461adb2f96e3e54ef91,e5e6634031f82606eda0d513248a8e8dcd1895e33d8290bc137dc01977cf2774,True,data/NEU-CLS/train/train/images/pitted_surface_237.jpg
data/NEU-CLS/train/train/images/pitted_surface_238.jpg,pitted_surface,200,200,RGB,1,True,90feebb241d179173583a55dcc2a072775de44e067038d60513c6c366d4eeeb3,dc10f082feee18109b6e36e18ea9b2ba69e62a08d5b32aafd721d362474b691d,True,data/NEU-CLS/train/train/images/pitted_surface_238.jpg
data/NEU-CLS/train/train/images/pitted_surface_239.jpg,pitted_surface,200,200,RGB,1,True,8d4e09024169da0d8576ade255faea115122b35cbfddb3861ba2831ecc31cb1c,7840bff8ceca4d01786a5125600af20ad23c06bd28713999f6ae6499d38e4c75,True,data/NEU-CLS/train/train/images/pitted_surface_239.jpg
data/NEU-CLS/train/train/images/pitted_surface_24.jpg,pitted_surface,200,200,RGB,1,True,cb8db299c4721fe71c11b8e12b8cff93eb0ff2bf4581d3db218f4b2226a18166,e19c66395cef838431da8021716204b711af36b60e04c4793f3a53aeeb252ed1,True,data/NEU-CLS/train/train/images/pitted_surface_24.jpg
data/NEU-CLS/train/train/images/pitted_surface_240.jpg,pitted_surface,200,200,RGB,1,True,f15af60ae8db80ad345879098107b51cd4b89e1eb225a90a326d71d2be56e915,5fc5d0a26c47ec6dc8a768a2a918ec4ec3a50d3fe658f42a9269dc99255b699f,True,data/NEU-CLS/train/train/images/pitted_surface_240.jpg
data/NEU-CLS/train/train/images/pitted_surface_241.jpg,pitted_surface,200,200,RGB,1,True,311893098116d7261e0b6a16e668067c7b6abf509fc77286fad3236eb66700f1,942d5de857968d23797dcb17513e81243b5e3411eb4c06c4ccff1d32554ca38f,True,data/NEU-CLS/train/train/images/pitted_surface_241.jpg
data/NEU-CLS/train/train/images/pitted_surface_242.jpg,pitted_surface,200,200,RGB,1,True,dc6698c721ce47ee32e523bda7d745ebe5f956adcdd3668f4333b2dc68678d54,013c92234d5f9b2ef8d85767b7dc00e058322ebf149f7cab7651240da851e17c,True,data/NEU-CLS/train/train/images/pitted_surface_242.jpg
data/NEU-CLS/train/train/images/pitted_surface_243.jpg,pitted_surface,200,200,RGB,1,True,0ff5b95f2010a0ab272018255023c9aac1018ec23243759e4d9eab1dafbff718,3b2660b1445f852252fd3494ebfe12bcc9fb0d5e7485104fd311ed30a5605fd1,True,data/NEU-CLS/train/train/images/pitted_surface_243.jpg
data/NEU-CLS/train/train/images/pitted_surface_244.jpg,pitted_surface,200,200,RGB,1,True,d52e8420e4e2cef07ecb4dd3ab16938d5c38b0389c2a525173cb61ff09879783,57e44af2b16268233e2e3e4272988e6e592aa5d02cda5253442159b8199f4efd,True,data/NEU-CLS/train/train/images/pitted_surface_244.jpg
data/NEU-CLS/train/train/images/pitted_surface_245.jpg,pitted_surface,200,200,RGB,1,True,3d5d529e56063314e4d8ba3dd836dd7cd1604d39c02d5359394e98f8c5acc036,7b88aab080521c7b656fe7314b24fad88e7f8e76766842e827f9e63c2de2ff8d,True,data/NEU-CLS/train/train/images/pitted_surface_245.jpg
data/NEU-CLS/train/train/images/pitted_surface_246.jpg,pitted_surface,200,200,RGB,1,True,373a2ca677d011ed35deab53b76e08c8275a4c947eedfe70850f90d34ec7802c,9f4ed3ab069e6973121a3084c58f4c3ce6f6d826bf71d337ebf6c61cc8c2b991,True,data/NEU-CLS/train/train/images/pitted_surface_246.jpg
data/NEU-CLS/train/train/images/pitted_surface_247.jpg,pitted_surface,200,200,RGB,1,True,8310db26d29d04eecf6ffbf01a3e3951f0a7286036c4bbb6c6c923c830708cd0,da06e1be97d3c3857d2b444f16e4696021e6108ee707df9f3b6c08e9d648afce,True,data/NEU-CLS/train/train/images/pitted_surface_247.jpg
data/NEU-CLS/train/train/images/pitted_surface_248.jpg,pitted_surface,200,200,RGB,1,True,32d2a7a3b527376a150443b005919884a24715ca6dd95256d5bccec8a32c556b,b044495ec1b276496726be7a358f01bce8a5cb8bd1f073bb8cc1490b0fb6cd26,True,data/NEU-CLS/train/train/images/pitted_surface_248.jpg
data/NEU-CLS/train/train/images/pitted_surface_249.jpg,pitted_surface,200,200,RGB,1,True,d8edffece38a3c0e78aaff137446c7aab54a2277f46d8f743ff526a9a3033add,ce865edaea37e437e77f5d9ccf5cf140705837e933347e1d1f3b0f1248c4ca93,True,data/NEU-CLS/train/train/images/pitted_surface_249.jpg
data/NEU-CLS/train/train/images/pitted_surface_25.jpg,pitted_surface,200,200,RGB,1,True,943c5054815b05422d178b9f6040aaffd378bb094389e51662ab757e584a095c,81cdaf2691fbc0a364d9e39dbad89ea02abf807752b34983eb323f2d1db6c953,True,data/NEU-CLS/train/train/images/pitted_surface_25.jpg
data/NEU-CLS/train/train/images/pitted_surface_250.jpg,pitted_surface,200,200,RGB,1,True,6968f38ce345e863cff39de195f36252e62cc23b0c75cf12ff6a811e94c622b2,bc7a28fc003cfe7e0c770d25a21071b375382e4b5a8c04fc5c34649662826891,True,data/NEU-CLS/train/train/images/pitted_surface_250.jpg
data/NEU-CLS/train/train/images/pitted_surface_251.jpg,pitted_surface,200,200,RGB,1,True,ac1bca8a4ecd2fb572b86695c488e6152db32675d9b651c062849a96bce9098c,59bcd2ce82b6eaf3b0ffb2ef0b18ca90c61485ce5c72988586e7e241c698eeaf,True,data/NEU-CLS/train/train/images/pitted_surface_251.jpg
data/NEU-CLS/train/train/images/pitted_surface_252.jpg,pitted_surface,200,200,RGB,1,True,71d965945231aa19dc245ecd53709cc421583984d1660edb5ab29a37ed06ed62,fb1169774071e9a16d1cc8e619ad1682f15c709bebe8d34b23dec205c23926c7,True,data/NEU-CLS/train/train/images/pitted_surface_252.jpg
data/NEU-CLS/train/train/images/pitted_surface_253.jpg,pitted_surface,200,200,RGB,1,True,0c62aef76c0cf9fc3ec3f324ae4f52deeabbe7172ee2fe296f762ecb16d2bcab,edb6e19d93fa1d16d88f2b7da5b42e08c4f1b84762296326ef05309d72427908,True,data/NEU-CLS/train/train/images/pitted_surface_253.jpg
data/NEU-CLS/train/train/images/pitted_surface_254.jpg,pitted_surface,200,200,RGB,1,True,f12aea95221e055b3707857a161825be6d9cd40cde27d53107b7009bc8a6a0a4,8c49ac60ff4e7a14028b71455553490a22e60ae01b4f7c65505722b3f8ab0bf1,True,data/NEU-CLS/train/train/images/pitted_surface_254.jpg
data/NEU-CLS/train/train/images/pitted_surface_255.jpg,pitted_surface,200,200,RGB,1,True,7d9a04ea3a7b664ae945103616f22ef85164b8a217a61890f02e26017c11ad05,0e55d6963644af9c53e69c944f545fa6a9504df33b7a1c6326d67ddd1efc16ca,True,data/NEU-CLS/train/train/images/pitted_surface_255.jpg
data/NEU-CLS/train/train/images/pitted_surface_256.jpg,pitted_surface,200,200,RGB,1,True,ffe760f0e5b5f36859d09e5fa35ee754c2d4da0102a326c70293842868be4869,1d030ec2f0573413ca4de14da32504e7c8f0cc7dc4dbc9d2e3164bb4ca7b62e1,True,data/NEU-CLS/train/train/images/pitted_surface_256.jpg
data/NEU-CLS/train/train/images/pitted_surface_257.jpg,pitted_surface,200,200,RGB,1,True,caf4b9386a635786a2cf3f09adfeeb163f36266378a0c31fcd904a97cb62c590,9ec41ede60977c50acecd72fe54d523f3b1b9d2e215d6e514f714acda0dcf9c5,True,data/NEU-CLS/train/train/images/pitted_surface_257.jpg
data/NEU-CLS/train/train/images/pitted_surface_258.jpg,pitted_surface,200,200,RGB,1,True,082cb141198cdc60879e15f3fa0765e99554ea4df0e7c7d6768eea189582c3c2,e330aac8694bbadb6edd46d806b6ae2a51ff8891ab255dfbd9435a74e76acfd2,True,data/NEU-CLS/train/train/images/pitted_surface_258.jpg
data/NEU-CLS/train/train/images/pitted_surface_259.jpg,pitted_surface,200,200,RGB,1,True,f224ab0dbbf358f4c6e7e23b6ac07127a11dd4ecc35e1875e7222ba0d9c0f127,1967df107cd5c8b9a7c7bf4d0353b09d057bdcad99c1f0cf5ae3943285e06e95,True,data/NEU-CLS/train/train/images/pitted_surface_259.jpg
data/NEU-CLS/train/train/images/pitted_surface_26.jpg,pitted_surface,200,200,RGB,1,True,1aaffdbdb12f5d3dba85665e436e5e3b1d4a6deca67abdd0908185950c444644,5c423571671b66cdcfcf3847123ba5e779d40bb1f710f2b95a9ea024c8342dd3,True,data/NEU-CLS/train/train/images/pitted_surface_26.jpg
data/NEU-CLS/train/train/images/pitted_surface_260.jpg,pitted_surface,200,200,RGB,1,True,5110aff87b7391929ab30ffbd01dc57c9ce8f4576f7257db6ebb541d2b6053ce,a96e4e0254732ee42ee28c42173e974e996996f96913f5b2eace84e8aeaf8129,True,data/NEU-CLS/train/train/images/pitted_surface_260.jpg
data/NEU-CLS/train/train/images/pitted_surface_261.jpg,pitted_surface,200,200,RGB,1,True,7882542d6bcef5c0a38b177bbd84c527fff9aa3fe289c71a7f7c16195212b984,8575194f17e1887c3a9565da8082ba8ee660e8e601c818f2476cafd1c9e80659,True,data/NEU-CLS/train/train/images/pitted_surface_261.jpg
data/NEU-CLS/train/train/images/pitted_surface_262.jpg,pitted_surface,200,200,RGB,1,True,003834a337c2a0e0f9239d0a6d44c15d8b3e74c1c9eca615ca35295f37b38778,604a25543d1785ea5232e1a516e0103e4cf2f2233d5c08837c7ac8fca46d258c,True,data/NEU-CLS/train/train/images/pitted_surface_262.jpg
data/NEU-CLS/train/train/images/pitted_surface_263.jpg,pitted_surface,200,200,RGB,1,True,6f0c8f0ed86a90ac96eb64bb8c6c1c67781c342b356797a01454f2ee013af18e,a564e16bbb083bfaedcaf1f2f9d15e354390908d4a164a669800f21f7dae65fc,True,data/NEU-CLS/train/train/images/pitted_surface_263.jpg
data/NEU-CLS/train/train/images/pitted_surface_264.jpg,pitted_surface,200,200,RGB,1,True,b8f33836036497d5b83075b2bf5a093601ecf13c4c81d35a1f3af008dfe52dc3,866813e5fbf7b57c2b4ac345b50be15f69e45983f2ab65f69ce690b2253b45ad,True,data/NEU-CLS/train/train/images/pitted_surface_264.jpg
data/NEU-CLS/train/train/images/pitted_surface_265.jpg,pitted_surface,200,200,RGB,1,True,acd4b4df93e0c79a692fd5da209cacca3e35606263d5ede0c800773699cf13d7,c8ec0bbf0068abfcf402c6d600f150b00566cdb5d031bd60d0d9cc25e7270cee,True,data/NEU-CLS/train/train/images/pitted_surface_265.jpg
data/NEU-CLS/train/train/images/pitted_surface_266.jpg,pitted_surface,200,200,RGB,1,True,d59af1a5f35ba00a9cfd9ef828b4817d110dde01008cf5132f33b852afb0e9f4,485dcd383db71e2296d7fc1123d043e649bd0c0c6d4596facb948c30cef436a5,True,data/NEU-CLS/train/train/images/pitted_surface_266.jpg
data/NEU-CLS/train/train/images/pitted_surface_267.jpg,pitted_surface,200,200,RGB,1,True,f09776c48b5920adfb3dc441e4cb2fc446b35fc45da3e39f71c2d6a625215788,c305affcddce64c29bdf3329684b6afa2c6503f85b7dcf3bf88ad85a01ab8c8c,True,data/NEU-CLS/train/train/images/pitted_surface_267.jpg
data/NEU-CLS/train/train/images/pitted_surface_268.jpg,pitted_surface,200,200,RGB,1,True,62c8106f8afe8a3e0a3f6ab5245d6384f6f5f216333f1e73e0b5068b43833a7b,130957e754969f63b566827485b6f57abcd0f05bed16005653961406ef0b074e,True,data/NEU-CLS/train/train/images/pitted_surface_268.jpg
data/NEU-CLS/train/train/images/pitted_surface_269.jpg,pitted_surface,200,200,RGB,1,True,107570ad7f158697ba47bfc6d56b7bbcb59cb92f4f558e6517d5581f708b6a63,f429ef993394697c1bcf8bad1b79c4c00b510ace85a984fe3bb4b8ef8711f978,True,data/NEU-CLS/train/train/images/pitted_surface_269.jpg
data/NEU-CLS/train/train/images/pitted_surface_27.jpg,pitted_surface,200,200,RGB,1,True,725a5eae64a7b0d0324d363d6f9fd1fb2347d22d5c3fd0dbba958041cdd521ef,586b4d1fd99a350e4c945591ce859cce9eea900e89a8179d4eabfa4ad7bcef4e,True,data/NEU-CLS/train/train/images/pitted_surface_27.jpg
data/NEU-CLS/train/train/images/pitted_surface_270.jpg,pitted_surface,200,200,RGB,1,True,4d4074af862f2a649838d3e4ea4503d74de1a05b3d242eeb3eff323f9b2e1ebd,5f001595a1db9af7e8b744a8e5232e767203bd837ca270660aad1f99543db4e7,True,data/NEU-CLS/train/train/images/pitted_surface_270.jpg
data/NEU-CLS/train/train/images/pitted_surface_271.jpg,pitted_surface,200,200,RGB,1,True,574c40cc98d5a5b62acef70b67953651a0f64ab32211eb30a47171c8812e1975,a5c4a647a67351277d9789b6ffddee986af91e1a0f76f1b521019ac3c4b7a356,True,data/NEU-CLS/train/train/images/pitted_surface_271.jpg
data/NEU-CLS/train/train/images/pitted_surface_272.jpg,pitted_surface,200,200,RGB,1,True,5276aef701a487548d42471c70ce9b1407c304313d9a36a5f7bf0e10c92467f5,5285cf8c34c0a2e6f606f67d86b293e9496fec58aa0fc9c54b41d863abb2d7be,True,data/NEU-CLS/train/train/images/pitted_surface_272.jpg
data/NEU-CLS/train/train/images/pitted_surface_273.jpg,pitted_surface,200,200,RGB,1,True,478bc609f0ac13106fee87bd8b04b1f9c73159682ed58fff084611fa04b718c6,959ee13386faf4380fae456e5248669a60a18435f9232bf3a66e8627bb797a6f,True,data/NEU-CLS/train/train/images/pitted_surface_273.jpg
data/NEU-CLS/train/train/images/pitted_surface_274.jpg,pitted_surface,200,200,RGB,1,True,698933de2e9fdf591adcc3f7792c0447cf818b493b7072137c7773ae93b15870,f99026bcfc38dc3fb91d56402744ae3309dcb6666a405ed6ed21a580303624c2,True,data/NEU-CLS/train/train/images/pitted_surface_274.jpg
data/NEU-CLS/train/train/images/pitted_surface_275.jpg,pitted_surface,200,200,RGB,1,True,58594a1b490b1918d0ac3a039550ce46634b19ca12602ce36c470af0b57b4f28,fc4f339438d78fa1dbd95b52072d24424ee291735c53dc629ba70d53f00cd515,True,data/NEU-CLS/train/train/images/pitted_surface_275.jpg
data/NEU-CLS/train/train/images/pitted_surface_276.jpg,pitted_surface,200,200,RGB,1,True,f381ba16a13c335d99e485080a8c771810d79a17e7f027acc417ce378f6e4c74,0bdb6318b2647792fbeea835f742a3af04ee9b018c2188b27945b86c898e31ed,True,data/NEU-CLS/train/train/images/pitted_surface_276.jpg
data/NEU-CLS/train/train/images/pitted_surface_277.jpg,pitted_surface,200,200,RGB,1,True,cfa49c7eb0958b57f8eb2f4c63042b188f3290ced92c015e774c8553e8431f3b,3f6766439cbd1504673579260953e6fcacf430c761809139b44a6f38763da6db,True,data/NEU-CLS/train/train/images/pitted_surface_277.jpg
data/NEU-CLS/train/train/images/pitted_surface_278.jpg,pitted_surface,200,200,RGB,1,True,a2ca53c5f4dcbc1afb5c6bd056fd7b18f83e7a9619b617b050a0ac466758d3fb,e55f2d5f69f320ff88ef74f0b283db4014f003ca0392e14c785eda6c58014f08,True,data/NEU-CLS/train/train/images/pitted_surface_278.jpg
data/NEU-CLS/train/train/images/pitted_surface_279.jpg,pitted_surface,200,200,RGB,1,True,54dc6e81c383ea7f2da249324069777408235d16a3ea21471b0573b94fa3aba7,e8150d6cefb5a26e6091d340cfd108f643cc5a25856497a60a1e7421c02c0bd0,True,data/NEU-CLS/train/train/images/pitted_surface_279.jpg
data/NEU-CLS/train/train/images/pitted_surface_28.jpg,pitted_surface,200,200,RGB,1,True,6500eecd69447d4979ad593da486c86baa426e3a4bce598962489750a56b63d9,27eaf9f26191b093687690f76fddf115fa37e5284f39a2bd025716ad523638ca,True,data/NEU-CLS/train/train/images/pitted_surface_28.jpg
data/NEU-CLS/train/train/images/pitted_surface_280.jpg,pitted_surface,200,200,RGB,1,True,a3d0169e01ee1ef9879e52fe2a9c3b9ff3ccce4efbaeb7b55d42e0385e751ca2,e39cfadd67ea8dc2dab66808a9b500a1aa999b012e48606cca06828217906946,True,data/NEU-CLS/train/train/images/pitted_surface_280.jpg
data/NEU-CLS/train/train/images/pitted_surface_281.jpg,pitted_surface,200,200,RGB,1,True,95f7917ac8309632a4c42576fbe2ca5b49aeecf0af6730762eda25ea3246795d,5944a74684349cdef47d7e6a1cbaf1d1385b8d93a0507b25e65236a81dda8ddb,True,data/NEU-CLS/train/train/images/pitted_surface_281.jpg
data/NEU-CLS/train/train/images/pitted_surface_282.jpg,pitted_surface,200,200,RGB,1,True,cddef1a10e36aa1dd8c42fc5f2acd66e74c50b547ad905eb8baa47fd5800321a,15879b51110461d5f5ce00d6004178366c13f3d52ae72d0cbcd040b254e5b359,True,data/NEU-CLS/train/train/images/pitted_surface_282.jpg
data/NEU-CLS/train/train/images/pitted_surface_283.jpg,pitted_surface,200,200,RGB,1,True,a7848a058d4eb08b6f4faaf3dd44c0a956650205748301236b17426d57097aa6,840ec39afa94592bb2efb7dca403e9a7232d926aae6178ee7e037437e31491d7,True,data/NEU-CLS/train/train/images/pitted_surface_283.jpg
data/NEU-CLS/train/train/images/pitted_surface_284.jpg,pitted_surface,200,200,RGB,1,True,b91c92306577ac1022c23895570c9c24f29ee73745da604f5b75183b9c91b1f1,9b2a4f6d2da00d3e68b0a85450a51ddde5bb877fed2beb9603623366e7443a18,True,data/NEU-CLS/train/train/images/pitted_surface_284.jpg
data/NEU-CLS/train/train/images/pitted_surface_285.jpg,pitted_surface,200,200,RGB,1,True,67ba9fbc2930c05bc1f4563f9124a711b16f1be6424cf1dab9278b9edf45fefe,02c6314bb98daaf227ff7293f57aa24a7dcf70f1913038b28ad09d9defc0968a,True,data/NEU-CLS/train/train/images/pitted_surface_285.jpg
data/NEU-CLS/train/train/images/pitted_surface_286.jpg,pitted_surface,200,200,RGB,1,True,8fa8faa63ff20acafbada36cfdba2d71202c7148af01e0c9e39b060b92c3d219,3b2c94f7184a9a750bc81f9da856ab21e970e94c861914e0fab4f2f083f7050f,True,data/NEU-CLS/train/train/images/pitted_surface_286.jpg
data/NEU-CLS/train/train/images/pitted_surface_287.jpg,pitted_surface,200,200,RGB,1,True,c77cc92be88c61ee91d1b79c527e158d457db236c4bcb844874350cb7dda7335,93c24351da153091b79911b2b475fa2b7101d418af8ba56f4757ad9fb32a5245,True,data/NEU-CLS/train/train/images/pitted_surface_287.jpg
data/NEU-CLS/train/train/images/pitted_surface_288.jpg,pitted_surface,200,200,RGB,1,True,b816257cb09fcd1a3c70f8b1a11a459f21ca434490ae70d1c85b67fee97cf66d,1e66a3bd579d7ca935d02b6ad54f246c55bbae5c7b6d5cd0fdbb94cbc464b4f6,True,data/NEU-CLS/train/train/images/pitted_surface_288.jpg
data/NEU-CLS/train/train/images/pitted_surface_289.jpg,pitted_surface,200,200,RGB,1,True,657ff0c9728739c62c7b120e78cfe091740c7f466dd984467e8cb02f70e4b02e,c0da7b0d6bf16c7c3456000fbb2dd78d58583fc797dd1e70961ff7a127f28a43,True,data/NEU-CLS/train/train/images/pitted_surface_289.jpg
data/NEU-CLS/train/train/images/pitted_surface_29.jpg,pitted_surface,200,200,RGB,1,True,1cb876a9d3d7b1102b7a7af13d0bfadbe5b7055dbe84623c23ab972cd9ef79fd,6eba4acee693998c998d59955c28695f7f04e8bb8135056a1fc34c482117a6ff,True,data/NEU-CLS/train/train/images/pitted_surface_29.jpg
data/NEU-CLS/train/train/images/pitted_surface_290.jpg,pitted_surface,200,200,RGB,1,True,a6eccecb7af92cb4b6a938125998e324391eadcb34122279cbfad15af17e347b,cafc3b3354ed33edd983a03a266dff14a3e05d48cb0671cf425c5ddda5b35d7b,True,data/NEU-CLS/train/train/images/pitted_surface_290.jpg
data/NEU-CLS/train/train/images/pitted_surface_291.jpg,pitted_surface,200,200,RGB,1,True,d5174521affd4f53f17e4f836b0e77cab67cbeb5eb27df3f455c945c74c32f0e,e806f65e9d970812b1eeb90d2adbfa9295b113be8a4b5ad678f0ccf30e38b620,True,data/NEU-CLS/train/train/images/pitted_surface_291.jpg
data/NEU-CLS/train/train/images/pitted_surface_292.jpg,pitted_surface,200,200,RGB,1,True,a42ca33bde4f8241cb41cc0898caa3e1251f11d271f516aff32314877dbac51d,e9dac085e6c42000b053c3e99edcd3d5be3453bb8d80945bb8a1aa88d4c476f8,True,data/NEU-CLS/train/train/images/pitted_surface_292.jpg
data/NEU-CLS/train/train/images/pitted_surface_293.jpg,pitted_surface,200,200,RGB,1,True,59e6160da4dd50f8e6e9e80f0161aea97328d626a56c2e36403799975f0c3a17,14d8587d30a2523553692e5510af8ad88df58c020270e01c4592cc68d1eb29cf,True,data/NEU-CLS/train/train/images/pitted_surface_293.jpg
data/NEU-CLS/train/train/images/pitted_surface_294.jpg,pitted_surface,200,200,RGB,1,True,3e8d7b4980ba54f2bf86ebcc9e8d72fb3cdf2dbe4c73c058e406c05b111b04a4,d5dddca0c23a71b9da81171688409f90f3e5aa024ed93c6bb13ec19e08b10fe7,True,data/NEU-CLS/train/train/images/pitted_surface_294.jpg
data/NEU-CLS/train/train/images/pitted_surface_295.jpg,pitted_surface,200,200,RGB,1,True,1a2471cd8d2434a2eb72aa2713ba06554da095ff8bef6da28b4c33b4d819fd3b,b6f2a209a8869f443cb95ecd2f04a5ac566a122d42f62e7102403a7b814f5bc2,True,data/NEU-CLS/train/train/images/pitted_surface_295.jpg
data/NEU-CLS/train/train/images/pitted_surface_296.jpg,pitted_surface,200,200,RGB,1,True,fce05758c0878c49a9a471888522d44883e9b6a4183a103acade9890c00b30dc,80eb24c0b1ea0fde85a05e0206ba29b717c6ba499e67ce18adc9a5f282adc51c,True,data/NEU-CLS/train/train/images/pitted_surface_296.jpg
data/NEU-CLS/train/train/images/pitted_surface_297.jpg,pitted_surface,200,200,RGB,1,True,1cea18a9361b852b51ef437201890e7e6ced6d265b0249fa6dac144fe584076d,472839e578e0522528ee6f07ee525b3428886fa33b05233f188c2692f2e89cc8,True,data/NEU-CLS/train/train/images/pitted_surface_297.jpg
data/NEU-CLS/train/train/images/pitted_surface_298.jpg,pitted_surface,200,200,RGB,1,True,ffd6c20b0571b9d4a4cd08d8de1e3ea851989c12c5348c2acdd9bae2a4ad2a76,203b44699c34b36e51fe3e58a2c9ec20d592b1d8422deb1a2a6ebc95bc90c174,True,data/NEU-CLS/train/train/images/pitted_surface_298.jpg
data/NEU-CLS/train/train/images/pitted_surface_299.jpg,pitted_surface,200,200,RGB,1,True,3f5cc6ab754ae9eea0ac28f797bdf7be4ca6d330791eb11361bd37a9e269f345,79af2ce9bf06d4cfbf70930c5f3a07ba71fa68bb3ef1bd605889dfd3dc8dbf76,True,data/NEU-CLS/train/train/images/pitted_surface_299.jpg
data/NEU-CLS/train/train/images/pitted_surface_30.jpg,pitted_surface,200,200,RGB,1,True,306098fc0e18d042291be4418c1c664271a7e851e0ca0f7b41f90ed485d83bda,2fe591ea64692745af1147fd6e0c910f657d9420a750e6449474ca56e11cacef,True,data/NEU-CLS/train/train/images/pitted_surface_30.jpg
data/NEU-CLS/train/train/images/pitted_surface_300.jpg,pitted_surface,200,200,RGB,1,True,8ed56df34f6bcbcb5c60384c1c37b05d01365dfbb81b1a8855fbbe260718a32a,8f618f9db9c8798f959f796ab48fb3339390c9730f766b8c9231247b28a476ce,True,data/NEU-CLS/train/train/images/pitted_surface_300.jpg
data/NEU-CLS/train/train/images/pitted_surface_31.jpg,pitted_surface,200,200,RGB,1,True,6be554255e6859c5e1dbd4c07fefe00e6e304362da5246dbdafd99341fe0086a,0a2493c003add3fe2786879ef912743909e02372995bf77d09fdf6efe637a6a3,True,data/NEU-CLS/train/train/images/pitted_surface_31.jpg
data/NEU-CLS/train/train/images/pitted_surface_32.jpg,pitted_surface,200,200,RGB,1,True,507b255dbb67572f745c5b7e2a7407e7514bd2232f98f6fd524fee893d5bc7f3,bd383e4a6429157c1fb60c2f065e5e7465d21e666a0a64092bd143b9d0837a12,True,data/NEU-CLS/train/train/images/pitted_surface_32.jpg
data/NEU-CLS/train/train/images/pitted_surface_33.jpg,pitted_surface,200,200,RGB,1,True,af99bdfab330b77986583aaa86da06f6ddfa291d2a365e6ac09e24b3ae17e321,94ec30e141311e9f3950dc617a33d5567fe2b433c503ae59557462043898371e,True,data/NEU-CLS/train/train/images/pitted_surface_33.jpg
data/NEU-CLS/train/train/images/pitted_surface_34.jpg,pitted_surface,200,200,RGB,1,True,ed7d558322552b8c5e21af130313dcdceeb764c3764bb9f102eea47225a1fdd5,d32972f61bbd205926e190f4b687b6c4e5c2cd0e3c3285e6b4adc405e5b459ef,True,data/NEU-CLS/train/train/images/pitted_surface_34.jpg
data/NEU-CLS/train/train/images/pitted_surface_35.jpg,pitted_surface,200,200,RGB,1,True,e77933cb6d561b6fd5873d433367d4a504c6f53a6ed13576d516f3f9274b5c65,a09a7fa1213621158c4119807b59f58f38f689bfb26a216580c8e8590f79c7e1,True,data/NEU-CLS/train/train/images/pitted_surface_35.jpg
data/NEU-CLS/train/train/images/pitted_surface_36.jpg,pitted_surface,200,200,RGB,1,True,3954a55a23832a84b6666510890149fd164489e1cecf94860d3defac8d2ef5ef,3de45743e1031706089acfc71926056b02049fabe67048bdc3fe3ed5dd916934,True,data/NEU-CLS/train/train/images/pitted_surface_36.jpg
data/NEU-CLS/train/train/images/pitted_surface_37.jpg,pitted_surface,200,200,RGB,1,True,eefa9cf6b94908b295f83a246db887ae02e8a97ccfdead52031be615d29f6e50,0f2b862ce58d714034d20aaac43f737c81656db114a4c2b443f17ac69f7794d7,True,data/NEU-CLS/train/train/images/pitted_surface_37.jpg
data/NEU-CLS/train/train/images/pitted_surface_38.jpg,pitted_surface,200,200,RGB,1,True,f37fde07c3afe1f5051f0c31c9ff7d1cbbe1da703ff3d7b27125c3366f0b7ac2,5a508047d5ab0a70303482a58dfa27143c3c7ed3a59dfd579040695a08564934,True,data/NEU-CLS/train/train/images/pitted_surface_38.jpg
data/NEU-CLS/train/train/images/pitted_surface_39.jpg,pitted_surface,200,200,RGB,1,True,8045c0220b70504345d02c81c69845e48bac0417e3472d3703027c96965004fc,b5c365f9b168537a1e3ba7211233f1a4c9f5c084d4cb2efaaca62b398f2c5858,True,data/NEU-CLS/train/train/images/pitted_surface_39.jpg
data/NEU-CLS/train/train/images/pitted_surface_40.jpg,pitted_surface,200,200,RGB,1,True,90f777c4cf0471e5832ed22f5bd79bfef6be9dcef7f26f5655af2e7b4df91e71,38b1808d213d01e7638b7666003d8685563b5195136d13364d85a2818154774c,True,data/NEU-CLS/train/train/images/pitted_surface_40.jpg
data/NEU-CLS/train/train/images/pitted_surface_41.jpg,pitted_surface,200,200,RGB,1,True,50ca0984e1b38189c34e62d61edd2a4c21202d3353a20ea9a31722dd25b72201,e9ded95c1a1269e00e8c249613f136cfe9594d6c03c36ff874cd8807b9ce42ae,True,data/NEU-CLS/train/train/images/pitted_surface_41.jpg
data/NEU-CLS/train/train/images/pitted_surface_42.jpg,pitted_surface,200,200,RGB,1,True,5e71dd4fcf0975c0bd8bd75c24dc047627516f66d59401f941b97b469d016f48,df7a5df6a249465582913c0b944508589d30e5e03fae49989259bb5e37fbcda7,True,data/NEU-CLS/train/train/images/pitted_surface_42.jpg
data/NEU-CLS/train/train/images/pitted_surface_43.jpg,pitted_surface,200,200,RGB,1,True,d13a0906ba9e34d170ca9d2309b7e713664b1da1c814a7aad16513f6a9ab9f60,e589b352d814ea7dd531a1eee6d8fae787d588b7c41734a2d891c7890ec0f3aa,True,data/NEU-CLS/train/train/images/pitted_surface_43.jpg
data/NEU-CLS/train/train/images/pitted_surface_44.jpg,pitted_surface,200,200,RGB,1,True,1d2129cadf9076d425e125a0596b462a8e5dc39398ca72902e4fa4df8beb6857,8414383e56260babc71d163351d445690170da2cb90d00f5f6244d673759aa33,True,data/NEU-CLS/train/train/images/pitted_surface_44.jpg
data/NEU-CLS/train/train/images/pitted_surface_45.jpg,pitted_surface,200,200,RGB,1,True,afab3997bbd828d18fb1d87eec86e513cabecd63a6ce44207e35da85c7b043a9,d69f1c9aa87845f8f1c0edba6a365ad995f2552244de1e2c462869bb86e61a36,True,data/NEU-CLS/train/train/images/pitted_surface_45.jpg
data/NEU-CLS/train/train/images/pitted_surface_46.jpg,pitted_surface,200,200,RGB,1,True,c5340e6c7f50d8676b0407259ee687b27f8920b441afe943e7ef800d93bb65a5,9cd7a2eb6a7b30aa34c02009366cbb9a89a8c7dc068a39235ebfbddad84ba4ef,True,data/NEU-CLS/train/train/images/pitted_surface_46.jpg
data/NEU-CLS/train/train/images/pitted_surface_47.jpg,pitted_surface,200,200,RGB,1,True,e3c440844067a1022cabe8d8ab71283fda70210f94da1394f9296a58ed380ee6,720814bd8412fc00d5b0d4328092c5bb09260eb88d43d544b6b29b0ba00f1071,True,data/NEU-CLS/train/train/images/pitted_surface_47.jpg
data/NEU-CLS/train/train/images/pitted_surface_48.jpg,pitted_surface,200,200,RGB,1,True,d5136b7f1a4b9588c04c1c30c329cbe45368cd9c5171370b38d0c0ef306d825b,4e017719760a76b6ee8173510da9ebb1ca31b0a67cc8f924443fbf38b77d646d,True,data/NEU-CLS/train/train/images/pitted_surface_48.jpg
data/NEU-CLS/train/train/images/pitted_surface_49.jpg,pitted_surface,200,200,RGB,1,True,a9670be72781679c10fa4ae7c174ab3c6196e4a3b38545aa318116a58123d49f,7c0d20dac454c0d5ef8747633ed00ca9b926b254a1f3ed8184a6892702ea5f7e,True,data/NEU-CLS/train/train/images/pitted_surface_49.jpg
data/NEU-CLS/train/train/images/pitted_surface_50.jpg,pitted_surface,200,200,RGB,1,True,046697383b1e45b1e6545bd84896610cdf9788643a11a525bd4e66809bf1f150,2b5ea89f18cfd9dc2d9e39f8989509484b1fa33259e471d7ad83789ab4d10e63,True,data/NEU-CLS/train/train/images/pitted_surface_50.jpg
data/NEU-CLS/train/train/images/pitted_surface_51.jpg,pitted_surface,200,200,RGB,1,True,1cc100bf4d30f06d7229f6be837fd25e84b7f2540b9b61c0752c7ea8290c6a68,5afd302deff7f224d1970224ace0b43799eaac9dc658ddc2a92db847d57a5a4d,True,data/NEU-CLS/train/train/images/pitted_surface_51.jpg
data/NEU-CLS/train/train/images/pitted_surface_52.jpg,pitted_surface,200,200,RGB,1,True,bbe51811b92b40d7c34e1c05de5ee74285e2dd605fa971e0c21b3aa74957a8ad,f56d20b1091c0894f7c5afeee8c22c41f87db769332ff2f3decdff643ad3c28b,True,data/NEU-CLS/train/train/images/pitted_surface_52.jpg
data/NEU-CLS/train/train/images/pitted_surface_53.jpg,pitted_surface,200,200,RGB,1,True,4e8dd9c0a12898861a575108b45acddfdfc342f3d346c089f9eb9d56f3c4281f,ccb0712276cabd6848292ff6e62000f6d05f8910fe12d79e76240bb288f46657,True,data/NEU-CLS/train/train/images/pitted_surface_53.jpg
data/NEU-CLS/train/train/images/pitted_surface_54.jpg,pitted_surface,200,200,RGB,1,True,ea6601517e39dbac5c65bfe801ed5599befb64e7ff20b468d07e8e09148c95f5,3561a561b98c671a63ac2a203ccefae74e1efffeb09905fcdc1e083763fa2c24,True,data/NEU-CLS/train/train/images/pitted_surface_54.jpg
data/NEU-CLS/train/train/images/pitted_surface_55.jpg,pitted_surface,200,200,RGB,1,True,00cfb7a08d4bcc88ea6699a69bf1ecced87d2cd2d25e17b88ebad19d854ca63d,e594e2eaabf950b7c563bd0d87c831c7f7697c2621d78cd40548792772d1d50e,True,data/NEU-CLS/train/train/images/pitted_surface_55.jpg
data/NEU-CLS/train/train/images/pitted_surface_56.jpg,pitted_surface,200,200,RGB,1,True,92899dce5b9fba8de221a26a0e04c1f15d2f84c669d1b385803dbd8a76fd98c3,811f2f549eb66e11c415088bc1f129a450677c31ecff2538313b41fffe168625,True,data/NEU-CLS/train/train/images/pitted_surface_56.jpg
data/NEU-CLS/train/train/images/pitted_surface_57.jpg,pitted_surface,200,200,RGB,1,True,59c28c2a5bb33b78236ba5035ab7e7e37acbe98c9f1d8bea9f9635aaa68cf2c1,f354fe9ad4db1bf21b067ee3bb8b56df66c3bca90a23dfbe8561078d65f1f473,True,data/NEU-CLS/train/train/images/pitted_surface_57.jpg
data/NEU-CLS/train/train/images/pitted_surface_58.jpg,pitted_surface,200,200,RGB,1,True,c739fc8183b7130b79c5950b62464216814b063ca268005e4aec08671b39bab5,27af8ea5363b0d8ab12e8366316ad775e52bfe31368e0bfac8ce3058bc40830c,True,data/NEU-CLS/train/train/images/pitted_surface_58.jpg
data/NEU-CLS/train/train/images/pitted_surface_59.jpg,pitted_surface,200,200,RGB,1,True,9dd92f35fe35591114f3c34c814f9a0706971153ea868a2a597e28aafabb2d29,800f90f43a14199fb8adee08e10a47385c6579cf0b35c43b9e9c38e572f10f5f,True,data/NEU-CLS/train/train/images/pitted_surface_59.jpg
data/NEU-CLS/train/train/images/pitted_surface_6.jpg,pitted_surface,200,200,RGB,1,True,aaa6cc094dd7be08524e6fb7a9a861e885f4409dc96b53301392dbb6d0941e92,2320706cf6f59808e483debd167d45d21c38d7dc989123e271c6f56dc19c7970,True,data/NEU-CLS/train/train/images/pitted_surface_6.jpg
data/NEU-CLS/train/train/images/pitted_surface_60.jpg,pitted_surface,200,200,RGB,1,True,cd6d2ba79d8acdea1aeb393182016fbee35d55dc142efac01c1706ef791bca8a,1fb61a20f0f25b3c60d87d20d0769e53696d61e8f1621caf8f379604f9364c2f,True,data/NEU-CLS/train/train/images/pitted_surface_60.jpg
data/NEU-CLS/train/train/images/pitted_surface_61.jpg,pitted_surface,200,200,RGB,1,True,ad6f2b128872256beeb6a0457377b4a834050a731f976fc8f3dcc75a0febcf23,92668d7bbdb61e4e4e24ff8609c45f1504f9ea5fd2e6e73261cb1ebfab6e6441,True,data/NEU-CLS/train/train/images/pitted_surface_61.jpg
data/NEU-CLS/train/train/images/pitted_surface_62.jpg,pitted_surface,200,200,RGB,1,True,f2746e85b8590550ac82838e6539dcda6a0bfa68c95acfc98ba8281de62e963f,1e02e275daab71e681f818556c1e526a6a6df47359e4b5bccca4d956f235a61c,True,data/NEU-CLS/train/train/images/pitted_surface_62.jpg
data/NEU-CLS/train/train/images/pitted_surface_63.jpg,pitted_surface,200,200,RGB,1,True,c187ccec526bd06bfa42f36b6d928f87cad59bf691bb9e2fd6662b52395970e4,07a45a91e4bbce4cf891f128bbace5eaaefe2e62d09e059d3b23eea78a5c73cc,True,data/NEU-CLS/train/train/images/pitted_surface_63.jpg
data/NEU-CLS/train/train/images/pitted_surface_64.jpg,pitted_surface,200,200,RGB,1,True,37863072e74292a7743d079bff854875c9fa089a647b5eb9ca3ed889d51075e3,938f4052d27e1415d59ca422b2e52b761e4999474880530e72e7f57000da982b,True,data/NEU-CLS/train/train/images/pitted_surface_64.jpg
data/NEU-CLS/train/train/images/pitted_surface_65.jpg,pitted_surface,200,200,RGB,1,True,f34e6e2986b6efc0c7281e6765d94c0e449dada265f65dd42074ba2abbdc63d7,d8bb19cef6614856fff1ea78de9b4453f084c2964a65626970fd226ca3f8a573,True,data/NEU-CLS/train/train/images/pitted_surface_65.jpg
data/NEU-CLS/train/train/images/pitted_surface_66.jpg,pitted_surface,200,200,RGB,1,True,066bf3f2952da00ab4f5cdfa1bec8bce8c08d71ff7adb7a5ab55ad55caa02a0c,b3f3652fc78ec48fe9452f0f0f0bb220a79c395e9b1e8215bfe63c6df122b119,True,data/NEU-CLS/train/train/images/pitted_surface_66.jpg
data/NEU-CLS/train/train/images/pitted_surface_67.jpg,pitted_surface,200,200,RGB,1,True,4c4edeebf71125633834821d9fa8259881aa9881e715c9af06124da020081559,e48339e8eb54e622f88a87010f74192f5e0eaf048009f2f5a28fe5efac49f5fc,True,data/NEU-CLS/train/train/images/pitted_surface_67.jpg
data/NEU-CLS/train/train/images/pitted_surface_68.jpg,pitted_surface,200,200,RGB,1,True,6dce24c80afbd882a5c86c478aa66f292f40c415070a9ae0b3773b08ba55104c,4697ffc955b77f225effca1e51a332ab7a6b9923e5cdf4360d230f94dd554ab4,True,data/NEU-CLS/train/train/images/pitted_surface_68.jpg
data/NEU-CLS/train/train/images/pitted_surface_69.jpg,pitted_surface,200,200,RGB,1,True,411dcbfc1f8252da5c9395b2036d6b90ce71fdf54b577380b1f30466945a467c,a66f51b84a56a86934b73716227eb92e0526e6c7f2438aff594869560b954dda,True,data/NEU-CLS/train/train/images/pitted_surface_69.jpg
data/NEU-CLS/train/train/images/pitted_surface_7.jpg,pitted_surface,200,200,RGB,1,True,c348e6929eb0d8c7f3207ea887e7a6ce4e7eeb43c354c28789927f0c625d1c2c,31c4418001a828e1e7b2a2b8abb3dcfa2c2edfd76e18f6af37c6e780bff0ec32,True,data/NEU-CLS/train/train/images/pitted_surface_7.jpg
data/NEU-CLS/train/train/images/pitted_surface_70.jpg,pitted_surface,200,200,RGB,1,True,873394e2dc97b96c8d1608bb7add234c4864d660ab46125af2e14053d04dd9d5,f68d071dab34ee9f3c625cfb82256ff7e0301b3a2da3cf1d868e6f9563c8911b,True,data/NEU-CLS/train/train/images/pitted_surface_70.jpg
data/NEU-CLS/train/train/images/pitted_surface_71.jpg,pitted_surface,200,200,RGB,1,True,58e9aec52c45805cab6805931fdeb0c2a07612157dd7085b298be65db55eb093,48b2eaae5f549dd897571e4dc31d48330e2ca4a42218e7196115b1df5ba6d076,True,data/NEU-CLS/train/train/images/pitted_surface_71.jpg
data/NEU-CLS/train/train/images/pitted_surface_72.jpg,pitted_surface,200,200,RGB,1,True,7cef35017533cd98b77b8e622155d0292df3ac103876d9bf17710d240596833f,84918be2a1fcdef80ca9a2349d04065c0eb94138fd85289e574098c0ede2853e,True,data/NEU-CLS/train/train/images/pitted_surface_72.jpg
data/NEU-CLS/train/train/images/pitted_surface_73.jpg,pitted_surface,200,200,RGB,1,True,821b1e0cea8c13bbf9629dac10958da3ebe4f74560d311b4fd398c820e76d129,71d38809d13f3f3cd26e6ea6692b837db8c6d31d46edb6c35bdd957c169d4bc5,True,data/NEU-CLS/train/train/images/pitted_surface_73.jpg
data/NEU-CLS/train/train/images/pitted_surface_74.jpg,pitted_surface,200,200,RGB,1,True,ad625a18cb4f61b4c35b5ea6618110cdfb5c8a0acb2e426e67befad791602db9,21828f446246729c5bfd572463f73d84d24c7dc136542a5dca84465480f10592,True,data/NEU-CLS/train/train/images/pitted_surface_74.jpg
data/NEU-CLS/train/train/images/pitted_surface_75.jpg,pitted_surface,200,200,RGB,1,True,6f488898023e07c9c4f37a59fcb942d667d544fc86c82acbc3b4562a884214fc,0b4ceebcda1e866127d5a2cf47985550836356309634ba3631d5901f9fcc3ef9,True,data/NEU-CLS/train/train/images/pitted_surface_75.jpg
data/NEU-CLS/train/train/images/pitted_surface_76.jpg,pitted_surface,200,200,RGB,1,True,7ab2624513ca51f7c4c6c1a6ce156c06a9e8ff023c7242526117bd278e7d89e8,988a4806c2f81059a8f421ec214e9d9697fdca12e79ea9d09df5fe14b5c4d8a7,True,data/NEU-CLS/train/train/images/pitted_surface_76.jpg
data/NEU-CLS/train/train/images/pitted_surface_77.jpg,pitted_surface,200,200,RGB,1,True,3a1c5c858c6e9c70173e96762537c1feb8cd9485de3ac29af1368094e5b6e4a4,f13f4b6ba4f7dc46202894f9323fde05fd545ba686e15ebaa795866a1870ca9b,True,data/NEU-CLS/train/train/images/pitted_surface_77.jpg
data/NEU-CLS/train/train/images/pitted_surface_78.jpg,pitted_surface,200,200,RGB,1,True,2ba18c894c2d9353754da4984dd1ae621f128b5de1ca2aa0c042516fbeaff6b1,0d852ba91f41c362ab759e2aa70b6f9f46614142e1dd5e9e45e58b54130eb747,True,data/NEU-CLS/train/train/images/pitted_surface_78.jpg
data/NEU-CLS/train/train/images/pitted_surface_79.jpg,pitted_surface,200,200,RGB,1,True,9a6eb4395b8b888b037d494e86346d76b6242dd3dc9b251df32bb772bbb21c75,bfdbed428f52254125ef0c74cafa5251ef712f653609401a0fecce9c5c8264fb,True,data/NEU-CLS/train/train/images/pitted_surface_79.jpg
data/NEU-CLS/train/train/images/pitted_surface_8.jpg,pitted_surface,200,200,RGB,1,True,47557df4cbfeb87a1335f65ccaa5830016c88ac197a355ccb6ab22f3d277a46e,39b4333ffedf3f478c467ca923068061f5829c10aadeba7bb91fe87c846884d9,True,data/NEU-CLS/train/train/images/pitted_surface_8.jpg
data/NEU-CLS/train/train/images/pitted_surface_80.jpg,pitted_surface,200,200,RGB,1,True,8da70642715307b9cedb8fe544d24b948fb688144ef7b8bce2aebdd0f218f216,084e659753d74899d26e6996cdc3fe663cb89dd9292a406735aea04171ff6308,True,data/NEU-CLS/train/train/images/pitted_surface_80.jpg
data/NEU-CLS/train/train/images/pitted_surface_81.jpg,pitted_surface,200,200,RGB,1,True,5e66e37c6b75cf9dda04dca89743e43d082d6836931654abedfab076dd01adea,efcaaa3834205348a192846f1de9268ac533598e68b0067f52e178c60ba46949,True,data/NEU-CLS/train/train/images/pitted_surface_81.jpg
data/NEU-CLS/train/train/images/pitted_surface_82.jpg,pitted_surface,200,200,RGB,1,True,43ef5709fb4ccf6404f6ee9c7e5c825ae5be8e16849061004245a3ccc8589505,c668ac88c2ed56eb36055a4bd69684b53ee55b728e68e8d738c9e6bbb9bdcac7,True,data/NEU-CLS/train/train/images/pitted_surface_82.jpg
data/NEU-CLS/train/train/images/pitted_surface_83.jpg,pitted_surface,200,200,RGB,1,True,2d2b2d10955485622d89b2cab5d7d4038af5456b6f6459a56bf5c3d1766ca25f,2a52bba365c1a76d01fa082a31f9e9a88b7b1d4df61d07cacf660fe65f106aad,True,data/NEU-CLS/train/train/images/pitted_surface_83.jpg
data/NEU-CLS/train/train/images/pitted_surface_84.jpg,pitted_surface,200,200,RGB,1,True,3e640b1c592ee8724aecc7b18a968b3e09031fbf64eb900e2bef6e2b6ee75816,183d97f35264c9b8fa9c323e0f8b30a3d0d66b5384a9d3ea44953392b1653183,True,data/NEU-CLS/train/train/images/pitted_surface_84.jpg
data/NEU-CLS/train/train/images/pitted_surface_85.jpg,pitted_surface,200,200,RGB,1,True,2e11fa5442f1b58a7e090e31cc2a011a9ec9cdad81413383cd6e4991ad361b7f,cc313ed19e45c8277be1651130e3e5811890b3e48db27f816e7feb36f3e576d5,True,data/NEU-CLS/train/train/images/pitted_surface_85.jpg
data/NEU-CLS/train/train/images/pitted_surface_86.jpg,pitted_surface,200,200,RGB,1,True,25b7e6faf68ee791958c5c8caa63bfc4c667ec18b4d42c88fadfae6bfc8e1692,a2708361b5a04b2b1ba933328bb1fb4554f70e92eda5d1f0891faafecc3f1f55,True,data/NEU-CLS/train/train/images/pitted_surface_86.jpg
data/NEU-CLS/train/train/images/pitted_surface_87.jpg,pitted_surface,200,200,RGB,1,True,0ccace87e701d4a71a88a4d2e4c9a81108689423739381751b8288b59856f4ca,c73a1f98efab2d4b2a69551c8718e0ea6731d56ed44a4de727a2963b78ddf9bc,True,data/NEU-CLS/train/train/images/pitted_surface_87.jpg
data/NEU-CLS/train/train/images/pitted_surface_88.jpg,pitted_surface,200,200,RGB,1,True,1865f9853c41358d27f2875a199897107cff1cb30728b9d007f3ec4e8c036fc2,8c78a44944607f6f5f66972218ecfc4145c89f03a815eff647e0749889bbcfda,True,data/NEU-CLS/train/train/images/pitted_surface_88.jpg
data/NEU-CLS/train/train/images/pitted_surface_89.jpg,pitted_surface,200,200,RGB,1,True,5aed54cf5ea07e4c3e0887eafd00d5d598ed4674ddeaf14422939205773b8ba7,c3ef80c79296c797ed7339890c010ac3edfd866ee90c3de8d08edc4617d08795,True,data/NEU-CLS/train/train/images/pitted_surface_89.jpg
data/NEU-CLS/train/train/images/pitted_surface_9.jpg,pitted_surface,200,200,RGB,1,True,7555653ee061b383d285a6cd376e667aedac34ea732476d391fd8092e60ca8e7,f42b83fef53efdf3fc91e8182679f4144c7a5ea7fc9e7ea87ae6bb69be73f9bf,True,data/NEU-CLS/train/train/images/pitted_surface_9.jpg
data/NEU-CLS/train/train/images/pitted_surface_90.jpg,pitted_surface,200,200,RGB,1,True,37d39470449b41e8b2bed692e5624906ea6fd392639f762c63c07600cea8f88e,992b8cbfa4c8e365a0f5f8d0c1c4ee418a58a8cf541418a40f7deb0b00acc289,True,data/NEU-CLS/train/train/images/pitted_surface_90.jpg
data/NEU-CLS/train/train/images/pitted_surface_91.jpg,pitted_surface,200,200,RGB,1,True,d2eb1c66180928c3b948559410ccf90f0749fbe0850fed78f7656ed2cb17f595,46a372c6f55fed461aabb558d3a28e7d36bb1fbd137253c229036b13bcb03854,True,data/NEU-CLS/train/train/images/pitted_surface_91.jpg
data/NEU-CLS/train/train/images/pitted_surface_92.jpg,pitted_surface,200,200,RGB,1,True,d95d8a48879ce38151beb5e001ced0e53864715b1f70857f627fa31a2fa414c2,8548e11928e4a26b53c54ff9ed5c225a02bd2740df30704dc129b3a6fb0765ea,True,data/NEU-CLS/train/train/images/pitted_surface_92.jpg
data/NEU-CLS/train/train/images/pitted_surface_93.jpg,pitted_surface,200,200,RGB,1,True,a6a34a0c194e73d211c47ad1f48a399a6b91e7dc9b94522efd7b7d10a0c15f9d,90293044498eaed1e3e832af10d9eb70a6b71b8c7bc559b466c9d8ad8372c2ce,True,data/NEU-CLS/train/train/images/pitted_surface_93.jpg
data/NEU-CLS/train/train/images/pitted_surface_94.jpg,pitted_surface,200,200,RGB,1,True,baf66a157f0c4ef7737f7cd340902aa4ed64f4cbcb168a246d00d5f8b45b2429,45c7d14e66dfd9640fb3e469be108ba4c6e0c59978a67ceb7872bfe3674cba0e,True,data/NEU-CLS/train/train/images/pitted_surface_94.jpg
data/NEU-CLS/train/train/images/pitted_surface_95.jpg,pitted_surface,200,200,RGB,1,True,05dc6ea787324508224df9abbd7fd16afa2cbb1c450f0a3fa2f220c1e6429c77,f12a8e50563e56393d9b42c99bdefd92980657782ba3860bf8f1601e12e2fafa,True,data/NEU-CLS/train/train/images/pitted_surface_95.jpg
data/NEU-CLS/train/train/images/pitted_surface_96.jpg,pitted_surface,200,200,RGB,1,True,ff293ea52301d6628bc0141a0632b70e6f2f4cbd9d05b0299d70a5b0d5e5cce0,c9a25c57589205941055dc1496f0be4322f2d5d31ca509875794599a035aec85,True,data/NEU-CLS/train/train/images/pitted_surface_96.jpg
data/NEU-CLS/train/train/images/pitted_surface_97.jpg,pitted_surface,200,200,RGB,1,True,e98e59bf3ee6869a2f29c25a96f54c99f2aa159b1630595b3073465d26b5f807,dff8ffb37bb83a195a930e88dbd1fda5abd6a0b5b7ba17a07a5ab9b857e5d834,True,data/NEU-CLS/train/train/images/pitted_surface_97.jpg
data/NEU-CLS/train/train/images/pitted_surface_98.jpg,pitted_surface,200,200,RGB,1,True,1b11011a86a04a76ab70c1aa2613c03f46bb46a59b4e860ce4e317b3b3218939,2c9c2ab399499673c397365338bf44231ac443dc1b7034d364559fac239abc63,True,data/NEU-CLS/train/train/images/pitted_surface_98.jpg
data/NEU-CLS/train/train/images/pitted_surface_99.jpg,pitted_surface,200,200,RGB,1,True,df10830ccfd38fff5d9e418be80162e0846ccc33cb6a10e2143a8b2ae4c59e70,96347b609616c6c778baba6a3fd80deadad898dae4eff63c4b95947b85591800,True,data/NEU-CLS/train/train/images/pitted_surface_99.jpg
data/NEU-CLS/train/train/images/rolled-in_scale_10.jpg,rolled-in_scale,200,200,RGB,1,True,212c3cda10a863db2ee404baf29ee8a42adabe894b7aecd09591a86f177389f4,8111076f6e3535fa9eed607d4ea0ee2c02c56c8c4386b1387d93f904f2104a71,True,data/NEU-CLS/train/train/images/rolled-in_scale_10.jpg
data/NEU-CLS/train/train/images/rolled-in_scale_100.jpg,rolled-in_scale,200,200,RGB,1,True,b6660efc8a7cc57b7da616766b14c06812254c0422d48bfa0860db753c4f6cdd,9a1339629201b81e03a41c4ae33af201303f8fc9ef635030b364b7d841e33dd0,True,data/NEU-CLS/train/train/images/rolled-in_scale_100.jpg
data/NEU-CLS/train/train/images/rolled-in_scale_101.jpg,rolled-in_scale,200,200,RGB,1,True,c7260b6097a950a585747137b69ceb34033c07de7c0c5c59f9e14170a963e3d2,53f16995ae81c6572646a846a04c9f05f402bdda241037d10b528b271a728ebd,True,data/NEU-CLS/train/train/images/rolled-in_scale_101.jpg
data/NEU-CLS/train/train/images/rolled-in_scale_102.jpg,rolled-in_scale,200,200,RGB,1,True,473ee8c670a34f306161b59bb73e96980bc77e9e163f7d198b49162cdf400f80,791e1eec429ffe38a276cacfd75410c4b272b72377e3d74a53a6c79585258e78,True,data/NEU-CLS/train/train/images/rolled-in_scale_102.jpg
data/NEU-CLS/train/train/images/rolled-in_scale_103.jpg,rolled-in_scale,200,200,RGB,1,True,d7dea4bf779ad8441b89cd7d2f76871c91843dc409ff818c3dd5baa554e05d8b,85f392547e12f65eedd525e4ac9b94b575235c4a3614dbd1a8256f473c632854,True,data/NEU-CLS/train/train/images/rolled-in_scale_103.jpg
data/NEU-CLS/train/train/images/rolled-in_scale_104.jpg,rolled-in_scale,200,200,RGB,1,True,4df8a84e0a9fa2a113f60bcee006696de72b5b95ff5dc4373884e1af26a0b557,c4f39881f08d2771f9e62e6e4ed173720606eab75eeb7d47ee89eed371a09779,True,data/NEU-CLS/train/train/images/rolled-in_scale_104.jpg
data/NEU-CLS/train/train/images/rolled-in_scale_105.jpg,rolled-in_scale,200,200,RGB,1,True,5eb3c30442e000e5cca7fd258ab6ace13428c3693754214790848537aa02858a,59283f3425c12a1e1836b1c14141e18040f47c5030da88af7eaee4287e3d737c,True,data/NEU-CLS/train/train/images/rolled-in_scale_105.jpg
data/NEU-CLS/train/train/images/rolled-in_scale_106.jpg,rolled-in_scale,200,200,RGB,1,True,1f8043beddd5cacb5b40128c4ca5e7169e0b370f1ab4ad979d31fa4b435d72fb,582cf19d0db6a28848b3e1c5f5a83a62a1f29e845cc8053f549e23a7321e5207,True,data/NEU-CLS/train/train/images/rolled-in_scale_106.jpg
data/NEU-CLS/train/train/images/rolled-in_scale_107.jpg,rolled-in_scale,200,200,RGB,1,True,322f329f990d8395b37fba49f1c2576c62725b29527ab0ffda2d1e1a1b7d8b1f,6829b31d55b20fa437906129bbdf8967fd5721d165763afa8642e913151cd924,True,data/NEU-CLS/train/train/images/rolled-in_scale_107.jpg
data/NEU-CLS/train/train/images/rolled-in_scale_108.jpg,rolled-in_scale,200,200,RGB,1,True,ffdc76fe9be8fdf4e1e5bb4ae80332b666ad261e6d3cd0503bf35a55eea43129,28e809332da5542bcdc9d255d6e59e85618b5ba7b757f27a1d600c4ef20ef86c,True,data/NEU-CLS/train/train/images/rolled-in_scale_108.jpg
data/NEU-CLS/train/train/images/rolled-in_scale_109.jpg,rolled-in_scale,200,200,RGB,1,True,79f3889fd6010b1a29c5fbdd91f42b944f4d9f2b6bcfd1c39c02aa3141fddd69,6b9c47e092624bb2940be92ae72382dd4a5ddfbdd249fe91bfa8d2b3ef9c3bb6,True,data/NEU-CLS/train/train/images/rolled-in_scale_109.jpg
data/NEU-CLS/train/train/images/rolled-in_scale_11.jpg,rolled-in_scale,200,200,RGB,1,True,f6574911caa03dcd841d05ddb4511293e810d6090c30939fb8cc5b1d15fbc619,91b1a63cedd010bed83909f4e66adb159f5973556c39f7289785e08278c731b5,True,data/NEU-CLS/train/train/images/rolled-in_scale_11.jpg
data/NEU-CLS/train/train/images/rolled-in_scale_110.jpg,rolled-in_scale,200,200,RGB,1,True,9c17a7b7933a3e92a96f07ac5a29983975829331f76eee27cdeffc4440adaeea,7d9203d338d5d4a7444b433c284d0de0c84c345a78b93cd5a511423b31e337d0,True,data/NEU-CLS/train/train/images/rolled-in_scale_110.jpg
data/NEU-CLS/train/train/images/rolled-in_scale_111.jpg,rolled-in_scale,200,200,RGB,1,True,9dd2c202fda4487626bc55cf4f19052e3c818013da5577f33752c215befba9d3,3d381c8139aefe07b404233cb452ca184a4e6de19d329fac03f35e1fc3b1d796,True,data/NEU-CLS/train/train/images/rolled-in_scale_111.jpg
data/NEU-CLS/train/train/images/rolled-in_scale_112.jpg,rolled-in_scale,200,200,RGB,1,True,5cccbb78357361411b08ab5043df33c6b43a498c329a1e016c440354bdaed650,f613e2a728c68ae61175926cd3a5975866968075ed5d18a4e4d9733fd596b71b,True,data/NEU-CLS/train/train/images/rolled-in_scale_112.jpg
data/NEU-CLS/train/train/images/rolled-in_scale_113.jpg,rolled-in_scale,200,200,RGB,1,True,bb50ff807baab8d9fcf4e041e8912056e0bda033236b58b4df1cbb5bd1a0cc88,07800656f89dc59b04aaf9614383ad020a68742273c633bd1c550011dc0649f8,True,data/NEU-CLS/train/train/images/rolled-in_scale_113.jpg
data/NEU-CLS/train/train/images/rolled-in_scale_114.jpg,rolled-in_scale,200,200,RGB,1,True,ee015e8ee7dd90a4436050ba07d4559c082ec6b1fae8f246c919f2895bb8efb4,5762d7982f1ae730e2204862edf60b0ccfc29bd3b4b3d8f4cb26bdeebb0cff4c,True,data/NEU-CLS/train/train/images/rolled-in_scale_114.jpg
data/NEU-CLS/train/train/images/rolled-in_scale_115.jpg,rolled-in_scale,200,200,RGB,1,True,401ee72f6268de2c892ac3bc4649a2ecc0c50cce27f4c9702c93349b795812fd,11009f28a20915a860714d989eddd237869bdcc66be9bc0d416d42b0a9e0175d,True,data/NEU-CLS/train/train/images/rolled-in_scale_115.jpg
data/NEU-CLS/train/train/images/rolled-in_scale_116.jpg,rolled-in_scale,200,200,RGB,1,True,e0161a0bc31d0ddd2dfc780255faf3b92600172bac62383da6f060315a72189e,3e8c9c98ff338c9d17a01dafa65edf5f19e0671d6c14609c30e4269e507f9cac,True,data/NEU-CLS/train/train/images/rolled-in_scale_116.jpg
data/NEU-CLS/train/train/images/rolled-in_scale_117.jpg,rolled-in_scale,200,200,RGB,1,True,ac828a14ac0c57bd27d57af57cf3f7fbc67291e545f5abdc2740224dd6c2bb95,b0f098b42146ad9a6b73ad2e7492395f05a09005928c3fec23f47662a758225c,True,data/NEU-CLS/train/train/images/rolled-in_scale_117.jpg
data/NEU-CLS/train/train/images/rolled-in_scale_118.jpg,rolled-in_scale,200,200,RGB,1,True,d16f1da313957faf235d8b3319b98f23d41395d05fcddf550f692492ade469e1,02bc70396ddce1fe403b87fa6246c10ead21de4dfcb316abb86bd60afc5c3496,True,data/NEU-CLS/train/train/images/rolled-in_scale_118.jpg
data/NEU-CLS/train/train/images/rolled-in_scale_119.jpg,rolled-in_scale,200,200,RGB,1,True,1357eda53a93c92662358e19472067a1dc5012a0e64b40610c40a5e2c117d989,ba40f0428c1773d52b87251dab7dfb431b178c12781bd871bed1ca6d89e39a47,True,data/NEU-CLS/train/train/images/rolled-in_scale_119.jpg
data/NEU-CLS/train/train/images/rolled-in_scale_12.jpg,rolled-in_scale,200,200,RGB,1,True,8768477c21bcd4962b035083c1d6580b0b3829f12bdca9f67dcd5d83f1eb7c9e,81e4070067e6ddfa70e1ed4d11defeef09191e55a80f3eff26db4b54a5608ec6,True,data/NEU-CLS/train/train/images/rolled-in_scale_12.jpg
data/NEU-CLS/train/train/images/rolled-in_scale_120.jpg,rolled-in_scale,200,200,RGB,1,True,b39b01cbbff03c17be0e5a371b463c654c57880243dd59b17056b59fd9ac59b5,845d8e2d2eae344506cfb72c7acd829325a600844e0fe4853a0395f4ee5adf3e,True,data/NEU-CLS/train/train/images/rolled-in_scale_120.jpg
data/NEU-CLS/train/train/images/rolled-in_scale_121.jpg,rolled-in_scale,200,200,RGB,1,True,fd23f268a5a08c4c3c93cf8918941fe2f7ef65b4177d5618f7867753dbe18748,c0f72a9767b41c3c9031fee3a95a792b248b530e321c1bc9ae51d0cdcd97e4bd,True,data/NEU-CLS/train/train/images/rolled-in_scale_121.jpg
data/NEU-CLS/train/train/images/rolled-in_scale_122.jpg,rolled-in_scale,200,200,RGB,1,True,9360b0f69b9b4fb85e32baccd39b38158144d9c03eb72e6dbe8770b4d63934ac,5bbed95e5e711a1ab9b94e9b15e6c802fb63dd9e9cc85902c31a0907c1ce2099,True,data/NEU-CLS/train/train/images/rolled-in_scale_122.jpg
data/NEU-CLS/train/train/images/rolled-in_scale_123.jpg,rolled-in_scale,200,200,RGB,1,True,6df0809e12a02d021a499f5a27a31a9f6dd252eba4e03fa9378ae2b7702811e9,9111ee1cff863dee9a6b72f5deb982f38200b9f08bcd16c227e549697648d9cb,True,data/NEU-CLS/train/train/images/rolled-in_scale_123.jpg
data/NEU-CLS/train/train/images/rolled-in_scale_124.jpg,rolled-in_scale,200,200,RGB,1,True,73be4cbaf313e5af3f11d466d8991221e08bd3c9a22ed64f0275a786f1915d42,b098c0132fe7e7641657f42cf9100479356b24c1d72fe6f074c1daabc1714847,True,data/NEU-CLS/train/train/images/rolled-in_scale_124.jpg
data/NEU-CLS/train/train/images/rolled-in_scale_125.jpg,rolled-in_scale,200,200,RGB,1,True,846f14154996f68d7a8a46bd2f539b2127d745915148f8e61091e26a23a36e2a,db6da369baf5a7b8d7bb5fe9f7ce67a7c7ae392568a642d9e82d7bd2142dbdb9,True,data/NEU-CLS/train/train/images/rolled-in_scale_125.jpg
data/NEU-CLS/train/train/images/rolled-in_scale_126.jpg,rolled-in_scale,200,200,RGB,1,True,d30fc667041446291f87d08fb7c8d578e5d4d8c01dd69967401da2b039b2f6a6,8ec06c2bc1765e4a1934ec68c9ff7cb3098f58ad2db34770754fc44e0a4b6190,True,data/NEU-CLS/train/train/images/rolled-in_scale_126.jpg
data/NEU-CLS/train/train/images/rolled-in_scale_127.jpg,rolled-in_scale,200,200,RGB,1,True,e8469d2b1f9c92183ea710ff52f084f002e4973fc3fc26ec236f36b8c73805ad,ded41e3f5070cd9185bf2d627aee9482d9c27bed35d4fd27c0cd58549080cde4,True,data/NEU-CLS/train/train/images/rolled-in_scale_127.jpg
data/NEU-CLS/train/train/images/rolled-in_scale_128.jpg,rolled-in_scale,200,200,RGB,1,True,eaf635337a9759b80e213844add9683e47b306868a1c2efda06654c22c326d82,9f1a9bee6b33a29f3b69b855155594e496a25437524815248f797cdc8b8af07a,True,data/NEU-CLS/train/train/images/rolled-in_scale_128.jpg
data/NEU-CLS/train/train/images/rolled-in_scale_129.jpg,rolled-in_scale,200,200,RGB,1,True,826a6d703d214dd004ef389462a6c506546350fbf8c4bd3e333f80ae3ad8b475,6edb67324e0688e790e833451c5152a445222952fe22c4e21c9170f9f1d0f296,True,data/NEU-CLS/train/train/images/rolled-in_scale_129.jpg
data/NEU-CLS/train/train/images/rolled-in_scale_13.jpg,rolled-in_scale,200,200,RGB,1,True,d2f6a1222ef6f4634093ad11a7d0c4d1b58f61a1dc7b7c2ec7a1e73ae7c74b79,24b4607658308b18454db5f52dcb5c5b414e9bd7a5b05b3f81de0cb56767f8e1,True,data/NEU-CLS/train/train/images/rolled-in_scale_13.jpg
data/NEU-CLS/train/train/images/rolled-in_scale_130.jpg,rolled-in_scale,200,200,RGB,1,True,9653b4b36b43fd6e4a556e11fce2383dabdabb70ae5793da9177922bbdb4c6e8,e62a7798a6b21fc348a9c4d50440295127e6f8014fe08b32a83d7d56aaca36d3,True,data/NEU-CLS/train/train/images/rolled-in_scale_130.jpg
data/NEU-CLS/train/train/images/rolled-in_scale_131.jpg,rolled-in_scale,200,200,RGB,1,True,248417bbf136b22ea071b88fdb1db110edda9e95d16c12bccc7c0d4e7fa4b44e,13e82c10e03133a97ff39d8ad1af60986f48b331a53e6003a2d0d67efdc7d9f7,True,data/NEU-CLS/train/train/images/rolled-in_scale_131.jpg
data/NEU-CLS/train/train/images/rolled-in_scale_132.jpg,rolled-in_scale,200,200,RGB,1,True,82f323f11cc7425cfa715fb170ab484767f9af28758c8db9b8eab90a6e4e45d3,a72119b0d46d9f399526d6e650c3bae65a8fbca99090e541794d974b0a2bef88,True,data/NEU-CLS/train/train/images/rolled-in_scale_132.jpg
data/NEU-CLS/train/train/images/rolled-in_scale_133.jpg,rolled-in_scale,200,200,RGB,1,True,f66ffd8a184bc11ec947078c3c206fac71b1118683deb5e8b3731811a0ae2ec3,eaa8d87096f7f5ea231e885bfa77e4e671f8ee49db1ece70e5be307e04047f43,True,data/NEU-CLS/train/train/images/rolled-in_scale_133.jpg
data/NEU-CLS/train/train/images/rolled-in_scale_134.jpg,rolled-in_scale,200,200,RGB,1,True,05f93afa29cddd07d19c79859070b8a0d40751d94f29d01aff714196612ef253,f86bb93e609c16d3ffc938eefe8d3d5ffcf79c1d76be092ca40d3db22a155d4c,True,data/NEU-CLS/train/train/images/rolled-in_scale_134.jpg
data/NEU-CLS/train/train/images/rolled-in_scale_135.jpg,rolled-in_scale,200,200,RGB,1,True,a0602c9aba0fc87aa092acdb938758f317b699499a1c76c837fe822ba963c1bc,d30b256f40a23625cf8b9023d3ed795a1357cdd381d7799b4bb31dd93cb838af,True,data/NEU-CLS/train/train/images/rolled-in_scale_135.jpg
data/NEU-CLS/train/train/images/rolled-in_scale_136.jpg,rolled-in_scale,200,200,RGB,1,True,3098125d30d183bf4dad699ee6cb042ed94c1f3fb40d5b8835fe622c2f453d1a,38adfe94246b2f8900b19488d9cf8ce9caa15cc098f170e18eec5df940b30748,True,data/NEU-CLS/train/train/images/rolled-in_scale_136.jpg
data/NEU-CLS/train/train/images/rolled-in_scale_137.jpg,rolled-in_scale,200,200,RGB,1,True,72bd6673de3e9f7d8df1d69a024c04f714c19bb2ac8b45a0589d9b13244fce75,50bad2370acd4bccb0483d4d4af775417ccb62a3f99a6901f39fcec77c7cdfe0,True,data/NEU-CLS/train/train/images/rolled-in_scale_137.jpg
data/NEU-CLS/train/train/images/rolled-in_scale_138.jpg,rolled-in_scale,200,200,RGB,1,True,4ce7e69bd28c5779a62a6e4d4c978aadc298e980c55048fe6ed210ea34cc9107,909545b3c4c447481b9e8c05271a0b5d54c98b466a04d37dcbda5f4cd26c9944,True,data/NEU-CLS/train/train/images/rolled-in_scale_138.jpg
data/NEU-CLS/train/train/images/rolled-in_scale_139.jpg,rolled-in_scale,200,200,RGB,1,True,17cdb3080dd730ebfe9e1216c2664442092375eceea32009b327af3669d611fa,190fcae10b827893ca6c4f1742aa51c3ba55b3e3b088c071ba66a8383139e8a0,True,data/NEU-CLS/train/train/images/rolled-in_scale_139.jpg
data/NEU-CLS/train/train/images/rolled-in_scale_14.jpg,rolled-in_scale,200,200,RGB,1,True,cb935dbbfa4cfc86e326b4e283a50561ddf03dccdc14b3edf89ccdaf538f0c9a,29b15835cae3648a38fcbdb6ea778d8aecb5c89763ddb82fbf11b8d8563c87f2,True,data/NEU-CLS/train/train/images/rolled-in_scale_14.jpg
data/NEU-CLS/train/train/images/rolled-in_scale_140.jpg,rolled-in_scale,200,200,RGB,1,True,110870b21a74fb75e099f5aee3b5efc0eded120128ef037b975829ec3505e8c6,20c948ca2aa24ab27520566a697ef6c275b3a4875efa5545199fd7ea797a2932,True,data/NEU-CLS/train/train/images/rolled-in_scale_140.jpg
data/NEU-CLS/train/train/images/rolled-in_scale_141.jpg,rolled-in_scale,200,200,RGB,1,True,49fc9f06a417f3928df57cae40663098020c386560260e7c0eaf4860b6890409,f58a1f41733306ac3a17b46cbab86388de87c73017cfa25e4117ae10e0537436,True,data/NEU-CLS/train/train/images/rolled-in_scale_141.jpg
data/NEU-CLS/train/train/images/rolled-in_scale_142.jpg,rolled-in_scale,200,200,RGB,1,True,0d0586a8935e6edb3bfaab870cccae4235b0df8789d2fd7919e70c95e64e8607,5eb4ca5aea3de7ae6bf9127ed77fc42695040318616747e40b15de4c954c6b3f,True,data/NEU-CLS/train/train/images/rolled-in_scale_142.jpg
data/NEU-CLS/train/train/images/rolled-in_scale_143.jpg,rolled-in_scale,200,200,RGB,1,True,4477a67f96c14f186a4755640c6859f33f55cf6b8f004591e4cb1a9f1eef9474,29c186b984a64444ed815d6aebca7d4352241b9e6f1c1f57f1c7e32d759107d8,True,data/NEU-CLS/train/train/images/rolled-in_scale_143.jpg
data/NEU-CLS/train/train/images/rolled-in_scale_144.jpg,rolled-in_scale,200,200,RGB,1,True,ed7c722ceab129d6b9e79d7eb1e27dc5309bddbc5632f40834029e7abe073aff,e52bcae829980b1c44af1c0adf65689fa323421b2faeda3e04ef1bf66b57fc6d,True,data/NEU-CLS/train/train/images/rolled-in_scale_144.jpg
data/NEU-CLS/train/train/images/rolled-in_scale_145.jpg,rolled-in_scale,200,200,RGB,1,True,d9b8e810d393975fd87bd0159e754c629d1b9615152effe7a979139d8f51600c,99d67845041f9ee23390515afba11c8ff5e4d27d57a0003818d4499c0083e470,True,data/NEU-CLS/train/train/images/rolled-in_scale_145.jpg
data/NEU-CLS/train/train/images/rolled-in_scale_146.jpg,rolled-in_scale,200,200,RGB,1,True,4b76ee7c33602b95115a2acec07b4cd74cab87eeb2cdc2a602534646cbed047b,f9d913709da659b508688c3535f9e27187c74404d39b32d2525151f111c8ba51,True,data/NEU-CLS/train/train/images/rolled-in_scale_146.jpg
data/NEU-CLS/train/train/images/rolled-in_scale_147.jpg,rolled-in_scale,200,200,RGB,1,True,c24c2aff998781d659ba588456925d38023aab9fb2eb3b361c301409b8998bd4,28409ad12d02e348067512d1cc3b1cbd7c76c35ebec036ba0fd967140da63c9a,True,data/NEU-CLS/train/train/images/rolled-in_scale_147.jpg
data/NEU-CLS/train/train/images/rolled-in_scale_148.jpg,rolled-in_scale,200,200,RGB,1,True,cd2120b467030e47514308711746992fd0834b7d686cc767fdab0a12b0cef562,e05d07bff8cc6d288e6936f0883e37f25172cd7d3b07f3778ce3ad29d2989820,True,data/NEU-CLS/train/train/images/rolled-in_scale_148.jpg
data/NEU-CLS/train/train/images/rolled-in_scale_149.jpg,rolled-in_scale,200,200,RGB,1,True,02f72f8806f8258dbe04ca27f5567f30eafe0474336d6e575583707dfeda4d21,7ae3873ab5f48ed5c50e682585e279ebe15857bba33cb78825f8bbb2a709ec01,True,data/NEU-CLS/train/train/images/rolled-in_scale_149.jpg
data/NEU-CLS/train/train/images/rolled-in_scale_15.jpg,rolled-in_scale,200,200,RGB,1,True,cdb3dc250fecd3608553c3096fd76e9ce844ead8ae3f0be8cd361542c81a980a,9ed4665ce4ab92edcaed1ec57f3946c97f6c31b174120057b294b9cea060c63a,True,data/NEU-CLS/train/train/images/rolled-in_scale_15.jpg
data/NEU-CLS/train/train/images/rolled-in_scale_150.jpg,rolled-in_scale,200,200,RGB,1,True,d1bcb5b47c285315af1493fd9ab6ba224040360881d013232b4fbb85e9f427fc,56f70f0ecafd7c2a1e3c7897a6caad38f6454f4f8a7dbe9e52b14b42237d2075,True,data/NEU-CLS/train/train/images/rolled-in_scale_150.jpg
data/NEU-CLS/train/train/images/rolled-in_scale_151.jpg,rolled-in_scale,200,200,RGB,1,True,059288fb7d76de2ed742c0d511d3faa6f340fbaed2efe5fab9f6de7851a9c268,0de07d20ba16d31d299e720906121bbd31403b78043c9a8b8c1f3eacbccb268d,True,data/NEU-CLS/train/train/images/rolled-in_scale_151.jpg
data/NEU-CLS/train/train/images/rolled-in_scale_152.jpg,rolled-in_scale,200,200,RGB,1,True,5c6086c4c85f0d219f7b7ecefea7d4542ba78b8728564b76f6ad0e1d27b46916,9a34dc1e559697228cad1a578fc6de3803c6ba4046bef85839bc1f2982a9717b,True,data/NEU-CLS/train/train/images/rolled-in_scale_152.jpg
data/NEU-CLS/train/train/images/rolled-in_scale_153.jpg,rolled-in_scale,200,200,RGB,1,True,d56e3eb807f29dc2b782b7b59d1daea82e5fcab810256d6b1d88f7993841bce6,0ba4b170736a248575760607c582038ec7c3e564769f52673aabb644d80cdfb0,True,data/NEU-CLS/train/train/images/rolled-in_scale_153.jpg
data/NEU-CLS/train/train/images/rolled-in_scale_154.jpg,rolled-in_scale,200,200,RGB,1,True,3382f949fadcfeaf5c2fdbc3e68abbe6fd8cd0b7d1687ebe0bca0a0c01a9878b,41b0aaa26caf103aff4a5d8b2aee6e6a0e8fadfb945a3f656b355374078b7e0e,True,data/NEU-CLS/train/train/images/rolled-in_scale_154.jpg
data/NEU-CLS/train/train/images/rolled-in_scale_155.jpg,rolled-in_scale,200,200,RGB,1,True,a7484fea9a95d63d4eac0d7de6cd379dd86b20b255d52314fcff6398f72363a6,41dd73b3ce614966996c5f4900d488b732e666837d9ce0cb3df788eecdad0307,True,data/NEU-CLS/train/train/images/rolled-in_scale_155.jpg
data/NEU-CLS/train/train/images/rolled-in_scale_156.jpg,rolled-in_scale,200,200,RGB,1,True,f7b6d5bf6d6e8743784fbc2fa26de5ee2bba6876f9bca5c871febb818f60ef78,d2b2d2c59fd1d406b7dd3bdf7266bee3d7692495ee236debdb0fffc8850fd03f,True,data/NEU-CLS/train/train/images/rolled-in_scale_156.jpg
data/NEU-CLS/train/train/images/rolled-in_scale_157.jpg,rolled-in_scale,200,200,RGB,1,True,9e6228457ed6f7926bf57627a4e4442dba9c40aa752201822e5af4dacb9aca41,d7a7f507d99db7159fb81d75c4ff80a82bea8c27ab7a1ceae7fde5b71fd9a492,True,data/NEU-CLS/train/train/images/rolled-in_scale_157.jpg
data/NEU-CLS/train/train/images/rolled-in_scale_158.jpg,rolled-in_scale,200,200,RGB,1,True,f5a8f1dcf27a3fd3fb04103878f4c655999391e88c73e58029d90688a7e9a3fe,f8ca20f0cbfa7183b008ce45b8a690244f3b28b0cba960000bb737ddc5d38cde,True,data/NEU-CLS/train/train/images/rolled-in_scale_158.jpg
data/NEU-CLS/train/train/images/rolled-in_scale_159.jpg,rolled-in_scale,200,200,RGB,1,True,7c6f323094a3da43bf4664e30bb84691b91ffa9bcaf88b834321062710bceffa,6c2d34289762eb8bbf1897488d225692887b8899c9f5160b08e15c570104352d,True,data/NEU-CLS/train/train/images/rolled-in_scale_159.jpg
data/NEU-CLS/train/train/images/rolled-in_scale_16.jpg,rolled-in_scale,200,200,RGB,1,True,b20363e15f81eb8156cbf92b9a09ffdb6eae95f2f25ddf7645409baaa1ec83b7,3575f066dc55419556b27806b33a114a5211feb475888f342ee55713989fe7ab,True,data/NEU-CLS/train/train/images/rolled-in_scale_16.jpg
data/NEU-CLS/train/train/images/rolled-in_scale_160.jpg,rolled-in_scale,200,200,RGB,1,True,51a522f0eae177ce5c5db504f5c8fbba5ad7bdc8ed9d9c22b40ab0793490410f,fcd52c6b08fa05e16610f706587b9784194d95dff55706b40964dc13f98988ea,True,data/NEU-CLS/train/train/images/rolled-in_scale_160.jpg
data/NEU-CLS/train/train/images/rolled-in_scale_161.jpg,rolled-in_scale,200,200,RGB,1,True,e875fc3bb9a8bed646825668981a24709e5cbbc630a28315c2fb56ec38e85a75,0f9894e63de3f0faba8e8ae389ddea4e397125f836aec885f071e0d029cffc56,True,data/NEU-CLS/train/train/images/rolled-in_scale_161.jpg
data/NEU-CLS/train/train/images/rolled-in_scale_162.jpg,rolled-in_scale,200,200,RGB,1,True,a70854dd9ce3bdcbb135c855a2b21264b7438cfed2fda8f6ecb563205a9061cf,80abedf7cce400669d6af1cbed9679faad9359b357e5a36efe383fba0eed0d4c,True,data/NEU-CLS/train/train/images/rolled-in_scale_162.jpg
data/NEU-CLS/train/train/images/rolled-in_scale_163.jpg,rolled-in_scale,200,200,RGB,1,True,95284a96beecc14dc4413d90c77440d775d99b565143cbe78db461e2a9f44cd2,3e85f0224be5dbb8a5ec6ff093bea6415c4f9799a017d3d0acf4ec066f6db459,True,data/NEU-CLS/train/train/images/rolled-in_scale_163.jpg
data/NEU-CLS/train/train/images/rolled-in_scale_164.jpg,rolled-in_scale,200,200,RGB,1,True,a315c102243ce4955cc39fa268ec8876b5fadffcedefaf76b710c776a89044ef,6dea7cb07bd8311549aa7775dd5f3a6b23d14e16257e6e49faecaa4b94023825,True,data/NEU-CLS/train/train/images/rolled-in_scale_164.jpg
data/NEU-CLS/train/train/images/rolled-in_scale_165.jpg,rolled-in_scale,200,200,RGB,1,True,f612a5beb338b77905658e99b54486ec4b76eef3ab30b65798dded7ce44c49b9,b4a77ea01be8cd52af5d8c64725dd385879d480030ad383f8387330e1ef7608a,True,data/NEU-CLS/train/train/images/rolled-in_scale_165.jpg
data/NEU-CLS/train/train/images/rolled-in_scale_166.jpg,rolled-in_scale,200,200,RGB,1,True,b0270e7732b7975b02ecb7055262e1291a2e4d8174b5413dc1dffcddace6bfd7,169a91b60afbc6be34558f6c7d447cca470a14e5e0503ede5ed991a08dae2242,True,data/NEU-CLS/train/train/images/rolled-in_scale_166.jpg
data/NEU-CLS/train/train/images/rolled-in_scale_167.jpg,rolled-in_scale,200,200,RGB,1,True,7c4e4919616fecbc4747e57697ee89d57fd5b84e29fd55d1a86f0ac74260541b,5b6efb593a706fc5f4646c000d2ddee425de9abf9f7f784d6c464f17f008bd02,True,data/NEU-CLS/train/train/images/rolled-in_scale_167.jpg
data/NEU-CLS/train/train/images/rolled-in_scale_168.jpg,rolled-in_scale,200,200,RGB,1,True,bb86083ff29eb08d996a60130365c71cdda198982a3fcd1d187b6f15a6d2a713,00dff7280c24871ffc63cff85b770c9e8a144a0cf85541213b297ba7114726df,True,data/NEU-CLS/train/train/images/rolled-in_scale_168.jpg
data/NEU-CLS/train/train/images/rolled-in_scale_169.jpg,rolled-in_scale,200,200,RGB,1,True,e48252b233324d081b482e4986db38a764533dcb1fa07f7a12d3adc9eb65ab88,a756613f5625abfaee3b8801e38c47d80c4f5ae11bcc38a943b3e24b88e81756,True,data/NEU-CLS/train/train/images/rolled-in_scale_169.jpg
data/NEU-CLS/train/train/images/rolled-in_scale_17.jpg,rolled-in_scale,200,200,RGB,1,True,905bf78850ce127112df3ee1e3fbc58214a092ec7293e2c94bd90303ce1449e7,f794424d367233ce66dfc92b0fb5088ef065af387ef69abaa32eb97db6727209,True,data/NEU-CLS/train/train/images/rolled-in_scale_17.jpg
data/NEU-CLS/train/train/images/rolled-in_scale_170.jpg,rolled-in_scale,200,200,RGB,1,True,67810ef98780f5f14bf0ba4530e77485595dae6d1ab7f9e393b19d07620fc19f,be129f5bccc25feeacdddf9b035fcb930171d141cfae7ccf15b1d007364d48bb,True,data/NEU-CLS/train/train/images/rolled-in_scale_170.jpg
data/NEU-CLS/train/train/images/rolled-in_scale_171.jpg,rolled-in_scale,200,200,RGB,1,True,5e6491de8526738699178356d17dee421c8cc19b86843634255cc817a8bdea20,66bef29415bf7f44fdc4b93623f358697eb93d3bd26fe12c1c1e8aef533b1532,True,data/NEU-CLS/train/train/images/rolled-in_scale_171.jpg
data/NEU-CLS/train/train/images/rolled-in_scale_172.jpg,rolled-in_scale,200,200,RGB,1,True,23411a8303eb381c161850dd189321771ce5228fac880e3698b84be2969afc5c,1f1991318bfe44c624bf5e9ff1fd9e7d9f152e29898bbedc125497dfa36f645c,True,data/NEU-CLS/train/train/images/rolled-in_scale_172.jpg
data/NEU-CLS/train/train/images/rolled-in_scale_173.jpg,rolled-in_scale,200,200,RGB,1,True,aa7381ffdd6b16a56243d4dd16b4ad62a8aed4e1aeafca9fd1b78aef7f376f83,2be3b7cafc570e5f3679690293b57ba5b0dab1188eab35b7ead34fbf3b7ccb2b,True,data/NEU-CLS/train/train/images/rolled-in_scale_173.jpg
data/NEU-CLS/train/train/images/rolled-in_scale_174.jpg,rolled-in_scale,200,200,RGB,1,True,893099724db1aca70561d00494b25d1e7653ba9b76bf1f2b2217fdf985b52f08,e4400820d864347173a170c797987956853be7c774b6c9080c18d916afe966e7,True,data/NEU-CLS/train/train/images/rolled-in_scale_174.jpg
data/NEU-CLS/train/train/images/rolled-in_scale_175.jpg,rolled-in_scale,200,200,RGB,1,True,7b875e816e7cbc6060c81cb99844a00389143b9ccc87047c090229923eef9ae1,db89294d89aa115221099def70ea0e34dbdae828d269076b2e966fc7c21a1589,True,data/NEU-CLS/train/train/images/rolled-in_scale_175.jpg
data/NEU-CLS/train/train/images/rolled-in_scale_176.jpg,rolled-in_scale,200,200,RGB,1,True,1615a1c38666f1af95fbc092291a00c9865a80a1f99941f8e58550ae40f915a4,fdd8e30020464d52034b69dab3672868cace61abf98a2aa5def2259f5bf6f48a,True,data/NEU-CLS/train/train/images/rolled-in_scale_176.jpg
data/NEU-CLS/train/train/images/rolled-in_scale_177.jpg,rolled-in_scale,200,200,RGB,1,True,8101aa59bcd07d7c326a0bfb57d2adeea3b827ed81d980acd42ea87dbf5f16b1,4b2662b2b7eec195680eb4091bd148157fce1f5222221a9f1a8e8f4d44710182,True,data/NEU-CLS/train/train/images/rolled-in_scale_177.jpg
data/NEU-CLS/train/train/images/rolled-in_scale_178.jpg,rolled-in_scale,200,200,RGB,1,True,9c65edfe700d99926ff92b1a339fde54c8dfdda53ccb739825bd819affb8d2d8,11b25ebb6d9775ebb1dba739024a57a7d744138ac15a66fd87f7caa9d40fb35b,True,data/NEU-CLS/train/train/images/rolled-in_scale_178.jpg
data/NEU-CLS/train/train/images/rolled-in_scale_179.jpg,rolled-in_scale,200,200,RGB,1,True,160a103396310d91e865e3aad4729a4f980f389c4cd0248c7c6977545b226c79,43f7ece79ad450f958be360852d1b3d840f20fe7d2fec2ff2b7572900ec5dcad,True,data/NEU-CLS/train/train/images/rolled-in_scale_179.jpg
data/NEU-CLS/train/train/images/rolled-in_scale_18.jpg,rolled-in_scale,200,200,RGB,1,True,ec6211d4c5f7d0f8418890fe2034d8dca7f0657eec769543f57c2b9f18b6b009,218f4c29175b8f23b65ab84468916ecfdb72988e5ce432658c01aaf91bd0f533,True,data/NEU-CLS/train/train/images/rolled-in_scale_18.jpg
data/NEU-CLS/train/train/images/rolled-in_scale_180.jpg,rolled-in_scale,200,200,RGB,1,True,b98e88200eaa222caf430a66cafa04eaa9bdc839bc2daa890418466ab58bb732,6665ebb965b3c703b48437b4f2bdd5874e37f6e951578512eb99269091ed3387,True,data/NEU-CLS/train/train/images/rolled-in_scale_180.jpg
data/NEU-CLS/train/train/images/rolled-in_scale_181.jpg,rolled-in_scale,200,200,RGB,1,True,d145ae4af8480a5cbc4d1cacecda897da12ab3ebc80afb41e11f17754f17f2e8,fb9db7328e3c315f127a5cccf172e09f31b9b94ea2e28e6eda873e5bf07a20c0,True,data/NEU-CLS/train/train/images/rolled-in_scale_181.jpg
data/NEU-CLS/train/train/images/rolled-in_scale_182.jpg,rolled-in_scale,200,200,RGB,1,True,faa9bd41e5b3cd827d48df20a5263cc278a6a7b7ef781935a9ffc7fac50bc6d4,26c0cbef30439c05106c2329291e3c5691a15c0d11896d8ffc1836e97ade5093,True,data/NEU-CLS/train/train/images/rolled-in_scale_182.jpg
data/NEU-CLS/train/train/images/rolled-in_scale_183.jpg,rolled-in_scale,200,200,RGB,1,True,3f4c2164895955eb76bd2f0bbf506df06d129e1b9cad6705e92c988c18204ce4,ae2a218657b4b9d61dba840fba086dbcdb3921763d4cbf0de220328e02832c83,True,data/NEU-CLS/train/train/images/rolled-in_scale_183.jpg
data/NEU-CLS/train/train/images/rolled-in_scale_184.jpg,rolled-in_scale,200,200,RGB,1,True,f957fc479504384d661036f2ecccb1e8c11c628fdb4e80b9088a6ac8528dcc96,6df69b972faa2d8494317ba3cd8cf58177049ca28a78854dfaa1bf4bcdf28dba,True,data/NEU-CLS/train/train/images/rolled-in_scale_184.jpg
data/NEU-CLS/train/train/images/rolled-in_scale_185.jpg,rolled-in_scale,200,200,RGB,1,True,142b4072a53154a6b126aee143f5809bcab5c00b2a14f3a4dc22bea2b3813782,96f15f6427c804aba0ed62ab53c7406f6ac7593e3892f0d83770759002619d85,True,data/NEU-CLS/train/train/images/rolled-in_scale_185.jpg
data/NEU-CLS/train/train/images/rolled-in_scale_186.jpg,rolled-in_scale,200,200,RGB,1,True,a20f19e54cd1d59ce409c68ec065ea3c49cbbe16318071700eb68fad39419f24,f89a256105e7098b266c7f866eb41127de68ec95a11b0aaf4c6ae045e886b0df,True,data/NEU-CLS/train/train/images/rolled-in_scale_186.jpg
data/NEU-CLS/train/train/images/rolled-in_scale_187.jpg,rolled-in_scale,200,200,RGB,1,True,edd3198132d079aa0287a208589bf81e498fee708b96fa55e8563cde785c618c,4a515d392224b216014492bdf33c463c63dd6c2fbe7144c967786a7cadc70e09,True,data/NEU-CLS/train/train/images/rolled-in_scale_187.jpg
data/NEU-CLS/train/train/images/rolled-in_scale_188.jpg,rolled-in_scale,200,200,RGB,1,True,b932fa02ad9f1824c83627a391050a89f711a73d1dfddd59cf8c35066fe2eece,c6c126f612d8777bfa23dcf05397fe952e9a1fecad258049c50557e75d5e9198,True,data/NEU-CLS/train/train/images/rolled-in_scale_188.jpg
data/NEU-CLS/train/train/images/rolled-in_scale_189.jpg,rolled-in_scale,200,200,RGB,1,True,ed60e7a1a857970c205dd4a58c5290c96cd1fe723559b7928615c869c684d7d8,a7080870713390f5bb05b0e1bb8cfa238a5456afa32893ca2f6c4891e7d288d1,True,data/NEU-CLS/train/train/images/rolled-in_scale_189.jpg
data/NEU-CLS/train/train/images/rolled-in_scale_19.jpg,rolled-in_scale,200,200,RGB,1,True,7e9815a17916514ba512bb345b193791d62e98f98e57359edd9cc9aa129e0629,54802dfd981e8a0cea2bfbf803eae9a7d1a6f39047b7e60bed21af1cc883e066,True,data/NEU-CLS/train/train/images/rolled-in_scale_19.jpg
data/NEU-CLS/train/train/images/rolled-in_scale_190.jpg,rolled-in_scale,200,200,RGB,1,True,497e87842f2fe281ef3dc52a27444f7219545c9c4636b5cd7dead29b886b4213,fe7e2bb010a3f5f7dfd8dd57ad63f0622fb2f858273812dd2e90b75720272bb0,True,data/NEU-CLS/train/train/images/rolled-in_scale_190.jpg
data/NEU-CLS/train/train/images/rolled-in_scale_191.jpg,rolled-in_scale,200,200,RGB,1,True,fd70388162d5acbea24a184309d372e9eb8dcc97c2fb86a2d1cba2e423a32451,3830e4d4c9d6185c592eb69ab6039f377cda70a0d4ebbbfe40af86eabc2afafb,True,data/NEU-CLS/train/train/images/rolled-in_scale_191.jpg
data/NEU-CLS/train/train/images/rolled-in_scale_192.jpg,rolled-in_scale,200,200,RGB,1,True,12b62135d61357a10b83d8e2ee60b3e0a9d42c74e081d9295981c265cb628de3,1d2ebca68174205eb8d5c24f6244ca98c51e17751a4709d19de1beb5a0fa0be0,True,data/NEU-CLS/train/train/images/rolled-in_scale_192.jpg
data/NEU-CLS/train/train/images/rolled-in_scale_193.jpg,rolled-in_scale,200,200,RGB,1,True,f298f309e6f2c25904b3a066256cc028d60daf59d11c42baedf85a0a24366036,d896d3ccc91e06e22dc78cf8595f203a20cdca144588e147ddaabb0f9e6c2348,True,data/NEU-CLS/train/train/images/rolled-in_scale_193.jpg
data/NEU-CLS/train/train/images/rolled-in_scale_194.jpg,rolled-in_scale,200,200,RGB,1,True,ad6fde4e93a05bcdf13e95abd779ad39197fff8b728907c91a4f5a271d662dd6,bc8c0002666d84859a0099cff9cbd57d02ab7b36a3c141f773a0d649453ae68c,True,data/NEU-CLS/train/train/images/rolled-in_scale_194.jpg
data/NEU-CLS/train/train/images/rolled-in_scale_195.jpg,rolled-in_scale,200,200,RGB,1,True,88ff2263d35206c0152a9569cfd8f41789398ddcc60351bf9b7111f35274b166,8ea1bc1ae383805c734a1c076e8c1f637cdbabf57559eedc1ae65657abe3f771,True,data/NEU-CLS/train/train/images/rolled-in_scale_195.jpg
data/NEU-CLS/train/train/images/rolled-in_scale_196.jpg,rolled-in_scale,200,200,RGB,1,True,a6c4471f4fc328e85cfd30545301a152839ae7ad2eed27a88ceb79fccd3aee5a,79b18fb6e67beb2ec94b05af8f031d79c73b9abd4f45a8c93ba4dfba78ce122b,True,data/NEU-CLS/train/train/images/rolled-in_scale_196.jpg
data/NEU-CLS/train/train/images/rolled-in_scale_197.jpg,rolled-in_scale,200,200,RGB,1,True,377bc7dd25075830dffae3e80088ad088eb10e9e9ab6f341faf4b999752cf907,e573cf21b7a66a99023b9921367ac0714c6499e32727b2d909b540028c195148,True,data/NEU-CLS/train/train/images/rolled-in_scale_197.jpg
data/NEU-CLS/train/train/images/rolled-in_scale_198.jpg,rolled-in_scale,200,200,RGB,1,True,878afdc20181822ac0dd78725612ee9b5ed4cd98ca5d5c0d19e4f261f8f780e3,c7be9dd05aec2b919b1ba6ee1bf8741b9028ba1d75eeea16b0252951b5957437,True,data/NEU-CLS/train/train/images/rolled-in_scale_198.jpg
data/NEU-CLS/train/train/images/rolled-in_scale_199.jpg,rolled-in_scale,200,200,RGB,1,True,8ed028cf6ad8d6f9e0815b5d5f79f4f3b150024b4a2a590a68e7315cc6b8af1f,662e043ba7e6bc89e9205812b6a5634b0fc24142fd961540ba875cf9c9478ee0,True,data/NEU-CLS/train/train/images/rolled-in_scale_199.jpg
data/NEU-CLS/train/train/images/rolled-in_scale_20.jpg,rolled-in_scale,200,200,RGB,1,True,410585853745afbb7ef092bb290f3d5c971d455c02f00080868e302d113837f2,bca12dd6f0aba467eeb4f9a146e3f5f8c69daebbe9ab3fc5207de2985328e007,True,data/NEU-CLS/train/train/images/rolled-in_scale_20.jpg
data/NEU-CLS/train/train/images/rolled-in_scale_200.jpg,rolled-in_scale,200,200,RGB,1,True,862f59073f2cc237b7602df726d08128bac6cff58971ae7adf7becaab354c197,07011a313566759020664af75f48d4def44e3c5b6de3728a267dfcdf9fb44de5,True,data/NEU-CLS/train/train/images/rolled-in_scale_200.jpg
data/NEU-CLS/train/train/images/rolled-in_scale_201.jpg,rolled-in_scale,200,200,RGB,1,True,93f1f4105e08e65c75283d4149248ca401de3251d994155ae08492de344cdf82,bebe81e21cf9f32e2a04179403e3d139bad18a155164d84246dcde0b431168ca,True,data/NEU-CLS/train/train/images/rolled-in_scale_201.jpg
data/NEU-CLS/train/train/images/rolled-in_scale_202.jpg,rolled-in_scale,200,200,RGB,1,True,32fdb597d1fbc3aedda1991fbfe3f811b33977334f5b7afea358bdb9daf5408d,06f30c48641060943327b7fce77e6c4bcc2910cc0ca6e04830a7ad62e285f51a,True,data/NEU-CLS/train/train/images/rolled-in_scale_202.jpg
data/NEU-CLS/train/train/images/rolled-in_scale_203.jpg,rolled-in_scale,200,200,RGB,1,True,1318c0d9b059a08b3867d40ee1c18cd46adcac3b69d1790d4095995d311f8917,52283a7244b8463c9859ede8c189212ff843dada2af877b45c0d740fd5ee8cdc,True,data/NEU-CLS/train/train/images/rolled-in_scale_203.jpg
data/NEU-CLS/train/train/images/rolled-in_scale_204.jpg,rolled-in_scale,200,200,RGB,1,True,8f6ae994413417fb2862cd6749fd91ea71363abf6074e95d0bcde36c8e988731,efc88911c174ae86eaa5f9d112bcfce2c1057471a0d06b2ff7f35bb64603f5d3,True,data/NEU-CLS/train/train/images/rolled-in_scale_204.jpg
data/NEU-CLS/train/train/images/rolled-in_scale_205.jpg,rolled-in_scale,200,200,RGB,1,True,24f72b90f91552273880ad40b7b4c44cf912cf917a94faa2e48273ff7994ac51,82af778d8214e039b22e004c6a8e8e98e10c57a1d246069cd2589ea36111d84d,True,data/NEU-CLS/train/train/images/rolled-in_scale_205.jpg
data/NEU-CLS/train/train/images/rolled-in_scale_206.jpg,rolled-in_scale,200,200,RGB,1,True,dad964a1298e0e8550c652c2f6cd3dacda7096290117e4f96c499fc62f7e425a,0984a7d8be0ca05103d0d585ceb1f051d3ab9d7ab39c0f17556e2f581f95c297,True,data/NEU-CLS/train/train/images/rolled-in_scale_206.jpg
data/NEU-CLS/train/train/images/rolled-in_scale_207.jpg,rolled-in_scale,200,200,RGB,1,True,96659bb19494d4eb0119b38d152dd1adabd20c3ea9d95deaed85b44bfe8fb677,dd54467e1b39bd8d4fa55132a730018a981b14e98b31645d321af3402ef09a22,True,data/NEU-CLS/train/train/images/rolled-in_scale_207.jpg
data/NEU-CLS/train/train/images/rolled-in_scale_208.jpg,rolled-in_scale,200,200,RGB,1,True,9b48f38d6793c1be07470511f8dad09506c006bb491212c74da5d52e9ab3a06c,fba5c98c232a51ca3a655110a4df34ced06b57bc1c228c5a291245f9151abc23,True,data/NEU-CLS/train/train/images/rolled-in_scale_208.jpg
data/NEU-CLS/train/train/images/rolled-in_scale_209.jpg,rolled-in_scale,200,200,RGB,1,True,5b0551a18f09969f80ea78107b8dc10472d4cb078b7e51f832c6058246a15ea9,bfbc4d9837b7ac2255207fd60de9d538cb5380bf23c46b36f1e9638f69122d9c,True,data/NEU-CLS/train/train/images/rolled-in_scale_209.jpg
data/NEU-CLS/train/train/images/rolled-in_scale_21.jpg,rolled-in_scale,200,200,RGB,1,True,d8c183596170f6fa7db62baaf886d1e9d7c39fc32f1ac814c65ac34e75d4f60a,8ae850f7f45b81727e9a6a6d2285601f2272dc461c69d95f09fda24984b96a22,True,data/NEU-CLS/train/train/images/rolled-in_scale_21.jpg
data/NEU-CLS/train/train/images/rolled-in_scale_210.jpg,rolled-in_scale,200,200,RGB,1,True,c2803b6694a8172cc2ddcdf7c9f63d0b17a8f6aa243521792ba375cd20c42140,990d37b4d059b3553c23880c3dbfe8aab91d9e18f726b9bd7a8eb80a806b706c,True,data/NEU-CLS/train/train/images/rolled-in_scale_210.jpg
data/NEU-CLS/train/train/images/rolled-in_scale_211.jpg,rolled-in_scale,200,200,RGB,1,True,6b67ec8c1e1ac58c71e316738504b32867dda9d020009c6be8f52cd1fb083933,23978cc07be4a4cf137272e2121eb906dcdb8bf9c83a2322ca229e7d96d66a14,True,data/NEU-CLS/train/train/images/rolled-in_scale_211.jpg
data/NEU-CLS/train/train/images/rolled-in_scale_212.jpg,rolled-in_scale,200,200,RGB,1,True,e2f57875cc30ccc3e2970b58ee4872c966cd042a88113aaf1fbd4dd18ad199f3,226d8c9d13d9d05aaa4f433945621c2f5642bb38835a02f5097adc42de1ae93a,True,data/NEU-CLS/train/train/images/rolled-in_scale_212.jpg
data/NEU-CLS/train/train/images/rolled-in_scale_213.jpg,rolled-in_scale,200,200,RGB,1,True,9e6c5e6a46cc51960c7c2ddfebecbf68918a82e5974525446554934059ee38a7,6044d54e03078e64d108c0a3b74e49ef28df958e8e09bbfc1eeba2ed09574714,True,data/NEU-CLS/train/train/images/rolled-in_scale_213.jpg
data/NEU-CLS/train/train/images/rolled-in_scale_214.jpg,rolled-in_scale,200,200,RGB,1,True,d2e758316abe8b3662048e3a73aebc934088ee2b18d9b3307d46dd8cfc48b29e,be2aad09276c656f855e25e6f1f24e13a0fd9a91d25805fd8d27acc938be4b60,True,data/NEU-CLS/train/train/images/rolled-in_scale_214.jpg
data/NEU-CLS/train/train/images/rolled-in_scale_215.jpg,rolled-in_scale,200,200,RGB,1,True,3731f27e6665dbb752c8a1a3417f0b8eb59e952a934c98e015563db6be9c5afc,7c8938b654e304745a6ccba8450c7285631ffaa71aecb5802e08a75f125588c1,True,data/NEU-CLS/train/train/images/rolled-in_scale_215.jpg
data/NEU-CLS/train/train/images/rolled-in_scale_216.jpg,rolled-in_scale,200,200,RGB,1,True,d8393dae73ec0046eb91dd904987ece0d95782620520b50eb85e6a94651aff02,05164fb989195e26eaf52825c5e3aa12b292118de37cde3c509014bf75b6d6a4,True,data/NEU-CLS/train/train/images/rolled-in_scale_216.jpg
data/NEU-CLS/train/train/images/rolled-in_scale_217.jpg,rolled-in_scale,200,200,RGB,1,True,6518cd1259ee169a39dd98f755a3dbb11175cf30bd346e2974d709362961824c,c4942376eaff6da75134e5495a798314dc85a2d3ea64089e5dcb0870becb7669,True,data/NEU-CLS/train/train/images/rolled-in_scale_217.jpg
data/NEU-CLS/train/train/images/rolled-in_scale_218.jpg,rolled-in_scale,200,200,RGB,1,True,d1487d000c49a0716fce28609f58883abb52df0618a64878f2fee5d534de4b04,f254bf61cdd55e5b8e27d45a050ed28140eb9d88c84e4d26d52b22178bf1bf80,True,data/NEU-CLS/train/train/images/rolled-in_scale_218.jpg
data/NEU-CLS/train/train/images/rolled-in_scale_219.jpg,rolled-in_scale,200,200,RGB,1,True,c669a2bc07a4c8538e5f41c48ae0f037a304f6714ac44100e8e13a93d1e8a17e,45f531280456b50947f7b1cd9f306b8cc5c49c0368f5cbaf6184321c163e25ba,True,data/NEU-CLS/train/train/images/rolled-in_scale_219.jpg
data/NEU-CLS/train/train/images/rolled-in_scale_22.jpg,rolled-in_scale,200,200,RGB,1,True,8709b7a762ebfb915d7500413bbef14db7a3c96aefa729e255fafc97441b7625,52c254997d64df9d0a0e3f23f8c1bd55e51f5f256f1217381790cba94d9cd44b,True,data/NEU-CLS/train/train/images/rolled-in_scale_22.jpg
data/NEU-CLS/train/train/images/rolled-in_scale_220.jpg,rolled-in_scale,200,200,RGB,1,True,00901619c63fcffca7cbc105e0c946b296aa86b5d1070a5f8cf3fcd042a5a584,85e4adebd19b3c1bd32843bcfce8db4769608d60d3d421ab5be82e954182800c,True,data/NEU-CLS/train/train/images/rolled-in_scale_220.jpg
data/NEU-CLS/train/train/images/rolled-in_scale_221.jpg,rolled-in_scale,200,200,RGB,1,True,b6bd54fc30e304aacb530d32bf3e393993c485d6a0bb0d6f45d86e60b2e336de,75488f28839fdca4e240ac77e75f9f2e5cd9d623525d2d8328e46c6d9957f898,True,data/NEU-CLS/train/train/images/rolled-in_scale_221.jpg
data/NEU-CLS/train/train/images/rolled-in_scale_222.jpg,rolled-in_scale,200,200,RGB,1,True,aa02ff4ab1bbd725843fda80981d041d27cfbc8f8c864cbfdb052c0bde94baf8,d089318ef63110882f59d2a0b3bd6d4e13b62e419063f832d497fb454c0e4b47,True,data/NEU-CLS/train/train/images/rolled-in_scale_222.jpg
data/NEU-CLS/train/train/images/rolled-in_scale_223.jpg,rolled-in_scale,200,200,RGB,1,True,60206e7c54b2a2699f5913fd63591368550b8f2a3f9590bf42597afe5dc68a81,06df5737a2bd68a706153c591dfa05692db08656acdb0e798e3694662c4e8966,True,data/NEU-CLS/train/train/images/rolled-in_scale_223.jpg
data/NEU-CLS/train/train/images/rolled-in_scale_224.jpg,rolled-in_scale,200,200,RGB,1,True,efa3e16557e7141f5ee3f4e7a3ad096a37ac1f2d25e7e0cb335c908d475e09ef,97d0e3ac680c8b8f7ea82a0a82be7cffa59738ecfd40a8205647eff817bba984,True,data/NEU-CLS/train/train/images/rolled-in_scale_224.jpg
data/NEU-CLS/train/train/images/rolled-in_scale_225.jpg,rolled-in_scale,200,200,RGB,1,True,1509cd72de0b703b1328d59e5dd7705be79ffbf93c162986cec204330e5221e3,21d8de882603f1b4ce3bedae15528a5113e2ef33004a23cd63167024703ad95b,True,data/NEU-CLS/train/train/images/rolled-in_scale_225.jpg
data/NEU-CLS/train/train/images/rolled-in_scale_226.jpg,rolled-in_scale,200,200,RGB,1,True,32a71d087ccc2e2ab66cf2fdb1b941ed21ceda2c1cf822867d2cd392c759bba4,c1fdd6bbb361b22305ff5127f9838502a6016e8bbf51e528b4a10205b3fd609d,True,data/NEU-CLS/train/train/images/rolled-in_scale_226.jpg
data/NEU-CLS/train/train/images/rolled-in_scale_227.jpg,rolled-in_scale,200,200,RGB,1,True,d61a9d399c997f08c9a05f3242402d0e454df4029efe2a49bd973798a6a99cad,89e0c86f5c995661804259d7b687177335c1c5d928148443f3dd4d35f1c01795,True,data/NEU-CLS/train/train/images/rolled-in_scale_227.jpg
data/NEU-CLS/train/train/images/rolled-in_scale_228.jpg,rolled-in_scale,200,200,RGB,1,True,47e47f02b1c9091211ec85cd5722832878bf5e1221268bf3bea5920541ff2fa0,6af21bf0bb50de6b0b7624abf650fb2ca74f30b08a5c2c8c16e9eaf35da30819,True,data/NEU-CLS/train/train/images/rolled-in_scale_228.jpg
data/NEU-CLS/train/train/images/rolled-in_scale_229.jpg,rolled-in_scale,200,200,RGB,1,True,35c188bce490677f237f24a8185ea842bf60fd853e8f8e069d069bb5aed2615c,413b31dfdd52896cf7bbdd12d3b22209683adf97daa9e170377e125c727dd3a9,True,data/NEU-CLS/train/train/images/rolled-in_scale_229.jpg
data/NEU-CLS/train/train/images/rolled-in_scale_23.jpg,rolled-in_scale,200,200,RGB,1,True,0997be2658c69db807de7a33548ad0e80bc5c258a40d6d867df68b36010aca9a,e23f84d34a28d6ff56f582d748137477feb9d9cc98326c5a0659a75376ef9ddc,True,data/NEU-CLS/train/train/images/rolled-in_scale_23.jpg
data/NEU-CLS/train/train/images/rolled-in_scale_230.jpg,rolled-in_scale,200,200,RGB,1,True,55a5388a166206a123baa7398212f06a762fc25d9e815fe65c1eff160c01295e,ccdaf0d17fe033173836d78ebd09214149e5424c959551e4a80d394fce3eb5b7,True,data/NEU-CLS/train/train/images/rolled-in_scale_230.jpg
data/NEU-CLS/train/train/images/rolled-in_scale_231.jpg,rolled-in_scale,200,200,RGB,1,True,37d99e66ff131f801cae1c63981fd832b28ffb5213334907954f15e8dd87457d,afab35defd5dc29cf19c1039a12b714f7318908e3373cb36a8d801636571bcd1,True,data/NEU-CLS/train/train/images/rolled-in_scale_231.jpg
data/NEU-CLS/train/train/images/rolled-in_scale_232.jpg,rolled-in_scale,200,200,RGB,1,True,fc9b8f1cd46c61eb07a338b199616644fbbbc3e8a36c2ca3096a5474cfc3e070,fcff152c731deee6ef31500fa4789f32cc1581c64917eeaa4501411b223f534c,True,data/NEU-CLS/train/train/images/rolled-in_scale_232.jpg
data/NEU-CLS/train/train/images/rolled-in_scale_233.jpg,rolled-in_scale,200,200,RGB,1,True,f56a6df98a0f17232ea9c223bf874d124549d95d50550cd403f83f4a689ad59f,bc2c889dc8f8c45761e7b525d8a9bfe26210f2bec30f210dea5a976aa03b1390,True,data/NEU-CLS/train/train/images/rolled-in_scale_233.jpg
data/NEU-CLS/train/train/images/rolled-in_scale_234.jpg,rolled-in_scale,200,200,RGB,1,True,e869be92a77550aed45bee599d3907c7c25733eca4f1e78b69e2fa40448c3dca,cef3752f4658b36dc298620197b23582183917d51a5642d22315b5f1e2495c4e,True,data/NEU-CLS/train/train/images/rolled-in_scale_234.jpg
data/NEU-CLS/train/train/images/rolled-in_scale_235.jpg,rolled-in_scale,200,200,RGB,1,True,167b7a8f8c23757c1ae2fd6966055d444eca638520cfb6f302b7d7abb76abac3,648a321efe67490c8ee518ccbcedee4859dbb8884bfab7a442bdaf1926c292b1,True,data/NEU-CLS/train/train/images/rolled-in_scale_235.jpg
data/NEU-CLS/train/train/images/rolled-in_scale_236.jpg,rolled-in_scale,200,200,RGB,1,True,3ad674d0391780b01e523ca82400a2ec52345f792b3e0a0061b43940ca2f5745,23388c7f6b83ccb2bb402226185853a0ecc5c07e7ba8329d2355070d4dfce10f,True,data/NEU-CLS/train/train/images/rolled-in_scale_236.jpg
data/NEU-CLS/train/train/images/rolled-in_scale_237.jpg,rolled-in_scale,200,200,RGB,1,True,9d51c68da7f07da8087f7b87454b32250d8fcf46e8111a14f42453c0e713e171,7b740a39936cfdf9451ed1a5b0e75806023f32d5415dda8a648a9c07f5865692,True,data/NEU-CLS/train/train/images/rolled-in_scale_237.jpg
data/NEU-CLS/train/train/images/rolled-in_scale_238.jpg,rolled-in_scale,200,200,RGB,1,True,aa83932b2073c75a818549dce83101bbaa764b2e705103289a8df4b22e01bc75,c578dcd7905e1d861d795fa8f400ee91c87233e4b0dce7f13f19ddf48e329fbc,True,data/NEU-CLS/train/train/images/rolled-in_scale_238.jpg
data/NEU-CLS/train/train/images/rolled-in_scale_239.jpg,rolled-in_scale,200,200,RGB,1,True,ae5544f50fc8b02c72a3f70865a2268045aae78f996c05c4c4935c522e934563,96f85de4b45174a8ecccdb2470b614921491389727d2bd18e10b431eb47c0c1d,True,data/NEU-CLS/train/train/images/rolled-in_scale_239.jpg
data/NEU-CLS/train/train/images/rolled-in_scale_24.jpg,rolled-in_scale,200,200,RGB,1,True,2cec4e53921fa8ebb9e1e79fc5da8fbbafc90b39abe2019704330ce4a0866622,004f1dc31a8c2cb1cb42017f9a1a243ff33eaa3750ccfc4f9c1e12306e1acea3,True,data/NEU-CLS/train/train/images/rolled-in_scale_24.jpg
data/NEU-CLS/train/train/images/rolled-in_scale_240.jpg,rolled-in_scale,200,200,RGB,1,True,065a209c1ad451653cbfc914049240bed53e353dc91d0b7dffebc2b476542deb,647a3854f131927ddf6da9835e4066f612706140542cecca117aa8e4732666d9,True,data/NEU-CLS/train/train/images/rolled-in_scale_240.jpg
data/NEU-CLS/train/train/images/rolled-in_scale_241.jpg,rolled-in_scale,200,200,RGB,1,True,3ae0c8e0b0ddab539bcb0ab86e04909543015fbbd4b0bf5eb12232e2274dea2b,f53ceabafae35e947690cd385200831d79756f44283df88cf60ec5faeba13e2a,True,data/NEU-CLS/train/train/images/rolled-in_scale_241.jpg
data/NEU-CLS/train/train/images/rolled-in_scale_242.jpg,rolled-in_scale,200,200,RGB,1,True,455b206ff2cf9f9db1ce0e10e8f98b7c0f63a5a7490843ccab05d9e664915b24,f3f722e9d6e5e8aa0363333b8fd6015142f32f9b04cfc5c3ace8683e9f6ec725,True,data/NEU-CLS/train/train/images/rolled-in_scale_242.jpg
data/NEU-CLS/train/train/images/rolled-in_scale_243.jpg,rolled-in_scale,200,200,RGB,1,True,76f707b0ddcb61796cede17b2af374b1a9f9c3856e214f6190db45a9a7d59a10,eff91f1152435665fe6f3172866b0ded09fdbe4471f406b986b305f65668a259,True,data/NEU-CLS/train/train/images/rolled-in_scale_243.jpg
data/NEU-CLS/train/train/images/rolled-in_scale_244.jpg,rolled-in_scale,200,200,RGB,1,True,096c5b2a32ed8e1bb22722ddd9e05c0df42f6ff64231553cad00a63adf030c2c,0c789d129d2046a427090d459ea69f3e2bf7d209226794720b84ff15beaaf21a,True,data/NEU-CLS/train/train/images/rolled-in_scale_244.jpg
data/NEU-CLS/train/train/images/rolled-in_scale_245.jpg,rolled-in_scale,200,200,RGB,1,True,56a9ff3d4572ee794e18f3c3c5e50d697805314e394c24c9aaa4f80072f44628,32752987d8f782aa5099710cb55dfafadf0d8a47a34efb80f6d1b6b9cb3ce5a6,True,data/NEU-CLS/train/train/images/rolled-in_scale_245.jpg
data/NEU-CLS/train/train/images/rolled-in_scale_246.jpg,rolled-in_scale,200,200,RGB,1,True,4dc20c200ab5c008bc52837fd52f62b30d194703bf4228b341d546a6b6b49516,d64554398d4d6bdbc297f13e53e1f01614cdcbed853f8312cfed9294b967c220,True,data/NEU-CLS/train/train/images/rolled-in_scale_246.jpg
data/NEU-CLS/train/train/images/rolled-in_scale_247.jpg,rolled-in_scale,200,200,RGB,1,True,4f0eadd40ba77606ab30299d77f301d20899892f0770fd46abd2005e72aab867,79035d1854c15d1f91db6d2a70a42e2eb67044a20c1efc564c0e607d76f6f62e,True,data/NEU-CLS/train/train/images/rolled-in_scale_247.jpg
data/NEU-CLS/train/train/images/rolled-in_scale_248.jpg,rolled-in_scale,200,200,RGB,1,True,43711daddb5a88dc018727b193c9fe97c2f11c62e13976b4537e335bbbce8da8,07a86c0f8d8202216072d8d1e9b3b09664616eeb2c86252e3d2ec63d760de6c9,True,data/NEU-CLS/train/train/images/rolled-in_scale_248.jpg
data/NEU-CLS/train/train/images/rolled-in_scale_249.jpg,rolled-in_scale,200,200,RGB,1,True,1c3890d31127022991f0bb9abc16f627d694a55ddfa1f3fbc2f07647f7cc1cac,9f823ab04a36edc902a986d781d96b65189d2a5aafa33c5ba67f8f52c4f1a9ea,True,data/NEU-CLS/train/train/images/rolled-in_scale_249.jpg
data/NEU-CLS/train/train/images/rolled-in_scale_25.jpg,rolled-in_scale,200,200,RGB,1,True,4e60ed53dc7e487306e513f4cd47b37b838d61f83ce0b530dc6bf9b3e514ff8c,34526a9b56e171fad81dde27709718fee9410a5c1dadcbbccbb985b743df37d0,True,data/NEU-CLS/train/train/images/rolled-in_scale_25.jpg
data/NEU-CLS/train/train/images/rolled-in_scale_250.jpg,rolled-in_scale,200,200,RGB,1,True,e650ab35f21fe74900f59596c2f6267972bb8a13423e477b2e61a6a48daec258,208df26c12e61add35839273a2f2b872677271ef43301ce66c295f2e45346bd0,True,data/NEU-CLS/train/train/images/rolled-in_scale_250.jpg
data/NEU-CLS/train/train/images/rolled-in_scale_251.jpg,rolled-in_scale,200,200,RGB,1,True,476f486823c97394604a832898feebb5f74eb94245eb931e16e43f9ef5e9077c,d5d861ef5d76c3129b5b4c14df32b011259e83f34e4d768f85c505cc8c11470e,True,data/NEU-CLS/train/train/images/rolled-in_scale_251.jpg
data/NEU-CLS/train/train/images/rolled-in_scale_252.jpg,rolled-in_scale,200,200,RGB,1,True,532b5e2791530183ec310caa1755eb9f56db6f3d498cb61350b601e3dc74ac54,325325dc8bf1e628f8a8c72a05f88e754d2bec361c11fa2d839a6e7dfde583e1,True,data/NEU-CLS/train/train/images/rolled-in_scale_252.jpg
data/NEU-CLS/train/train/images/rolled-in_scale_253.jpg,rolled-in_scale,200,200,RGB,1,True,d4b2444e9d47f22c7d9ea71b3f729f5c78b9c7c982d9a3139c80df73357585b3,fe31009120bae970339d74c960c48509052d9c639805a232e5630450b42287ba,True,data/NEU-CLS/train/train/images/rolled-in_scale_253.jpg
data/NEU-CLS/train/train/images/rolled-in_scale_254.jpg,rolled-in_scale,200,200,RGB,1,True,0b1e990ceddfbffac2d54d03573f2fca9409d42cc81722f3ae2b6b030efc5826,85b13199367b365827988193e4f6e9e913439a57a67bd8c0d3ad4ac498b7ee00,True,data/NEU-CLS/train/train/images/rolled-in_scale_254.jpg
data/NEU-CLS/train/train/images/rolled-in_scale_255.jpg,rolled-in_scale,200,200,RGB,1,True,a72bcf50bdd2205f21e997197cfd9b4773f53cf38059d358c225ad7c88a140b2,a36b4c4771fb0f3db3660bdc5d6d3ddbb8e8bda4bd2f05ab5c79fcd57040b58c,True,data/NEU-CLS/train/train/images/rolled-in_scale_255.jpg
data/NEU-CLS/train/train/images/rolled-in_scale_256.jpg,rolled-in_scale,200,200,RGB,1,True,362130fefcc84a85d649b931dae18778b005752909e3706f25f64753e3de4663,719fa2fa4e0882e334aabdc699eb873f79df3f523d410a422d758472690bbce5,True,data/NEU-CLS/train/train/images/rolled-in_scale_256.jpg
data/NEU-CLS/train/train/images/rolled-in_scale_257.jpg,rolled-in_scale,200,200,RGB,1,True,9365fe96679d4a92779b3c016afdeed83d9fe56655efffe2def0723b38da34da,78765d507dae61c172161cf1d48dbd129f55e390eb318d3990a828d55e13121e,True,data/NEU-CLS/train/train/images/rolled-in_scale_257.jpg
data/NEU-CLS/train/train/images/rolled-in_scale_258.jpg,rolled-in_scale,200,200,RGB,1,True,d091d280b0659547c7f9d7934e4911ef47821e527f1e5ba5268d3d0470c6f98a,20d6cd136a2ea41520761983a2fcb711cc546a5dfa6f6640a2355edc0795e55c,True,data/NEU-CLS/train/train/images/rolled-in_scale_258.jpg
data/NEU-CLS/train/train/images/rolled-in_scale_259.jpg,rolled-in_scale,200,200,RGB,1,True,460cdbb062037b8f7749feaa8e6d5e877abfaf6142b299bffccbdd00dcf6a3f2,7f6164a20211c3eae75bea9d4667e25ee7cb4fcc7ca4a6c3a1d747d1a5c93151,True,data/NEU-CLS/train/train/images/rolled-in_scale_259.jpg
data/NEU-CLS/train/train/images/rolled-in_scale_26.jpg,rolled-in_scale,200,200,RGB,1,True,306d15079bdf6c6e274293fcc727c975e8d4765a086b36d4b22088e5a29aaa83,0677c73d13d859dfadb4984ca3fb296441cbd5acdbceb2dd1d68f2d53be2e624,True,data/NEU-CLS/train/train/images/rolled-in_scale_26.jpg
data/NEU-CLS/train/train/images/rolled-in_scale_260.jpg,rolled-in_scale,200,200,RGB,1,True,5dcc40fa363fbce80e11f1d785d71514e0c8bd80512d8078eacee3459ff5d435,8aff9060e4481362f2b0d24d659b8313d7fcecc186cf5159469453a5ddeb285a,True,data/NEU-CLS/train/train/images/rolled-in_scale_260.jpg
data/NEU-CLS/train/train/images/rolled-in_scale_261.jpg,rolled-in_scale,200,200,RGB,1,True,dec6b67138f0b88c1d3ee616a6f0b9c012b504a2d122724d59ffcd5516bd6133,b33612feab1871f3760dc50a1f16096df6dcd7f8bc4854c3a212490e3664c7c6,True,data/NEU-CLS/train/train/images/rolled-in_scale_261.jpg
data/NEU-CLS/train/train/images/rolled-in_scale_262.jpg,rolled-in_scale,200,200,RGB,1,True,67cab4d93752e5def8a7d34b72504c1ecacadc673f252d4d719b716aeda0c083,ebdc0a78923cb21aafd411164fb9a92b3c96aa1a5c7d96eddb0bb49b8ea73fd3,True,data/NEU-CLS/train/train/images/rolled-in_scale_262.jpg
data/NEU-CLS/train/train/images/rolled-in_scale_263.jpg,rolled-in_scale,200,200,RGB,1,True,2b95ea4b3d84b2808e6f2fccfe6e531ac1c047d6decefb202b33ac27b6efb244,7c3250e8d5a7004b7e8883cf8d24d3502690ec44080e66d9824dac9c20352296,True,data/NEU-CLS/train/train/images/rolled-in_scale_263.jpg
data/NEU-CLS/train/train/images/rolled-in_scale_264.jpg,rolled-in_scale,200,200,RGB,1,True,bd817ff3e003a79a8899e4bd12bbba1c154d1fa6716d93ce64d6a8ce73938370,fb01f6a053d78de43d030707d40573bf44bde24cb7ee493fd490f632295e1b53,True,data/NEU-CLS/train/train/images/rolled-in_scale_264.jpg
data/NEU-CLS/train/train/images/rolled-in_scale_265.jpg,rolled-in_scale,200,200,RGB,1,True,17cb540a2e51cacca588b9f7d62c429f0f410085fc40083a09794f7a62c21ddb,a9a69a91a4fbca5dc841428c76ef4a50cd18fa79b5ce19bb90d5936df2cfbfac,True,data/NEU-CLS/train/train/images/rolled-in_scale_265.jpg
data/NEU-CLS/train/train/images/rolled-in_scale_266.jpg,rolled-in_scale,200,200,RGB,1,True,42451c010132c65c1b01ffbbe109839662e530a711d347463921973277505ff0,ec9081461aad47fe68e0625a8d666a93b125f4b66e251eaf6fad64b0cda38806,True,data/NEU-CLS/train/train/images/rolled-in_scale_266.jpg
data/NEU-CLS/train/train/images/rolled-in_scale_267.jpg,rolled-in_scale,200,200,RGB,1,True,f94df50a93a2344276102c078efd1ed8e027d257d7be3913e123ea54a2c3b6b2,00767edef0aed2806410b5ca7ff26b2d6408a0570138942e2bcc020d9e360ec2,True,data/NEU-CLS/train/train/images/rolled-in_scale_267.jpg
data/NEU-CLS/train/train/images/rolled-in_scale_268.jpg,rolled-in_scale,200,200,RGB,1,True,d08d423f369742f5b9f643421f0b3264b8443387e386441f335f18184b2f5268,0b80a507a8e84920a10b6e598be32c650b7c97575b3cbeb1faf4db4853a4c73f,True,data/NEU-CLS/train/train/images/rolled-in_scale_268.jpg
data/NEU-CLS/train/train/images/rolled-in_scale_269.jpg,rolled-in_scale,200,200,RGB,1,True,74f80dee68c66b6f73e5c95dbb5e36e35cfe82b6800c13d5153cea1f0dc394fa,1c5bccef6040ecff48277c61d91fc0a45111cd520a3c62c3495af8efca66d1ad,True,data/NEU-CLS/train/train/images/rolled-in_scale_269.jpg
data/NEU-CLS/train/train/images/rolled-in_scale_27.jpg,rolled-in_scale,200,200,RGB,1,True,708329b86ab6061f1adc9cd0c71b22b2e80fb88a60b15b799023e00b3e1dc24a,fc5afb2966f5858e052edb0505827471a4e4eb2d976efc6bbb35deb9d122cf4a,True,data/NEU-CLS/train/train/images/rolled-in_scale_27.jpg
data/NEU-CLS/train/train/images/rolled-in_scale_270.jpg,rolled-in_scale,200,200,RGB,1,True,5a93c2c21a0ce009675aac1ed811ccba0595c25ef5653bc1d3f915e8832c8741,c4b5e7be42eb040bd6ece15f02ebbf8d9d6af80f526a10a0a13ef7c182a4b3d1,True,data/NEU-CLS/train/train/images/rolled-in_scale_270.jpg
data/NEU-CLS/train/train/images/rolled-in_scale_271.jpg,rolled-in_scale,200,200,RGB,1,True,091a8e314a4cb03c29f24785e0cfc314211de5c2fbb84e11bb71b6c083e130f4,e3dd94f8d5267c94761cda126a26a6f3fd92d727119dbd4500894c7b7e7e04b6,True,data/NEU-CLS/train/train/images/rolled-in_scale_271.jpg
data/NEU-CLS/train/train/images/rolled-in_scale_272.jpg,rolled-in_scale,200,200,RGB,1,True,b21248385a58fada6936f04f5081b2198616126d34b1aa2e6e6f8be47ba18375,06b3a75de302bbb259e6c6a45407b73f915065d44314537a286f6f94dfa31140,True,data/NEU-CLS/train/train/images/rolled-in_scale_272.jpg
data/NEU-CLS/train/train/images/rolled-in_scale_273.jpg,rolled-in_scale,200,200,RGB,1,True,369d4bee8a232c19fb5ca45a2289822dcc0b1f1fd575fd7db35a9919d7d78f3d,a8e4d0b1a85c20b73a47126646f8735ba80d68958d649cba3fd3b858bf68cb33,True,data/NEU-CLS/train/train/images/rolled-in_scale_273.jpg
data/NEU-CLS/train/train/images/rolled-in_scale_274.jpg,rolled-in_scale,200,200,RGB,1,True,c8adc3bab70516104fb67d4bdaf0af0d3833fd62deb583f621f56552e127aaec,661ee25b733477fb48023ccd985470220f03697898834ba9bd966a5a22e3f236,True,data/NEU-CLS/train/train/images/rolled-in_scale_274.jpg
data/NEU-CLS/train/train/images/rolled-in_scale_275.jpg,rolled-in_scale,200,200,RGB,1,True,3599208515192dac0d6b119f5985a5cf5a1855d3b89b2b38e0ed61ad46f92bf8,32c0cfb109dcde853779eab29ab22a517ab3be389220f46265d83b436d03d967,True,data/NEU-CLS/train/train/images/rolled-in_scale_275.jpg
data/NEU-CLS/train/train/images/rolled-in_scale_276.jpg,rolled-in_scale,200,200,RGB,1,True,316cdf843c144524be06d3c237f8d2dc4424dca836f62a419e8346c3e17614c7,53c0faf77d98686604acb3c642a87a7c055f30103c63ac1342e15f34e785a545,True,data/NEU-CLS/train/train/images/rolled-in_scale_276.jpg
data/NEU-CLS/train/train/images/rolled-in_scale_277.jpg,rolled-in_scale,200,200,RGB,1,True,1faede96e2c51b32425dd0e77867e9b3b790ab0724bcd763cc1f4ea331afac5c,c3844c14056ff10c440943bd0347c82f5522ca713e74c728b8f25f8204358192,True,data/NEU-CLS/train/train/images/rolled-in_scale_277.jpg
data/NEU-CLS/train/train/images/rolled-in_scale_278.jpg,rolled-in_scale,200,200,RGB,1,True,38b183d01f560b6edd8699985a7ab45896d03d056cf5830a3c1e5c20838ef014,e6847ee83967af42c569b9c7e24e832286aec366a88803551a0488b034638553,True,data/NEU-CLS/train/train/images/rolled-in_scale_278.jpg
data/NEU-CLS/train/train/images/rolled-in_scale_279.jpg,rolled-in_scale,200,200,RGB,1,True,7d6c2342ba3131dcf29b643c89a2f44609e9f7d5c388faa3366161ffa813bf18,7463ecc22932a1d7a04dfe147315d3506d789b695ab0bc675ff753631c5e6a76,True,data/NEU-CLS/train/train/images/rolled-in_scale_279.jpg
data/NEU-CLS/train/train/images/rolled-in_scale_28.jpg,rolled-in_scale,200,200,RGB,1,True,418d976e5b428aa954bb37d4eff3bad0e081c8f13266d0f9caada1dacb73adc5,fa73b1d02ab82061ff36a228e3ed10301f853b9a529daab0c424f94064599fad,True,data/NEU-CLS/train/train/images/rolled-in_scale_28.jpg
data/NEU-CLS/train/train/images/rolled-in_scale_280.jpg,rolled-in_scale,200,200,RGB,1,True,f1269a5e170cbe86181350e5eceab2b88e820650629097d96ba3eef0e362f6d2,912b5b1863e787ecb82292fb12a0dea936bf985158e7838f11fefd43f6fad7b0,True,data/NEU-CLS/train/train/images/rolled-in_scale_280.jpg
data/NEU-CLS/train/train/images/rolled-in_scale_281.jpg,rolled-in_scale,200,200,RGB,1,True,036fd9a28409d589230ceb99b63fdbc5110fa4fc61cd26088dd2a2d6901ba6a4,98a959d691affcb2161ebb6d040855c8b8e353434545a75533601b7d35fae6a9,True,data/NEU-CLS/train/train/images/rolled-in_scale_281.jpg
data/NEU-CLS/train/train/images/rolled-in_scale_282.jpg,rolled-in_scale,200,200,RGB,1,True,7c0e1e3d58500e5374437dfa05945eb160c057f19ae55d83dd14e9a622565321,7ece2a6cd61aff9eae052c7edd9e20f549b216c928503da2d4ff8cb1a47f450f,True,data/NEU-CLS/train/train/images/rolled-in_scale_282.jpg
data/NEU-CLS/train/train/images/rolled-in_scale_283.jpg,rolled-in_scale,200,200,RGB,1,True,9a2e4decb7af0132277f426b3adf4beb46f4e9b12567f5a06cc8106714280192,e86b762fd6e02c2724fe5217a526c6ad888c39c26063383eb99e280c97465c3e,True,data/NEU-CLS/train/train/images/rolled-in_scale_283.jpg
data/NEU-CLS/train/train/images/rolled-in_scale_284.jpg,rolled-in_scale,200,200,RGB,1,True,8a9f94de99649f32c9d914998e4a9208bc0d8a3792f2612fbf4b6055fec928ec,d10efa9f9f41822f156c09988b367b77b4d67df16a097bb570b9e046a495be07,True,data/NEU-CLS/train/train/images/rolled-in_scale_284.jpg
data/NEU-CLS/train/train/images/rolled-in_scale_285.jpg,rolled-in_scale,200,200,RGB,1,True,a8cca6d91ea7fb73283d88efd2d30e067b6d09ce645e5e85438441683f134e99,9d607ed7ae84ccbb371a7290143f59cf64fe011e49d620040a870292f2fc43f8,True,data/NEU-CLS/train/train/images/rolled-in_scale_285.jpg
data/NEU-CLS/train/train/images/rolled-in_scale_286.jpg,rolled-in_scale,200,200,RGB,1,True,69fad71e435ce18f38396c088745f765a7d936b69025ef34c3fd8aca96744b64,c6b6950a311d0395001053b0e44f716289ea68f28350832b1808c0bb58256158,True,data/NEU-CLS/train/train/images/rolled-in_scale_286.jpg
data/NEU-CLS/train/train/images/rolled-in_scale_287.jpg,rolled-in_scale,200,200,RGB,1,True,45b1154ffcd65c9a971bf2a42aa3f0f489c9227a8550c1f52e04125e1ce05c40,5010400686c774cb2404a174ced6487bcc1af03cb1d428148f7d367cfc2f5020,True,data/NEU-CLS/train/train/images/rolled-in_scale_287.jpg
data/NEU-CLS/train/train/images/rolled-in_scale_288.jpg,rolled-in_scale,200,200,RGB,1,True,c50614815646af4455639a530c283a0634aedee702befcc6ffbc6d0270a5953a,cf39f071cb80f6251a8794075b60c8fa130020a88f8a37f349dfc2cc7a6cf70b,True,data/NEU-CLS/train/train/images/rolled-in_scale_288.jpg
data/NEU-CLS/train/train/images/rolled-in_scale_289.jpg,rolled-in_scale,200,200,RGB,1,True,01cad42cc83646dbaee6842d9651e90dbd82fb02439766351fceaa1a133f142c,4d58edf6f429066b62ff3bc9f170c81b8204236b7a837d7e00cbc78979fe34d2,True,data/NEU-CLS/train/train/images/rolled-in_scale_289.jpg
data/NEU-CLS/train/train/images/rolled-in_scale_29.jpg,rolled-in_scale,200,200,RGB,1,True,b6775c39f808ce17a691b1e643d2c71bd0a6541642bddf1b81cad56dc0fc829a,b82b27a9dae3d7453d46cab5aa030e0b9703b1734a9b7092ebdd63f2bac35053,True,data/NEU-CLS/train/train/images/rolled-in_scale_29.jpg
data/NEU-CLS/train/train/images/rolled-in_scale_290.jpg,rolled-in_scale,200,200,RGB,1,True,74e7dc7f885b5880c6f09c38d27d8ec7f2c64891bf68320970edbd14ad703717,1c316b2778ef90477baf5f1ed37cef8a3d2a8ae4b431be9ee76a84db3845edcb,True,data/NEU-CLS/train/train/images/rolled-in_scale_290.jpg
data/NEU-CLS/train/train/images/rolled-in_scale_291.jpg,rolled-in_scale,200,200,RGB,1,True,9f0edb4a349a72882d2526d2f77edd7ab85bd594128e1f6596b905f9e0a9d8d6,cf9b9177bbb9b7f7626675b3892f8ee8992c4bd8ca9ce9c1639da4f6b17a34c5,True,data/NEU-CLS/train/train/images/rolled-in_scale_291.jpg
data/NEU-CLS/train/train/images/rolled-in_scale_292.jpg,rolled-in_scale,200,200,RGB,1,True,aca4945a18bc0445ff978f25c3431f3cda87f4035278dac3f1a764819d68467f,6c47d96a0069145f0535a335e7f7a1f8b643dffc101ce379bf24dce08aa64f7c,True,data/NEU-CLS/train/train/images/rolled-in_scale_292.jpg
data/NEU-CLS/train/train/images/rolled-in_scale_293.jpg,rolled-in_scale,200,200,RGB,1,True,35b498a3b118f589321f340b8fe469a5403de0f70b44433ad846beb05624e2ba,1d0feabc06d24c7d312a106f6696137a5cfaf67616c2890ad70693d6e22a18d7,True,data/NEU-CLS/train/train/images/rolled-in_scale_293.jpg
data/NEU-CLS/train/train/images/rolled-in_scale_294.jpg,rolled-in_scale,200,200,RGB,1,True,0e183030b910288f3f7415ba98afec6477e51c2f5ac51d972246e15a5916fd37,b64dbdab678c3ba2ce597e7f291489390cb817538c4e4a38ac1ee77348fb50ca,True,data/NEU-CLS/train/train/images/rolled-in_scale_294.jpg
data/NEU-CLS/train/train/images/rolled-in_scale_295.jpg,rolled-in_scale,200,200,RGB,1,True,813aa66d52a468359daa6cfe5d084b934b8649b782ada8d4342e33935327e722,56c45b3e8c280fc0f58c30a79a424887f5e5fe8e34458b42a15050dff01bd938,True,data/NEU-CLS/train/train/images/rolled-in_scale_295.jpg
data/NEU-CLS/train/train/images/rolled-in_scale_296.jpg,rolled-in_scale,200,200,RGB,1,True,c7b3c5e309632173863586042983ce86c7fe5813d24e1f23d00803ee66436692,1d008a1fec85f7db77165b9b11eae730f0e3958bc73a46ad356ce4c3b15bf632,True,data/NEU-CLS/train/train/images/rolled-in_scale_296.jpg
data/NEU-CLS/train/train/images/rolled-in_scale_297.jpg,rolled-in_scale,200,200,RGB,1,True,e737ad2f0e6313c895f028fae7c937f0d1d77dd9511f325f23e912cc79daf2b5,cecfa49d8440080f579320ca851b50b7ff2b030cfd5501609168d7db1d19f41d,True,data/NEU-CLS/train/train/images/rolled-in_scale_297.jpg
data/NEU-CLS/train/train/images/rolled-in_scale_298.jpg,rolled-in_scale,200,200,RGB,1,True,4ee977480d64da6f6ff4c5de36bb2d534abcfd35d85b853fc3abd228b689cd86,613005a7e6942b45299fc0169a3568cb7a65b3bc1c0a426c75527f544db82f78,True,data/NEU-CLS/train/train/images/rolled-in_scale_298.jpg
data/NEU-CLS/train/train/images/rolled-in_scale_299.jpg,rolled-in_scale,200,200,RGB,1,True,35291b3e5390149b6473fa1ee16910b80c860897a62643cf82c65547d8337bb3,ec99330715fe22970e40124e8739cd1e2826b5d4fce3712bc9ad824c4ea9ace0,True,data/NEU-CLS/train/train/images/rolled-in_scale_299.jpg
data/NEU-CLS/train/train/images/rolled-in_scale_30.jpg,rolled-in_scale,200,200,RGB,1,True,be507963548917b7dc2379663a1d7fe3daa06cef391b4a7ddc5319dc8bd20e03,1efb4dc6bcd6421a1364bfaf1bee4df4af51c45d1d4fc0952ffe270b87b12a50,True,data/NEU-CLS/train/train/images/rolled-in_scale_30.jpg
data/NEU-CLS/train/train/images/rolled-in_scale_300.jpg,rolled-in_scale,200,200,RGB,1,True,2599551f47cdb8515d126969fe26a968f9519bf6a2ebeb7978fbeeddd0dd9300,6805f54b968daf73135fd95c966723414da09b6b52ddf66a2b37a4184cb9becd,True,data/NEU-CLS/train/train/images/rolled-in_scale_300.jpg
data/NEU-CLS/train/train/images/rolled-in_scale_31.jpg,rolled-in_scale,200,200,RGB,1,True,7535f7a4981574e0a021740800c34216eb75540011e3c685694aa5317272fc16,05dea78ae6f1fa9e3dfa3bdeecc3e863018598fb1cc900fdd86b4af8b90e47ae,True,data/NEU-CLS/train/train/images/rolled-in_scale_31.jpg
data/NEU-CLS/train/train/images/rolled-in_scale_32.jpg,rolled-in_scale,200,200,RGB,1,True,0b234244c6ade925e1f08de73700d0682ea31fb8f25c3245ebf8b7b18604fd16,25cca90d0152d1c621304541d2460a4f4e9d2274d876ee3bb66426ab125efb63,True,data/NEU-CLS/train/train/images/rolled-in_scale_32.jpg
data/NEU-CLS/train/train/images/rolled-in_scale_33.jpg,rolled-in_scale,200,200,RGB,1,True,2b2f8c1d313f4f281578546706dd5597d814d71e3150e5f40d11cba6f78860a5,ef7a6051a9e0fc97b02fce4385d54316e13b8bc7b8c31236a94ef3888040d651,True,data/NEU-CLS/train/train/images/rolled-in_scale_33.jpg
data/NEU-CLS/train/train/images/rolled-in_scale_34.jpg,rolled-in_scale,200,200,RGB,1,True,b2437bce6beff748accdab51b62221d28e75228c6812ca2b053b71fde2a3c64e,64c78d4675ab71a7604fa0e4d3e1a9fdc773551f26aa074929ccdce3c2fd9f6f,True,data/NEU-CLS/train/train/images/rolled-in_scale_34.jpg
data/NEU-CLS/train/train/images/rolled-in_scale_35.jpg,rolled-in_scale,200,200,RGB,1,True,1e49b720b81f3f59db9ffcacc1d8d7de09d7537f83ee7269834f4069bae65cdf,11e4a950f015efc328abb5e04b528f7b121e1abf7b70f1d7f1af9a3696d64af3,True,data/NEU-CLS/train/train/images/rolled-in_scale_35.jpg
data/NEU-CLS/train/train/images/rolled-in_scale_36.jpg,rolled-in_scale,200,200,RGB,1,True,6c996a06108fd2fe4c7b39f723675ac533c55e6123b2bc0ceacaf2f890cfbae3,18cca5ee3a4d8410647f829090cb82228ccb56c015db6b68e3056fcfec8b08b0,True,data/NEU-CLS/train/train/images/rolled-in_scale_36.jpg
data/NEU-CLS/train/train/images/rolled-in_scale_37.jpg,rolled-in_scale,200,200,RGB,1,True,5c597a81b39c44c4b9a6c72281642c8c0db1c4ca34ea22f9d224b290d4bdb29f,f308c7671c9899820bfe01776dc7ad5acddab7f75a2448243f997444b6e8ad5b,True,data/NEU-CLS/train/train/images/rolled-in_scale_37.jpg
data/NEU-CLS/train/train/images/rolled-in_scale_38.jpg,rolled-in_scale,200,200,RGB,1,True,53c2b6c62288b2cad101b7cf739c3939a26c0a4b541734d6b453c0091032a993,648af0f8bc8dd68a2096008df5bcd7cd370dd414f2b9ab635aff36836b4dda60,True,data/NEU-CLS/train/train/images/rolled-in_scale_38.jpg
data/NEU-CLS/train/train/images/rolled-in_scale_39.jpg,rolled-in_scale,200,200,RGB,1,True,05e6927be61b1d9bd07e1db2f674b251dc41c931162b660e9a610f58f4a82fb3,0854faf3066dc76db2680fe2afab6b284463d9093b15c51a20b511c31254ed6f,True,data/NEU-CLS/train/train/images/rolled-in_scale_39.jpg
data/NEU-CLS/train/train/images/rolled-in_scale_40.jpg,rolled-in_scale,200,200,RGB,1,True,83b5acc568e7cf423ac64edd489cc2bec7c91022b34420602762e8ac24670d98,fbb8f597b145a0f636cc962c93c96acda4d485faf249cf47ee3ffd2e68ca9a54,True,data/NEU-CLS/train/train/images/rolled-in_scale_40.jpg
data/NEU-CLS/train/train/images/rolled-in_scale_41.jpg,rolled-in_scale,200,200,RGB,1,True,92e13acb9df5165a2f94a2360236f6a4ae6e6a24c069c0f742798d94640238ff,369a0bd62415c6260b3ad54016d0621e075d0a6d2e92f17f856c16b3c1ad1eca,True,data/NEU-CLS/train/train/images/rolled-in_scale_41.jpg
data/NEU-CLS/train/train/images/rolled-in_scale_42.jpg,rolled-in_scale,200,200,RGB,1,True,4f4b79678da419f5c651213bb13a0b1aa8cf00e138e3430d78adb4a684c7d994,5388f542ec64de559ad7e854cf20a6cb446b8222091c6b4d1b4d70f0174f62c6,True,data/NEU-CLS/train/train/images/rolled-in_scale_42.jpg
data/NEU-CLS/train/train/images/rolled-in_scale_43.jpg,rolled-in_scale,200,200,RGB,1,True,986e7919ee85955cec1e9008f449524f67c9fef995785a87490345e0875e7dfa,a928f3c51c190a1d58f03996803ed98023f2891ba8d48e5a17522e3887959227,True,data/NEU-CLS/train/train/images/rolled-in_scale_43.jpg
data/NEU-CLS/train/train/images/rolled-in_scale_44.jpg,rolled-in_scale,200,200,RGB,1,True,3a55d169f811d8c69a9177b324cf351f56ee3fe59aca6e605a4ed73a58f8a3c7,51260a19a670f5610db744a9d7781625e9c947a05ecbaaf1036b9c43a1dade07,True,data/NEU-CLS/train/train/images/rolled-in_scale_44.jpg
data/NEU-CLS/train/train/images/rolled-in_scale_45.jpg,rolled-in_scale,200,200,RGB,1,True,652a11a0747b70d9537b2f7a272097383d66315f1974dbd1c0145bb98623f88a,b313e8b33cde5a02e80d104fb3ba55cd6c0f48534afedbb2079aadaecd750770,True,data/NEU-CLS/train/train/images/rolled-in_scale_45.jpg
data/NEU-CLS/train/train/images/rolled-in_scale_46.jpg,rolled-in_scale,200,200,RGB,1,True,d1092df4031029a5d838948b39f1d08e01a8448ce8f6aa1a47489e9936c71768,3c3f338240463ed216f6663a5c253ff27ae00f369768b0225a92805e8c6c9cec,True,data/NEU-CLS/train/train/images/rolled-in_scale_46.jpg
data/NEU-CLS/train/train/images/rolled-in_scale_47.jpg,rolled-in_scale,200,200,RGB,1,True,0eac381091303939359a7528a4f54b5107e53d5700e2dafd9e75c4c4e014eb44,87a2cf6f9840b366e0feec0072d82cb17ca41781d377fb8ff14dfff10de11cba,True,data/NEU-CLS/train/train/images/rolled-in_scale_47.jpg
data/NEU-CLS/train/train/images/rolled-in_scale_48.jpg,rolled-in_scale,200,200,RGB,1,True,a55c1a286a9accf4bd7df64932ea0834d552068fefd6c369cdc0e865b4482985,1419cd74537b2a50f6a64c359a473b84fbd906334dd05835136d461aca1fba8d,True,data/NEU-CLS/train/train/images/rolled-in_scale_48.jpg
data/NEU-CLS/train/train/images/rolled-in_scale_49.jpg,rolled-in_scale,200,200,RGB,1,True,95e4ed37a0b7fbf54e713a9cfc6fc66aa9c3bb5ce170914576ffb125364f6e7b,aa3c0b03d44f487c13466212056eb38853893bf771b24c140239a8f05fc687c7,True,data/NEU-CLS/train/train/images/rolled-in_scale_49.jpg
data/NEU-CLS/train/train/images/rolled-in_scale_50.jpg,rolled-in_scale,200,200,RGB,1,True,712441fa10afa4879437fd2f6e4575210a0cdb45145c3ab677432d5392529230,2e9ba5c0522099ea1312b1c99d4fac94bf6e2b6b386ae8d0806fc62c30aca7da,True,data/NEU-CLS/train/train/images/rolled-in_scale_50.jpg
data/NEU-CLS/train/train/images/rolled-in_scale_51.jpg,rolled-in_scale,200,200,RGB,1,True,34b31308818cf1ae9fffba96d873f48699037fac12d5ec6c7554b3551380fef1,a2acbeeba50e3fbf0b09c1a7071610ae89b960b6c6e02e4f6965599054fe3e68,True,data/NEU-CLS/train/train/images/rolled-in_scale_51.jpg
data/NEU-CLS/train/train/images/rolled-in_scale_52.jpg,rolled-in_scale,200,200,RGB,1,True,cab9b6700d970cf1664a121a5e2ef0b7ea68e343e0b97c92335497cb23e4ac21,850f6a72b1a79226fabe20fcd6bb074e80344b83f8e6632376daca903a029d25,True,data/NEU-CLS/train/train/images/rolled-in_scale_52.jpg
data/NEU-CLS/train/train/images/rolled-in_scale_53.jpg,rolled-in_scale,200,200,RGB,1,True,f6d5a18d343c82237fa93d690ed3fbb67c6ffe6ebb6264e45f01c5d90a1f2fd3,651a0bcae1499d19be5502deefd123c89461d95f3ec72472271b8df8c2909240,True,data/NEU-CLS/train/train/images/rolled-in_scale_53.jpg
data/NEU-CLS/train/train/images/rolled-in_scale_54.jpg,rolled-in_scale,200,200,RGB,1,True,2dbecde0785dcce5cf252dc2f3fd5883255d0c39f7fe50cd64047c570f6c019d,0ddf5f5e63200d3a6b5a09c13179a3d68aac9b9fa9a603f9c2f5373d4aa8f236,True,data/NEU-CLS/train/train/images/rolled-in_scale_54.jpg
data/NEU-CLS/train/train/images/rolled-in_scale_55.jpg,rolled-in_scale,200,200,RGB,1,True,072a22d9d36ef3c96bcb376c4e53a1c46cf2ca74e88544c648acfaecb7b6742d,a7dfe8ed59cc466d6ba71a0af68f03ad5cd49f786ba09d4230d1fea75a8b4624,True,data/NEU-CLS/train/train/images/rolled-in_scale_55.jpg
data/NEU-CLS/train/train/images/rolled-in_scale_56.jpg,rolled-in_scale,200,200,RGB,1,True,3c4de9377069e0f71c348dc48e0b24a3536ad810f4f8eb958e4cc00e28a25238,ed2e7456e8f6d719bdf0a021232ba1a84aed699522e4c67c7de2db55206c0595,True,data/NEU-CLS/train/train/images/rolled-in_scale_56.jpg
data/NEU-CLS/train/train/images/rolled-in_scale_57.jpg,rolled-in_scale,200,200,RGB,1,True,6a27271b80c5f64663072c045e1129bd1ef87808e23bee3f6888f9df6f6d66a6,0cadf4009f846f6cae18cc4789b385e8aa858a36b010ea46d9027ef21bc5420e,True,data/NEU-CLS/train/train/images/rolled-in_scale_57.jpg
data/NEU-CLS/train/train/images/rolled-in_scale_58.jpg,rolled-in_scale,200,200,RGB,1,True,a61c00570d43bbb1ad886e52a8ba1e9893c324efd3b45b7c3724e3268662047a,baaba3628ba1c4b7da1dc56c7e129e41ad0cece0eec55ed4ba81cf9f2cc0ca61,True,data/NEU-CLS/train/train/images/rolled-in_scale_58.jpg
data/NEU-CLS/train/train/images/rolled-in_scale_59.jpg,rolled-in_scale,200,200,RGB,1,True,0c843636d6d6587940cfb935db13937c138253715185b7dc84fe8826cd7f4b07,5e93d7892f79c4ca70c28589ea93fff393c057c1749ce9e24ff08eeb0a2fb25d,True,data/NEU-CLS/train/train/images/rolled-in_scale_59.jpg
data/NEU-CLS/train/train/images/rolled-in_scale_6.jpg,rolled-in_scale,200,200,RGB,1,True,d24aed54c31d2d10b72e7cc27b0d82ed4eaca0a056143d8c6d43aa860bf09779,159067ba8c198f3f0c277b1ac368063cf6c75e834acf8a15a6019ce1cc8f3585,True,data/NEU-CLS/train/train/images/rolled-in_scale_6.jpg
data/NEU-CLS/train/train/images/rolled-in_scale_60.jpg,rolled-in_scale,200,200,RGB,1,True,0b080d23a13460c53c5eed5a92109aa9f98f2418ba7e84b7b305ea68597e7530,57bbbd2c8df9fde2dcd8dd075333e547256dd634e8b5547f95a1ee5fa000c0ed,True,data/NEU-CLS/train/train/images/rolled-in_scale_60.jpg
data/NEU-CLS/train/train/images/rolled-in_scale_61.jpg,rolled-in_scale,200,200,RGB,1,True,761eab8b977173ddf7f56a7766654dfa4e58decbe5c4d27ce09311cf7f1befcb,2ae5bb41d5c0be8cd02639847e695746ed4a6b5226ee0207ee1d668505d014b8,True,data/NEU-CLS/train/train/images/rolled-in_scale_61.jpg
data/NEU-CLS/train/train/images/rolled-in_scale_62.jpg,rolled-in_scale,200,200,RGB,1,True,0440f32076f431968f3dec4a76415fcc3756e5871f0458e616548a7879aa3de2,7ce8fd58cd8aeeddb408ff95477ca2b8f2ee48b6c1dce4b78edb9790a6a8f3c5,True,data/NEU-CLS/train/train/images/rolled-in_scale_62.jpg
data/NEU-CLS/train/train/images/rolled-in_scale_63.jpg,rolled-in_scale,200,200,RGB,1,True,b60cc3734adb110230a6ad57527ba2956ffb5ff1465f358a11b69a780a4c1d28,e8ac2fff0beb274930adbaa1e0134563905d72a394f95a16522625ccc9347522,True,data/NEU-CLS/train/train/images/rolled-in_scale_63.jpg
data/NEU-CLS/train/train/images/rolled-in_scale_64.jpg,rolled-in_scale,200,200,RGB,1,True,dfe0550cc7c989c54a4bf06474db51adbae12f77108dcd06287c94bf64eaa5c4,34dc92ab587ccca31ab33f121a3d9dc115b3e5c521d547a28eaa168ca46395e6,True,data/NEU-CLS/train/train/images/rolled-in_scale_64.jpg
data/NEU-CLS/train/train/images/rolled-in_scale_65.jpg,rolled-in_scale,200,200,RGB,1,True,484c528e94c1ca590ce089553358cf9256cad3191427c97c33e0f5ccc8dbe16e,e28b20e3b1bff5fb9a9ffd4ae95aa5ca87407c3af6de90bf20773dd906a0a065,True,data/NEU-CLS/train/train/images/rolled-in_scale_65.jpg
data/NEU-CLS/train/train/images/rolled-in_scale_66.jpg,rolled-in_scale,200,200,RGB,1,True,3c0b11eec5dd37b3a4cca5c3672b90653a7cf9aa74404546a55f32923136d7fa,730fe71ea23c3a1573ddc5f4a4b4a57bb86fec92f5d04232d9274debed63c0cb,True,data/NEU-CLS/train/train/images/rolled-in_scale_66.jpg
data/NEU-CLS/train/train/images/rolled-in_scale_67.jpg,rolled-in_scale,200,200,RGB,1,True,3aa0b6f6c8b159a29aed63f58da07cf5cf46139b0e2131da3b0c0e0d50a4c58f,7417cf294ec756913beb9bab18d269ea36a579e56d63c5ea2df095257fa1207c,True,data/NEU-CLS/train/train/images/rolled-in_scale_67.jpg
data/NEU-CLS/train/train/images/rolled-in_scale_68.jpg,rolled-in_scale,200,200,RGB,1,True,41f6330ef2509d5fd811c3d92f6e25cf78457b34b96af052d262c160a201c254,a305f132319b485cba99951831e27dd49c7bb666aea57b114ed70221ec21ab66,True,data/NEU-CLS/train/train/images/rolled-in_scale_68.jpg
data/NEU-CLS/train/train/images/rolled-in_scale_69.jpg,rolled-in_scale,200,200,RGB,1,True,7ea5f2851a73a14e51eb1a2b25298e25aad2ad01c61e92b1642a152d44c1551d,1e94566e351e68ba63325b7b257b6ada50d9d8ff40d112c8a465ccb156ca5642,True,data/NEU-CLS/train/train/images/rolled-in_scale_69.jpg
data/NEU-CLS/train/train/images/rolled-in_scale_7.jpg,rolled-in_scale,200,200,RGB,1,True,d46891437253f761072ae7a4c72b2db01a5ed9f59d97f25052fd74e8ea0765ca,3926f1920684e98d841ac0c1e40e4a5c42ad52d698dffaf9dc1fc3d4b0d66012,True,data/NEU-CLS/train/train/images/rolled-in_scale_7.jpg
data/NEU-CLS/train/train/images/rolled-in_scale_70.jpg,rolled-in_scale,200,200,RGB,1,True,2078e0a437a9b246c0c44b77031bcfe2903c6a2171dab4c128f96356ad17f2ee,61d057971be691aadc5bdc52dd62df0709a5cd684489567187c4e08bebe6844d,True,data/NEU-CLS/train/train/images/rolled-in_scale_70.jpg
data/NEU-CLS/train/train/images/rolled-in_scale_71.jpg,rolled-in_scale,200,200,RGB,1,True,358892669ce9249d65eaaf16ef33c84d31f7c32e355f4acf23033b3b15c995fe,9cae264906a708711bb8a88f2d7cf12e09936815e364cb2a973110054adb10ad,True,data/NEU-CLS/train/train/images/rolled-in_scale_71.jpg
data/NEU-CLS/train/train/images/rolled-in_scale_72.jpg,rolled-in_scale,200,200,RGB,1,True,56949cdeea9c339621667f8e982efe68a6926cda46fa6c22c14662ac359ec78e,25ee5acd7490ce3b513084be04a5a64ae50a1371e4da6f8aaa0f4d7b80d2c5fb,True,data/NEU-CLS/train/train/images/rolled-in_scale_72.jpg
data/NEU-CLS/train/train/images/rolled-in_scale_73.jpg,rolled-in_scale,200,200,RGB,1,True,09de9d987c8ce064472cfb9f5be4d24338afb7edabd4dd9320b24fffd7a7bb91,b22b049248342145b71fab3ae2d858acfcd585ca283a78c44c62f25641d745ad,True,data/NEU-CLS/train/train/images/rolled-in_scale_73.jpg
data/NEU-CLS/train/train/images/rolled-in_scale_74.jpg,rolled-in_scale,200,200,RGB,1,True,5fcbd4a9fdc7ae7378cb61de7f2c5ce58714cb6a1bdc4ea9bdbb35e8431432a2,79ec596acbc58f7f601f5cdf5853f6823521e0e921a34ac14cff1e74462b0bff,True,data/NEU-CLS/train/train/images/rolled-in_scale_74.jpg
data/NEU-CLS/train/train/images/rolled-in_scale_75.jpg,rolled-in_scale,200,200,RGB,1,True,4d49093a4f5f411b11fd54f191d68ba35d2b09b110127df5bc7f33353028ab8b,7029b5afae84a199a234dbee82f1291d4ec0c98b528702a2cdf4292c15b4b4b5,True,data/NEU-CLS/train/train/images/rolled-in_scale_75.jpg
data/NEU-CLS/train/train/images/rolled-in_scale_76.jpg,rolled-in_scale,200,200,RGB,1,True,e5d8e417a0006dc7674e2f2c5725860119f50aed42a89faf2df14466f6bdbafa,9ff463e7bf3339c3f518df380e873f5d8cd205370f75b096c74111736c3755e5,True,data/NEU-CLS/train/train/images/rolled-in_scale_76.jpg
data/NEU-CLS/train/train/images/rolled-in_scale_77.jpg,rolled-in_scale,200,200,RGB,1,True,1904942da3a22567b129b107852c3d75f36dcca7a47ca412f24074f8bbb56a74,e17a3fb7e3eeb9d8a4e01ef6484aae636ba9ec83e6f30e8d81ee360afdb0ef29,True,data/NEU-CLS/train/train/images/rolled-in_scale_77.jpg
data/NEU-CLS/train/train/images/rolled-in_scale_78.jpg,rolled-in_scale,200,200,RGB,1,True,548c4196df3aae2bd2d78bb2d597d94a62c327d67ea8946aec748348206ccfca,82564ee7361739cfa9b7f03196456880b8f8bacef0d6cee1158ec1c99e487379,True,data/NEU-CLS/train/train/images/rolled-in_scale_78.jpg
data/NEU-CLS/train/train/images/rolled-in_scale_79.jpg,rolled-in_scale,200,200,RGB,1,True,bb247842774195a7b10f507c0dded14006456d9aa9c3de7d5728ae2c8ad86336,bca0182dcfea69c77628bfe2f9282e2d22aeb0b2a622db55945f8b176ce56311,True,data/NEU-CLS/train/train/images/rolled-in_scale_79.jpg
data/NEU-CLS/train/train/images/rolled-in_scale_8.jpg,rolled-in_scale,200,200,RGB,1,True,fda0e799f5fc7d3d3550f9f44bdfa9efa8d43c068461d77f8d61386cad16d89e,da10af170bbd90328f5bc20b98f57e669161c4fed17d83bddb9884ca0748246a,True,data/NEU-CLS/train/train/images/rolled-in_scale_8.jpg
data/NEU-CLS/train/train/images/rolled-in_scale_80.jpg,rolled-in_scale,200,200,RGB,1,True,2f5dbc8dcaf15f87094aa7fad865b2d423616c9fe27489d0e8652aacb2794eb7,795ab4d059d8b229839690450402e66c4e9568e55d982193dbbdb2b52ef64241,True,data/NEU-CLS/train/train/images/rolled-in_scale_80.jpg
data/NEU-CLS/train/train/images/rolled-in_scale_81.jpg,rolled-in_scale,200,200,RGB,1,True,834c71734fc6257e459b03759bdf40a8f010d968f9b051533ae2577f4ae2f403,f77f1531bfcb32b685aa0ea509af216f5541c5171795c24d092e6cf888a22edd,True,data/NEU-CLS/train/train/images/rolled-in_scale_81.jpg
data/NEU-CLS/train/train/images/rolled-in_scale_82.jpg,rolled-in_scale,200,200,RGB,1,True,c9d46a65f395ae014460082797b42eb4288856a948b3a2b55e733360035ff926,d8248c8457cd487ff88a7e0bee715a2c92050ac04bd05b5c072194fb1f6d4111,True,data/NEU-CLS/train/train/images/rolled-in_scale_82.jpg
data/NEU-CLS/train/train/images/rolled-in_scale_83.jpg,rolled-in_scale,200,200,RGB,1,True,e2355db7b8e28cd116c85a7927a368021afc6744f3212f7df7fbc9ef474c9bfc,691675511bbf8f753d4785d6534f7476ca983a3613f05ed887b460bcf16e47ee,True,data/NEU-CLS/train/train/images/rolled-in_scale_83.jpg
data/NEU-CLS/train/train/images/rolled-in_scale_84.jpg,rolled-in_scale,200,200,RGB,1,True,f5be32a7ab25702e3167ed59f1e90e0a7eee288bb6de9c07c0c43c55ef0b77b8,bcbf8c607830f0c610498b8911698efb2d7db700eb726430949ac280f3a732f9,True,data/NEU-CLS/train/train/images/rolled-in_scale_84.jpg
data/NEU-CLS/train/train/images/rolled-in_scale_85.jpg,rolled-in_scale,200,200,RGB,1,True,63dfda1af3445f8083a15bf5e70c4c9b16b50fd63947a09da875904ce2f6e4a6,357a38f6f65f3a77aa71011dc5b35142fb644090d7c404019f44e7abd8a0fbf3,True,data/NEU-CLS/train/train/images/rolled-in_scale_85.jpg
data/NEU-CLS/train/train/images/rolled-in_scale_86.jpg,rolled-in_scale,200,200,RGB,1,True,0804c9d747c8d0e68857e4610d406d613336e231954ac9273f82ad18a5327449,f8b942a8eecf6d307dcbc58ccba5a77326297e75995244e1f001b6536cdce02d,True,data/NEU-CLS/train/train/images/rolled-in_scale_86.jpg
data/NEU-CLS/train/train/images/rolled-in_scale_87.jpg,rolled-in_scale,200,200,RGB,1,True,0d578ed6ce0ca32f08ab71678389ee38ef8f3da4f1dcc9db287f9388c2eb7a39,abbf67a4b2cbfac441dc85d8e26101bfd81ea896874f20d7a28ad4e6976b9a7c,True,data/NEU-CLS/train/train/images/rolled-in_scale_87.jpg
data/NEU-CLS/train/train/images/rolled-in_scale_88.jpg,rolled-in_scale,200,200,RGB,1,True,257fc94e3b1b098d42a0116ec9380d1e73f36f91d9367409a8e256c175e2ead2,d5ea1a41b43b0529615fbd5ef98f39a0d60ff12608e76864e602fe444a92b7a1,True,data/NEU-CLS/train/train/images/rolled-in_scale_88.jpg
data/NEU-CLS/train/train/images/rolled-in_scale_89.jpg,rolled-in_scale,200,200,RGB,1,True,8fef9e33d39267d7b0ec2f2cb73e6b31ee0a288eea95ce815a56e0ae79abc237,736eb03766f54b8810f6fe58689b8780b2c30877ffa7e37fbf1afcff0557c9f8,True,data/NEU-CLS/train/train/images/rolled-in_scale_89.jpg
data/NEU-CLS/train/train/images/rolled-in_scale_9.jpg,rolled-in_scale,200,200,RGB,1,True,842947ed242d553d7fbc7bc3b3d1496cb7219559aa5820435b63399f5ef6e8e0,53b0c0343380e74055b4175a564ab5dd4ba1a30a0c19b83d91d0ea3c6bf3d46d,True,data/NEU-CLS/train/train/images/rolled-in_scale_9.jpg
data/NEU-CLS/train/train/images/rolled-in_scale_90.jpg,rolled-in_scale,200,200,RGB,1,True,b8c91113772659b2f81be97594eb4ef2dda89b0c3be83d49fd3df5065a33a14f,88eced3e3f492e60cce026c7a2eb14bb3f1eba042ef63ccbea86727171031843,True,data/NEU-CLS/train/train/images/rolled-in_scale_90.jpg
data/NEU-CLS/train/train/images/rolled-in_scale_91.jpg,rolled-in_scale,200,200,RGB,1,True,526c022b8fa6b7e38ee9421af07405f5a94f4063d7af095ebcbd5c74b9e021f9,8873b7e873da3650d44c702b64e2ed858092efc5022a01d0834527d0decca2f6,True,data/NEU-CLS/train/train/images/rolled-in_scale_91.jpg
data/NEU-CLS/train/train/images/rolled-in_scale_92.jpg,rolled-in_scale,200,200,RGB,1,True,d48e57e9b4fff76402baae8b6448cd0f3cedeb301b0299937f66a564e934c26d,6776500fc4aa81cd756bc043ac90665087ac4744b3adc1120225a8e154d086b5,True,data/NEU-CLS/train/train/images/rolled-in_scale_92.jpg
data/NEU-CLS/train/train/images/rolled-in_scale_93.jpg,rolled-in_scale,200,200,RGB,1,True,99b478d675dda0f992d0e70bddd9d631028575027a56e4be9f7a8741bdd6527e,7a3372b9f5a0631fdca1a88b6981c7aebfbda02c136307e3eb96a795a3a9370f,True,data/NEU-CLS/train/train/images/rolled-in_scale_93.jpg
data/NEU-CLS/train/train/images/rolled-in_scale_94.jpg,rolled-in_scale,200,200,RGB,1,True,560cd19ca05fbc5396b48e54ba90b96323f8962d24a4b7a3a52af74aaf39eac4,49d675714b5a32f5e3614e38cbf179ce50dce9bf50ee5efb522c4f9392eac035,True,data/NEU-CLS/train/train/images/rolled-in_scale_94.jpg
data/NEU-CLS/train/train/images/rolled-in_scale_95.jpg,rolled-in_scale,200,200,RGB,1,True,06594ca23a480e682a1ed69108cee823cb3fb6b1b0b67f9eb956b3c737ebbaaf,2f58e95d5c15b0bde00384cb8009dda0afef77da976f6aabc30bd146ccab5785,True,data/NEU-CLS/train/train/images/rolled-in_scale_95.jpg
data/NEU-CLS/train/train/images/rolled-in_scale_96.jpg,rolled-in_scale,200,200,RGB,1,True,e4a73e4215e5dfe1b068cf406ab200ee7ff269c8fa8543b16260568ecbb70e75,d0122714c1a83907705c607b0131239616967e62cb02f4b9b8285fc7502efb2b,True,data/NEU-CLS/train/train/images/rolled-in_scale_96.jpg
data/NEU-CLS/train/train/images/rolled-in_scale_97.jpg,rolled-in_scale,200,200,RGB,1,True,fb0964326483cd3811425c0d43404fbe211b0c9055f9fa440f9d464ee4f6fbca,af41b340d5ce85166548b9b6796cb7a5327e534da7a02c6fad6bac79c1b8a3fc,True,data/NEU-CLS/train/train/images/rolled-in_scale_97.jpg
data/NEU-CLS/train/train/images/rolled-in_scale_98.jpg,rolled-in_scale,200,200,RGB,1,True,c479d54d2c3b9850439534392e991f0bb70a8d44a8be33a97932722c9f26b072,eb58db66c443f9f059fc862976501490180bebc49bc10c193ba3608cb9779bb5,True,data/NEU-CLS/train/train/images/rolled-in_scale_98.jpg
data/NEU-CLS/train/train/images/rolled-in_scale_99.jpg,rolled-in_scale,200,200,RGB,1,True,8ecbe05c11b7b043b5766f531a98ec31c41c5c615f8144ec671f61393e0961fa,8eb4e2c7a231b490c19e0e2e47945f35e1cfb6592ac7dd8d0545be7160594caf,True,data/NEU-CLS/train/train/images/rolled-in_scale_99.jpg
data/NEU-CLS/train/train/images/scratches_10.jpg,scratches,200,200,RGB,1,True,8790b870402cf95314da4d3ace3cc38d5721a3f1f321e3e346811988d7736600,2f0306300a7dca1b1d15641fd306c1381adb2dc9a684159835142c24dd1b0bc7,True,data/NEU-CLS/train/train/images/scratches_10.jpg
data/NEU-CLS/train/train/images/scratches_100.jpg,scratches,200,200,RGB,1,True,7e404244566609b8ef412f87a34aaff0af5ceb0c2140cc03e25e3f3e2f84f2af,0f77b0ada43764d6dab551773293e7d8087211d1920468cefb9d32df2f84441b,True,data/NEU-CLS/train/train/images/scratches_100.jpg
data/NEU-CLS/train/train/images/scratches_101.jpg,scratches,200,200,RGB,1,True,8cf6422094af770e264d9b25b74dd6e599f6b051f5fb45b8bf8070f4d0a42d34,f22819aa4b673f4d77d56837fc4cc6a2568138c6f5af2f35be436a78bead8771,True,data/NEU-CLS/train/train/images/scratches_101.jpg
data/NEU-CLS/train/train/images/scratches_102.jpg,scratches,200,200,RGB,1,True,cdb86540a847d39765c21a839855cc7b81fa2c4a8637f77957378dccb011834e,a7b60597de49d05d328944d8954ce2b3335b50bed42cde6fe50d82fef5d06a3a,True,data/NEU-CLS/train/train/images/scratches_102.jpg
data/NEU-CLS/train/train/images/scratches_103.jpg,scratches,200,200,RGB,1,True,4238f54faa3fac98eec53d1fbdee0bbc92c523bf3110f1bc4ef5ba86f96b1a97,e1d51979df7d70268918691d21efa941272379808d0c432e928eaf43a06b6b20,True,data/NEU-CLS/train/train/images/scratches_103.jpg
data/NEU-CLS/train/train/images/scratches_104.jpg,scratches,200,200,RGB,1,True,a4b3fd60a8d48f44c1be792321014d13fa9032c3e54d1cafb13d4ebb8301839a,f4c9a16c826c11413345ceda4b3a1f0cce73294b1d590b7a0e49e53e76d1aaea,True,data/NEU-CLS/train/train/images/scratches_104.jpg
data/NEU-CLS/train/train/images/scratches_105.jpg,scratches,200,200,RGB,1,True,bb2f2218a6f8e68156975ff64973af7fb5dcb5d6169f7715c452850c3e33eb92,fc97061643e3e18f2b7c5b0baa60a6622df9a70d80d0d65c3fa0bdc1a6995e69,True,data/NEU-CLS/train/train/images/scratches_105.jpg
data/NEU-CLS/train/train/images/scratches_106.jpg,scratches,200,200,RGB,1,True,0fef5231d26c75256c723d862474768b95d71b5c0d7335a3f3112382b7baa86e,9181e09b5de50cd734630c3c14996c75f05f27b9df97c0457fb39095056eef99,True,data/NEU-CLS/train/train/images/scratches_106.jpg
data/NEU-CLS/train/train/images/scratches_107.jpg,scratches,200,200,RGB,1,True,de6826749f3a7b68e11a2395976c1bf9d818ac21c9920bd160138fd81f711ba6,a88111100b7a5ca6f5c9cb807f0d335dda3d2d9b18eec66eec43af8875e8ad7d,True,data/NEU-CLS/train/train/images/scratches_107.jpg
data/NEU-CLS/train/train/images/scratches_108.jpg,scratches,200,200,RGB,1,True,36f89d12c0c0226f5da438c2804a5ccd5505e6810e2daf7fb044dafd409aca5d,506640b2bb776db88b0238e4124e908cd17feb5849dc03a874ed85b4758b141f,True,data/NEU-CLS/train/train/images/scratches_108.jpg
data/NEU-CLS/train/train/images/scratches_109.jpg,scratches,200,200,RGB,1,True,3d95fc1b9cd493c3964fff0d33b8433c4e5b89075e0da4c8e7e7ccd6d33bbed3,ee3c8dacb2be0c5ce913eee2cdf306fcaf14a3836cdcabe2637e3259febc05ad,True,data/NEU-CLS/train/train/images/scratches_109.jpg
data/NEU-CLS/train/train/images/scratches_11.jpg,scratches,200,200,RGB,1,True,ad623cd9dd5fbdabfcbbf2239dc42618160ee0e46ea17d38be8aa31395072d8c,d6563d50f14ddd1dd076bef85190eb57371e3484f9891f2d79b6f24f451fbeed,True,data/NEU-CLS/train/train/images/scratches_11.jpg
data/NEU-CLS/train/train/images/scratches_110.jpg,scratches,200,200,RGB,1,True,92c615abaa1585c8fd675ea9b9b1320f89c797d53b652fea2b3ca26a55eb74e0,d17cc2a5405a6efe4cdc51b4d91707633e93399313ecd6a41c545e8a6691650e,True,data/NEU-CLS/train/train/images/scratches_110.jpg
data/NEU-CLS/train/train/images/scratches_111.jpg,scratches,200,200,RGB,1,True,6da2ffbb84b4b3d21754c472d7f5e729958e69bc3ea296a24ed215152c19b62c,f8834f7c1b9e011d04f4651c980b460363e6c963095f4df6710b918f1652db37,True,data/NEU-CLS/train/train/images/scratches_111.jpg
data/NEU-CLS/train/train/images/scratches_112.jpg,scratches,200,200,RGB,1,True,ba221858d8d1a1c17d7eaaa1ac72a33345cc803ba1b96620a576113f7dcabcdc,134996f5da57142cc2774b7da5e14aceb5101e596cb97cef651e0a8a6fd381bf,True,data/NEU-CLS/train/train/images/scratches_112.jpg
data/NEU-CLS/train/train/images/scratches_113.jpg,scratches,200,200,RGB,1,True,e73a907d6406fb5b2872340cb49c2982b1724f71f75b66ade085c88fe736805c,19674204f3b00f9594c0cf2c0fa4ddb9faa053079c73adfc0b9811f21dded1ba,True,data/NEU-CLS/train/train/images/scratches_113.jpg
data/NEU-CLS/train/train/images/scratches_114.jpg,scratches,200,200,RGB,1,True,da3c3382f2fa9e1291e5da46d5ba96c1667229197dba56f1618c651379758571,09e8b9b93dde156bf3985769339d4a128b3fc9370db062ac2243221a421a4905,True,data/NEU-CLS/train/train/images/scratches_114.jpg
data/NEU-CLS/train/train/images/scratches_115.jpg,scratches,200,200,RGB,1,True,e2128a3bddd81fdf7631df469dbe36541dd5f62a829e8c3bd19795a3b84a9ee6,349ea8ac3b1b69ccdfd4000c0191e7bc4517e2c1701dd72ff4b191932eedf07c,True,data/NEU-CLS/train/train/images/scratches_115.jpg
data/NEU-CLS/train/train/images/scratches_116.jpg,scratches,200,200,RGB,1,True,c9a6354c889419d80851cfd192b535c2baeb699d59c7f1b8424552b7a134b955,8280347be132346aa9838f41239b451b05f2370e389d963f7d2a8540908a4dde,True,data/NEU-CLS/train/train/images/scratches_116.jpg
data/NEU-CLS/train/train/images/scratches_117.jpg,scratches,200,200,RGB,1,True,533ef411f0252d313a85b6f7b4057f036268cac900581bba1784588136a7716e,c81d27fecc7a11b530ec9d362f15824acf445a60cca11268cb89db9acde968ee,True,data/NEU-CLS/train/train/images/scratches_117.jpg
data/NEU-CLS/train/train/images/scratches_118.jpg,scratches,200,200,RGB,1,True,11597fa66f475888f1b4bde318a741339467c1d074942361d0a391a61770f93e,eb1c8b37315b44b85efad933b8ec97ab81320d526d6712439d0175b1cbbc2370,True,data/NEU-CLS/train/train/images/scratches_118.jpg
data/NEU-CLS/train/train/images/scratches_119.jpg,scratches,200,200,RGB,1,True,2686f354cee5cbdbde6d4421577055f26a60eb8c1d853f7841dd12cb41d49b33,0b4c347da29aad9f87128dee9dc3b3c03eade1d06636658733895a2bd73869b8,True,data/NEU-CLS/train/train/images/scratches_119.jpg
data/NEU-CLS/train/train/images/scratches_12.jpg,scratches,200,200,RGB,1,True,da988236def7af755e30945f33af20f73c08879111c072a4cd9b843f56f23272,98eafb94489a52bf357776ff28492e7e506e1d61e9cb8dee74fd76068437ecdc,True,data/NEU-CLS/train/train/images/scratches_12.jpg
data/NEU-CLS/train/train/images/scratches_120.jpg,scratches,200,200,RGB,1,True,127ec91a3f350a9dde1521aa8bae0d7db6df29370141e74ea90876960b617b8b,7918e58b8f2fada8ce39d507b421c326f7db9aafa972895f10dbd10ec13a6e1b,True,data/NEU-CLS/train/train/images/scratches_120.jpg
data/NEU-CLS/train/train/images/scratches_121.jpg,scratches,200,200,RGB,1,True,d3ee2418b21b7982b5621d5a0967dafd0e763142210518388ead02bac8f47dab,b52b3a11ab038491f39c30f98a16ffa98cbbab1aad7177ff3e43a0e728a02f47,True,data/NEU-CLS/train/train/images/scratches_121.jpg
data/NEU-CLS/train/train/images/scratches_122.jpg,scratches,200,200,RGB,1,True,02a6e790f7b37da8d0a2b260ee564e697dfcc590fa5b1f1ab27c5b9c26c3aad6,8fcbba1b71c12bb27b91133a7ea21ac39737ce31e4496574c3f582ce7c9faac5,True,data/NEU-CLS/train/train/images/scratches_122.jpg
data/NEU-CLS/train/train/images/scratches_123.jpg,scratches,200,200,RGB,1,True,181df005a3acd578c32e382485d60c8fd13340e57449557d786efd81d7fb01c8,64d32ead8a6e7a6d4e328fdae85fb6bc73d6a6d3c705b65208e2b97fe4b1bf23,True,data/NEU-CLS/train/train/images/scratches_123.jpg
data/NEU-CLS/train/train/images/scratches_124.jpg,scratches,200,200,RGB,1,True,254855329c0254463fcfd0a155a644bdf2b955fda0e338ab7b1ce9cfb4bacf26,c0f6340ab15f397c9e82da4257a596f9593de28ab13be2969b55e774c27114b3,True,data/NEU-CLS/train/train/images/scratches_124.jpg
data/NEU-CLS/train/train/images/scratches_125.jpg,scratches,200,200,RGB,1,True,855b302abb5f872b064e3161c84b9a6d4122d5e5118ab71f55a176b2fc193781,ac44313aa7bf951e5aaa7b81fb7170f6c2213ab54d715963351532e6d1fd68ba,True,data/NEU-CLS/train/train/images/scratches_125.jpg
data/NEU-CLS/train/train/images/scratches_126.jpg,scratches,200,200,RGB,1,True,fd1f86fe4349e991e98e1b00c1b1aa94088669822cdb30a5c0dfffa5782134c3,cc1a5802369b72b800982505110b16dd3bfec263ab5b658f9908cf6695e7c1e8,True,data/NEU-CLS/train/train/images/scratches_126.jpg
data/NEU-CLS/train/train/images/scratches_127.jpg,scratches,200,200,RGB,1,True,f5d30a06efb4699e893da9705f6a09bef2e3f608d9b0995750e5b0c9dbab53c9,1d20edeace05dc2dafe7708f40ced4efa16beb85d261222d95a09b23ef029344,True,data/NEU-CLS/train/train/images/scratches_127.jpg
data/NEU-CLS/train/train/images/scratches_128.jpg,scratches,200,200,RGB,1,True,c0f08d4440966af9cccd1ea0372b1a01d8063e4d4d1e2d189269d3c9e018e23e,2521e5de8ea3c575caf8f00e526386228929e1b6dfa555c2fb617a56065a88d0,True,data/NEU-CLS/train/train/images/scratches_128.jpg
data/NEU-CLS/train/train/images/scratches_129.jpg,scratches,200,200,RGB,1,True,def28753fbc0d5050de6136e3c68e55b804577ba81f0dc0b64064fa5f5c2f591,3488fba1354db8f7e2b1b304ec8a46220b500b2399357f65fa4692f8637b5b87,True,data/NEU-CLS/train/train/images/scratches_129.jpg
data/NEU-CLS/train/train/images/scratches_13.jpg,scratches,200,200,RGB,1,True,cb8b1f1a29552cbea5edb205c27add76522d4577b5154b3ba2c72ca17b055646,8b3aa6dd8b6a2b6653e86f273e3e762650a8812fa1421150bba46831b8745df6,True,data/NEU-CLS/train/train/images/scratches_13.jpg
data/NEU-CLS/train/train/images/scratches_130.jpg,scratches,200,200,RGB,1,True,20470387a65090ed71215af12c78d8ac0ee83566dde051b308abf149fb16c916,dd621faf7c557990675f6e0d0a7a648c60dc6f5195dc5d78e3a6f3a7829f7e81,True,data/NEU-CLS/train/train/images/scratches_130.jpg
data/NEU-CLS/train/train/images/scratches_131.jpg,scratches,200,200,RGB,1,True,cc441db6aa140baabb8fbb21cba10d0b952312438d0a96950e3a99497c45857f,eb43d962dfc11741f482447a4f8bd94eb1e2d7fcf19b469bf3351bf891ec78b7,True,data/NEU-CLS/train/train/images/scratches_131.jpg
data/NEU-CLS/train/train/images/scratches_132.jpg,scratches,200,200,RGB,1,True,886e442a40f278acef38df92ca526b10ae6fdc02e6bdbb13d194e7b901b067b1,a8ce158dd81ddbd12bac55764b8c0ec9275f73757b3f2d838430eca77f6a22e7,True,data/NEU-CLS/train/train/images/scratches_132.jpg
data/NEU-CLS/train/train/images/scratches_133.jpg,scratches,200,200,RGB,1,True,21b5fa723bad108189e9da4101ade52ff3085d75e5cfecd6fa7b429cbd07fe43,47c3989feaec36b0863dccce525a32a2f3218fec72bce2d44fba203c530d0716,True,data/NEU-CLS/train/train/images/scratches_133.jpg
data/NEU-CLS/train/train/images/scratches_134.jpg,scratches,200,200,RGB,1,True,c8d0d68054aed82a7bcb3d01b06b945a6c984b98ddaa2eaf68285f2077ac7b20,0b1f8863ef4552c63db3d7586f16d4d79dc80f51493e4202f6ac37a32c86fd8a,True,data/NEU-CLS/train/train/images/scratches_134.jpg
data/NEU-CLS/train/train/images/scratches_135.jpg,scratches,200,200,RGB,1,True,98a86b64f2ede209013c67f47f6ed288723db2d707d1f7ca0fa00409dd55b2fe,6e664a23528a02ba953408a399955bfb5e424cab899aa8e2cb3699efb948b8f1,True,data/NEU-CLS/train/train/images/scratches_135.jpg
data/NEU-CLS/train/train/images/scratches_136.jpg,scratches,200,200,RGB,1,True,574af2c4dcab39bea999116f72a1cef78d8f07ce061a49e68184d31094fa40ac,ef3e05b69fa5e079ff4e31548d093f79a2fba9bd458928befe310d6cd0af2427,True,data/NEU-CLS/train/train/images/scratches_136.jpg
data/NEU-CLS/train/train/images/scratches_137.jpg,scratches,200,200,RGB,1,True,0327d255906525e9e803f7bc308c5392351bf2ee7dbe384f38ffa84c9bafcd4e,8356fcc4ec1901867b705dc1f6e314426189c0366c7179c4c377498db92685ed,True,data/NEU-CLS/train/train/images/scratches_137.jpg
data/NEU-CLS/train/train/images/scratches_138.jpg,scratches,200,200,RGB,1,True,c6e07f851d11e72bf436fa082889f68c812fae81963e203d0a0420045e46dcbe,2451ac7a458613465210516d376db8cdaa5a420178aa22ec348baea4af876a9f,True,data/NEU-CLS/train/train/images/scratches_138.jpg
data/NEU-CLS/train/train/images/scratches_139.jpg,scratches,200,200,RGB,1,True,6c27fce9d6b0256700b556afe6d71cc235d57fc7847c884857fd127b0656522d,b80969159b555122338ecb203bd3f229b1a5f8ec3b7696ac42254b4a80c71b70,True,data/NEU-CLS/train/train/images/scratches_139.jpg
data/NEU-CLS/train/train/images/scratches_14.jpg,scratches,200,200,RGB,1,True,6665d90f599bbfeec1af1ad005f4436a3ecc4c96b135acf9fbdf3c19f373d2ed,062cdd15219941ed4bfcb75b81026526010be25ffaee01f3a1a703dc4fcc0ef3,True,data/NEU-CLS/train/train/images/scratches_14.jpg
data/NEU-CLS/train/train/images/scratches_140.jpg,scratches,200,200,RGB,1,True,8c5e73aa15ca7cb47c092e58f8a3996e8648aac5c37c58dc1c3971fec8629d7b,5c8ff5b7c8c84adb2e944f2aa1058c18f8662ac7f8bd4ae099f5f05d9fe4bec2,True,data/NEU-CLS/train/train/images/scratches_140.jpg
data/NEU-CLS/train/train/images/scratches_141.jpg,scratches,200,200,RGB,1,True,7a1ad51da018c844a6268ca8e3aa2e57ee3039be9ec3e1ab7891b814a6ea29c4,b5b38a2640810a0f02fdb2f44cca41d7a988e46c2745476201298a8d9af4f51a,True,data/NEU-CLS/train/train/images/scratches_141.jpg
data/NEU-CLS/train/train/images/scratches_142.jpg,scratches,200,200,RGB,1,True,36aa104a77f3477c7d6e0ec5b9cde40ed9d43dd1afd363718eef4a2f8e272005,001fc45f67da28c6457ae7912e2cf9d8e88298ce3386b30b2ea66f77a252d44a,True,data/NEU-CLS/train/train/images/scratches_142.jpg
data/NEU-CLS/train/train/images/scratches_143.jpg,scratches,200,200,RGB,1,True,7c9f4ba1144fff57a958d90819038752b81751817126b9ad1893ae832f5518c7,44d31371919f2a593fb854434fb401c78c25aaa240e326189c6a1a79c68613f9,True,data/NEU-CLS/train/train/images/scratches_143.jpg
data/NEU-CLS/train/train/images/scratches_144.jpg,scratches,200,200,RGB,1,True,c56e618d14c9eed93ac564ef90d473fcff0ca75fb04b132fa0ae7842a93a5c05,76acac70602e1b993034698d8dcd11573b5ac963850f928fffb81a89e18e94ae,True,data/NEU-CLS/train/train/images/scratches_144.jpg
data/NEU-CLS/train/train/images/scratches_145.jpg,scratches,200,200,RGB,1,True,b5767351bb25860ccd2ff1de030a77c19d5f1fd721a7a01dbb289cba1f744d41,140a799aeb8bc6fc3a1a25d49ccb378f5a41482fb53ea3c14bf9aec36b51b5ca,True,data/NEU-CLS/train/train/images/scratches_145.jpg
data/NEU-CLS/train/train/images/scratches_146.jpg,scratches,200,200,RGB,1,True,3cfcbe9d9b896bd5dbb8324a25a623b3517f54093897b033864cf46e5adec869,fe0989e6232e168ac6cf093b7d768fcc09796a9fd10ceba3c7e59a8b29882f38,True,data/NEU-CLS/train/train/images/scratches_146.jpg
data/NEU-CLS/train/train/images/scratches_147.jpg,scratches,200,200,RGB,1,True,d7650322cf1946cf7736c53ca033d63f2e0c85f599b9c7f08f140c2af4211701,dd4a88d5589865ac76adc5c90c32c21615d893ca387e794b01c16ded8c0233af,True,data/NEU-CLS/train/train/images/scratches_147.jpg
data/NEU-CLS/train/train/images/scratches_148.jpg,scratches,200,200,RGB,1,True,57233642aa5fc43868562990bd26d535a5f9562b03eea239cdfe1d8a511b4602,7ae426da2d180698eb0877e9c77f6f26a975b8adec84061364e02019ffc84f31,True,data/NEU-CLS/train/train/images/scratches_148.jpg
data/NEU-CLS/train/train/images/scratches_149.jpg,scratches,200,200,RGB,1,True,df3b444693b2d12424a853b58f666158155afbf368a5f467f6e126c343abf5f6,74fd732e25243a1d66a750520e3032f3f7cef8bc9aca3478935f75a3cd463db4,True,data/NEU-CLS/train/train/images/scratches_149.jpg
data/NEU-CLS/train/train/images/scratches_15.jpg,scratches,200,200,RGB,1,True,367075d6695862c4493a7d39213ed66e50845e9ff3611a8212a2745ac2a8f1ad,9645ea95a23693931018ffea78279296ecee8749a0e649b538f480bbaa5f5fab,True,data/NEU-CLS/train/train/images/scratches_15.jpg
data/NEU-CLS/train/train/images/scratches_150.jpg,scratches,200,200,RGB,1,True,83242feddda09c84dd7648adf3b58ae9a02eafed278933423ac749f786345abc,f641ae6e1a618439906025ecc66df609b2120756fda57772b31f4719e54b7aaa,True,data/NEU-CLS/train/train/images/scratches_150.jpg
data/NEU-CLS/train/train/images/scratches_151.jpg,scratches,200,200,RGB,1,True,beb540cd87fe1fbdc765822430b4e9601713b72f32ccb0ff8fb8bc1d96828236,baf4705329ad8ec1b539caca163257918b620de95316016bda368c95aea3fd72,True,data/NEU-CLS/train/train/images/scratches_151.jpg
data/NEU-CLS/train/train/images/scratches_152.jpg,scratches,200,200,RGB,1,True,7d92c3048cb2e54beff63e3a11a6d124578a6f27dbadb697e3d7c871c824eb69,49042cbabd9034093221a0f120903c135894e3ab3ecd726fb8fd70f2ac5a604b,True,data/NEU-CLS/train/train/images/scratches_152.jpg
data/NEU-CLS/train/train/images/scratches_153.jpg,scratches,200,200,RGB,1,True,edfda57ed4467e635baeff00654d9774bd2e94483c0e1a28c59b5f7f34240807,aae08a5b6803116f922daf7a7893befa03a24f98d21c42ec14885e95248c274a,True,data/NEU-CLS/train/train/images/scratches_153.jpg
data/NEU-CLS/train/train/images/scratches_154.jpg,scratches,200,200,RGB,1,True,3e96489cf25f15a08c3dcebbec97afabdfb58468847e51a70d880a35a104b72c,953748e33b454de327bd48a256e31bf29be1b3db438d0aa3274a4292e94d69b9,True,data/NEU-CLS/train/train/images/scratches_154.jpg
data/NEU-CLS/train/train/images/scratches_155.jpg,scratches,200,200,RGB,1,True,7c35c565c812851bc4edb26b9ce8d854badcd0f1191db15363bbecf676af005a,4f71efe17ca661d5c701a7721a20977e20b34e67c48bc5d261aacb2805e60eba,True,data/NEU-CLS/train/train/images/scratches_155.jpg
data/NEU-CLS/train/train/images/scratches_156.jpg,scratches,200,200,RGB,1,True,b65e484717ff033687c7b03e79e6f151f60376f2ca033e9501d84da446226fbd,d321aa29511edce2850c0e450e3b31f09ea604eda417603862bb1441b19643af,True,data/NEU-CLS/train/train/images/scratches_156.jpg
data/NEU-CLS/train/train/images/scratches_157.jpg,scratches,200,200,RGB,1,True,1fc900a7b315be7a4d0368f98881ff34a1fbd78955818df2158cb75071236c68,2ff6d4e610de439c154f4b073015b2e242771d61f43bbd432c8aaf8d41d0f2ab,True,data/NEU-CLS/train/train/images/scratches_157.jpg
data/NEU-CLS/train/train/images/scratches_158.jpg,scratches,200,200,RGB,1,True,a91fc566e13d3253050d35b898b8ed659905a8268847ef06c1f7733757cb8788,646ac9b703abb790fcf2301be13127eda2f8cd0b72c7fa4f36325e20836d5a0e,True,data/NEU-CLS/train/train/images/scratches_158.jpg
data/NEU-CLS/train/train/images/scratches_159.jpg,scratches,200,200,RGB,1,True,1ceb9bc125069bb842b141ef784cbcf4acb956e7ca12c7e4716a89cc3bb27e33,a20b399cf49031753d896ac8ab3582ce9947f55fb7e773c76a0f05ddd494cb16,True,data/NEU-CLS/train/train/images/scratches_159.jpg
data/NEU-CLS/train/train/images/scratches_16.jpg,scratches,200,200,RGB,1,True,08eb80f76650682dfc161e865d32bd78f1e002994f3d56ae1fcf81ab5ac9f47e,8b71b916219ef551e9f34711c4025c90c1a603d2d89928cfcc024c9d77fe17c8,True,data/NEU-CLS/train/train/images/scratches_16.jpg
data/NEU-CLS/train/train/images/scratches_160.jpg,scratches,200,200,RGB,1,True,cb0e882ebb77e62531cfa0a8e69f9d9fc97d7c51bd9b96e89ae1ca1a90daefb7,9d29debe394dda071370c4bcb5f4250c558a61ce5e074a63494ddd3df44d7ff9,True,data/NEU-CLS/train/train/images/scratches_160.jpg
data/NEU-CLS/train/train/images/scratches_161.jpg,scratches,200,200,RGB,1,True,3146339ef9953e19b3d631a2d3cb56e787b9d8a0bcb0128521d77bf09655ef4f,abc604502a564390e1927d58c94d282502297314a6379bbdd449dd04f985daa4,True,data/NEU-CLS/train/train/images/scratches_161.jpg
data/NEU-CLS/train/train/images/scratches_162.jpg,scratches,200,200,RGB,1,True,da16a35094a01dffc8d66eaca235072417f9720656be808710acd5b5024206ae,7e04376fdcff9f1939d3bea4b25aa3be3427bce19f8f350ca1aecb1b8579de2a,True,data/NEU-CLS/train/train/images/scratches_162.jpg
data/NEU-CLS/train/train/images/scratches_163.jpg,scratches,200,200,RGB,1,True,0986da5782a373f33155470d5eb85c601196eca8b1b76caf3934591a7bf20482,2265b605b4be6bdb719c19ea474f67eef51382facfde1cd56704c9cec05c75f3,True,data/NEU-CLS/train/train/images/scratches_163.jpg
data/NEU-CLS/train/train/images/scratches_164.jpg,scratches,200,200,RGB,1,True,7f816c8c5d58bab9547b2171ad8a4c68915259cdd4c659573a535cfe716387b4,cfeed7147bd515ea73bfb13ad54feb3194235d98d83d299d27aa7fdde291e090,True,data/NEU-CLS/train/train/images/scratches_164.jpg
data/NEU-CLS/train/train/images/scratches_165.jpg,scratches,200,200,RGB,1,True,e4dd9c9a976cea57392ce1fbe49831c3c61c4bac70d5344e48a8b1d528b68890,218ebb3459a8dce4deb52ed3e8bff8471ca0d61069487a24fa60d585d72f63cf,True,data/NEU-CLS/train/train/images/scratches_165.jpg
data/NEU-CLS/train/train/images/scratches_166.jpg,scratches,200,200,RGB,1,True,bda65326f1b3d151f35170e2f1ba61bffc1ee388bc601b55837211071db12d4e,e53e2d5f3cfe5593c55be13f3caffef639d5824134ef69441e477a2985dc9582,True,data/NEU-CLS/train/train/images/scratches_166.jpg
data/NEU-CLS/train/train/images/scratches_167.jpg,scratches,200,200,RGB,1,True,645d08a8c467c2f3287573a85ef08fee9d2637f9a77a3559c9f0ae5f93e44c99,ec9b32f6f16f82851cbb7c5905dca89a0813cee92ceb07d3f7893e478033a56e,True,data/NEU-CLS/train/train/images/scratches_167.jpg
data/NEU-CLS/train/train/images/scratches_168.jpg,scratches,200,200,RGB,1,True,f2828d8e854b39edb1ae12541a0a70bd56ce0a75148b64cdc2e2e96377be894f,44274548038399c7b54249127a0c8a26cc2fe530b67d7b09b686324515f09402,True,data/NEU-CLS/train/train/images/scratches_168.jpg
data/NEU-CLS/train/train/images/scratches_169.jpg,scratches,200,200,RGB,1,True,4c0e084b88350fc15c22a71d0f278bb64d2d1dccc1f9ae2d60f197e0a25ea697,c46893c5b909807437bf17b0fd2db788c2e28ae80475d9bdd2b416a80b34a238,True,data/NEU-CLS/train/train/images/scratches_169.jpg
data/NEU-CLS/train/train/images/scratches_17.jpg,scratches,200,200,RGB,1,True,72fe2e74a970fcf954bebf7138eb3d51fb66a3bf195c1dec95c89e29e3daefe3,5492b502a3786d9b91a4a3d5c14dfa865df1a884ecb200e58f9c68d872fa3f0c,True,data/NEU-CLS/train/train/images/scratches_17.jpg
data/NEU-CLS/train/train/images/scratches_170.jpg,scratches,200,200,RGB,1,True,0d4082c1c2f2f4f05cd31266b9fa4b7eadbcd03444b7ec25ed960cc52f7d03ce,82e99740b8fe94c5ec5da858be098349a82f037caa1995620a8bca775725f820,True,data/NEU-CLS/train/train/images/scratches_170.jpg
data/NEU-CLS/train/train/images/scratches_171.jpg,scratches,200,200,RGB,1,True,46d2411ff95acdfb93d090e85f376f0c1f0cf669d18fbc315be3a2eacf312771,e77013bf3ee39ebb7babe0459e92070cd8f5886cb808fc1b0607f3213e08c903,True,data/NEU-CLS/train/train/images/scratches_171.jpg
data/NEU-CLS/train/train/images/scratches_172.jpg,scratches,200,200,RGB,1,True,a4c7cf896d8ac8507bc035b43dd15c54dec38e682c65e47e996c147c84fb05e1,f15f9d7d6f568941bbeec6dc2eb69519c69c09e579a577104288b65632d8f3a9,True,data/NEU-CLS/train/train/images/scratches_172.jpg
data/NEU-CLS/train/train/images/scratches_173.jpg,scratches,200,200,RGB,1,True,5184ecbfe922ef4222a98e2f1a54a1110e01cd2c0936d097e09ca0ae2e1ee74c,7d9e74fea61972f561b3501922723b69937e36aeae0c1ac158d40ff8bb7f4772,True,data/NEU-CLS/train/train/images/scratches_173.jpg
data/NEU-CLS/train/train/images/scratches_174.jpg,scratches,200,200,RGB,1,True,e4b9101d64dd300257c823dd3dd3190b4b7763aae62dabe89276ac565db80dae,57a45db0198151b1474a386f0882cdcfd7c4898ce384e9ed3faa14661c968d5c,True,data/NEU-CLS/train/train/images/scratches_174.jpg
data/NEU-CLS/train/train/images/scratches_175.jpg,scratches,200,200,RGB,1,True,59e1b3397d38846dfc4699a8a7315b84b4460a9137ff0754fa6e6baa6cda3053,c865c072ec6c8dbb7703bbe3a0e2225923798297b3ae369062bc1067cb8a73a7,True,data/NEU-CLS/train/train/images/scratches_175.jpg
data/NEU-CLS/train/train/images/scratches_176.jpg,scratches,200,200,RGB,1,True,dcc7df64482b4f01ac887f0130709c862955a87d5b2f0793fdecd8d902f6e583,0ce62ed2376f8c01323d969a9e801be86c8f6b125d93faf23132fed71ecdfe4b,True,data/NEU-CLS/train/train/images/scratches_176.jpg
data/NEU-CLS/train/train/images/scratches_177.jpg,scratches,200,200,RGB,1,True,c6ad18a288b8c427cb64bbacf5a76000a4ca9b030c91f7f42e0e22bad86a4030,42e53f3dee979c3036a66fa6cd3ed1841da517ea5181423fb17aaea5c81db2d1,True,data/NEU-CLS/train/train/images/scratches_177.jpg
data/NEU-CLS/train/train/images/scratches_178.jpg,scratches,200,200,RGB,1,True,e4bcb2a80023991c71e22dd292b0b159ace79d9bd3f19532085f85fcd47629be,cf967bb9fc7438e132b8351fc7e0b6d4b9d4be5449cbf66ae30de0a088a58606,True,data/NEU-CLS/train/train/images/scratches_178.jpg
data/NEU-CLS/train/train/images/scratches_179.jpg,scratches,200,200,RGB,1,True,844a990f43c6d4d5f598bac0b0521b9b1331be60c1bbb80991bc5765f203e71c,c29dee13b3fd52383694798fa5c482d48f0503152cfd83644573481463afb078,True,data/NEU-CLS/train/train/images/scratches_179.jpg
data/NEU-CLS/train/train/images/scratches_18.jpg,scratches,200,200,RGB,1,True,fd74062b39027d7009e9e2c18575ee88b4bc910ccc33d5272473b116d812fae2,7956b2f74077379e5545da5b2dd8d889126bf319773247804c7de03b9aa3736f,True,data/NEU-CLS/train/train/images/scratches_18.jpg
data/NEU-CLS/train/train/images/scratches_180.jpg,scratches,200,200,RGB,1,True,3048cff42d4f3310d3d40ca46b24c4fd5695bf9c4172d4a65fddfa20084300e7,55d94e53e41bd251f300ef0d57959a627368fa77aae666774ab888068819a333,True,data/NEU-CLS/train/train/images/scratches_180.jpg
data/NEU-CLS/train/train/images/scratches_181.jpg,scratches,200,200,RGB,1,True,6db0c14b65b0203a30f7c5a6b74c221ae403338ccf730ecebcca6e6ae31ad9d9,834d7b4387808494e879001e82e2d6ced827c70c7600f34041b828ea07a42bda,True,data/NEU-CLS/train/train/images/scratches_181.jpg
data/NEU-CLS/train/train/images/scratches_182.jpg,scratches,200,200,RGB,1,True,5f6815063bd34c710c7565555d0c5325770145618e22e0bf89d579411d3d59d1,4757accb347c9151d7ef6702bc8fd618ad9e65126ee6724d31c819ebeee85219,True,data/NEU-CLS/train/train/images/scratches_182.jpg
data/NEU-CLS/train/train/images/scratches_183.jpg,scratches,200,200,RGB,1,True,592a97fc92cce801cba5ac473017a1b5d2cfd436a33a47696dac75d35d868925,168ae946a508f7501f1f3973ba6a12038cc88d0c0476147d2b68a70e94555c5d,True,data/NEU-CLS/train/train/images/scratches_183.jpg
data/NEU-CLS/train/train/images/scratches_184.jpg,scratches,200,200,RGB,1,True,bf371d07f5158ca1d5229a8a3ac00192fe4db73d17f4f2d84e9656aad97438ac,5363e29184b8f703a6e6ea7efa7a691bc8acb4d8c50697fc19e8ae1145883044,True,data/NEU-CLS/train/train/images/scratches_184.jpg
data/NEU-CLS/train/train/images/scratches_185.jpg,scratches,200,200,RGB,1,True,c4da2f96ef8e2cf70074638b5605bd523dddbf39d427a33c3a41b200cdd9001c,0f0154b04600097d06bd85745f1f674383c3140beac8bc12cffccf23ce6ceac7,True,data/NEU-CLS/train/train/images/scratches_185.jpg
data/NEU-CLS/train/train/images/scratches_186.jpg,scratches,200,200,RGB,1,True,14b5bd0852ede460a0168573ced17c4d94d3ba4d46badd2d7bd674828936998a,c024b4a5b04c0bce4a06ad77f690ebcc952d07232330934a86a0f5dce55a4c77,True,data/NEU-CLS/train/train/images/scratches_186.jpg
data/NEU-CLS/train/train/images/scratches_187.jpg,scratches,200,200,RGB,1,True,d54832d718418cd38a79216afd468dce97987bd73b402836028bbf252145d7f1,8261e60e0b93fcaa9e1cfbf0dc5e3905d2c9a25d4b31b81690488640a2c28b38,True,data/NEU-CLS/train/train/images/scratches_187.jpg
data/NEU-CLS/train/train/images/scratches_188.jpg,scratches,200,200,RGB,1,True,86e6dd23751d39a027043f9bb403d18ef1b1769594e526969e4ad5f144dd1600,4e384181cb5a26008828169753683151977e968e03bb1df45fb182b159a6e627,True,data/NEU-CLS/train/train/images/scratches_188.jpg
data/NEU-CLS/train/train/images/scratches_189.jpg,scratches,200,200,RGB,1,True,b0045d19ee0d7524102616e79eb0166e2e0ea5571d96fb1d1a0e2e76a0ba8142,5f3269f11386aec78949c66862220f76e98656adc4c9ee90342d25e53e1eb77c,True,data/NEU-CLS/train/train/images/scratches_189.jpg
data/NEU-CLS/train/train/images/scratches_19.jpg,scratches,200,200,RGB,1,True,fa6b1b100fae3b3fb5b5dfb81a60043a3990bfe83db9a199d5491c4b5532caa2,b65457f66b39903db97358e43a099cf5c7b5f3991d42a1e9d875f93f4da3473d,True,data/NEU-CLS/train/train/images/scratches_19.jpg
data/NEU-CLS/train/train/images/scratches_190.jpg,scratches,200,200,RGB,1,True,614d46bd35cc6a72c3637a88d82af76a5d6780e782656761c375c39effa2ac7a,36a8169cc99c10913f3c884ce6162d4a68bb85818efed8e88d3341175eb65c14,True,data/NEU-CLS/train/train/images/scratches_190.jpg
data/NEU-CLS/train/train/images/scratches_191.jpg,scratches,200,200,RGB,1,True,7412eddf9952e8a749c671e67390a5d3554aca259372d8e19d4ff17bc0816905,c8f8eb7a1089b44b2469c5af63c4deee38a1b5a27a0ad772fe8b73b59d9bc49a,True,data/NEU-CLS/train/train/images/scratches_191.jpg
data/NEU-CLS/train/train/images/scratches_192.jpg,scratches,200,200,RGB,1,True,5e5fd4e6a7d094ca79b157a8934e14ffaeaa5a4091ffcfbee3df19c0558a09e2,e31974a21f91d058b1b980646a27a7b1eedf6f84d1d010523b7a44a6594efa9a,True,data/NEU-CLS/train/train/images/scratches_192.jpg
data/NEU-CLS/train/train/images/scratches_193.jpg,scratches,200,200,RGB,1,True,d201e7c39a88ced01e99e541d0f6ba4c7c24ccd5091a8c86973187459146fe88,c142aafeb4c65d52278be70e7d2fcd6f5de0e14d4d960da877e04c7b3676e198,True,data/NEU-CLS/train/train/images/scratches_193.jpg
data/NEU-CLS/train/train/images/scratches_194.jpg,scratches,200,200,RGB,1,True,d665bb3dd97b6c0b86930a6d78ac060d5acf91e74ffed2c7d06a3d28d6c0625c,b81889d5830e5d150e950da676aeaf4fb309b2ad9639bd99fd3dbeae73e93c84,True,data/NEU-CLS/train/train/images/scratches_194.jpg
data/NEU-CLS/train/train/images/scratches_195.jpg,scratches,200,200,RGB,1,True,0612d85b835ce0d03d025b4ccf9b51b10e91f689a721a467d0c7723553fa59de,66e59f3fcb41ba38fe52db751be75d9fb94a6eee51dccc66b7e6668820afcb05,True,data/NEU-CLS/train/train/images/scratches_195.jpg
data/NEU-CLS/train/train/images/scratches_196.jpg,scratches,200,200,RGB,1,True,c38a7908c9772c4a2bcfeec1eb39ffc0ded2d209ed7c342fcc3c7991bfd9d308,d9e5ffed41c3773d145e124e51472b55214586fd47698abc62e6045c7261b046,True,data/NEU-CLS/train/train/images/scratches_196.jpg
data/NEU-CLS/train/train/images/scratches_197.jpg,scratches,200,200,RGB,1,True,c5f04d4f1bbb7f4fc54dca0f0bf1449ef5febc3dc11a11a074b0c60cf9170095,d6fe7fc9369a7977f72554b00c2a254cc80bd6c1c9e891a420238fcaed466892,True,data/NEU-CLS/train/train/images/scratches_197.jpg
data/NEU-CLS/train/train/images/scratches_198.jpg,scratches,200,200,RGB,1,True,d49bec319fb1619ef7e0fe67376127ea275d45e07708a65b6e97469652d9b656,5dbd5ba963a09acb422818506c17dc0d0803fa4e0a25172d0cf6d04b20b184d0,True,data/NEU-CLS/train/train/images/scratches_198.jpg
data/NEU-CLS/train/train/images/scratches_199.jpg,scratches,200,200,RGB,1,True,7bff3a2dd68537dd23af6a344a81a48e62f1a04c3595b6245d7a0b1d531a7be9,6491ae49d1ab4205c0acf8f7190fe40f0a85575e561c1ebe1a115e5bda6b6526,True,data/NEU-CLS/train/train/images/scratches_199.jpg
data/NEU-CLS/train/train/images/scratches_20.jpg,scratches,200,200,RGB,1,True,a9f3ed313d7494096d51b11a7bc6c5165cca735903f3d581f4d0df639572c294,c220692701a79e41f8fb75c3f9f2088cbc39367128919a4823ad2dfe1402291d,True,data/NEU-CLS/train/train/images/scratches_20.jpg
data/NEU-CLS/train/train/images/scratches_200.jpg,scratches,200,200,RGB,1,True,ac4ef4dd50e6d0e479e259103e4d7c9dbef146c7106986d38007baeeb3fa28e2,fe2f087c2565a749f93f42ef8982d5266f5208e8ec48c0c671faa4d77f7e51f6,True,data/NEU-CLS/train/train/images/scratches_200.jpg
data/NEU-CLS/train/train/images/scratches_201.jpg,scratches,200,200,RGB,1,True,8ffeaafbd98f91bac64788e47e2a85596158ed6867c3160eceb166cf5b2c2496,65826632d77599624486515a541b5a17784bd9c7e67a583497cc8770c551d66e,True,data/NEU-CLS/train/train/images/scratches_201.jpg
data/NEU-CLS/train/train/images/scratches_202.jpg,scratches,200,200,RGB,1,True,d9153ae832dedaf4c547586dd094f443100aa43f1027c5eaf648eee75050ec51,922485e18058a6e7d0b4ad6feff8a53f8a362d787b11ebb1850c21180b85078d,True,data/NEU-CLS/train/train/images/scratches_202.jpg
data/NEU-CLS/train/train/images/scratches_203.jpg,scratches,200,200,RGB,1,True,aa62a9634b38443e309b0122922048462238f4e45b7ebcb949504da4e054b0b4,67ee3268b16973ad855782c0c0f65ef685aa6a45e853ff4ace4c7238cbca87e6,True,data/NEU-CLS/train/train/images/scratches_203.jpg
data/NEU-CLS/train/train/images/scratches_204.jpg,scratches,200,200,RGB,1,True,167102a4541146bab5a4ba84691d965d2120c65417dd9a9621aef54918b50cff,c1d3078e07648d26e54ac41d33c81ab6ff9e97144c4f71009232ed2e7ef99037,True,data/NEU-CLS/train/train/images/scratches_204.jpg
data/NEU-CLS/train/train/images/scratches_205.jpg,scratches,200,200,RGB,1,True,593ae4063a1faee033ce6631d49ab717d7a0058dc118594b0484a3064bf307ad,0cedcfe8768f58f1163d2228b7f008a997d83dbb58435b5b09afd01c54026208,True,data/NEU-CLS/train/train/images/scratches_205.jpg
data/NEU-CLS/train/train/images/scratches_206.jpg,scratches,200,200,RGB,1,True,8a946044d3d5c1b22cc7990211c01ae53ee48af50e65ffdd426c3cb2d58ebe16,de109676d2d0daeef65d8c04f1c259875020cd44f4fbafc87bb7407d04b4855e,True,data/NEU-CLS/train/train/images/scratches_206.jpg
data/NEU-CLS/train/train/images/scratches_207.jpg,scratches,200,200,RGB,1,True,1e50f6f095de57d44e34ef02be64e45e1dbc539f7c747a1eec13e19d598c3ce6,517a5e7b8ba941046181e318054306e0bea231c49da931de4b6563c4140b9dcc,True,data/NEU-CLS/train/train/images/scratches_207.jpg
data/NEU-CLS/train/train/images/scratches_208.jpg,scratches,200,200,RGB,1,True,38c3c035d209d38a5748908ba389d20c1aceef75edc0815bd8fb48eef0154ead,a97669ce8d875917f7dcc285f3196108108bfd2264d163ea3598338ab7cb25a2,True,data/NEU-CLS/train/train/images/scratches_208.jpg
data/NEU-CLS/train/train/images/scratches_209.jpg,scratches,200,200,RGB,1,True,9f7db1e44228cdaa737b8cc1788cf5a61f8687854c269210f86df8ab137c1f79,48fc48333f171e3ec40b07f92993d33c7cf61621f49cb9785e143dd0a8e10f4d,True,data/NEU-CLS/train/train/images/scratches_209.jpg
data/NEU-CLS/train/train/images/scratches_21.jpg,scratches,200,200,RGB,1,True,f37c114c557ce9083e1a93b741455c6d7fff51b211887f7dd3e4ae1889950fa9,fdbe821c69c0ec4104c802768cb8973870b901633c1b661e2fbdeb264818943a,True,data/NEU-CLS/train/train/images/scratches_21.jpg
data/NEU-CLS/train/train/images/scratches_210.jpg,scratches,200,200,RGB,1,True,81815ca5833575d725e3427a8a04e40b01e401c5560cd433e93467af16709d60,cef0b7f04e667b2de315051110f6b441b2575e9bd11e8aa3febc84acd4048a86,True,data/NEU-CLS/train/train/images/scratches_210.jpg
data/NEU-CLS/train/train/images/scratches_211.jpg,scratches,200,200,RGB,1,True,016dcb3920a714e9fa14c02f366b4c3518dacc56d67ac884a85a9969b315328d,bb5026ed1713b5a0afcdf6fc0a5ba843165cf19f240a58ca3fbfc6e82877860b,True,data/NEU-CLS/train/train/images/scratches_211.jpg
data/NEU-CLS/train/train/images/scratches_212.jpg,scratches,200,200,RGB,1,True,81be89ee4448348af4831ac930b257d6e52eb903de190be6d68d87984859262e,511db6a9632cdc0813d9b691d35c6ffc64169c558820481b9657ad0146725685,True,data/NEU-CLS/train/train/images/scratches_212.jpg
data/NEU-CLS/train/train/images/scratches_213.jpg,scratches,200,200,RGB,1,True,22d8674e352e68fb8e0f7aa69f1c4e8465628769bfafc90280d89307e7e25b3e,8eabadcaef20a4bc2a18f5f4a0b0cf1107de37eb098feb635d1cf6bfa7337705,True,data/NEU-CLS/train/train/images/scratches_213.jpg
data/NEU-CLS/train/train/images/scratches_214.jpg,scratches,200,200,RGB,1,True,ff6cd63f155b15695324ac6f4c9bc5ca1b9ddc7561c38eef5816bd9b1584ceae,4096d9c0c6d20303260ab925b13b5494628814dfd9366380e1879583a9c88095,True,data/NEU-CLS/train/train/images/scratches_214.jpg
data/NEU-CLS/train/train/images/scratches_215.jpg,scratches,200,200,RGB,1,True,b5856bc3695fba2b9ace3caced3b1c783930b3c24380e8fea8ab079895f75c46,0c98af9fd59fdc740b202ce2467c1033905c8da317cef41b2891d10ae5e18646,True,data/NEU-CLS/train/train/images/scratches_215.jpg
data/NEU-CLS/train/train/images/scratches_216.jpg,scratches,200,200,RGB,1,True,eae4d2bcdc8207089e3462975687c8ecd02a33a66e73a4b1b007b7c7b400d3fe,52a28d6bbd402bfbf2dce361d3e3fff15611c1919f9444b2ea72907651a957a8,True,data/NEU-CLS/train/train/images/scratches_216.jpg
data/NEU-CLS/train/train/images/scratches_217.jpg,scratches,200,200,RGB,1,True,2076be693e7d6b5cdce9fdad174afba3d0efb9ea838cc510e0155517d46460b2,baf2f71854d98791a7ec6c5581fbc2b8dc4d7b71527c639b500940277b33aa16,True,data/NEU-CLS/train/train/images/scratches_217.jpg
data/NEU-CLS/train/train/images/scratches_218.jpg,scratches,200,200,RGB,1,True,59d528b51122a1e8ee4066f344d5f8c9b9f05173d5f78a2d86c19372e292f3da,da7e3f2f5127399e8eaf6be3332e4360815914b6ea41763a412b1e967f2bcc6c,True,data/NEU-CLS/train/train/images/scratches_218.jpg
data/NEU-CLS/train/train/images/scratches_219.jpg,scratches,200,200,RGB,1,True,1311d76e721c2117dc81632dffe38aeb67d32a98aebab9c1d6a0242bd62ad53f,801fea65901fc1146bbf3a657ce94492cb7f1ef29aaabfbd7a9ac530730b52e7,True,data/NEU-CLS/train/train/images/scratches_219.jpg
data/NEU-CLS/train/train/images/scratches_22.jpg,scratches,200,200,RGB,1,True,d8e06e9ad964c453f51a097aa6bacdfc1a36c8db677a944e6a2c2df48fc44600,f1cb328b341eb13c859c90a77171b3b0aa932e7f4acedbcd986e740f8fc7c94e,True,data/NEU-CLS/train/train/images/scratches_22.jpg
data/NEU-CLS/train/train/images/scratches_220.jpg,scratches,200,200,RGB,1,True,c572667e09af38da19b1a49abad3b4de8c6e36b650856cd5942268eea7362e02,611cefbbcc233e945e4df6aee7d9be6fa61b80288cae5bcf9c5986bb108dba5e,True,data/NEU-CLS/train/train/images/scratches_220.jpg
data/NEU-CLS/train/train/images/scratches_221.jpg,scratches,200,200,RGB,1,True,e65d748792cd1010f663588aec6437acad9a26c92a30ea263b67febed363b27b,954e2f9fc3b83a97ef98fe42310f691e0a1c9da757461767e93cc870e3204e43,True,data/NEU-CLS/train/train/images/scratches_221.jpg
data/NEU-CLS/train/train/images/scratches_222.jpg,scratches,200,200,RGB,1,True,bae054099edcb65dd3b0e71dcd271349a9670fbfddf07742dbc2a439ac3ce9f7,3ab785143ef6058264c0dcc732c84797f030b050b16e29958e508a01118cb7e3,True,data/NEU-CLS/train/train/images/scratches_222.jpg
data/NEU-CLS/train/train/images/scratches_223.jpg,scratches,200,200,RGB,1,True,669bfbce9330b39ec06dedc04b6dd3190b06cabb45d7de3159f254cae49f53a4,2aa29fd59523012d06c606906a317380df128ddc2128d6b69697f6df84cfaecf,True,data/NEU-CLS/train/train/images/scratches_223.jpg
data/NEU-CLS/train/train/images/scratches_224.jpg,scratches,200,200,RGB,1,True,677cedd6da38cc94bf2fc2d1f002894b9b75297269fb8775ba64c8634339c627,e3706c571c478c9b181b75fa51bb827092236aa2312f02c43753f265fb75e87b,True,data/NEU-CLS/train/train/images/scratches_224.jpg
data/NEU-CLS/train/train/images/scratches_225.jpg,scratches,200,200,RGB,1,True,0b994c808e2305028287cf23aa342f180813de9194fa902e63c8601ba4c0bad7,65547e2eba091e7981d8c98a55eebe504f1309d503d1e75bb90d7531b74e478b,True,data/NEU-CLS/train/train/images/scratches_225.jpg
data/NEU-CLS/train/train/images/scratches_226.jpg,scratches,200,200,RGB,1,True,97f4848d7dbad6c653b28d31be770e4143083cfd4dad87a8ea3a2b5b728f5adc,245db2c415d14cabb366572c4892ef70e11925238710f751b2b01787642352ff,True,data/NEU-CLS/train/train/images/scratches_226.jpg
data/NEU-CLS/train/train/images/scratches_227.jpg,scratches,200,200,RGB,1,True,907a347e448f18b9d2f3f7ada8a8b21367ac374e9a7e9d6830f5fa6ce9225120,587fee8378a9780c36d4b4e17ef4aad2920a1a9908153833acbb1574cad88fe5,True,data/NEU-CLS/train/train/images/scratches_227.jpg
data/NEU-CLS/train/train/images/scratches_228.jpg,scratches,200,200,RGB,1,True,d74afc101feda03ef2b615ca2bf8bec85f315738e398a5420f8619d52a34135f,043b0a1b38d3cff6ac8aa5bd69f7b4345f75894a7dcafa322807282d95ef4c05,True,data/NEU-CLS/train/train/images/scratches_228.jpg
data/NEU-CLS/train/train/images/scratches_229.jpg,scratches,200,200,RGB,1,True,2949be028ecd34f8d0791592c98a8bb3dce0f8a50927a054f7617101728d4698,4717e7f6bb147a7b2b28784ab9100c1e14a3c75854e996b972c74ed7014fc788,True,data/NEU-CLS/train/train/images/scratches_229.jpg
data/NEU-CLS/train/train/images/scratches_23.jpg,scratches,200,200,RGB,1,True,7afb3817ddfc9387a3ae636e3c2dd1e8745e1fba3f1ca3b0d62cde8589b037c5,09481d25e018db239393331d969ae1cc5022235908704bd25fef1df0048373c9,True,data/NEU-CLS/train/train/images/scratches_23.jpg
data/NEU-CLS/train/train/images/scratches_230.jpg,scratches,200,200,RGB,1,True,7dab5ab522b9ecb16d53c196b3b0f769c42cb9c5694373e15785acc5f4451d0b,4fc892c9200f841452732394f992d8b900b51d2ce17f8cc95b1dcd2075181660,True,data/NEU-CLS/train/train/images/scratches_230.jpg
data/NEU-CLS/train/train/images/scratches_231.jpg,scratches,200,200,RGB,1,True,e1f2151bc40e1f09edaeb193c0c919961aaac065003f531f95cc59a19d07e88b,301be4f71efbe080c3a49aa3a16d6f844d9a2d3f185ce3c5533f0034a3997c81,True,data/NEU-CLS/train/train/images/scratches_231.jpg
data/NEU-CLS/train/train/images/scratches_232.jpg,scratches,200,200,RGB,1,True,5130a7a4352245c52b2301d40e92a6efb565c2f8007b67c68723af24ddc516bc,b04152d5d2655fc0f825c7ba7c3ddae87d78aefb72d10985f52a3c89d338083f,True,data/NEU-CLS/train/train/images/scratches_232.jpg
data/NEU-CLS/train/train/images/scratches_233.jpg,scratches,200,200,RGB,1,True,52b547c24fcb07b514bfe71fc1cd617cdcf23090baa9d1bfb5e7544404e20b90,72ec6b1c165c12002869ce11ebc2f6c8490077c15ad229223c6a4812b2f2e425,True,data/NEU-CLS/train/train/images/scratches_233.jpg
data/NEU-CLS/train/train/images/scratches_234.jpg,scratches,200,200,RGB,1,True,cf652825b3c7cbea8ebf2b258989a4a915c5798fc29406294d458edb92fec80b,650676b60f7a08c6b8054540c3cf7cb25f95270b38e8fd67092eafaffaebb7e1,True,data/NEU-CLS/train/train/images/scratches_234.jpg
data/NEU-CLS/train/train/images/scratches_235.jpg,scratches,200,200,RGB,1,True,508b8ec922f5bf951068199b2e96b3f82236385b4b63a52a2e1fb322927cd6ab,91366edaff006d77b16e1cf42b19d05043342b59b04b73032e8b50e23ccef9d5,True,data/NEU-CLS/train/train/images/scratches_235.jpg
data/NEU-CLS/train/train/images/scratches_236.jpg,scratches,200,200,RGB,1,True,2ebc998f51cf32215b60f9f91d37a4c58820f33a33d0dea03bc45c34d185df0f,62a18ddeb9ab8d2bd0e75deaff333a354a730379b71e3eefb6401fb89e727fb5,True,data/NEU-CLS/train/train/images/scratches_236.jpg
data/NEU-CLS/train/train/images/scratches_237.jpg,scratches,200,200,RGB,1,True,a0e5c95ef7df58b2b2e7869ea7b2a710038e3860b9fbf7cfe1eb168e7579119f,350fc51015ee44e7154eef09619e66b72de4eff8e0ad5c2e0da70200da79e57c,True,data/NEU-CLS/train/train/images/scratches_237.jpg
data/NEU-CLS/train/train/images/scratches_238.jpg,scratches,200,200,RGB,1,True,84c074a67e8c075c794d045a27bed9fff93745b6c052df72196104c3329c0db1,5fb4e7a11bfbcec036456828f9b38c8fa6d4197da4c7c3d64d9f8881d2bac516,True,data/NEU-CLS/train/train/images/scratches_238.jpg
data/NEU-CLS/train/train/images/scratches_239.jpg,scratches,200,200,RGB,1,True,d6bb81f449e6ce915bd551db184920a8b46383c202f84a226b50b095abf50a95,45f8f78ebf07ffcbd2af8e326dc17dcd610e7c132753b4a43f0f2da4eb200cb8,True,data/NEU-CLS/train/train/images/scratches_239.jpg
data/NEU-CLS/train/train/images/scratches_24.jpg,scratches,200,200,RGB,1,True,0e0ec49fe4e5c92719665bf0d133f6a633e6097ae343d34b6819d89e7db612a6,34a18159117709ed1ac402ff955f579e63cb8b95526c3fa173646a31d11e9bbb,True,data/NEU-CLS/train/train/images/scratches_24.jpg
data/NEU-CLS/train/train/images/scratches_240.jpg,scratches,200,200,RGB,1,True,52e15ece6022bcb42f2991a7acae1c4e6b26cac16976402aea424d356d7cb964,a52284ab764f1b2fadaf4448dfadcfe1ffaa8ebcd25cf51e41a6e4400dc791a8,True,data/NEU-CLS/train/train/images/scratches_240.jpg
data/NEU-CLS/train/train/images/scratches_241.jpg,scratches,200,200,RGB,1,True,808c8053268c526a8230dd0d1c286af89a2f4d9e2fa015e64a9b3c0defc37f56,5961574459b1bad9e6a6da8641d4f119acf8e56b219ad6e031eb9afeb31c29c7,True,data/NEU-CLS/train/train/images/scratches_241.jpg
data/NEU-CLS/train/train/images/scratches_242.jpg,scratches,200,200,RGB,1,True,18297530aa9ba8fc6cb75c1b4b04d643dd668b1ab6930e8f1fffe33f6db6179e,d228bf860dab29e6ba6542b0a896e17099c5e307ae3a25ed1c75c1cd4ed4e524,True,data/NEU-CLS/train/train/images/scratches_242.jpg
data/NEU-CLS/train/train/images/scratches_243.jpg,scratches,200,200,RGB,1,True,21179d3baebad95f0de55c026ec10fc343d86134193f7dddfbfdc82fa450bf9b,8dba40d2df95b94226a06e1b87a867d6c947e52e8f8d8975edfaa65dc9dede38,True,data/NEU-CLS/train/train/images/scratches_243.jpg
data/NEU-CLS/train/train/images/scratches_244.jpg,scratches,200,200,RGB,1,True,b581ded4e4d3b08c9087063289a44a645aef732c0aaf3aca46a3551ac3481d8a,a311bfd54acdb6b0b63abc169c3b9962de62a8d26fc787e12b2899f9c84998e8,True,data/NEU-CLS/train/train/images/scratches_244.jpg
data/NEU-CLS/train/train/images/scratches_245.jpg,scratches,200,200,RGB,1,True,754c6a9d09b6eb882624de13e43415b31f97a135c403a5fbd3d2e37fb94932ea,19445e537b6421a299e6ec3a9f54851e46cb949873503bafe611e0528a38d057,True,data/NEU-CLS/train/train/images/scratches_245.jpg
data/NEU-CLS/train/train/images/scratches_246.jpg,scratches,200,200,RGB,1,True,06811a835826c47ad78e91e90cb758f6334f348d21765375b2ce9146be1309b4,f0fb3a4abc346c4f092cc0c847eb8cdf03278978bded982f3be04ed2ae40ed61,True,data/NEU-CLS/train/train/images/scratches_246.jpg
data/NEU-CLS/train/train/images/scratches_247.jpg,scratches,200,200,RGB,1,True,6d4086b3f39a0620d9aaea5b60d4ab090253b7eb3de48e2f808c0d654bcd095a,dc128a3d3253acf0f8e4e1098ce90603ee2fad4698384de3de6eb0cdca982322,True,data/NEU-CLS/train/train/images/scratches_247.jpg
data/NEU-CLS/train/train/images/scratches_248.jpg,scratches,200,200,RGB,1,True,bfb4e632f35b361a6ba2f736412ce5c970157b70df2727c7eb6fa18eb5d3f57f,e018079143e92b6e93be8bd8e1c25a773c7005e45c70b24e031898742ec435cf,True,data/NEU-CLS/train/train/images/scratches_248.jpg
data/NEU-CLS/train/train/images/scratches_249.jpg,scratches,200,200,RGB,1,True,815ac678ef7915d03d57f55c4c737df487a41d95f3cc5291742561d57768554b,df59b926049769a197946ce677dae4ad3bea73a552bdc20f069adece3352c41a,True,data/NEU-CLS/train/train/images/scratches_249.jpg
data/NEU-CLS/train/train/images/scratches_25.jpg,scratches,200,200,RGB,1,True,a396520aa648baf7345a7d1b88325650ff2dae4df1fc4d9e19bee4c714be8c82,fc725d847510cfbd7def65af20018fd1ecf4f56c3cd07c6a240f77c942e4e520,True,data/NEU-CLS/train/train/images/scratches_25.jpg
data/NEU-CLS/train/train/images/scratches_250.jpg,scratches,200,200,RGB,1,True,a3c414db4f4b09b5ec40700dc76531408d3a8f536347ec4114677c8814e2d2cc,bc3f96eb5be9ad6c22bafac3be2feae235ed0767947339b1cdcef6b26e4a59d6,True,data/NEU-CLS/train/train/images/scratches_250.jpg
data/NEU-CLS/train/train/images/scratches_251.jpg,scratches,200,200,RGB,1,True,509be19bbc2074e59ef928b35a615edd7829f205ff37941f132b6afd3563d97e,2de29977beb42b3cc4df0512a3d9689019e5acefb6c51c464e497fe44dc8da80,True,data/NEU-CLS/train/train/images/scratches_251.jpg
data/NEU-CLS/train/train/images/scratches_252.jpg,scratches,200,200,RGB,1,True,dec9b4c8b7e3b31c3d91640230f30623c6cc9931a0999e6c221e0ff616513bb8,d6485a99c7179c434d9723ab01b475eb77b10f4d060338b17264c0ffe5577b86,True,data/NEU-CLS/train/train/images/scratches_252.jpg
data/NEU-CLS/train/train/images/scratches_253.jpg,scratches,200,200,RGB,1,True,237fafe2a77579d4be8dbddb236f26ab2409efb2aeb63a85811b7e104ee7d5fc,3026ca3c3f37e0e1d329f34cdbad9d87e036c43e80c138bfd66109d4b0ba884c,True,data/NEU-CLS/train/train/images/scratches_253.jpg
data/NEU-CLS/train/train/images/scratches_254.jpg,scratches,200,200,RGB,1,True,ffd21c5983d44ff61cccc9fb15c6317e1d4159a931f5f4949d6524bff72b0d70,3d48c543ae001b5f7826d27212230cd0eb69bb83de7604ee8dd62d17d8c64ec3,True,data/NEU-CLS/train/train/images/scratches_254.jpg
data/NEU-CLS/train/train/images/scratches_255.jpg,scratches,200,200,RGB,1,True,cbce8cec9fcd71dd78f91976544b9544af1c346172efa4c335959f3ff6fd68b6,4c78221d429d5736a37df073eff73675cacdc175e1b7801439f56e5c869401c7,True,data/NEU-CLS/train/train/images/scratches_255.jpg
data/NEU-CLS/train/train/images/scratches_256.jpg,scratches,200,200,RGB,1,True,79ee78cd754bce9d099e9d4b8b6ea6fce9bf957306d4a69d2f4448073ccfc41d,2bb83acffbcd65f3a2467b5b95ba7474b634c62e884859df1493598976f3a308,True,data/NEU-CLS/train/train/images/scratches_256.jpg
data/NEU-CLS/train/train/images/scratches_257.jpg,scratches,200,200,RGB,1,True,b397d474777da6843cbd252388515502c645877636b353b46f0ce6e5c770ec35,14ad21e92f2da735aa6c02e4591e407686f871834fd80dcfd82d9433df077b9a,True,data/NEU-CLS/train/train/images/scratches_257.jpg
data/NEU-CLS/train/train/images/scratches_258.jpg,scratches,200,200,RGB,1,True,75e32b02e1e07874ecb43a28da7bcafccde3e60675fba729359714e10dd0f092,9130d1aeb2c34dd9c6c933c240d1a4502cc3ff859822a1d22b64815c075e9ea2,True,data/NEU-CLS/train/train/images/scratches_258.jpg
data/NEU-CLS/train/train/images/scratches_259.jpg,scratches,200,200,RGB,1,True,3d9f70b84f17226fb5791ebfccef99ca7bd17c6a1e340f972ab21cedd5de2663,b19108377afbcddc5284455900fe16793de80393efd78dcabd3374cf41c29ed6,True,data/NEU-CLS/train/train/images/scratches_259.jpg
data/NEU-CLS/train/train/images/scratches_26.jpg,scratches,200,200,RGB,1,True,ecf6a8e75fbe2f932cdf56268090f788a4ec120e93bb4839dda8c88d57d1cbf6,49ffbf88c5a80ae5c65b2b22a29577ca3790c0d810efce2b285f04929188e4b9,True,data/NEU-CLS/train/train/images/scratches_26.jpg
data/NEU-CLS/train/train/images/scratches_260.jpg,scratches,200,200,RGB,1,True,9262b8fb9e7e920cf7caab7316f34e95b114dbeb2e05f526fd9bab6e69beb376,a08966a5b176be333ab29ec2b92b320c62e34b34d5c4bdf99d7a46261fa754cf,True,data/NEU-CLS/train/train/images/scratches_260.jpg
data/NEU-CLS/train/train/images/scratches_261.jpg,scratches,200,200,RGB,1,True,6ac6ec84031512ca7ffb7e83367ca26f49067a4a27bdfe561608861ea047e97a,9e8c7b6cfa79426a4ebee20650e2e6eb391169ab92e6a1f6caa875c63dc8e62a,True,data/NEU-CLS/train/train/images/scratches_261.jpg
data/NEU-CLS/train/train/images/scratches_262.jpg,scratches,200,200,RGB,1,True,c07cf45a10ffb89016260ed213866b555c2c152a9e0207d6d9e44e490bd307f4,9b498c47568dcbfb8a323df469311cc32c679e82f547831b9de3d44131cb5803,True,data/NEU-CLS/train/train/images/scratches_262.jpg
data/NEU-CLS/train/train/images/scratches_263.jpg,scratches,200,200,RGB,1,True,fe216505917b1c9c31f5925244ff60cda229409dc13f9c4f39f0dccec4e90efd,cab316579b59830c19ade07d1e840f6846789f4b675e98ae43da4644ee80ee56,True,data/NEU-CLS/train/train/images/scratches_263.jpg
data/NEU-CLS/train/train/images/scratches_264.jpg,scratches,200,200,RGB,1,True,c10b3007a57fb80c25869bccf631d4cd0e297faeec200609f4ca39670e5421c1,22a9a085f63e21a98e77f30c7853711a7c58be44e45b24e40a94b2f9ee92f218,True,data/NEU-CLS/train/train/images/scratches_264.jpg
data/NEU-CLS/train/train/images/scratches_265.jpg,scratches,200,200,RGB,1,True,d47e69763a49d5d5a927a191715710198c5ecb75673ee835d645b8bd71d25e92,a9ec8615b6d21770ea44a990505ae4d7c4e07d5459f45a95e2df626a4d7d055c,True,data/NEU-CLS/train/train/images/scratches_265.jpg
data/NEU-CLS/train/train/images/scratches_266.jpg,scratches,200,200,RGB,1,True,225caa8efad179c0a1ded2de25800945db661f6868339660df089846e297cda0,8ce89411e300e4cafb9b6baed07230dbf4a7769ed7393bcda12addfa6916dd52,True,data/NEU-CLS/train/train/images/scratches_266.jpg
data/NEU-CLS/train/train/images/scratches_267.jpg,scratches,200,200,RGB,1,True,a916d3fb45316693e6d93749e4141fa444b2bb87f4f5b3433aca92ce85887aa8,f90a2c7ff4909e604215be2f221171643d4a16756752c01253727c5680eb6577,True,data/NEU-CLS/train/train/images/scratches_267.jpg
data/NEU-CLS/train/train/images/scratches_268.jpg,scratches,200,200,RGB,1,True,2bcfea24551cb98e0a64b81d515eda2d597b71bb5d8391a0eff4d61a3cabccf8,cb333f65f0e025264bfd0ceeee6247f0871f3dd275a08e958490016e768f4735,True,data/NEU-CLS/train/train/images/scratches_268.jpg
data/NEU-CLS/train/train/images/scratches_269.jpg,scratches,200,200,RGB,1,True,7ff3ed684221fd04a55f13f87a5fbd3958414b91145e88af651cb97fbb85eeb4,0e492b890656f94e187bf056b618369141c2838e1ade45385f840dbb8067f4ec,True,data/NEU-CLS/train/train/images/scratches_269.jpg
data/NEU-CLS/train/train/images/scratches_27.jpg,scratches,200,200,RGB,1,True,f0162be4de935f4064486990a524a4b7b8a816bc0a39f8fff3ee58034546e9e0,b67d0d2cea749317322c74c0005a3bf1e8d96c061daa3a3c6a25fbb5134406fe,True,data/NEU-CLS/train/train/images/scratches_27.jpg
data/NEU-CLS/train/train/images/scratches_270.jpg,scratches,200,200,RGB,1,True,cf07fc75c1b3fc8e03ce7ebfeb7e6881d3dac5967012f06a1faec86bdb1d7a87,da27587c213a701432be82b6e625e16d87b27b60a638ae1c5b3da16281b762af,True,data/NEU-CLS/train/train/images/scratches_270.jpg
data/NEU-CLS/train/train/images/scratches_271.jpg,scratches,200,200,RGB,1,True,89fce9a3ee105dfd7d3a55749854d04ddc2fd14bd920bc06ec9fb417d08f9147,3a135edf6f11532358e567434bfcc87b3b906bc3834b265b2d7e48f0e0477c54,True,data/NEU-CLS/train/train/images/scratches_271.jpg
data/NEU-CLS/train/train/images/scratches_272.jpg,scratches,200,200,RGB,1,True,36c685908f06b7609fee229a4f5283176bf1ed5dc3953eb4becaf76b5e7e5e08,1c165ed452b3902e2106f11347916490efef626ee480688241e6596843717737,True,data/NEU-CLS/train/train/images/scratches_272.jpg
data/NEU-CLS/train/train/images/scratches_273.jpg,scratches,200,200,RGB,1,True,06fd8df49222af37b7a66f9868dab365bd946f29fddda8fec763fa4bc8a232f1,dbc5f67be38d6ac220e4f90cb93244f6cf6b039605259c703e7c9e00a14417d4,True,data/NEU-CLS/train/train/images/scratches_273.jpg
data/NEU-CLS/train/train/images/scratches_274.jpg,scratches,200,200,RGB,1,True,aeffae1b86245a95003da86b5acfd5b14c4dfe93138c3c4ac16ac0c933de77ce,c8ceb59cd4d789e206cb43d253fe80707737ab4b6a0cd68715ad438e4764f679,True,data/NEU-CLS/train/train/images/scratches_274.jpg
data/NEU-CLS/train/train/images/scratches_275.jpg,scratches,200,200,RGB,1,True,0e3f6a2090474df8934b4c3a19a311bee21113c9aff36d07793e181bf47f5645,21584f7d656fe7c87d788c0b2a1dbe9bffb97f76a689b1a3722ba8208eed5736,True,data/NEU-CLS/train/train/images/scratches_275.jpg
data/NEU-CLS/train/train/images/scratches_276.jpg,scratches,200,200,RGB,1,True,5425066031254b9a916291955733134e6aa6f0af5d7d59686de98d165226fe3e,08790ee6a39eff406e5f400f4f841d4fad57ab2667de1618340eecf43a167e90,True,data/NEU-CLS/train/train/images/scratches_276.jpg
data/NEU-CLS/train/train/images/scratches_277.jpg,scratches,200,200,RGB,1,True,0f1d2f918fd93652f92a25de19f74324cfc879a77e39e5b911eb30fc3a82a75d,69a5f440f09ffe244404ca5a8c7cd225d79c1dd7eaedc726e9e3471fb437f988,True,data/NEU-CLS/train/train/images/scratches_277.jpg
data/NEU-CLS/train/train/images/scratches_278.jpg,scratches,200,200,RGB,1,True,2250c7ee89a2d4d03656a9ac3643ede3f8e2225b184472836d62c07024af5356,041bd58a2bde1a68414d400a85cf757fcc63b412d14b8b9347ddf34d2e44293b,True,data/NEU-CLS/train/train/images/scratches_278.jpg
data/NEU-CLS/train/train/images/scratches_279.jpg,scratches,200,200,RGB,1,True,07eaa26e72ed58dce79a1ed22881149ed9d4f202f925b1b3055a1c0fbadf27c2,2ee1f5ec9eb4defdc494e53f3e37005390adc54953bf1a3985ddd1ba4b377b2a,True,data/NEU-CLS/train/train/images/scratches_279.jpg
data/NEU-CLS/train/train/images/scratches_28.jpg,scratches,200,200,RGB,1,True,b573375056053983d38edd2061ee73fd7de209f1010c1ed07eb8046480b4348a,5d919e59d55a555601b4d0d90ea6a134248fd77ee18f015c7b2d60645e05fb6e,True,data/NEU-CLS/train/train/images/scratches_28.jpg
data/NEU-CLS/train/train/images/scratches_280.jpg,scratches,200,200,RGB,1,True,3f14a2b13cd4a4fd99666fae2c83eaea7c00d8373c3ae764697eef527df9b729,bd8d9499b3d7518b5c21a5ae37da30585dfff9f08d32710099bc6724eeb4ecd1,True,data/NEU-CLS/train/train/images/scratches_280.jpg
data/NEU-CLS/train/train/images/scratches_281.jpg,scratches,200,200,RGB,1,True,ae4d4b4b847f5056c96807f335a663b434f77391aafec7133236bf95221cb256,6030b65852d6938b1303426337f7ff9b9e44a3775f084fc9e95ab18691fbf32c,True,data/NEU-CLS/train/train/images/scratches_281.jpg
data/NEU-CLS/train/train/images/scratches_282.jpg,scratches,200,200,RGB,1,True,d526f36419cd66b2269d6ee46f3e18e798ac6dba9657676359566d7268ec666a,bb4bb2a45221dc1f3b9268588508f004367553218ab21a38b20d85d57949c72c,True,data/NEU-CLS/train/train/images/scratches_282.jpg
data/NEU-CLS/train/train/images/scratches_283.jpg,scratches,200,200,RGB,1,True,b8ac3cae8163a749ccfad675864d4337332e77a1b6105f72114497fcfb555376,6bca0f45afcc8963feb3726621aec9bf84cf8801d790403b1a56b15db6e53c79,True,data/NEU-CLS/train/train/images/scratches_283.jpg
data/NEU-CLS/train/train/images/scratches_284.jpg,scratches,200,200,RGB,1,True,7460cc96b7ca26a5118ce716a8e7f66d210d35e15e596597d8f204b021b293d2,499d4ca32e658e6e773d51664b46a227fd8b8d6622b8dce0caf23a2b7b7f0b7d,True,data/NEU-CLS/train/train/images/scratches_284.jpg
data/NEU-CLS/train/train/images/scratches_285.jpg,scratches,200,200,RGB,1,True,5255774b455b8b94eefa05c803d031a4f3ac8e2b7a3936d2d694b29935accb60,b2e9404833158dea8a1007cfd50b28c0c199068025fc8e335a9d99084d4b4aa9,True,data/NEU-CLS/train/train/images/scratches_285.jpg
data/NEU-CLS/train/train/images/scratches_286.jpg,scratches,200,200,RGB,1,True,5c6854da13a98037918d0b476bb0eb2b505478e878fb0c2f3ebaea30d9bb8cf8,7032a9867a4f68b1a433b4553bb8e9a00c1000ad383ebd854fa69e5adfcfadd1,True,data/NEU-CLS/train/train/images/scratches_286.jpg
data/NEU-CLS/train/train/images/scratches_287.jpg,scratches,200,200,RGB,1,True,6daf546f9bb1a4b58b9a76f4fe912418426b9a97448610edec52314f66fc140f,098525bd909a90e9158fcc3c51b3ba2fd911dcb67598f84847e8ab835c082ad6,True,data/NEU-CLS/train/train/images/scratches_287.jpg
data/NEU-CLS/train/train/images/scratches_288.jpg,scratches,200,200,RGB,1,True,0ffe135744b30b96bb0ced670e532d08473f2462177d8437aa6678b4910457e2,ba985ecb74122ef64cb5e178435e3bedcc8155c1580c656fc55478910128d26e,True,data/NEU-CLS/train/train/images/scratches_288.jpg
data/NEU-CLS/train/train/images/scratches_289.jpg,scratches,200,200,RGB,1,True,3fe8d86cfc4a4c60cdf65babd227d6ce88a6d690eadc8f9b56465c7d58ee4937,c9950614e91afc58965d4d7bb5319d1983190f1103548a5c57f7710ba12d083e,True,data/NEU-CLS/train/train/images/scratches_289.jpg
data/NEU-CLS/train/train/images/scratches_29.jpg,scratches,200,200,RGB,1,True,80a15969e4d2f6cff472bd0018fe3af757850351f95f2142ff39d1994d7628d7,21f1686be920088b821ad3d59d54998b161eb1f6a11954a7ed719b46185e99da,True,data/NEU-CLS/train/train/images/scratches_29.jpg
data/NEU-CLS/train/train/images/scratches_290.jpg,scratches,200,200,RGB,1,True,fa4a943f2ef491d03248145846c5d455e038c45d543aed7b13dd3fa4a3777d4f,49fb54c8368c79969df01c214c832891ceb276cd2fda1147e7f599f91737d96d,True,data/NEU-CLS/train/train/images/scratches_290.jpg
data/NEU-CLS/train/train/images/scratches_291.jpg,scratches,200,200,RGB,1,True,0d6b2134052adc7618ff5c6635a1034f17f9e049d972ce2115528bafa72c8294,593bd4ae185683d7c49550340c7adc0e1fef4d4fee93f5cd44c205d494f54765,True,data/NEU-CLS/train/train/images/scratches_291.jpg
data/NEU-CLS/train/train/images/scratches_292.jpg,scratches,200,200,RGB,1,True,66e096173ceefd42aa909bea0e76e26d1a1dc54a2abab61e1149e045ac11403d,65b8fe64f7beb3168e3d262c078491430b26657e88b74558838dc47783a3f6b6,True,data/NEU-CLS/train/train/images/scratches_292.jpg
data/NEU-CLS/train/train/images/scratches_293.jpg,scratches,200,200,RGB,1,True,94b9655b1f1d32e520618aeb2ff2ddc930c1d2b11aa35074604d6a294ec4d240,90c926484054b4cf088d6df0cec60f767763028853da7462aab92f0edb2083f9,True,data/NEU-CLS/train/train/images/scratches_293.jpg
data/NEU-CLS/train/train/images/scratches_294.jpg,scratches,200,200,RGB,1,True,29689c1398eed61d94cfab12e65f38f42df006064ef85567b3568de836a12e98,9fcc2fdb99e837d280239a476879343b32ccbe162b0f1b97cf0d1f1536e9faa7,True,data/NEU-CLS/train/train/images/scratches_294.jpg
data/NEU-CLS/train/train/images/scratches_295.jpg,scratches,200,200,RGB,1,True,68afd07195ce3186bec3c02447d2f284ed40e7d616144040a18335b27daa9d14,9ac6f41f445b151c76e5d13a334a76bfe131f27d34d7a695d0b886dd27f0084f,True,data/NEU-CLS/train/train/images/scratches_295.jpg
data/NEU-CLS/train/train/images/scratches_296.jpg,scratches,200,200,RGB,1,True,9e3d08b4ef099411d675d18db9f006b0d6739bc6cb33c27221a7c50efd7aeedb,9df6574b180ef8ea137cefa8329b31ed9b5df8276b17a0d7c99faaf0b1c52604,True,data/NEU-CLS/train/train/images/scratches_296.jpg
data/NEU-CLS/train/train/images/scratches_297.jpg,scratches,200,200,RGB,1,True,795dc162bec70f7a16abc2f434cdd72fe84a504c456269d7176e6a4789066768,33488bca32fc596b042c1c10afae23cb6e7841c876cbacdac28850288b881800,True,data/NEU-CLS/train/train/images/scratches_297.jpg
data/NEU-CLS/train/train/images/scratches_298.jpg,scratches,200,200,RGB,1,True,c408389639cce8c2da2ba020370457279429b80420e7379bb997392bcafd03d5,60bcb0d12a74e91e120e30e56de628e72c771b3537818d790d58cd4c8ab15061,True,data/NEU-CLS/train/train/images/scratches_298.jpg
data/NEU-CLS/train/train/images/scratches_299.jpg,scratches,200,200,RGB,1,True,adeb6ac5a2be5c145131e2fc450a8f628402f7c56eea38b102c288ae58fc9219,2504b1209dfb7866024b08456533e8d4d6a59403db5afc0ef7592faf0dd45bbd,True,data/NEU-CLS/train/train/images/scratches_299.jpg
data/NEU-CLS/train/train/images/scratches_30.jpg,scratches,200,200,RGB,1,True,fb713f67c2e5a92c14645272f257cc3ef80c1bef743c7a27d19f26ba3b3870b1,254a56ab155cb1abc71a731587eedfdcb2a62d78d8b442fa6c14b27a326ba24c,True,data/NEU-CLS/train/train/images/scratches_30.jpg
data/NEU-CLS/train/train/images/scratches_300.jpg,scratches,200,200,RGB,1,True,16419bc0544ffe145aa39c786be8af7d45c1b740b144e4366429fb8c7912713e,0e82cc58dff0c506f5140c34ad27c6f80bbbc85d1bf0cb6cf44a859b8873ee83,True,data/NEU-CLS/train/train/images/scratches_300.jpg
data/NEU-CLS/train/train/images/scratches_31.jpg,scratches,200,200,RGB,1,True,20a6c5b8dcb9df14f4753eb767e2472b5b26668a30947342fb0571c3338ff665,bf26a9b8482489d5407c5e0fb9f001a0f248e8bafc705ff00093c23cf6ae8103,True,data/NEU-CLS/train/train/images/scratches_31.jpg
data/NEU-CLS/train/train/images/scratches_32.jpg,scratches,200,200,RGB,1,True,d59906181fc273fa0b4b7e0c526d81443cfaae8c9cdbc3ed4a50e040297f1a19,eba55082efa89a955206d48f3a7640991e299836ffb19ae560dbdf032ba6de0c,True,data/NEU-CLS/train/train/images/scratches_32.jpg
data/NEU-CLS/train/train/images/scratches_33.jpg,scratches,200,200,RGB,1,True,c5c302e720075c67817605d4715a7f1e63df3bff7f531d0cfb289068728efce5,a48ba42e47535ade50d65a13c802bf554407ae26c837d1b2337e251c602d8d15,True,data/NEU-CLS/train/train/images/scratches_33.jpg
data/NEU-CLS/train/train/images/scratches_34.jpg,scratches,200,200,RGB,1,True,4752971b7ad7b3b8d509d0b8c67eb8a683c8a5f95f62896cb25b6207a7fbdd05,348b275c80699113c9c8663fe28555af089ae8d9e5d2a49538229a8d8bad9fac,True,data/NEU-CLS/train/train/images/scratches_34.jpg
data/NEU-CLS/train/train/images/scratches_35.jpg,scratches,200,200,RGB,1,True,ac93ce819e7fc8800a2052f0e4f31cc1acedb1c534a5bb4bbbf654445bfcaa55,2d747f6a2c4b7bb7eb895282614cdfc2eaf36ac9e8f65865b88f4ff8be4a0f8c,True,data/NEU-CLS/train/train/images/scratches_35.jpg
data/NEU-CLS/train/train/images/scratches_36.jpg,scratches,200,200,RGB,1,True,a8ea1585ed3a91616f526de49ab9534159c4c26c847d9ac6e0d90f69dca2fa6f,79393f023aa1f0788a7853c548d04c6334f6fa1a1e80e9fde9e1e116bf926b0f,True,data/NEU-CLS/train/train/images/scratches_36.jpg
data/NEU-CLS/train/train/images/scratches_37.jpg,scratches,200,200,RGB,1,True,75f393a35dd2c29e2703d6693c1b43593718ed6afcf1a9e07a0e86d0c5e0b1a3,178b3b73849d6387077716bbd5e15dda0ecc1bbd9ffd661487ba3182f3cbed05,True,data/NEU-CLS/train/train/images/scratches_37.jpg
data/NEU-CLS/train/train/images/scratches_38.jpg,scratches,200,200,RGB,1,True,888229a1bd266a7cc25bcb8944bae5ac0450dddb8b308b32dda3eb52be77a432,eacf4242405dbb316ad9585810c04629a0dd7c1488cf46fba5af55a93f1f52e5,True,data/NEU-CLS/train/train/images/scratches_38.jpg
data/NEU-CLS/train/train/images/scratches_39.jpg,scratches,200,200,RGB,1,True,bbd99962679d7a31f269865c9e8f774fc65602b35e1b1272e181173c601ac7da,1e21e7ccb793f0957272392dce500f39c9d0f569a53d46d330c01fec5600dba2,True,data/NEU-CLS/train/train/images/scratches_39.jpg
data/NEU-CLS/train/train/images/scratches_40.jpg,scratches,200,200,RGB,1,True,5ff1878abdab2d030b32896486b498d1ecdf6d8f439f664bed53a8ba246de332,79836c8f093a7c93531db1bc624db6c47d5470ff5e3324659be743445c913f73,True,data/NEU-CLS/train/train/images/scratches_40.jpg
data/NEU-CLS/train/train/images/scratches_41.jpg,scratches,200,200,RGB,1,True,b92004ba11866501f5a257dcb5f2840bc9265ffe8e9e5f48f554d68c7bef35b0,3131cfbc3cb02e28c678ef9541cdbe013192150d15fb77875e297079db32ad71,True,data/NEU-CLS/train/train/images/scratches_41.jpg
data/NEU-CLS/train/train/images/scratches_42.jpg,scratches,200,200,RGB,1,True,e1b749959308e24dd64947abb166f1762ed86ec3e5bde99998631cd44936b7c0,8ef2aaf7508728a103c8d54fbdf6b1d33120c5c2274501165eceb558ba86626b,True,data/NEU-CLS/train/train/images/scratches_42.jpg
data/NEU-CLS/train/train/images/scratches_43.jpg,scratches,200,200,RGB,1,True,c1b2e9040a2251c020966264cc8a5cb7ce311df6294f21e1db8b09c96b360ca4,8f08489ad2ca43f95a2591a0bc9d03d017a70d83bb6c766fb9aaad5302ab3d64,True,data/NEU-CLS/train/train/images/scratches_43.jpg
data/NEU-CLS/train/train/images/scratches_44.jpg,scratches,200,200,RGB,1,True,ce77e911d526b114709fdaaf19c3c3520ad73e75543ee37b4f3aa6de89d21b62,1af5fd506b3b6ebf6c86ee8ab6fa5331fa1da1a49670514046993f6b69b7429a,True,data/NEU-CLS/train/train/images/scratches_44.jpg
data/NEU-CLS/train/train/images/scratches_45.jpg,scratches,200,200,RGB,1,True,62c747044d5744d1b985f4123983f57e8ac130cb66ffd4cd415d2873094c8672,5907e47102d576d74278839b2518922b48e7861fd5a86de6bed982165ae55074,True,data/NEU-CLS/train/train/images/scratches_45.jpg
data/NEU-CLS/train/train/images/scratches_46.jpg,scratches,200,200,RGB,1,True,cc4ce3b9394afa13e4715d4ef0f878fb2982a0b52c5b4b1561e0eff80d6dedcd,c3f058eba7466eaebf506924cf185b679c222ba94ad6c7e48e7a7c12608abbec,True,data/NEU-CLS/train/train/images/scratches_46.jpg
data/NEU-CLS/train/train/images/scratches_47.jpg,scratches,200,200,RGB,1,True,ab7f194af65ec63adeed6df943a63393c334f88246170651321e6626629b40a0,0a0539249f605d194879e0befee4b376e899ac7eecb086c2dcc0e1fffd75684c,True,data/NEU-CLS/train/train/images/scratches_47.jpg
data/NEU-CLS/train/train/images/scratches_48.jpg,scratches,200,200,RGB,1,True,b4bd572594231c39df923fd9a81ae1cbfaa975054c2af4000ef1d7a3ceb21e8a,73f98ad845064fbe962e79289525a190a84d1ccf18624c53e67871cdd177c44c,True,data/NEU-CLS/train/train/images/scratches_48.jpg
data/NEU-CLS/train/train/images/scratches_49.jpg,scratches,200,200,RGB,1,True,e39f96db2c4012d8d67a10c8d39dc580e99cdac09112d4b5da5a047389b120e2,995e418cadd46d61be898979a5c3de3b44d5db4537e66fb966580bc1ed3c5bce,True,data/NEU-CLS/train/train/images/scratches_49.jpg
data/NEU-CLS/train/train/images/scratches_50.jpg,scratches,200,200,RGB,1,True,758368569146183dac0848ccc2193f160ee9599a28c9976ceee557058971d178,8598fbcf6f33b02234dff68e5f30485aff06b7fd8344c2f484784f31879f0136,True,data/NEU-CLS/train/train/images/scratches_50.jpg
data/NEU-CLS/train/train/images/scratches_51.jpg,scratches,200,200,RGB,1,True,f772fdadf1cb110c929ec3b3204a390c7a64713141bbc666e6872fd163fc7e6c,77deb70b694c815f4496ba8a658070c03ff1fbfa8c96fec7887aaeb3733d9053,True,data/NEU-CLS/train/train/images/scratches_51.jpg
data/NEU-CLS/train/train/images/scratches_52.jpg,scratches,200,200,RGB,1,True,dd38b433da3cdc86d90aa14b5394c82ce3441eaa1e1bba8d304b088d929b5c15,9e065715ce42e9c05186a64335fbbe037cb7dfa4e5dd2d7faf0fc733f9e86754,True,data/NEU-CLS/train/train/images/scratches_52.jpg
data/NEU-CLS/train/train/images/scratches_53.jpg,scratches,200,200,RGB,1,True,3bcac890eee84445a798a20289599d44e664300658111da743a4073900a95a41,3af050bfbb7f36e794c00d8ba7b30ba2b81ed3cb12b0f31cd113a1398971983b,True,data/NEU-CLS/train/train/images/scratches_53.jpg
data/NEU-CLS/train/train/images/scratches_54.jpg,scratches,200,200,RGB,1,True,f5d65ef7d240395e5a5d421abe66da227dd4047891a81c276acf1cc7ab34a0bb,4192b6d016cb5baa5cb032c0ab3df25f230e9211d46d1ee237ed78e442810303,True,data/NEU-CLS/train/train/images/scratches_54.jpg
data/NEU-CLS/train/train/images/scratches_55.jpg,scratches,200,200,RGB,1,True,93a94941ea35cdcd24a196fb0b12aa9b2bd082ce839e67fbdb237e96a8c03f7b,8ff39edbf272c5481b0f49f85f68a5befaf8b4c3802db8639311136366354396,True,data/NEU-CLS/train/train/images/scratches_55.jpg
data/NEU-CLS/train/train/images/scratches_56.jpg,scratches,200,200,RGB,1,True,5d8ab302afd6923b3f5573fd369b925a99302a031c565352af3556b36b4c78a3,5e101499ca7fe97c386d919234ddbc7e5fbb5b27d1f50eaf31fcaa601461c187,True,data/NEU-CLS/train/train/images/scratches_56.jpg
data/NEU-CLS/train/train/images/scratches_57.jpg,scratches,200,200,RGB,1,True,b46371506a9386702aa82e3707f8d315ecec02f17912f76f6aaefaac87946d53,025b65d038a929bd3c826e492b11097a3015522572adcf106d2a8aa796a1b0e5,True,data/NEU-CLS/train/train/images/scratches_57.jpg
data/NEU-CLS/train/train/images/scratches_58.jpg,scratches,200,200,RGB,1,True,c756058aafb82eb234af08537dc69e4f96e69b84ca7d019d9acf4e673e359582,520bbe233cd7f01541ec3673d7e1a28ff8466b76cdaa22cd3ac180d4c9e8f775,True,data/NEU-CLS/train/train/images/scratches_58.jpg
data/NEU-CLS/train/train/images/scratches_59.jpg,scratches,200,200,RGB,1,True,5681e8705d15961faea00d3225aacbf31eea774faebf4a0b7df6e5903a107c94,b5feec237f6fffbd3a101c5c379e496dd761b41e0aa3da75bea44cbd9d1a5c89,True,data/NEU-CLS/train/train/images/scratches_59.jpg
data/NEU-CLS/train/train/images/scratches_6.jpg,scratches,200,200,RGB,1,True,cb03aeb9bd78d5b28768ff9fb9b55edeedfe2617e11400a1391eea34d60ec285,ebda5f60c867a97c197a0b9d09ed646db711e6d770cd6d803d719b05dbab534c,True,data/NEU-CLS/train/train/images/scratches_6.jpg
data/NEU-CLS/train/train/images/scratches_60.jpg,scratches,200,200,RGB,1,True,0c8af0a11fea79c84b240ccaf15d1d958f67f1259ab66b6633e12c86e05c54df,17600ba06f7e0fa0b544d20e9e778f4c60f97f5d3948b1ee5b84dcc4621aff67,True,data/NEU-CLS/train/train/images/scratches_60.jpg
data/NEU-CLS/train/train/images/scratches_61.jpg,scratches,200,200,RGB,1,True,3eaa5ab2b314c9c0e39e3b164711c4c4032fee3e2bbcd31fd88f4e483787f634,ce424a097a088c5c0f615be837f2f054c53861641da42f2bbb9e06851806c03e,True,data/NEU-CLS/train/train/images/scratches_61.jpg
data/NEU-CLS/train/train/images/scratches_62.jpg,scratches,200,200,RGB,1,True,836b98d7c217f5e61b9bc2e5c0adb7f59db0a2df31943d783581e712b82fb48a,786227216428eb4ddb24e52fb535217de70ebc073bf29f313cfb329d71ccbe83,True,data/NEU-CLS/train/train/images/scratches_62.jpg
data/NEU-CLS/train/train/images/scratches_63.jpg,scratches,200,200,RGB,1,True,cddf7573256ad9017ac18d1bfa81e49ae87d0cda40a01ff63d6be0b1ae720348,7f624b5385b122efbf8bf5d9dc942eb7d70d78026a8e4ca5997df98f534f4d7f,True,data/NEU-CLS/train/train/images/scratches_63.jpg
data/NEU-CLS/train/train/images/scratches_64.jpg,scratches,200,200,RGB,1,True,7d99c9e9cbaf265ce716c689bbab80e30ea79134559190126afdf2695165619c,b717777c911c30aa69417e2bcbfef8f155670acd2b24fad4c5e803f7bbf3557b,True,data/NEU-CLS/train/train/images/scratches_64.jpg
data/NEU-CLS/train/train/images/scratches_65.jpg,scratches,200,200,RGB,1,True,6d0e29f19f167c5e34bce00ec93c0b6f58c3905d23d53fef977d7dd27f2b5ea8,a5727919f902c201bddc294a8e0ee4fbec74bca8b203552f2a7f6afa49d2272e,True,data/NEU-CLS/train/train/images/scratches_65.jpg
data/NEU-CLS/train/train/images/scratches_66.jpg,scratches,200,200,RGB,1,True,883988251961da0342ce6f0b3d2a5658d77b78603c246c19f9b325b8b419cd14,9e2807cdb74e2c458b08dae126049b4979395b42816025058bc2ccabc031ebee,True,data/NEU-CLS/train/train/images/scratches_66.jpg
data/NEU-CLS/train/train/images/scratches_67.jpg,scratches,200,200,RGB,1,True,cd9d73852c23f8ddd6a2729fda97cbe965fb20e4c85b21c2f5e44d5ea886a289,008229d307cba6e90df2258352a88dca69fa210b4d4752809a4abde24bc0bb98,True,data/NEU-CLS/train/train/images/scratches_67.jpg
data/NEU-CLS/train/train/images/scratches_68.jpg,scratches,200,200,RGB,1,True,65121e6d4710b6e80a595e3b8212c8c99ae5535bc0b2dd3d1b09c966b09341dd,d75c53a2347073423e4ec09c288a044bb5514e7736c882e565c41f8b0fd9af16,True,data/NEU-CLS/train/train/images/scratches_68.jpg
data/NEU-CLS/train/train/images/scratches_69.jpg,scratches,200,200,RGB,1,True,61f13b13ef12c191b6191692fecbfb215e939f23c5e8f6b4756e7d8431c1d814,7606a52d52c36e34a84b55a9834f9308c0b5e0e324c5fadc15b76538ce970c55,True,data/NEU-CLS/train/train/images/scratches_69.jpg
data/NEU-CLS/train/train/images/scratches_7.jpg,scratches,200,200,RGB,1,True,150ffc419c103081f8c192b60d27d5019512633184d45cc78cc7e8f4413b3b0b,db91b304264afb8f188bd1163ddd45fcbb9ac34d713e4a28de3bbd4dd495f00d,True,data/NEU-CLS/train/train/images/scratches_7.jpg
data/NEU-CLS/train/train/images/scratches_70.jpg,scratches,200,200,RGB,1,True,5e36d31d04d2f41d47ade42df79f55cc74d4a8c32e40c9316a1a0f08ffc50768,26a973c27058f09c52a82ce605d57ca13a41c7ee098cbd436c0fee26a6a5daf2,True,data/NEU-CLS/train/train/images/scratches_70.jpg
data/NEU-CLS/train/train/images/scratches_71.jpg,scratches,200,200,RGB,1,True,56f53870f0da42c81bd067c953afe9a891e704b0b178bcae46c6c59fc7d3fcaa,19d36134590891459df84e2e5daf53d7155388030a59e642bb38deb0142df556,True,data/NEU-CLS/train/train/images/scratches_71.jpg
data/NEU-CLS/train/train/images/scratches_72.jpg,scratches,200,200,RGB,1,True,a959ecae55ba0edb6e5fc0622131cf49bd22dec8a386a16da0948df0bd0ff29a,26a0bb3eae40bfbcef2f85ca498b7debff5c8a48832ca4f86ce39dbe3fe4afbe,True,data/NEU-CLS/train/train/images/scratches_72.jpg
data/NEU-CLS/train/train/images/scratches_73.jpg,scratches,200,200,RGB,1,True,3d85a326f477da24bf6d84411a65ffbfc93e1a5fd7187fdf3c530e04aed886fb,95b934023851566795612d8b0e2b197edce90dccc8736a5601d64ae8d3e252e7,True,data/NEU-CLS/train/train/images/scratches_73.jpg
data/NEU-CLS/train/train/images/scratches_74.jpg,scratches,200,200,RGB,1,True,7c1919325465e8a762552e839a93c141ca6d44777136e663676fbb3644fc6eaa,c7fb50326f0f404fd5032061d23d897fb61aab56cc06d0e58e2f51e4c45b7e0f,True,data/NEU-CLS/train/train/images/scratches_74.jpg
data/NEU-CLS/train/train/images/scratches_75.jpg,scratches,200,200,RGB,1,True,76e7b6a0047b0f68573828f4aa67453e3c515a7f93c7b67bfdcfe9eca518feb7,aa37863e09784a4af398e6987340edb7b4964407076ceddade3b5b076415333e,True,data/NEU-CLS/train/train/images/scratches_75.jpg
data/NEU-CLS/train/train/images/scratches_76.jpg,scratches,200,200,RGB,1,True,80608058e915f920b897fa32d1c3a2ab583f3fd21acd5742f77cfb2c413c8058,a0992fc761539d83e9995186a6da90618506a2f429c7135ccab16c964ead7a4b,True,data/NEU-CLS/train/train/images/scratches_76.jpg
data/NEU-CLS/train/train/images/scratches_77.jpg,scratches,200,200,RGB,1,True,0f30ad864afb086b06c24e27574fb0ebe3412b58ee8173ece1d047eef34116d8,953d92410260b68d4f1c68c38a73fe27aad9847709b7600695663edd46f94b26,True,data/NEU-CLS/train/train/images/scratches_77.jpg
data/NEU-CLS/train/train/images/scratches_78.jpg,scratches,200,200,RGB,1,True,f49a4f4de991681f64f39e2393a488b5753a603a499b2234b0cbc8d494416f2a,5daebcbd0a900fdedb7fb29a586d107f4df581faa549efb0a2414f7660ca768c,True,data/NEU-CLS/train/train/images/scratches_78.jpg
data/NEU-CLS/train/train/images/scratches_79.jpg,scratches,200,200,RGB,1,True,11528fc593f9a25b6a691f06d1309f34660e6583dd7ea9939e06491eb6b68274,d486800916aabfc1d0575a8eff786453625a26720250d090a51c1b43c11bdf99,True,data/NEU-CLS/train/train/images/scratches_79.jpg
data/NEU-CLS/train/train/images/scratches_8.jpg,scratches,200,200,RGB,1,True,955c57d2a7b44986a8e17d4171f42c4d17b4f93314cd9a4bf48a3c3e9123e38d,c5b0617e2549c49187f645c298c9daa9a1d61b9d62898321a3c8b19d757623f1,True,data/NEU-CLS/train/train/images/scratches_8.jpg
data/NEU-CLS/train/train/images/scratches_80.jpg,scratches,200,200,RGB,1,True,7be113457f8fc94dee9e4b7a325e6b787999ea83e39f6c7389618582e8146a98,f7d384ea5c848587c49466279739c787722f4f7aaf99aac8b74effb77c96e9c4,True,data/NEU-CLS/train/train/images/scratches_80.jpg
data/NEU-CLS/train/train/images/scratches_81.jpg,scratches,200,200,RGB,1,True,18601fce531059a2faee79d8b1d9881964b1fd486c837c99fc0bb970bcb9d7ad,55ef1e944e076e54c05988000899e994d8c8fdb29e488b80ce8c35b8f74bce61,True,data/NEU-CLS/train/train/images/scratches_81.jpg
data/NEU-CLS/train/train/images/scratches_82.jpg,scratches,200,200,RGB,1,True,6d38da963a2d6b10870b423a6761769a8e4e6235e4538522cacf503e5ce1c0e5,961894a6bd19cd0ed904130191fdb9b03b742e21870326023e0063fd3d8b12bd,True,data/NEU-CLS/train/train/images/scratches_82.jpg
data/NEU-CLS/train/train/images/scratches_83.jpg,scratches,200,200,RGB,1,True,3fa1db26236a08d8aa468d37a484fba3351869ff4081fc560f2fad60e3a91e28,3840b72656a67c0a6a808d4084033d026d24f9826b88768ccc0f19e8d85b5d97,True,data/NEU-CLS/train/train/images/scratches_83.jpg
data/NEU-CLS/train/train/images/scratches_84.jpg,scratches,200,200,RGB,1,True,0e25a596a7ddcb6b78b1f608c01a9ab168748556ee87e7feb2293ce3de87cd78,bed6ac38c5df2217e6abf9dd88dc0f8807389cd9c420820137594c1862328969,True,data/NEU-CLS/train/train/images/scratches_84.jpg
data/NEU-CLS/train/train/images/scratches_85.jpg,scratches,200,200,RGB,1,True,31a229ddb970db1b9da2ba0c08670ee44380d9e1ecfb0921780a5806bda96663,e9948fb8693780af819174bd641962ad494d21b1aeb41f610c28be1c4ee2dc8c,True,data/NEU-CLS/train/train/images/scratches_85.jpg
data/NEU-CLS/train/train/images/scratches_86.jpg,scratches,200,200,RGB,1,True,cac62465b7def9d197411a35f77cf35b291f957dae5bca8adbc5ad1708744249,8f6b7eb40067f45919bcb39d0fdd8cc33c79f71b85c64f291bde7b35fc567ed3,True,data/NEU-CLS/train/train/images/scratches_86.jpg
data/NEU-CLS/train/train/images/scratches_87.jpg,scratches,200,200,RGB,1,True,83d98ea2597e4bf47fcaa8fb4f5df31c347fc89bfd88f57d5ef9035b6d013382,c9e11151089f6c8261f51c59b86f46de2b103e4a942539570b91524595ee0010,True,data/NEU-CLS/train/train/images/scratches_87.jpg
data/NEU-CLS/train/train/images/scratches_88.jpg,scratches,200,200,RGB,1,True,60c8756c32648ebad1dddd7df9a2d5105db9f18941ec159bf0294d760009af51,ea371fc3019afba82f390608c8d48ae3b2ee6b17547256ddb3fb1220496171b4,True,data/NEU-CLS/train/train/images/scratches_88.jpg
data/NEU-CLS/train/train/images/scratches_89.jpg,scratches,200,200,RGB,1,True,2384449a35b02b37ab9678138e8c631214475d595867dfa6c1fa4c83ac5f36b1,0c115c64478759bc05f1f4fbd272487322088d95113b741b59f5812f243effe6,True,data/NEU-CLS/train/train/images/scratches_89.jpg
data/NEU-CLS/train/train/images/scratches_9.jpg,scratches,200,200,RGB,1,True,345c4f6e6f0f2fcd9f9be2df77a9a9ac9bcb74a3594fb51ebec3ef9c5ea1ba41,43604771d0e504a924912c7ba9203a57d9e5d8be3b7b12b44547f9dc226b4fc6,True,data/NEU-CLS/train/train/images/scratches_9.jpg
data/NEU-CLS/train/train/images/scratches_90.jpg,scratches,200,200,RGB,1,True,3ab8a57c251a314ecb243bd97375429ffcf365f30b79042642b0d2e7c57ec820,e05af554eee2c0d5b40e305ee4a5e86d3451ab53d5d40b59968a9ed50cc3c584,True,data/NEU-CLS/train/train/images/scratches_90.jpg
data/NEU-CLS/train/train/images/scratches_91.jpg,scratches,200,200,RGB,1,True,813631d06c87300d272a76afcfee0cd684879c9ef83c2b54a2d01ff13691ca80,fe36f5e57a5292c8fcfcf65d960c0c90bac7824ff9b9aee9ad4ae5f379d5ca57,True,data/NEU-CLS/train/train/images/scratches_91.jpg
data/NEU-CLS/train/train/images/scratches_92.jpg,scratches,200,200,RGB,1,True,78f0f67d7827a24cee83e9e3f8c7698f362bb37725243568d2ef547d66945704,8466456dd54d171e35d17dd7b426798569bd21e3b0036a742e2051325b277547,True,data/NEU-CLS/train/train/images/scratches_92.jpg
data/NEU-CLS/train/train/images/scratches_93.jpg,scratches,200,200,RGB,1,True,f2c63aa948bc31467e855168bb2b85fd37c2564c555d61655ceee222662037d3,c0b68bb8f448042152b583422893aa7c369ea8d42ae2939f71ab137d06245c3c,True,data/NEU-CLS/train/train/images/scratches_93.jpg
data/NEU-CLS/train/train/images/scratches_94.jpg,scratches,200,200,RGB,1,True,f800f9f5e2181940b19a12bd8d488d374bf2d3f17ba8aee0a3708b222c5e8996,acd3fb11b2100ac9ed367d2b5e6f359e2a1e6be031f277d54445d48110faa832,True,data/NEU-CLS/train/train/images/scratches_94.jpg
data/NEU-CLS/train/train/images/scratches_95.jpg,scratches,200,200,RGB,1,True,cf7df984c2b5a1d0dedc493859c99729645d851fc2c136e847acde750b1e1e78,5205ab5d564c607313470f2a40a6653b79aeb67e4303caba0915a8fee2bbc338,True,data/NEU-CLS/train/train/images/scratches_95.jpg
data/NEU-CLS/train/train/images/scratches_96.jpg,scratches,200,200,RGB,1,True,f1901ab02ee93901ed9f372eb0060c5ba09fabaec1e9a18faa56652eff8ed9f2,9a234bf8f15a813ab9acf96c8ccc2caafd952d1b457c72958b91206ba26e13c6,True,data/NEU-CLS/train/train/images/scratches_96.jpg
data/NEU-CLS/train/train/images/scratches_97.jpg,scratches,200,200,RGB,1,True,a676d6115dd0e39e2cf5ee2e8aa6cf784c6d6b1156f7da3f202e962bf5f67d32,285f8f1f5db40cfa009d3722be88dd89b5d164fb207ff4da4cf3d7b713a166d5,True,data/NEU-CLS/train/train/images/scratches_97.jpg
data/NEU-CLS/train/train/images/scratches_98.jpg,scratches,200,200,RGB,1,True,38d29272c69d03f3dae4da3fa497ba33bcb3f19caf3fdcb65d5773bbced0f585,5618014d3333bcce711e1d8738801426ac5c2755950c2c280b02581d4ce83119,True,data/NEU-CLS/train/train/images/scratches_98.jpg
data/NEU-CLS/train/train/images/scratches_99.jpg,scratches,200,200,RGB,1,True,b69942dc74c0fec6a6d6166831f68b4273558ae5ba4b10e67688106bcb309cab,9a4e417521cf50da6fed160b2efe68158a020cb7d2967bcc6873308c5e90f468,True,data/NEU-CLS/train/train/images/scratches_99.jpg
data/NEU-CLS/valid/valid/images/crazing_1.jpg,crazing,200,200,RGB,1,True,5278cd3695adbcbd7a16a7e4b2c6bc27f18095ab8a1e034d2b06c0fc42020eca,338d7390956a10b53856ec266d9705b2cd49a621ea85c4ef05918e11df183617,True,data/NEU-CLS/valid/valid/images/crazing_1.jpg
data/NEU-CLS/valid/valid/images/crazing_2.jpg,crazing,200,200,RGB,1,True,c49651a58066f155f1efc0a488bf7415d3d1ef0fb2948f6c2ee6e8296411c9be,b393a0d6192ad7e2095c7ad59e83b0da701c3f3f15427705c912a71cc1528646,True,data/NEU-CLS/valid/valid/images/crazing_2.jpg
data/NEU-CLS/valid/valid/images/crazing_3.jpg,crazing,200,200,RGB,1,True,155778cd3e7c82e81ea80a956a015f4eb3d0d09828fca6956eb8883edc39d123,6d6b58ba2eb9ac3152e70608dc791eed9cd4761fb610f155322c6ce529bc8d02,True,data/NEU-CLS/valid/valid/images/crazing_3.jpg
data/NEU-CLS/valid/valid/images/crazing_4.jpg,crazing,200,200,RGB,1,True,0f52f3882d3ffc77a5f20c2c4b557a6a79620090e6f8ef9a0568ed508749e436,427f997f8ae45cb1734ae2cc4f3539fcef2aeaf60a563fa4fdd8a208bce27867,True,data/NEU-CLS/valid/valid/images/crazing_4.jpg
data/NEU-CLS/valid/valid/images/crazing_5.jpg,crazing,200,200,RGB,1,True,efcdf6413c7265a1492cf9e9de37ae8b260061b60b06a0212dc9c9b840cb4ab2,56bd54d41857f79c0ac62f9f5f1b04cfdece585a79d4320d799e68f800bae535,True,data/NEU-CLS/valid/valid/images/crazing_5.jpg
data/NEU-CLS/valid/valid/images/inclusion_1.jpg,inclusion,200,200,RGB,1,True,2b0a6eff755d5c5867d3e3ca6b26af9548813e50c9b12b0f3381a49560a42634,f802debdeff91c6a7df9b097ea77ee23cf11e255305e965f9d4585aa727d285e,True,data/NEU-CLS/valid/valid/images/inclusion_1.jpg
data/NEU-CLS/valid/valid/images/inclusion_2.jpg,inclusion,200,200,RGB,1,True,92befa6113c232f8fa98365a9e491fea7ce06e64bca4ba70ba78655dd1a2a864,af3ebd8b0618d52b51f0fea41f5f96f90f0960c1a31e5572469eabe7f2d666b7,True,data/NEU-CLS/valid/valid/images/inclusion_2.jpg
data/NEU-CLS/valid/valid/images/inclusion_3.jpg,inclusion,200,200,RGB,1,True,35177212789df9229865a2c8a025e2e68a41f248bfe9ee979360f8fe8dc856c2,d0da649fdc72cfe3d758fbe60eab7b0694e6f97e4cc26c93c85ce615bfe6ac6a,True,data/NEU-CLS/valid/valid/images/inclusion_3.jpg
data/NEU-CLS/valid/valid/images/inclusion_4.jpg,inclusion,200,200,RGB,1,True,abbc7412b645883c3266b64f5cf04870aa6969031641f02788122aa7539f65d6,4c42a439e5735b0edc5e5b0e3f7ff1f20874c0b0d1fbdfc385d92a64e80aad89,True,data/NEU-CLS/valid/valid/images/inclusion_4.jpg
data/NEU-CLS/valid/valid/images/inclusion_5.jpg,inclusion,200,200,RGB,1,True,d01acc37fb22a3ab0d4f6ab6632f7666a4df27f1f75653ce2cb7c6f5c58ce0cb,fe494ebb2db854e98d922562acb0c1b3bb1411d82b01c83b038be36cfe914680,True,data/NEU-CLS/valid/valid/images/inclusion_5.jpg
data/NEU-CLS/valid/valid/images/patches_1.jpg,patches,200,200,RGB,1,True,0ea4843aa7801ce5a5e672ec8c0266d4910aa7d740955f38d087b38154d0fe67,941aa0e85949087fde1db1435a35c14d3b3010e2266dddb5e58b45e57d1ef9bf,True,data/NEU-CLS/valid/valid/images/patches_1.jpg
data/NEU-CLS/valid/valid/images/patches_2.jpg,patches,200,200,RGB,1,True,2fdb317049ad4e9e14742cd8e134d9c0037d7569c316ac992a449ecbf58101d0,2cd06b0438106aefd075355dbda3845fdd56fab5c3b01a6df189be8e049a4e6d,True,data/NEU-CLS/valid/valid/images/patches_2.jpg
data/NEU-CLS/valid/valid/images/patches_3.jpg,patches,200,200,RGB,1,True,2d6e349a35ac2ed4949e6a4b5f50ffef1e0b26172cef027405eea6c188dff699,b3ac002d6694d2b12abe85e88bd9fa5ec87d6f754e53e83c04d31cc9a98f686f,True,data/NEU-CLS/valid/valid/images/patches_3.jpg
data/NEU-CLS/valid/valid/images/patches_4.jpg,patches,200,200,RGB,1,True,3fa9c68092dd6daf47855bd70c9120cd3066cd9aed6d5b34e542a670aba124cc,6cc0a28f079015c40c2d71c8a0df4fda09ed8203d8d25cffe77593b8cefcc159,True,data/NEU-CLS/valid/valid/images/patches_4.jpg
data/NEU-CLS/valid/valid/images/patches_5.jpg,patches,200,200,RGB,1,True,9f9d4356fbfc6f750225be8706c3c87c80749db66d5c68edaf43612c936909f2,9b10f6754b6ceb1545a240d6430297b33ed491c9781851f41dcc9202b1399564,True,data/NEU-CLS/valid/valid/images/patches_5.jpg
data/NEU-CLS/valid/valid/images/pitted_surface_1.jpg,pitted_surface,200,200,RGB,1,True,38a0ece141350f5bed53c99da4d96ce25d42b3ed4248e536a579ab823abfb318,570b1beb97aed5a856fb9dc57c5970bf3bbede648c8928686b638da97c423f11,True,data/NEU-CLS/valid/valid/images/pitted_surface_1.jpg
data/NEU-CLS/valid/valid/images/pitted_surface_2.jpg,pitted_surface,200,200,RGB,1,True,389add56187e37997a7eebf2d6fe105ce47a9619560436bfc1ea32ec08f73d76,bf0a80647e6996c5717a04c3cbc176895ce50d236fcec0065e3011abe2b58cbc,True,data/NEU-CLS/valid/valid/images/pitted_surface_2.jpg
data/NEU-CLS/valid/valid/images/pitted_surface_3.jpg,pitted_surface,200,200,RGB,1,True,03db264bd3a288ea60e0e40efd521e91f3d2c638a64df4fe9e51d1cce8617daf,e1361ab67f96e24c75880f4e74d06c4ad571e5375080a675dbba59a602d2a5ce,True,data/NEU-CLS/valid/valid/images/pitted_surface_3.jpg
data/NEU-CLS/valid/valid/images/pitted_surface_4.jpg,pitted_surface,200,200,RGB,1,True,d74f4eb848d694be8a3988fc327053dbea7dd0f0b2cbfc0fa48fc0a8a024b909,ecfc67189800a9c41efe93cb4b0332167fc04a48143c682842e69d52b5fbcd35,True,data/NEU-CLS/valid/valid/images/pitted_surface_4.jpg
data/NEU-CLS/valid/valid/images/pitted_surface_5.jpg,pitted_surface,200,200,RGB,1,True,6484ec2d13587a91d44089148a7e64e5d9f51116715256d5d5b994f101b6b868,d9bd582426e8c06c566765edb7e8a630c091378fe4d7d902b755a31539aa097a,True,data/NEU-CLS/valid/valid/images/pitted_surface_5.jpg
data/NEU-CLS/valid/valid/images/rolled-in_scale_1.jpg,rolled-in_scale,200,200,RGB,1,True,e9d0358a2859da86a7a9cc75deb5c235fcb8b14e8773cd92e94593b0289736fd,9cb25c2500b6b52a6a49f6402e7fb737962c9c7b6af7840b08230dc6e0fec501,True,data/NEU-CLS/valid/valid/images/rolled-in_scale_1.jpg
data/NEU-CLS/valid/valid/images/rolled-in_scale_2.jpg,rolled-in_scale,200,200,RGB,1,True,b8a7cfe68f9863ad7885f5b7e9cdbb7b26a7a22ff9d634f9f19fa8438bc76464,2168d766f683be52abcbac560785a37a878c4f44dd8de2be48eef1547055575d,True,data/NEU-CLS/valid/valid/images/rolled-in_scale_2.jpg
data/NEU-CLS/valid/valid/images/rolled-in_scale_3.jpg,rolled-in_scale,200,200,RGB,1,True,146e4158d3a08e6c0c11c59efefc8c00c9324996be5cd4ec5697a88c89137636,a90ec0e4db0e4e0a629f695cf1a4af403e2b4e88e55cf043a16bdd07652cce10,True,data/NEU-CLS/valid/valid/images/rolled-in_scale_3.jpg
data/NEU-CLS/valid/valid/images/rolled-in_scale_4.jpg,rolled-in_scale,200,200,RGB,1,True,9814344b48b76c748b56d2bbcbb54f74717ef39ab016872a3e0cca19ade9c143,0aaa59e1d99d018b5128563fe5ebb35ad5b9d109ee18d41ff389509b41db3d5c,True,data/NEU-CLS/valid/valid/images/rolled-in_scale_4.jpg
data/NEU-CLS/valid/valid/images/rolled-in_scale_5.jpg,rolled-in_scale,200,200,RGB,1,True,33166fb0d46e89004e309ad0c42ca44360cb550e3597c24a1661a4264c1bec8a,41134be4a2cce6aab28393bfde7a6048f8b76f137f748ea6452d73e247da35d2,True,data/NEU-CLS/valid/valid/images/rolled-in_scale_5.jpg
data/NEU-CLS/valid/valid/images/scratches_1.jpg,scratches,200,200,RGB,1,True,500c46e2f5d7065d8c492b0cfb36c3ba77a85a744079bf6453dfc85e02b97a3c,a2b53abaec49d5b2101302f08c852a75ed7d7b387fb955459acd706be2326e94,True,data/NEU-CLS/valid/valid/images/scratches_1.jpg
data/NEU-CLS/valid/valid/images/scratches_2.jpg,scratches,200,200,RGB,1,True,960f6b75fb945308181a0736c176aff4c6fd94bb7e7956e26b04fd0cdbdf3657,a4f10d81cd2e101fcb6d0155bbe7438d44fe790f8d893e2f4d06d6a4ea00da69,True,data/NEU-CLS/valid/valid/images/scratches_2.jpg
data/NEU-CLS/valid/valid/images/scratches_3.jpg,scratches,200,200,RGB,1,True,f2e1cb55c6aff957fc5cb7b32703e675fbaf2d9c4ef6c6151e10ab25f48ce78c,bffaff83860bda34e71b1f854d906ce263c58a09c988c7785a0159ea063ae369,True,data/NEU-CLS/valid/valid/images/scratches_3.jpg
data/NEU-CLS/valid/valid/images/scratches_4.jpg,scratches,200,200,RGB,1,True,d7a5a987b96863bb3cdd161c6f81c841ed7c9dadaf048db31fb3bdc70de95f21,ac3cfb7795756fac435ab04e142c45f2aad55423504336ebf314b5f0ae0cea33,True,data/NEU-CLS/valid/valid/images/scratches_4.jpg
data/NEU-CLS/valid/valid/images/scratches_5.jpg,scratches,200,200,RGB,1,True,dfe599fd61cf93513ab221e5731036badaa27b8a304d2c0e5f9b083128b6100c,886c118f78c080126727c8df8b644c2a46b447b369151c92854513fdd4fc6a07,True,data/NEU-CLS/valid/valid/images/scratches_5.jpg
