path,operation
data/NEU-CLS/train/train/images/crazing_10.jpg,decode development image
data/NEU-CLS/train/train/images/crazing_101.jpg,decode development image
data/NEU-CLS/train/train/images/crazing_103.jpg,decode development image
data/NEU-CLS/train/train/images/crazing_104.jpg,decode development image
data/NEU-CLS/train/train/images/crazing_105.jpg,decode development image
data/NEU-CLS/train/train/images/crazing_106.jpg,decode development image
data/NEU-CLS/train/train/images/crazing_107.jpg,decode development image
data/NEU-CLS/train/train/images/crazing_108.jpg,decode development image
data/NEU-CLS/train/train/images/crazing_109.jpg,decode development image
data/NEU-CLS/train/train/images/crazing_11.jpg,decode development image
data/NEU-CLS/train/train/images/crazing_110.jpg,decode development image
data/NEU-CLS/train/train/images/crazing_113.jpg,decode development image
data/NEU-CLS/train/train/images/crazing_114.jpg,decode development image
data/NEU-CLS/train/train/images/crazing_115.jpg,decode development image
data/NEU-CLS/train/train/images/crazing_116.jpg,decode development image
data/NEU-CLS/train/train/images/crazing_117.jpg,decode development image
data/NEU-CLS/train/train/images/crazing_12.jpg,decode development image
data/NEU-CLS/train/train/images/crazing_120.jpg,decode development image
data/NEU-CLS/train/train/images/crazing_121.jpg,decode development image
data/NEU-CLS/train/train/images/crazing_122.jpg,decode development image
data/NEU-CLS/train/train/images/crazing_123.jpg,decode development image
data/NEU-CLS/train/train/images/crazing_124.jpg,decode development image
data/NEU-CLS/train/train/images/crazing_125.jpg,decode development image
data/NEU-CLS/train/train/images/crazing_126.jpg,decode development image
data/NEU-CLS/train/train/images/crazing_127.jpg,decode development image
data/NEU-CLS/train/train/images/crazing_128.jpg,decode development image
data/NEU-CLS/train/train/images/crazing_129.jpg,decode development image
data/NEU-CLS/train/train/images/crazing_13.jpg,decode development image
data/NEU-CLS/train/train/images/crazing_131.jpg,decode development image
data/NEU-CLS/train/train/images/crazing_132.jpg,decode development image
data/NEU-CLS/train/train/images/crazing_133.jpg,decode development image
data/NEU-CLS/train/train/images/crazing_134.jpg,decode development image
data/NEU-CLS/train/train/images/crazing_135.jpg,decode development image
data/NEU-CLS/train/train/images/crazing_136.jpg,decode development image
data/NEU-CLS/train/train/images/crazing_137.jpg,decode development image
data/NEU-CLS/train/train/images/crazing_138.jpg,decode development image
data/NEU-CLS/train/train/images/crazing_14.jpg,decode development image
data/NEU-CLS/train/train/images/crazing_140.jpg,decode development image
data/NEU-CLS/train/train/images/crazing_141.jpg,decode development image
data/NEU-CLS/train/train/images/crazing_146.jpg,decode development image
data/NEU-CLS/train/train/images/crazing_15.jpg,decode development image
data/NEU-CLS/train/train/images/crazing_150.jpg,decode development image
data/NEU-CLS/train/train/images/crazing_151.jpg,decode development image
data/NEU-CLS/train/train/images/crazing_153.jpg,decode development image
data/NEU-CLS/train/train/images/crazing_154.jpg,decode development image
data/NEU-CLS/train/train/images/crazing_155.jpg,decode development image
data/NEU-CLS/train/train/images/crazing_156.jpg,decode development image
data/NEU-CLS/train/train/images/crazing_157.jpg,decode development image
data/NEU-CLS/train/train/images/crazing_158.jpg,decode development image
data/NEU-CLS/train/train/images/crazing_159.jpg,decode development image
data/NEU-CLS/train/train/images/crazing_16.jpg,decode development image
data/NEU-CLS/train/train/images/crazing_160.jpg,decode development image
data/NEU-CLS/train/train/images/crazing_161.jpg,decode development image
data/NEU-CLS/train/train/images/crazing_162.jpg,decode development image
data/NEU-CLS/train/train/images/crazing_163.jpg,decode development image
data/NEU-CLS/train/train/images/crazing_165.jpg,decode development image
data/NEU-CLS/train/train/images/crazing_166.jpg,decode development image
data/NEU-CLS/train/train/images/crazing_167.jpg,decode development image
data/NEU-CLS/train/train/images/crazing_168.jpg,decode development image
data/NEU-CLS/train/train/images/crazing_169.jpg,decode development image
data/NEU-CLS/train/train/images/crazing_17.jpg,decode development image
data/NEU-CLS/train/train/images/crazing_170.jpg,decode development image
data/NEU-CLS/train/train/images/crazing_171.jpg,decode development image
data/NEU-CLS/train/train/images/crazing_173.jpg,decode development image
data/NEU-CLS/train/train/images/crazing_174.jpg,decode development image
data/NEU-CLS/train/train/images/crazing_175.jpg,decode development image
data/NEU-CLS/train/train/images/crazing_176.jpg,decode development image
data/NEU-CLS/train/train/images/crazing_177.jpg,decode development image
data/NEU-CLS/train/train/images/crazing_178.jpg,decode development image
data/NEU-CLS/train/train/images/crazing_180.jpg,decode development image
data/NEU-CLS/train/train/images/crazing_181.jpg,decode development image
data/NEU-CLS/train/train/images/crazing_183.jpg,decode development image
data/NEU-CLS/train/train/images/crazing_184.jpg,decode development image
data/NEU-CLS/train/train/images/crazing_186.jpg,decode development image
data/NEU-CLS/train/train/images/crazing_187.jpg,decode development image
data/NEU-CLS/train/train/images/crazing_188.jpg,decode development image
data/NEU-CLS/train/train/images/crazing_189.jpg,decode development image
data/NEU-CLS/train/train/images/crazing_190.jpg,decode development image
data/NEU-CLS/train/train/images/crazing_191.jpg,decode development image
data/NEU-CLS/train/train/images/crazing_193.jpg,decode development image
data/NEU-CLS/train/train/images/crazing_194.jpg,decode development image
data/NEU-CLS/train/train/images/crazing_196.jpg,decode development image
data/NEU-CLS/train/train/images/crazing_197.jpg,decode development image
data/NEU-CLS/train/train/images/crazing_198.jpg,decode development image
data/NEU-CLS/train/train/images/crazing_199.jpg,decode development image
data/NEU-CLS/train/train/images/crazing_20.jpg,decode development image
data/NEU-CLS/train/train/images/crazing_200.jpg,decode development image
data/NEU-CLS/train/train/images/crazing_201.jpg,decode development image
data/NEU-CLS/train/train/images/crazing_202.jpg,decode development image
data/NEU-CLS/train/train/images/crazing_203.jpg,decode development image
data/NEU-CLS/train/train/images/crazing_204.jpg,decode development image
data/NEU-CLS/train/train/images/crazing_205.jpg,decode development image
data/NEU-CLS/train/train/images/crazing_206.jpg,decode development image
data/NEU-CLS/train/train/images/crazing_207.jpg,decode development image
data/NEU-CLS/train/train/images/crazing_208.jpg,decode development image
data/NEU-CLS/train/train/images/crazing_209.jpg,decode development image
data/NEU-CLS/train/train/images/crazing_210.jpg,decode development image
data/NEU-CLS/train/train/images/crazing_211.jpg,decode development image
data/NEU-CLS/train/train/images/crazing_212.jpg,decode development image
data/NEU-CLS/train/train/images/crazing_213.jpg,decode development image
data/NEU-CLS/train/train/images/crazing_214.jpg,decode development image
data/NEU-CLS/train/train/images/crazing_215.jpg,decode development image
data/NEU-CLS/train/train/images/crazing_216.jpg,decode development image
data/NEU-CLS/train/train/images/crazing_217.jpg,decode development image
data/NEU-CLS/train/train/images/crazing_219.jpg,decode development image
data/NEU-CLS/train/train/images/crazing_22.jpg,decode development image
data/NEU-CLS/train/train/images/crazing_220.jpg,decode development image
data/NEU-CLS/train/train/images/crazing_222.jpg,decode development image
data/NEU-CLS/train/train/images/crazing_223.jpg,decode development image
data/NEU-CLS/train/train/images/crazing_224.jpg,decode development image
data/NEU-CLS/train/train/images/crazing_225.jpg,decode development image
data/NEU-CLS/train/train/images/crazing_226.jpg,decode development image
data/NEU-CLS/train/train/images/crazing_227.jpg,decode development image
data/NEU-CLS/train/train/images/crazing_228.jpg,decode development image
data/NEU-CLS/train/train/images/crazing_229.jpg,decode development image
data/NEU-CLS/train/train/images/crazing_23.jpg,decode development image
data/NEU-CLS/train/train/images/crazing_230.jpg,decode development image
data/NEU-CLS/train/train/images/crazing_232.jpg,decode development image
data/NEU-CLS/train/train/images/crazing_233.jpg,decode development image
data/NEU-CLS/train/train/images/crazing_234.jpg,decode development image
data/NEU-CLS/train/train/images/crazing_236.jpg,decode development image
data/NEU-CLS/train/train/images/crazing_238.jpg,decode development image
data/NEU-CLS/train/train/images/crazing_239.jpg,decode development image
data/NEU-CLS/train/train/images/crazing_24.jpg,decode development image
data/NEU-CLS/train/train/images/crazing_240.jpg,decode development image
data/NEU-CLS/train/train/images/crazing_241.jpg,decode development image
data/NEU-CLS/train/train/images/crazing_242.jpg,decode development image
data/NEU-CLS/train/train/images/crazing_243.jpg,decode development image
data/NEU-CLS/train/train/images/crazing_244.jpg,decode development image
data/NEU-CLS/train/train/images/crazing_247.jpg,decode development image
data/NEU-CLS/train/train/images/crazing_248.jpg,decode development image
data/NEU-CLS/train/train/images/crazing_249.jpg,decode development image
data/NEU-CLS/train/train/images/crazing_25.jpg,decode development image
data/NEU-CLS/train/train/images/crazing_251.jpg,decode development image
data/NEU-CLS/train/train/images/crazing_252.jpg,decode development image
data/NEU-CLS/train/train/images/crazing_254.jpg,decode development image
data/NEU-CLS/train/train/images/crazing_255.jpg,decode development image
data/NEU-CLS/train/train/images/crazing_256.jpg,decode development image
data/NEU-CLS/train/train/images/crazing_257.jpg,decode development image
data/NEU-CLS/train/train/images/crazing_259.jpg,decode development image
data/NEU-CLS/train/train/images/crazing_26.jpg,decode development image
data/NEU-CLS/train/train/images/crazing_260.jpg,decode development image
data/NEU-CLS/train/train/images/crazing_261.jpg,decode development image
data/NEU-CLS/train/train/images/crazing_262.jpg,decode development image
data/NEU-CLS/train/train/images/crazing_263.jpg,decode development image
data/NEU-CLS/train/train/images/crazing_264.jpg,decode development image
data/NEU-CLS/train/train/images/crazing_265.jpg,decode development image
data/NEU-CLS/train/train/images/crazing_266.jpg,decode development image
data/NEU-CLS/train/train/images/crazing_267.jpg,decode development image
data/NEU-CLS/train/train/images/crazing_268.jpg,decode development image
data/NEU-CLS/train/train/images/crazing_269.jpg,decode development image
data/NEU-CLS/train/train/images/crazing_274.jpg,decode development image
data/NEU-CLS/train/train/images/crazing_275.jpg,decode development image
data/NEU-CLS/train/train/images/crazing_276.jpg,decode development image
data/NEU-CLS/train/train/images/crazing_277.jpg,decode development image
data/NEU-CLS/train/train/images/crazing_278.jpg,decode development image
data/NEU-CLS/train/train/images/crazing_279.jpg,decode development image
data/NEU-CLS/train/train/images/crazing_28.jpg,decode development image
data/NEU-CLS/train/train/images/crazing_280.jpg,decode development image
data/NEU-CLS/train/train/images/crazing_281.jpg,decode development image
data/NEU-CLS/train/train/images/crazing_283.jpg,decode development image
data/NEU-CLS/train/train/images/crazing_284.jpg,decode development image
data/NEU-CLS/train/train/images/crazing_285.jpg,decode development image
data/NEU-CLS/train/train/images/crazing_287.jpg,decode development image
data/NEU-CLS/train/train/images/crazing_288.jpg,decode development image
data/NEU-CLS/train/train/images/crazing_289.jpg,decode development image
data/NEU-CLS/train/train/images/crazing_29.jpg,decode development image
data/NEU-CLS/train/train/images/crazing_290.jpg,decode development image
data/NEU-CLS/train/train/images/crazing_291.jpg,decode development image
data/NEU-CLS/train/train/images/crazing_292.jpg,decode development image
data/NEU-CLS/train/train/images/crazing_293.jpg,decode development image
data/NEU-CLS/train/train/images/crazing_295.jpg,decode development image
data/NEU-CLS/train/train/images/crazing_296.jpg,decode development image
data/NEU-CLS/train/train/images/crazing_298.jpg,decode development image
data/NEU-CLS/train/train/images/crazing_299.jpg,decode development image
data/NEU-CLS/train/train/images/crazing_300.jpg,decode development image
data/NEU-CLS/train/train/images/crazing_31.jpg,decode development image
data/NEU-CLS/train/train/images/crazing_32.jpg,decode development image
data/NEU-CLS/train/train/images/crazing_33.jpg,decode development image
data/NEU-CLS/train/train/images/crazing_34.jpg,decode development image
data/NEU-CLS/train/train/images/crazing_35.jpg,decode development image
data/NEU-CLS/train/train/images/crazing_37.jpg,decode development image
data/NEU-CLS/train/train/images/crazing_38.jpg,decode development image
data/NEU-CLS/train/train/images/crazing_39.jpg,decode development image
data/NEU-CLS/train/train/images/crazing_40.jpg,decode development image
data/NEU-CLS/train/train/images/crazing_41.jpg,decode development image
data/NEU-CLS/train/train/images/crazing_42.jpg,decode development image
data/NEU-CLS/train/train/images/crazing_43.jpg,decode development image
data/NEU-CLS/train/train/images/crazing_45.jpg,decode development image
data/NEU-CLS/train/train/images/crazing_46.jpg,decode development image
data/NEU-CLS/train/train/images/crazing_47.jpg,decode development image
data/NEU-CLS/train/train/images/crazing_48.jpg,decode development image
data/NEU-CLS/train/train/images/crazing_49.jpg,decode development image
data/NEU-CLS/train/train/images/crazing_51.jpg,decode development image
data/NEU-CLS/train/train/images/crazing_53.jpg,decode development image
data/NEU-CLS/train/train/images/crazing_54.jpg,decode development image
data/NEU-CLS/train/train/images/crazing_55.jpg,decode development image
data/NEU-CLS/train/train/images/crazing_56.jpg,decode development image
data/NEU-CLS/train/train/images/crazing_57.jpg,decode development image
data/NEU-CLS/train/train/images/crazing_58.jpg,decode development image
data/NEU-CLS/train/train/images/crazing_59.jpg,decode development image
data/NEU-CLS/train/train/images/crazing_6.jpg,decode development image
data/NEU-CLS/train/train/images/crazing_61.jpg,decode development image
data/NEU-CLS/train/train/images/crazing_62.jpg,decode development image
data/NEU-CLS/train/train/images/crazing_63.jpg,decode development image
data/NEU-CLS/train/train/images/crazing_66.jpg,decode development image
data/NEU-CLS/train/train/images/crazing_67.jpg,decode development image
data/NEU-CLS/train/train/images/crazing_68.jpg,decode development image
data/NEU-CLS/train/train/images/crazing_69.jpg,decode development image
data/NEU-CLS/train/train/images/crazing_7.jpg,decode development image
data/NEU-CLS/train/train/images/crazing_70.jpg,decode development image
data/NEU-CLS/train/train/images/crazing_72.jpg,decode development image
data/NEU-CLS/train/train/images/crazing_74.jpg,decode development image
data/NEU-CLS/train/train/images/crazing_75.jpg,decode development image
data/NEU-CLS/train/train/images/crazing_76.jpg,decode development image
data/NEU-CLS/train/train/images/crazing_78.jpg,decode development image
data/NEU-CLS/train/train/images/crazing_79.jpg,decode development image
data/NEU-CLS/train/train/images/crazing_8.jpg,decode development image
data/NEU-CLS/train/train/images/crazing_80.jpg,decode development image
data/NEU-CLS/train/train/images/crazing_81.jpg,decode development image
data/NEU-CLS/train/train/images/crazing_83.jpg,decode development image
data/NEU-CLS/train/train/images/crazing_84.jpg,decode development image
data/NEU-CLS/train/train/images/crazing_85.jpg,decode development image
data/NEU-CLS/train/train/images/crazing_86.jpg,decode development image
data/NEU-CLS/train/train/images/crazing_87.jpg,decode development image
data/NEU-CLS/train/train/images/crazing_88.jpg,decode development image
data/NEU-CLS/train/train/images/crazing_89.jpg,decode development image
data/NEU-CLS/train/train/images/crazing_9.jpg,decode development image
data/NEU-CLS/train/train/images/crazing_90.jpg,decode development image
data/NEU-CLS/train/train/images/crazing_92.jpg,decode development image
data/NEU-CLS/train/train/images/crazing_93.jpg,decode development image
data/NEU-CLS/train/train/images/crazing_94.jpg,decode development image
data/NEU-CLS/train/train/images/crazing_96.jpg,decode development image
data/NEU-CLS/train/train/images/crazing_97.jpg,decode development image
data/NEU-CLS/train/train/images/crazing_98.jpg,decode development image
data/NEU-CLS/train/train/images/crazing_99.jpg,decode development image
data/NEU-CLS/train/train/images/inclusion_10.jpg,decode development image
data/NEU-CLS/train/train/images/inclusion_100.jpg,decode development image
data/NEU-CLS/train/train/images/inclusion_101.jpg,decode development image
data/NEU-CLS/train/train/images/inclusion_103.jpg,decode development image
data/NEU-CLS/train/train/images/inclusion_105.jpg,decode development image
data/NEU-CLS/train/train/images/inclusion_106.jpg,decode development image
data/NEU-CLS/train/train/images/inclusion_107.jpg,decode development image
data/NEU-CLS/train/train/images/inclusion_108.jpg,decode development image
data/NEU-CLS/train/train/images/inclusion_109.jpg,decode development image
data/NEU-CLS/train/train/images/inclusion_11.jpg,decode development image
data/NEU-CLS/train/train/images/inclusion_111.jpg,decode development image
data/NEU-CLS/train/train/images/inclusion_112.jpg,decode development image
data/NEU-CLS/train/train/images/inclusion_113.jpg,decode development image
data/NEU-CLS/train/train/images/inclusion_116.jpg,decode development image
data/NEU-CLS/train/train/images/inclusion_118.jpg,decode development image
data/NEU-CLS/train/train/images/inclusion_119.jpg,decode development image
data/NEU-CLS/train/train/images/inclusion_12.jpg,decode development image
data/NEU-CLS/train/train/images/inclusion_120.jpg,decode development image
data/NEU-CLS/train/train/images/inclusion_121.jpg,decode development image
data/NEU-CLS/train/train/images/inclusion_124.jpg,decode development image
data/NEU-CLS/train/train/images/inclusion_125.jpg,decode development image
data/NEU-CLS/train/train/images/inclusion_126.jpg,decode development image
data/NEU-CLS/train/train/images/inclusion_127.jpg,decode development image
data/NEU-CLS/train/train/images/inclusion_128.jpg,decode development image
data/NEU-CLS/train/train/images/inclusion_129.jpg,decode development image
data/NEU-CLS/train/train/images/inclusion_13.jpg,decode development image
data/NEU-CLS/train/train/images/inclusion_133.jpg,decode development image
data/NEU-CLS/train/train/images/inclusion_135.jpg,decode development image
data/NEU-CLS/train/train/images/inclusion_136.jpg,decode development image
data/NEU-CLS/train/train/images/inclusion_137.jpg,decode development image
data/NEU-CLS/train/train/images/inclusion_138.jpg,decode development image
data/NEU-CLS/train/train/images/inclusion_139.jpg,decode development image
data/NEU-CLS/train/train/images/inclusion_14.jpg,decode development image
data/NEU-CLS/train/train/images/inclusion_141.jpg,decode development image
data/NEU-CLS/train/train/images/inclusion_142.jpg,decode development image
data/NEU-CLS/train/train/images/inclusion_145.jpg,decode development image
data/NEU-CLS/train/train/images/inclusion_146.jpg,decode development image
data/NEU-CLS/train/train/images/inclusion_147.jpg,decode development image
data/NEU-CLS/train/train/images/inclusion_149.jpg,decode development image
data/NEU-CLS/train/train/images/inclusion_15.jpg,decode development image
data/NEU-CLS/train/train/images/inclusion_152.jpg,decode development image
data/NEU-CLS/train/train/images/inclusion_154.jpg,decode development image
data/NEU-CLS/train/train/images/inclusion_155.jpg,decode development image
data/NEU-CLS/train/train/images/inclusion_156.jpg,decode development image
data/NEU-CLS/train/train/images/inclusion_157.jpg,decode development image
data/NEU-CLS/train/train/images/inclusion_159.jpg,decode development image
data/NEU-CLS/train/train/images/inclusion_16.jpg,decode development image
data/NEU-CLS/train/train/images/inclusion_160.jpg,decode development image
data/NEU-CLS/train/train/images/inclusion_161.jpg,decode development image
data/NEU-CLS/train/train/images/inclusion_162.jpg,decode development image
data/NEU-CLS/train/train/images/inclusion_163.jpg,decode development image
data/NEU-CLS/train/train/images/inclusion_164.jpg,decode development image
data/NEU-CLS/train/train/images/inclusion_165.jpg,decode development image
data/NEU-CLS/train/train/images/inclusion_166.jpg,decode development image
data/NEU-CLS/train/train/images/inclusion_167.jpg,decode development image
data/NEU-CLS/train/train/images/inclusion_168.jpg,decode development image
data/NEU-CLS/train/train/images/inclusion_169.jpg,decode development image
data/NEU-CLS/train/train/images/inclusion_17.jpg,decode development image
data/NEU-CLS/train/train/images/inclusion_170.jpg,decode development image
data/NEU-CLS/train/train/images/inclusion_171.jpg,decode development image
data/NEU-CLS/train/train/images/inclusion_172.jpg,decode development image
data/NEU-CLS/train/train/images/inclusion_173.jpg,decode development image
data/NEU-CLS/train/train/images/inclusion_174.jpg,decode development image
data/NEU-CLS/train/train/images/inclusion_175.jpg,decode development image
data/NEU-CLS/train/train/images/inclusion_176.jpg,decode development image
data/NEU-CLS/train/train/images/inclusion_177.jpg,decode development image
data/NEU-CLS/train/train/images/inclusion_178.jpg,decode development image
data/NEU-CLS/train/train/images/inclusion_179.jpg,decode development image
data/NEU-CLS/train/train/images/inclusion_18.jpg,decode development image
data/NEU-CLS/train/train/images/inclusion_180.jpg,decode development image
data/NEU-CLS/train/train/images/inclusion_181.jpg,decode development image
data/NEU-CLS/train/train/images/inclusion_182.jpg,decode development image
data/NEU-CLS/train/train/images/inclusion_183.jpg,decode development image
data/NEU-CLS/train/train/images/inclusion_184.jpg,decode development image
data/NEU-CLS/train/train/images/inclusion_186.jpg,decode development image
data/NEU-CLS/train/train/images/inclusion_188.jpg,decode development image
data/NEU-CLS/train/train/images/inclusion_19.jpg,decode development image
data/NEU-CLS/train/train/images/inclusion_190.jpg,decode development image
data/NEU-CLS/train/train/images/inclusion_191.jpg,decode development image
data/NEU-CLS/train/train/images/inclusion_192.jpg,decode development image
data/NEU-CLS/train/train/images/inclusion_194.jpg,decode development image
data/NEU-CLS/train/train/images/inclusion_195.jpg,decode development image
data/NEU-CLS/train/train/images/inclusion_196.jpg,decode development image
data/NEU-CLS/train/train/images/inclusion_197.jpg,decode development image
data/NEU-CLS/train/train/images/inclusion_198.jpg,decode development image
data/NEU-CLS/train/train/images/inclusion_199.jpg,decode development image
data/NEU-CLS/train/train/images/inclusion_20.jpg,decode development image
data/NEU-CLS/train/train/images/inclusion_200.jpg,decode development image
data/NEU-CLS/train/train/images/inclusion_201.jpg,decode development image
data/NEU-CLS/train/train/images/inclusion_203.jpg,decode development image
data/NEU-CLS/train/train/images/inclusion_205.jpg,decode development image
data/NEU-CLS/train/train/images/inclusion_206.jpg,decode development image
data/NEU-CLS/train/train/images/inclusion_207.jpg,decode development image
data/NEU-CLS/train/train/images/inclusion_208.jpg,decode development image
data/NEU-CLS/train/train/images/inclusion_209.jpg,decode development image
data/NEU-CLS/train/train/images/inclusion_21.jpg,decode development image
data/NEU-CLS/train/train/images/inclusion_210.jpg,decode development image
data/NEU-CLS/train/train/images/inclusion_211.jpg,decode development image
data/NEU-CLS/train/train/images/inclusion_212.jpg,decode development image
data/NEU-CLS/train/train/images/inclusion_213.jpg,decode development image
data/NEU-CLS/train/train/images/inclusion_216.jpg,decode development image
data/NEU-CLS/train/train/images/inclusion_217.jpg,decode development image
data/NEU-CLS/train/train/images/inclusion_218.jpg,decode development image
data/NEU-CLS/train/train/images/inclusion_219.jpg,decode development image
data/NEU-CLS/train/train/images/inclusion_22.jpg,decode development image
data/NEU-CLS/train/train/images/inclusion_220.jpg,decode development image
data/NEU-CLS/train/train/images/inclusion_222.jpg,decode development image
data/NEU-CLS/train/train/images/inclusion_223.jpg,decode development image
data/NEU-CLS/train/train/images/inclusion_224.jpg,decode development image
data/NEU-CLS/train/train/images/inclusion_225.jpg,decode development image
data/NEU-CLS/train/train/images/inclusion_226.jpg,decode development image
data/NEU-CLS/train/train/images/inclusion_227.jpg,decode development image
data/NEU-CLS/train/train/images/inclusion_228.jpg,decode development image
data/NEU-CLS/train/train/images/inclusion_229.jpg,decode development image
data/NEU-CLS/train/train/images/inclusion_23.jpg,decode development image
data/NEU-CLS/train/train/images/inclusion_230.jpg,decode development image
data/NEU-CLS/train/train/images/inclusion_231.jpg,decode development image
data/NEU-CLS/train/train/images/inclusion_233.jpg,decode development image
data/NEU-CLS/train/train/images/inclusion_234.jpg,decode development image
data/NEU-CLS/train/train/images/inclusion_235.jpg,decode development image
data/NEU-CLS/train/train/images/inclusion_239.jpg,decode development image
data/NEU-CLS/train/train/images/inclusion_240.jpg,decode development image
data/NEU-CLS/train/train/images/inclusion_241.jpg,decode development image
data/NEU-CLS/train/train/images/inclusion_243.jpg,decode development image
data/NEU-CLS/train/train/images/inclusion_244.jpg,decode development image
data/NEU-CLS/train/train/images/inclusion_246.jpg,decode development image
data/NEU-CLS/train/train/images/inclusion_247.jpg,decode development image
data/NEU-CLS/train/train/images/inclusion_248.jpg,decode development image
data/NEU-CLS/train/train/images/inclusion_249.jpg,decode development image
data/NEU-CLS/train/train/images/inclusion_25.jpg,decode development image
data/NEU-CLS/train/train/images/inclusion_250.jpg,decode development image
data/NEU-CLS/train/train/images/inclusion_251.jpg,decode development image
data/NEU-CLS/train/train/images/inclusion_252.jpg,decode development image
data/NEU-CLS/train/train/images/inclusion_254.jpg,decode development image
data/NEU-CLS/train/train/images/inclusion_258.jpg,decode development image
data/NEU-CLS/train/train/images/inclusion_26.jpg,decode development image
data/NEU-CLS/train/train/images/inclusion_260.jpg,decode development image
data/NEU-CLS/train/train/images/inclusion_261.jpg,decode development image
data/NEU-CLS/train/train/images/inclusion_262.jpg,decode development image
data/NEU-CLS/train/train/images/inclusion_264.jpg,decode development image
data/NEU-CLS/train/train/images/inclusion_265.jpg,decode development image
data/NEU-CLS/train/train/images/inclusion_266.jpg,decode development image
data/NEU-CLS/train/train/images/inclusion_267.jpg,decode development image
data/NEU-CLS/train/train/images/inclusion_268.jpg,decode development image
data/NEU-CLS/train/train/images/inclusion_269.jpg,decode development image
data/NEU-CLS/train/train/images/inclusion_270.jpg,decode development image
data/NEU-CLS/train/train/images/inclusion_271.jpg,decode development image
data/NEU-CLS/train/train/images/inclusion_274.jpg,decode development image
data/NEU-CLS/train/train/images/inclusion_275.jpg,decode development image
data/NEU-CLS/train/train/images/inclusion_276.jpg,decode development image
data/NEU-CLS/train/train/images/inclusion_277.jpg,decode development image
data/NEU-CLS/train/train/images/inclusion_278.jpg,decode development image
data/NEU-CLS/train/train/images/inclusion_279.jpg,decode development image
data/NEU-CLS/train/train/images/inclusion_28.jpg,decode development image
data/NEU-CLS/train/train/images/inclusion_280.jpg,decode development image
data/NEU-CLS/train/train/images/inclusion_281.jpg,decode development image
data/NEU-CLS/train/train/images/inclusion_282.jpg,decode development image
data/NEU-CLS/train/train/images/inclusion_283.jpg,decode development image
data/NEU-CLS/train/train/images/inclusion_284.jpg,decode development image
data/NEU-CLS/train/train/images/inclusion_285.jpg,decode development image
data/NEU-CLS/train/train/images/inclusion_286.jpg,decode development image
data/NEU-CLS/train/train/images/inclusion_287.jpg,decode development image
data/NEU-CLS/train/train/images/inclusion_288.jpg,decode development image
data/NEU-CLS/train/train/images/inclusion_289.jpg,decode development image
data/NEU-CLS/train/train/images/inclusion_29.jpg,decode development image
data/NEU-CLS/train/train/images/inclusion_290.jpg,decode development image
data/NEU-CLS/train/train/images/inclusion_291.jpg,decode development image
data/NEU-CLS/train/train/images/inclusion_292.jpg,decode development image
data/NEU-CLS/train/train/images/inclusion_293.jpg,decode development image
data/NEU-CLS/train/train/images/inclusion_294.jpg,decode development image
data/NEU-CLS/train/train/images/inclusion_295.jpg,decode development image
data/NEU-CLS/train/train/images/inclusion_296.jpg,decode development image
data/NEU-CLS/train/train/images/inclusion_297.jpg,decode development image
data/NEU-CLS/train/train/images/inclusion_298.jpg,decode development image
data/NEU-CLS/train/train/images/inclusion_300.jpg,decode development image
data/NEU-CLS/train/train/images/inclusion_32.jpg,decode development image
data/NEU-CLS/train/train/images/inclusion_33.jpg,decode development image
data/NEU-CLS/train/train/images/inclusion_35.jpg,decode development image
data/NEU-CLS/train/train/images/inclusion_36.jpg,decode development image
data/NEU-CLS/train/train/images/inclusion_37.jpg,decode development image
data/NEU-CLS/train/train/images/inclusion_38.jpg,decode development image
data/NEU-CLS/train/train/images/inclusion_39.jpg,decode development image
data/NEU-CLS/train/train/images/inclusion_40.jpg,decode development image
data/NEU-CLS/train/train/images/inclusion_42.jpg,decode development image
data/NEU-CLS/train/train/images/inclusion_43.jpg,decode development image
data/NEU-CLS/train/train/images/inclusion_44.jpg,decode development image
data/NEU-CLS/train/train/images/inclusion_45.jpg,decode development image
data/NEU-CLS/train/train/images/inclusion_46.jpg,decode development image
data/NEU-CLS/train/train/images/inclusion_47.jpg,decode development image
data/NEU-CLS/train/train/images/inclusion_48.jpg,decode development image
data/NEU-CLS/train/train/images/inclusion_49.jpg,decode development image
data/NEU-CLS/train/train/images/inclusion_50.jpg,decode development image
data/NEU-CLS/train/train/images/inclusion_51.jpg,decode development image
data/NEU-CLS/train/train/images/inclusion_52.jpg,decode development image
data/NEU-CLS/train/train/images/inclusion_53.jpg,decode development image
data/NEU-CLS/train/train/images/inclusion_56.jpg,decode development image
data/NEU-CLS/train/train/images/inclusion_57.jpg,decode development image
data/NEU-CLS/train/train/images/inclusion_58.jpg,decode development image
data/NEU-CLS/train/train/images/inclusion_59.jpg,decode development image
data/NEU-CLS/train/train/images/inclusion_6.jpg,decode development image
data/NEU-CLS/train/train/images/inclusion_61.jpg,decode development image
data/NEU-CLS/train/train/images/inclusion_62.jpg,decode development image
data/NEU-CLS/train/train/images/inclusion_64.jpg,decode development image
data/NEU-CLS/train/train/images/inclusion_65.jpg,decode development image
data/NEU-CLS/train/train/images/inclusion_66.jpg,decode development image
data/NEU-CLS/train/train/images/inclusion_67.jpg,decode development image
data/NEU-CLS/train/train/images/inclusion_68.jpg,decode development image
data/NEU-CLS/train/train/images/inclusion_69.jpg,decode development image
data/NEU-CLS/train/train/images/inclusion_7.jpg,decode development image
data/NEU-CLS/train/train/images/inclusion_70.jpg,decode development image
data/NEU-CLS/train/train/images/inclusion_71.jpg,decode development image
data/NEU-CLS/train/train/images/inclusion_72.jpg,decode development image
data/NEU-CLS/train/train/images/inclusion_73.jpg,decode development image
data/NEU-CLS/train/train/images/inclusion_74.jpg,decode development image
data/NEU-CLS/train/train/images/inclusion_75.jpg,decode development image
data/NEU-CLS/train/train/images/inclusion_76.jpg,decode development image
data/NEU-CLS/train/train/images/inclusion_77.jpg,decode development image
data/NEU-CLS/train/train/images/inclusion_78.jpg,decode development image
data/NEU-CLS/train/train/images/inclusion_79.jpg,decode development image
data/NEU-CLS/train/train/images/inclusion_8.jpg,decode development image
data/NEU-CLS/train/train/images/inclusion_80.jpg,decode development image
data/NEU-CLS/train/train/images/inclusion_81.jpg,decode development image
data/NEU-CLS/train/train/images/inclusion_83.jpg,decode development image
data/NEU-CLS/train/train/images/inclusion_84.jpg,decode development image
data/NEU-CLS/train/train/images/inclusion_85.jpg,decode development image
data/NEU-CLS/train/train/images/inclusion_86.jpg,decode development image
data/NEU-CLS/train/train/images/inclusion_9.jpg,decode development image
data/NEU-CLS/train/train/images/inclusion_91.jpg,decode development image
data/NEU-CLS/train/train/images/inclusion_92.jpg,decode development image
data/NEU-CLS/train/train/images/inclusion_93.jpg,decode development image
data/NEU-CLS/train/train/images/inclusion_94.jpg,decode development image
data/NEU-CLS/train/train/images/inclusion_95.jpg,decode development image
data/NEU-CLS/train/train/images/inclusion_96.jpg,decode development image
data/NEU-CLS/train/train/images/inclusion_97.jpg,decode development image
data/NEU-CLS/train/train/images/inclusion_98.jpg,decode development image
data/NEU-CLS/train/train/images/inclusion_99.jpg,decode development image
data/NEU-CLS/train/train/images/patches_100.jpg,decode development image
data/NEU-CLS/train/train/images/patches_102.jpg,decode development image
data/NEU-CLS/train/train/images/patches_103.jpg,decode development image
data/NEU-CLS/train/train/images/patches_104.jpg,decode development image
data/NEU-CLS/train/train/images/patches_106.jpg,decode development image
data/NEU-CLS/train/train/images/patches_107.jpg,decode development image
data/NEU-CLS/train/train/images/patches_108.jpg,decode development image
data/NEU-CLS/train/train/images/patches_109.jpg,decode development image
data/NEU-CLS/train/train/images/patches_11.jpg,decode development image
data/NEU-CLS/train/train/images/patches_111.jpg,decode development image
data/NEU-CLS/train/train/images/patches_113.jpg,decode development image
data/NEU-CLS/train/train/images/patches_115.jpg,decode development image
data/NEU-CLS/train/train/images/patches_116.jpg,decode development image
data/NEU-CLS/train/train/images/patches_119.jpg,decode development image
data/NEU-CLS/train/train/images/patches_12.jpg,decode development image
data/NEU-CLS/train/train/images/patches_120.jpg,decode development image
data/NEU-CLS/train/train/images/patches_121.jpg,decode development image
data/NEU-CLS/train/train/images/patches_122.jpg,decode development image
data/NEU-CLS/train/train/images/patches_123.jpg,decode development image
data/NEU-CLS/train/train/images/patches_124.jpg,decode development image
data/NEU-CLS/train/train/images/patches_125.jpg,decode development image
data/NEU-CLS/train/train/images/patches_126.jpg,decode development image
data/NEU-CLS/train/train/images/patches_127.jpg,decode development image
data/NEU-CLS/train/train/images/patches_128.jpg,decode development image
data/NEU-CLS/train/train/images/patches_129.jpg,decode development image
data/NEU-CLS/train/train/images/patches_13.jpg,decode development image
data/NEU-CLS/train/train/images/patches_130.jpg,decode development image
data/NEU-CLS/train/train/images/patches_131.jpg,decode development image
data/NEU-CLS/train/train/images/patches_132.jpg,decode development image
data/NEU-CLS/train/train/images/patches_133.jpg,decode development image
data/NEU-CLS/train/train/images/patches_134.jpg,decode development image
data/NEU-CLS/train/train/images/patches_136.jpg,decode development image
data/NEU-CLS/train/train/images/patches_137.jpg,decode development image
data/NEU-CLS/train/train/images/patches_138.jpg,decode development image
data/NEU-CLS/train/train/images/patches_139.jpg,decode development image
data/NEU-CLS/train/train/images/patches_140.jpg,decode development image
data/NEU-CLS/train/train/images/patches_141.jpg,decode development image
data/NEU-CLS/train/train/images/patches_143.jpg,decode development image
data/NEU-CLS/train/train/images/patches_144.jpg,decode development image
data/NEU-CLS/train/train/images/patches_145.jpg,decode development image
data/NEU-CLS/train/train/images/patches_146.jpg,decode development image
data/NEU-CLS/train/train/images/patches_147.jpg,decode development image
data/NEU-CLS/train/train/images/patches_148.jpg,decode development image
data/NEU-CLS/train/train/images/patches_15.jpg,decode development image
data/NEU-CLS/train/train/images/patches_150.jpg,decode development image
data/NEU-CLS/train/train/images/patches_151.jpg,decode development image
data/NEU-CLS/train/train/images/patches_153.jpg,decode development image
data/NEU-CLS/train/train/images/patches_154.jpg,decode development image
data/NEU-CLS/train/train/images/patches_155.jpg,decode development image
data/NEU-CLS/train/train/images/patches_156.jpg,decode development image
data/NEU-CLS/train/train/images/patches_157.jpg,decode development image
data/NEU-CLS/train/train/images/patches_158.jpg,decode development image
data/NEU-CLS/train/train/images/patches_159.jpg,decode development image
data/NEU-CLS/train/train/images/patches_16.jpg,decode development image
data/NEU-CLS/train/train/images/patches_160.jpg,decode development image
data/NEU-CLS/train/train/images/patches_161.jpg,decode development image
data/NEU-CLS/train/train/images/patches_162.jpg,decode development image
data/NEU-CLS/train/train/images/patches_164.jpg,decode development image
data/NEU-CLS/train/train/images/patches_165.jpg,decode development image
data/NEU-CLS/train/train/images/patches_166.jpg,decode development image
data/NEU-CLS/train/train/images/patches_168.jpg,decode development image
data/NEU-CLS/train/train/images/patches_169.jpg,decode development image
data/NEU-CLS/train/train/images/patches_17.jpg,decode development image
data/NEU-CLS/train/train/images/patches_170.jpg,decode development image
data/NEU-CLS/train/train/images/patches_171.jpg,decode development image
data/NEU-CLS/train/train/images/patches_173.jpg,decode development image
data/NEU-CLS/train/train/images/patches_174.jpg,decode development image
data/NEU-CLS/train/train/images/patches_175.jpg,decode development image
data/NEU-CLS/train/train/images/patches_176.jpg,decode development image
data/NEU-CLS/train/train/images/patches_177.jpg,decode development image
data/NEU-CLS/train/train/images/patches_178.jpg,decode development image
data/NEU-CLS/train/train/images/patches_179.jpg,decode development image
data/NEU-CLS/train/train/images/patches_18.jpg,decode development image
data/NEU-CLS/train/train/images/patches_180.jpg,decode development image
data/NEU-CLS/train/train/images/patches_181.jpg,decode development image
data/NEU-CLS/train/train/images/patches_183.jpg,decode development image
data/NEU-CLS/train/train/images/patches_184.jpg,decode development image
data/NEU-CLS/train/train/images/patches_185.jpg,decode development image
data/NEU-CLS/train/train/images/patches_186.jpg,decode development image
data/NEU-CLS/train/train/images/patches_187.jpg,decode development image
data/NEU-CLS/train/train/images/patches_188.jpg,decode development image
data/NEU-CLS/train/train/images/patches_189.jpg,decode development image
data/NEU-CLS/train/train/images/patches_19.jpg,decode development image
data/NEU-CLS/train/train/images/patches_190.jpg,decode development image
data/NEU-CLS/train/train/images/patches_191.jpg,decode development image
data/NEU-CLS/train/train/images/patches_193.jpg,decode development image
data/NEU-CLS/train/train/images/patches_194.jpg,decode development image
data/NEU-CLS/train/train/images/patches_195.jpg,decode development image
data/NEU-CLS/train/train/images/patches_196.jpg,decode development image
data/NEU-CLS/train/train/images/patches_197.jpg,decode development image
data/NEU-CLS/train/train/images/patches_198.jpg,decode development image
data/NEU-CLS/train/train/images/patches_199.jpg,decode development image
data/NEU-CLS/train/train/images/patches_20.jpg,decode development image
data/NEU-CLS/train/train/images/patches_200.jpg,decode development image
data/NEU-CLS/train/train/images/patches_201.jpg,decode development image
data/NEU-CLS/train/train/images/patches_202.jpg,decode development image
data/NEU-CLS/train/train/images/patches_203.jpg,decode development image
data/NEU-CLS/train/train/images/patches_204.jpg,decode development image
data/NEU-CLS/train/train/images/patches_205.jpg,decode development image
data/NEU-CLS/train/train/images/patches_208.jpg,decode development image
data/NEU-CLS/train/train/images/patches_209.jpg,decode development image
data/NEU-CLS/train/train/images/patches_21.jpg,decode development image
data/NEU-CLS/train/train/images/patches_210.jpg,decode development image
data/NEU-CLS/train/train/images/patches_211.jpg,decode development image
data/NEU-CLS/train/train/images/patches_212.jpg,decode development image
data/NEU-CLS/train/train/images/patches_213.jpg,decode development image
data/NEU-CLS/train/train/images/patches_215.jpg,decode development image
data/NEU-CLS/train/train/images/patches_216.jpg,decode development image
data/NEU-CLS/train/train/images/patches_217.jpg,decode development image
data/NEU-CLS/train/train/images/patches_218.jpg,decode development image
data/NEU-CLS/train/train/images/patches_219.jpg,decode development image
data/NEU-CLS/train/train/images/patches_220.jpg,decode development image
data/NEU-CLS/train/train/images/patches_222.jpg,decode development image
data/NEU-CLS/train/train/images/patches_223.jpg,decode development image
data/NEU-CLS/train/train/images/patches_224.jpg,decode development image
data/NEU-CLS/train/train/images/patches_225.jpg,decode development image
data/NEU-CLS/train/train/images/patches_226.jpg,decode development image
data/NEU-CLS/train/train/images/patches_227.jpg,decode development image
data/NEU-CLS/train/train/images/patches_229.jpg,decode development image
data/NEU-CLS/train/train/images/patches_231.jpg,decode development image
data/NEU-CLS/train/train/images/patches_232.jpg,decode development image
data/NEU-CLS/train/train/images/patches_236.jpg,decode development image
data/NEU-CLS/train/train/images/patches_237.jpg,decode development image
data/NEU-CLS/train/train/images/patches_238.jpg,decode development image
data/NEU-CLS/train/train/images/patches_239.jpg,decode development image
data/NEU-CLS/train/train/images/patches_24.jpg,decode development image
data/NEU-CLS/train/train/images/patches_240.jpg,decode development image
data/NEU-CLS/train/train/images/patches_241.jpg,decode development image
data/NEU-CLS/train/train/images/patches_242.jpg,decode development image
data/NEU-CLS/train/train/images/patches_243.jpg,decode development image
data/NEU-CLS/train/train/images/patches_246.jpg,decode development image
data/NEU-CLS/train/train/images/patches_247.jpg,decode development image
data/NEU-CLS/train/train/images/patches_248.jpg,decode development image
data/NEU-CLS/train/train/images/patches_25.jpg,decode development image
data/NEU-CLS/train/train/images/patches_250.jpg,decode development image
data/NEU-CLS/train/train/images/patches_252.jpg,decode development image
data/NEU-CLS/train/train/images/patches_253.jpg,decode development image
data/NEU-CLS/train/train/images/patches_254.jpg,decode development image
data/NEU-CLS/train/train/images/patches_255.jpg,decode development image
data/NEU-CLS/train/train/images/patches_256.jpg,decode development image
data/NEU-CLS/train/train/images/patches_258.jpg,decode development image
data/NEU-CLS/train/train/images/patches_259.jpg,decode development image
data/NEU-CLS/train/train/images/patches_26.jpg,decode development image
data/NEU-CLS/train/train/images/patches_260.jpg,decode development image
data/NEU-CLS/train/train/images/patches_261.jpg,decode development image
data/NEU-CLS/train/train/images/patches_262.jpg,decode development image
data/NEU-CLS/train/train/images/patches_263.jpg,decode development image
data/NEU-CLS/train/train/images/patches_264.jpg,decode development image
data/NEU-CLS/train/train/images/patches_266.jpg,decode development image
data/NEU-CLS/train/train/images/patches_267.jpg,decode development image
data/NEU-CLS/train/train/images/patches_269.jpg,decode development image
data/NEU-CLS/train/train/images/patches_27.jpg,decode development image
data/NEU-CLS/train/train/images/patches_270.jpg,decode development image
data/NEU-CLS/train/train/images/patches_271.jpg,decode development image
data/NEU-CLS/train/train/images/patches_274.jpg,decode development image
data/NEU-CLS/train/train/images/patches_275.jpg,decode development image
data/NEU-CLS/train/train/images/patches_276.jpg,decode development image
data/NEU-CLS/train/train/images/patches_277.jpg,decode development image
data/NEU-CLS/train/train/images/patches_278.jpg,decode development image
data/NEU-CLS/train/train/images/patches_279.jpg,decode development image
data/NEU-CLS/train/train/images/patches_28.jpg,decode development image
data/NEU-CLS/train/train/images/patches_280.jpg,decode development image
data/NEU-CLS/train/train/images/patches_282.jpg,decode development image
data/NEU-CLS/train/train/images/patches_285.jpg,decode development image
data/NEU-CLS/train/train/images/patches_286.jpg,decode development image
data/NEU-CLS/train/train/images/patches_287.jpg,decode development image
data/NEU-CLS/train/train/images/patches_288.jpg,decode development image
data/NEU-CLS/train/train/images/patches_289.jpg,decode development image
data/NEU-CLS/train/train/images/patches_29.jpg,decode development image
data/NEU-CLS/train/train/images/patches_290.jpg,decode development image
data/NEU-CLS/train/train/images/patches_291.jpg,decode development image
data/NEU-CLS/train/train/images/patches_292.jpg,decode development image
data/NEU-CLS/train/train/images/patches_294.jpg,decode development image
data/NEU-CLS/train/train/images/patches_296.jpg,decode development image
data/NEU-CLS/train/train/images/patches_298.jpg,decode development image
data/NEU-CLS/train/train/images/patches_299.jpg,decode development image
data/NEU-CLS/train/train/images/patches_300.jpg,decode development image
data/NEU-CLS/train/train/images/patches_31.jpg,decode development image
data/NEU-CLS/train/train/images/patches_32.jpg,decode development image
data/NEU-CLS/train/train/images/patches_34.jpg,decode development image
data/NEU-CLS/train/train/images/patches_35.jpg,decode development image
data/NEU-CLS/train/train/images/patches_37.jpg,decode development image
data/NEU-CLS/train/train/images/patches_39.jpg,decode development image
data/NEU-CLS/train/train/images/patches_40.jpg,decode development image
data/NEU-CLS/train/train/images/patches_41.jpg,decode development image
data/NEU-CLS/train/train/images/patches_43.jpg,decode development image
data/NEU-CLS/train/train/images/patches_44.jpg,decode development image
data/NEU-CLS/train/train/images/patches_45.jpg,decode development image
data/NEU-CLS/train/train/images/patches_46.jpg,decode development image
data/NEU-CLS/train/train/images/patches_47.jpg,decode development image
data/NEU-CLS/train/train/images/patches_48.jpg,decode development image
data/NEU-CLS/train/train/images/patches_49.jpg,decode development image
data/NEU-CLS/train/train/images/patches_50.jpg,decode development image
data/NEU-CLS/train/train/images/patches_52.jpg,decode development image
data/NEU-CLS/train/train/images/patches_53.jpg,decode development image
data/NEU-CLS/train/train/images/patches_54.jpg,decode development image
data/NEU-CLS/train/train/images/patches_55.jpg,decode development image
data/NEU-CLS/train/train/images/patches_56.jpg,decode development image
data/NEU-CLS/train/train/images/patches_57.jpg,decode development image
data/NEU-CLS/train/train/images/patches_58.jpg,decode development image
data/NEU-CLS/train/train/images/patches_59.jpg,decode development image
data/NEU-CLS/train/train/images/patches_6.jpg,decode development image
data/NEU-CLS/train/train/images/patches_61.jpg,decode development image
data/NEU-CLS/train/train/images/patches_62.jpg,decode development image
data/NEU-CLS/train/train/images/patches_63.jpg,decode development image
data/NEU-CLS/train/train/images/patches_64.jpg,decode development image
data/NEU-CLS/train/train/images/patches_65.jpg,decode development image
data/NEU-CLS/train/train/images/patches_66.jpg,decode development image
data/NEU-CLS/train/train/images/patches_67.jpg,decode development image
data/NEU-CLS/train/train/images/patches_68.jpg,decode development image
data/NEU-CLS/train/train/images/patches_69.jpg,decode development image
data/NEU-CLS/train/train/images/patches_7.jpg,decode development image
data/NEU-CLS/train/train/images/patches_70.jpg,decode development image
data/NEU-CLS/train/train/images/patches_71.jpg,decode development image
data/NEU-CLS/train/train/images/patches_72.jpg,decode development image
data/NEU-CLS/train/train/images/patches_74.jpg,decode development image
data/NEU-CLS/train/train/images/patches_75.jpg,decode development image
data/NEU-CLS/train/train/images/patches_76.jpg,decode development image
data/NEU-CLS/train/train/images/patches_77.jpg,decode development image
data/NEU-CLS/train/train/images/patches_78.jpg,decode development image
data/NEU-CLS/train/train/images/patches_8.jpg,decode development image
data/NEU-CLS/train/train/images/patches_80.jpg,decode development image
data/NEU-CLS/train/train/images/patches_83.jpg,decode development image
data/NEU-CLS/train/train/images/patches_84.jpg,decode development image
data/NEU-CLS/train/train/images/patches_86.jpg,decode development image
data/NEU-CLS/train/train/images/patches_88.jpg,decode development image
data/NEU-CLS/train/train/images/patches_89.jpg,decode development image
data/NEU-CLS/train/train/images/patches_9.jpg,decode development image
data/NEU-CLS/train/train/images/patches_90.jpg,decode development image
data/NEU-CLS/train/train/images/patches_93.jpg,decode development image
data/NEU-CLS/train/train/images/patches_94.jpg,decode development image
data/NEU-CLS/train/train/images/patches_95.jpg,decode development image
data/NEU-CLS/train/train/images/patches_96.jpg,decode development image
data/NEU-CLS/train/train/images/patches_98.jpg,decode development image
data/NEU-CLS/train/train/images/patches_99.jpg,decode development image
data/NEU-CLS/train/train/images/pitted_surface_100.jpg,decode development image
data/NEU-CLS/train/train/images/pitted_surface_101.jpg,decode development image
data/NEU-CLS/train/train/images/pitted_surface_105.jpg,decode development image
data/NEU-CLS/train/train/images/pitted_surface_106.jpg,decode development image
data/NEU-CLS/train/train/images/pitted_surface_107.jpg,decode development image
data/NEU-CLS/train/train/images/pitted_surface_109.jpg,decode development image
data/NEU-CLS/train/train/images/pitted_surface_11.jpg,decode development image
data/NEU-CLS/train/train/images/pitted_surface_111.jpg,decode development image
data/NEU-CLS/train/train/images/pitted_surface_112.jpg,decode development image
data/NEU-CLS/train/train/images/pitted_surface_113.jpg,decode development image
data/NEU-CLS/train/train/images/pitted_surface_114.jpg,decode development image
data/NEU-CLS/train/train/images/pitted_surface_115.jpg,decode development image
data/NEU-CLS/train/train/images/pitted_surface_116.jpg,decode development image
data/NEU-CLS/train/train/images/pitted_surface_118.jpg,decode development image
data/NEU-CLS/train/train/images/pitted_surface_119.jpg,decode development image
data/NEU-CLS/train/train/images/pitted_surface_12.jpg,decode development image
data/NEU-CLS/train/train/images/pitted_surface_120.jpg,decode development image
data/NEU-CLS/train/train/images/pitted_surface_121.jpg,decode development image
data/NEU-CLS/train/train/images/pitted_surface_123.jpg,decode development image
data/NEU-CLS/train/train/images/pitted_surface_124.jpg,decode development image
data/NEU-CLS/train/train/images/pitted_surface_125.jpg,decode development image
data/NEU-CLS/train/train/images/pitted_surface_126.jpg,decode development image
data/NEU-CLS/train/train/images/pitted_surface_128.jpg,decode development image
data/NEU-CLS/train/train/images/pitted_surface_129.jpg,decode development image
data/NEU-CLS/train/train/images/pitted_surface_13.jpg,decode development image
data/NEU-CLS/train/train/images/pitted_surface_130.jpg,decode development image
data/NEU-CLS/train/train/images/pitted_surface_132.jpg,decode development image
data/NEU-CLS/train/train/images/pitted_surface_134.jpg,decode development image
data/NEU-CLS/train/train/images/pitted_surface_136.jpg,decode development image
data/NEU-CLS/train/train/images/pitted_surface_137.jpg,decode development image
data/NEU-CLS/train/train/images/pitted_surface_138.jpg,decode development image
data/NEU-CLS/train/train/images/pitted_surface_139.jpg,decode development image
data/NEU-CLS/train/train/images/pitted_surface_14.jpg,decode development image
data/NEU-CLS/train/train/images/pitted_surface_140.jpg,decode development image
data/NEU-CLS/train/train/images/pitted_surface_142.jpg,decode development image
data/NEU-CLS/train/train/images/pitted_surface_143.jpg,decode development image
data/NEU-CLS/train/train/images/pitted_surface_144.jpg,decode development image
data/NEU-CLS/train/train/images/pitted_surface_145.jpg,decode development image
data/NEU-CLS/train/train/images/pitted_surface_146.jpg,decode development image
data/NEU-CLS/train/train/images/pitted_surface_147.jpg,decode development image
data/NEU-CLS/train/train/images/pitted_surface_148.jpg,decode development image
data/NEU-CLS/train/train/images/pitted_surface_149.jpg,decode development image
data/NEU-CLS/train/train/images/pitted_surface_15.jpg,decode development image
data/NEU-CLS/train/train/images/pitted_surface_150.jpg,decode development image
data/NEU-CLS/train/train/images/pitted_surface_151.jpg,decode development image
data/NEU-CLS/train/train/images/pitted_surface_152.jpg,decode development image
data/NEU-CLS/train/train/images/pitted_surface_153.jpg,decode development image
data/NEU-CLS/train/train/images/pitted_surface_154.jpg,decode development image
data/NEU-CLS/train/train/images/pitted_surface_157.jpg,decode development image
data/NEU-CLS/train/train/images/pitted_surface_159.jpg,decode development image
data/NEU-CLS/train/train/images/pitted_surface_16.jpg,decode development image
data/NEU-CLS/train/train/images/pitted_surface_160.jpg,decode development image
data/NEU-CLS/train/train/images/pitted_surface_161.jpg,decode development image
data/NEU-CLS/train/train/images/pitted_surface_163.jpg,decode development image
data/NEU-CLS/train/train/images/pitted_surface_164.jpg,decode development image
data/NEU-CLS/train/train/images/pitted_surface_165.jpg,decode development image
data/NEU-CLS/train/train/images/pitted_surface_166.jpg,decode development image
data/NEU-CLS/train/train/images/pitted_surface_168.jpg,decode development image
data/NEU-CLS/train/train/images/pitted_surface_169.jpg,decode development image
data/NEU-CLS/train/train/images/pitted_surface_17.jpg,decode development image
data/NEU-CLS/train/train/images/pitted_surface_170.jpg,decode development image
data/NEU-CLS/train/train/images/pitted_surface_171.jpg,decode development image
data/NEU-CLS/train/train/images/pitted_surface_172.jpg,decode development image
data/NEU-CLS/train/train/images/pitted_surface_173.jpg,decode development image
data/NEU-CLS/train/train/images/pitted_surface_174.jpg,decode development image
data/NEU-CLS/train/train/images/pitted_surface_176.jpg,decode development image
data/NEU-CLS/train/train/images/pitted_surface_177.jpg,decode development image
data/NEU-CLS/train/train/images/pitted_surface_178.jpg,decode development image
data/NEU-CLS/train/train/images/pitted_surface_179.jpg,decode development image
data/NEU-CLS/train/train/images/pitted_surface_18.jpg,decode development image
data/NEU-CLS/train/train/images/pitted_surface_181.jpg,decode development image
data/NEU-CLS/train/train/images/pitted_surface_182.jpg,decode development image
data/NEU-CLS/train/train/images/pitted_surface_183.jpg,decode development image
data/NEU-CLS/train/train/images/pitted_surface_186.jpg,decode development image
data/NEU-CLS/train/train/images/pitted_surface_187.jpg,decode development image
data/NEU-CLS/train/train/images/pitted_surface_188.jpg,decode development image
data/NEU-CLS/train/train/images/pitted_surface_189.jpg,decode development image
data/NEU-CLS/train/train/images/pitted_surface_19.jpg,decode development image
data/NEU-CLS/train/train/images/pitted_surface_191.jpg,decode development image
data/NEU-CLS/train/train/images/pitted_surface_192.jpg,decode development image
data/NEU-CLS/train/train/images/pitted_surface_193.jpg,decode development image
data/NEU-CLS/train/train/images/pitted_surface_194.jpg,decode development image
data/NEU-CLS/train/train/images/pitted_surface_195.jpg,decode development image
data/NEU-CLS/train/train/images/pitted_surface_196.jpg,decode development image
data/NEU-CLS/train/train/images/pitted_surface_197.jpg,decode development image
data/NEU-CLS/train/train/images/pitted_surface_198.jpg,decode development image
data/NEU-CLS/train/train/images/pitted_surface_199.jpg,decode development image
data/NEU-CLS/train/train/images/pitted_surface_20.jpg,decode development image
data/NEU-CLS/train/train/images/pitted_surface_202.jpg,decode development image
data/NEU-CLS/train/train/images/pitted_surface_203.jpg,decode development image
data/NEU-CLS/train/train/images/pitted_surface_204.jpg,decode development image
data/NEU-CLS/train/train/images/pitted_surface_205.jpg,decode development image
data/NEU-CLS/train/train/images/pitted_surface_207.jpg,decode development image
data/NEU-CLS/train/train/images/pitted_surface_208.jpg,decode development image
data/NEU-CLS/train/train/images/pitted_surface_209.jpg,decode development image
data/NEU-CLS/train/train/images/pitted_surface_21.jpg,decode development image
data/NEU-CLS/train/train/images/pitted_surface_210.jpg,decode development image
data/NEU-CLS/train/train/images/pitted_surface_211.jpg,decode development image
data/NEU-CLS/train/train/images/pitted_surface_212.jpg,decode development image
data/NEU-CLS/train/train/images/pitted_surface_213.jpg,decode development image
data/NEU-CLS/train/train/images/pitted_surface_214.jpg,decode development image
data/NEU-CLS/train/train/images/pitted_surface_215.jpg,decode development image
data/NEU-CLS/train/train/images/pitted_surface_216.jpg,decode development image
data/NEU-CLS/train/train/images/pitted_surface_218.jpg,decode development image
data/NEU-CLS/train/train/images/pitted_surface_219.jpg,decode development image
data/NEU-CLS/train/train/images/pitted_surface_221.jpg,decode development image
data/NEU-CLS/train/train/images/pitted_surface_222.jpg,decode development image
data/NEU-CLS/train/train/images/pitted_surface_227.jpg,decode development image
data/NEU-CLS/train/train/images/pitted_surface_229.jpg,decode development image
data/NEU-CLS/train/train/images/pitted_surface_23.jpg,decode development image
data/NEU-CLS/train/train/images/pitted_surface_230.jpg,decode development image
data/NEU-CLS/train/train/images/pitted_surface_231.jpg,decode development image
data/NEU-CLS/train/train/images/pitted_surface_232.jpg,decode development image
data/NEU-CLS/train/train/images/pitted_surface_233.jpg,decode development image
data/NEU-CLS/train/train/images/pitted_surface_234.jpg,decode development image
data/NEU-CLS/train/train/images/pitted_surface_238.jpg,decode development image
data/NEU-CLS/train/train/images/pitted_surface_239.jpg,decode development image
data/NEU-CLS/train/train/images/pitted_surface_24.jpg,decode development image
data/NEU-CLS/train/train/images/pitted_surface_240.jpg,decode development image
data/NEU-CLS/train/train/images/pitted_surface_241.jpg,decode development image
data/NEU-CLS/train/train/images/pitted_surface_242.jpg,decode development image
data/NEU-CLS/train/train/images/pitted_surface_243.jpg,decode development image
data/NEU-CLS/train/train/images/pitted_surface_244.jpg,decode development image
data/NEU-CLS/train/train/images/pitted_surface_246.jpg,decode development image
data/NEU-CLS/train/train/images/pitted_surface_247.jpg,decode development image
data/NEU-CLS/train/train/images/pitted_surface_248.jpg,decode development image
data/NEU-CLS/train/train/images/pitted_surface_249.jpg,decode development image
data/NEU-CLS/train/train/images/pitted_surface_25.jpg,decode development image
data/NEU-CLS/train/train/images/pitted_surface_250.jpg,decode development image
data/NEU-CLS/train/train/images/pitted_surface_252.jpg,decode development image
data/NEU-CLS/train/train/images/pitted_surface_253.jpg,decode development image
data/NEU-CLS/train/train/images/pitted_surface_254.jpg,decode development image
data/NEU-CLS/train/train/images/pitted_surface_257.jpg,decode development image
data/NEU-CLS/train/train/images/pitted_surface_258.jpg,decode development image
data/NEU-CLS/train/train/images/pitted_surface_259.jpg,decode development image
data/NEU-CLS/train/train/images/pitted_surface_26.jpg,decode development image
data/NEU-CLS/train/train/images/pitted_surface_261.jpg,decode development image
data/NEU-CLS/train/train/images/pitted_surface_262.jpg,decode development image
data/NEU-CLS/train/train/images/pitted_surface_263.jpg,decode development image
data/NEU-CLS/train/train/images/pitted_surface_264.jpg,decode development image
data/NEU-CLS/train/train/images/pitted_surface_265.jpg,decode development image
data/NEU-CLS/train/train/images/pitted_surface_266.jpg,decode development image
data/NEU-CLS/train/train/images/pitted_surface_267.jpg,decode development image
data/NEU-CLS/train/train/images/pitted_surface_268.jpg,decode development image
data/NEU-CLS/train/train/images/pitted_surface_269.jpg,decode development image
data/NEU-CLS/train/train/images/pitted_surface_27.jpg,decode development image
data/NEU-CLS/train/train/images/pitted_surface_270.jpg,decode development image
data/NEU-CLS/train/train/images/pitted_surface_271.jpg,decode development image
data/NEU-CLS/train/train/images/pitted_surface_272.jpg,decode development image
data/NEU-CLS/train/train/images/pitted_surface_273.jpg,decode development image
data/NEU-CLS/train/train/images/pitted_surface_274.jpg,decode development image
data/NEU-CLS/train/train/images/pitted_surface_276.jpg,decode development image
data/NEU-CLS/train/train/images/pitted_surface_277.jpg,decode development image
data/NEU-CLS/train/train/images/pitted_surface_278.jpg,decode development image
data/NEU-CLS/train/train/images/pitted_surface_28.jpg,decode development image
data/NEU-CLS/train/train/images/pitted_surface_280.jpg,decode development image
data/NEU-CLS/train/train/images/pitted_surface_281.jpg,decode development image
data/NEU-CLS/train/train/images/pitted_surface_282.jpg,decode development image
data/NEU-CLS/train/train/images/pitted_surface_284.jpg,decode development image
data/NEU-CLS/train/train/images/pitted_surface_285.jpg,decode development image
data/NEU-CLS/train/train/images/pitted_surface_286.jpg,decode development image
data/NEU-CLS/train/train/images/pitted_surface_287.jpg,decode development image
data/NEU-CLS/train/train/images/pitted_surface_288.jpg,decode development image
data/NEU-CLS/train/train/images/pitted_surface_289.jpg,decode development image
data/NEU-CLS/train/train/images/pitted_surface_29.jpg,decode development image
data/NEU-CLS/train/train/images/pitted_surface_290.jpg,decode development image
data/NEU-CLS/train/train/images/pitted_surface_292.jpg,decode development image
data/NEU-CLS/train/train/images/pitted_surface_293.jpg,decode development image
data/NEU-CLS/train/train/images/pitted_surface_294.jpg,decode development image
data/NEU-CLS/train/train/images/pitted_surface_295.jpg,decode development image
data/NEU-CLS/train/train/images/pitted_surface_296.jpg,decode development image
data/NEU-CLS/train/train/images/pitted_surface_297.jpg,decode development image
data/NEU-CLS/train/train/images/pitted_surface_298.jpg,decode development image
data/NEU-CLS/train/train/images/pitted_surface_30.jpg,decode development image
data/NEU-CLS/train/train/images/pitted_surface_300.jpg,decode development image
data/NEU-CLS/train/train/images/pitted_surface_32.jpg,decode development image
data/NEU-CLS/train/train/images/pitted_surface_34.jpg,decode development image
data/NEU-CLS/train/train/images/pitted_surface_35.jpg,decode development image
data/NEU-CLS/train/train/images/pitted_surface_36.jpg,decode development image
data/NEU-CLS/train/train/images/pitted_surface_38.jpg,decode development image
data/NEU-CLS/train/train/images/pitted_surface_39.jpg,decode development image
data/NEU-CLS/train/train/images/pitted_surface_40.jpg,decode development image
data/NEU-CLS/train/train/images/pitted_surface_41.jpg,decode development image
data/NEU-CLS/train/train/images/pitted_surface_42.jpg,decode development image
data/NEU-CLS/train/train/images/pitted_surface_43.jpg,decode development image
data/NEU-CLS/train/train/images/pitted_surface_44.jpg,decode development image
data/NEU-CLS/train/train/images/pitted_surface_45.jpg,decode development image
data/NEU-CLS/train/train/images/pitted_surface_46.jpg,decode development image
data/NEU-CLS/train/train/images/pitted_surface_47.jpg,decode development image
data/NEU-CLS/train/train/images/pitted_surface_48.jpg,decode development image
data/NEU-CLS/train/train/images/pitted_surface_49.jpg,decode development image
data/NEU-CLS/train/train/images/pitted_surface_50.jpg,decode development image
data/NEU-CLS/train/train/images/pitted_surface_52.jpg,decode development image
data/NEU-CLS/train/train/images/pitted_surface_53.jpg,decode development image
data/NEU-CLS/train/train/images/pitted_surface_54.jpg,decode development image
data/NEU-CLS/train/train/images/pitted_surface_57.jpg,decode development image
data/NEU-CLS/train/train/images/pitted_surface_58.jpg,decode development image
data/NEU-CLS/train/train/images/pitted_surface_59.jpg,decode development image
data/NEU-CLS/train/train/images/pitted_surface_6.jpg,decode development image
data/NEU-CLS/train/train/images/pitted_surface_60.jpg,decode development image
data/NEU-CLS/train/train/images/pitted_surface_62.jpg,decode development image
data/NEU-CLS/train/train/images/pitted_surface_63.jpg,decode development image
data/NEU-CLS/train/train/images/pitted_surface_64.jpg,decode development image
data/NEU-CLS/train/train/images/pitted_surface_65.jpg,decode development image
data/NEU-CLS/train/train/images/pitted_surface_66.jpg,decode development image
data/NEU-CLS/train/train/images/pitted_surface_67.jpg,decode development image
data/NEU-CLS/train/train/images/pitted_surface_68.jpg,decode development image
data/NEU-CLS/train/train/images/pitted_surface_69.jpg,decode development image
data/NEU-CLS/train/train/images/pitted_surface_7.jpg,decode development image
data/NEU-CLS/train/train/images/pitted_surface_70.jpg,decode development image
data/NEU-CLS/train/train/images/pitted_surface_71.jpg,decode development image
data/NEU-CLS/train/train/images/pitted_surface_72.jpg,decode development image
data/NEU-CLS/train/train/images/pitted_surface_73.jpg,decode development image
data/NEU-CLS/train/train/images/pitted_surface_74.jpg,decode development image
data/NEU-CLS/train/train/images/pitted_surface_75.jpg,decode development image
data/NEU-CLS/train/train/images/pitted_surface_76.jpg,decode development image
data/NEU-CLS/train/train/images/pitted_surface_77.jpg,decode development image
data/NEU-CLS/train/train/images/pitted_surface_78.jpg,decode development image
data/NEU-CLS/train/train/images/pitted_surface_79.jpg,decode development image
data/NEU-CLS/train/train/images/pitted_surface_8.jpg,decode development image
data/NEU-CLS/train/train/images/pitted_surface_80.jpg,decode development image
data/NEU-CLS/train/train/images/pitted_surface_81.jpg,decode development image
data/NEU-CLS/train/train/images/pitted_surface_84.jpg,decode development image
data/NEU-CLS/train/train/images/pitted_surface_85.jpg,decode development image
data/NEU-CLS/train/train/images/pitted_surface_86.jpg,decode development image
data/NEU-CLS/train/train/images/pitted_surface_87.jpg,decode development image
data/NEU-CLS/train/train/images/pitted_surface_88.jpg,decode development image
data/NEU-CLS/train/train/images/pitted_surface_89.jpg,decode development image
data/NEU-CLS/train/train/images/pitted_surface_9.jpg,decode development image
data/NEU-CLS/train/train/images/pitted_surface_90.jpg,decode development image
data/NEU-CLS/train/train/images/pitted_surface_91.jpg,decode development image
data/NEU-CLS/train/train/images/pitted_surface_92.jpg,decode development image
data/NEU-CLS/train/train/images/pitted_surface_94.jpg,decode development image
data/NEU-CLS/train/train/images/pitted_surface_95.jpg,decode development image
data/NEU-CLS/train/train/images/pitted_surface_96.jpg,decode development image
data/NEU-CLS/train/train/images/pitted_surface_98.jpg,decode development image
data/NEU-CLS/train/train/images/pitted_surface_99.jpg,decode development image
data/NEU-CLS/train/train/images/rolled-in_scale_10.jpg,decode development image
data/NEU-CLS/train/train/images/rolled-in_scale_101.jpg,decode development image
data/NEU-CLS/train/train/images/rolled-in_scale_102.jpg,decode development image
data/NEU-CLS/train/train/images/rolled-in_scale_103.jpg,decode development image
data/NEU-CLS/train/train/images/rolled-in_scale_104.jpg,decode development image
data/NEU-CLS/train/train/images/rolled-in_scale_107.jpg,decode development image
data/NEU-CLS/train/train/images/rolled-in_scale_108.jpg,decode development image
data/NEU-CLS/train/train/images/rolled-in_scale_11.jpg,decode development image
data/NEU-CLS/train/train/images/rolled-in_scale_110.jpg,decode development image
data/NEU-CLS/train/train/images/rolled-in_scale_111.jpg,decode development image
data/NEU-CLS/train/train/images/rolled-in_scale_112.jpg,decode development image
data/NEU-CLS/train/train/images/rolled-in_scale_113.jpg,decode development image
data/NEU-CLS/train/train/images/rolled-in_scale_114.jpg,decode development image
data/NEU-CLS/train/train/images/rolled-in_scale_115.jpg,decode development image
data/NEU-CLS/train/train/images/rolled-in_scale_116.jpg,decode development image
data/NEU-CLS/train/train/images/rolled-in_scale_118.jpg,decode development image
data/NEU-CLS/train/train/images/rolled-in_scale_119.jpg,decode development image
data/NEU-CLS/train/train/images/rolled-in_scale_12.jpg,decode development image
data/NEU-CLS/train/train/images/rolled-in_scale_121.jpg,decode development image
data/NEU-CLS/train/train/images/rolled-in_scale_122.jpg,decode development image
data/NEU-CLS/train/train/images/rolled-in_scale_123.jpg,decode development image
data/NEU-CLS/train/train/images/rolled-in_scale_124.jpg,decode development image
data/NEU-CLS/train/train/images/rolled-in_scale_125.jpg,decode development image
data/NEU-CLS/train/train/images/rolled-in_scale_126.jpg,decode development image
data/NEU-CLS/train/train/images/rolled-in_scale_127.jpg,decode development image
data/NEU-CLS/train/train/images/rolled-in_scale_128.jpg,decode development image
data/NEU-CLS/train/train/images/rolled-in_scale_129.jpg,decode development image
data/NEU-CLS/train/train/images/rolled-in_scale_13.jpg,decode development image
data/NEU-CLS/train/train/images/rolled-in_scale_130.jpg,decode development image
data/NEU-CLS/train/train/images/rolled-in_scale_132.jpg,decode development image
data/NEU-CLS/train/train/images/rolled-in_scale_133.jpg,decode development image
data/NEU-CLS/train/train/images/rolled-in_scale_134.jpg,decode development image
data/NEU-CLS/train/train/images/rolled-in_scale_135.jpg,decode development image
data/NEU-CLS/train/train/images/rolled-in_scale_136.jpg,decode development image
data/NEU-CLS/train/train/images/rolled-in_scale_137.jpg,decode development image
data/NEU-CLS/train/train/images/rolled-in_scale_138.jpg,decode development image
data/NEU-CLS/train/train/images/rolled-in_scale_139.jpg,decode development image
data/NEU-CLS/train/train/images/rolled-in_scale_14.jpg,decode development image
data/NEU-CLS/train/train/images/rolled-in_scale_140.jpg,decode development image
data/NEU-CLS/train/train/images/rolled-in_scale_141.jpg,decode development image
data/NEU-CLS/train/train/images/rolled-in_scale_142.jpg,decode development image
data/NEU-CLS/train/train/images/rolled-in_scale_143.jpg,decode development image
data/NEU-CLS/train/train/images/rolled-in_scale_144.jpg,decode development image
data/NEU-CLS/train/train/images/rolled-in_scale_146.jpg,decode development image
data/NEU-CLS/train/train/images/rolled-in_scale_15.jpg,decode development image
data/NEU-CLS/train/train/images/rolled-in_scale_150.jpg,decode development image
data/NEU-CLS/train/train/images/rolled-in_scale_151.jpg,decode development image
data/NEU-CLS/train/train/images/rolled-in_scale_153.jpg,decode development image
data/NEU-CLS/train/train/images/rolled-in_scale_154.jpg,decode development image
data/NEU-CLS/train/train/images/rolled-in_scale_155.jpg,decode development image
data/NEU-CLS/train/train/images/rolled-in_scale_156.jpg,decode development image
data/NEU-CLS/train/train/images/rolled-in_scale_157.jpg,decode development image
data/NEU-CLS/train/train/images/rolled-in_scale_158.jpg,decode development image
data/NEU-CLS/train/train/images/rolled-in_scale_159.jpg,decode development image
data/NEU-CLS/train/train/images/rolled-in_scale_160.jpg,decode development image
data/NEU-CLS/train/train/images/rolled-in_scale_161.jpg,decode development image
data/NEU-CLS/train/train/images/rolled-in_scale_162.jpg,decode development image
data/NEU-CLS/train/train/images/rolled-in_scale_163.jpg,decode development image
data/NEU-CLS/train/train/images/rolled-in_scale_164.jpg,decode development image
data/NEU-CLS/train/train/images/rolled-in_scale_165.jpg,decode development image
data/NEU-CLS/train/train/images/rolled-in_scale_166.jpg,decode development image
data/NEU-CLS/train/train/images/rolled-in_scale_167.jpg,decode development image
data/NEU-CLS/train/train/images/rolled-in_scale_168.jpg,decode development image
data/NEU-CLS/train/train/images/rolled-in_scale_169.jpg,decode development image
data/NEU-CLS/train/train/images/rolled-in_scale_170.jpg,decode development image
data/NEU-CLS/train/train/images/rolled-in_scale_171.jpg,decode development image
data/NEU-CLS/train/train/images/rolled-in_scale_174.jpg,decode development image
data/NEU-CLS/train/train/images/rolled-in_scale_175.jpg,decode development image
data/NEU-CLS/train/train/images/rolled-in_scale_18.jpg,decode development image
data/NEU-CLS/train/train/images/rolled-in_scale_180.jpg,decode development image
data/NEU-CLS/train/train/images/rolled-in_scale_181.jpg,decode development image
data/NEU-CLS/train/train/images/rolled-in_scale_183.jpg,decode development image
data/NEU-CLS/train/train/images/rolled-in_scale_184.jpg,decode development image
data/NEU-CLS/train/train/images/rolled-in_scale_185.jpg,decode development image
data/NEU-CLS/train/train/images/rolled-in_scale_188.jpg,decode development image
data/NEU-CLS/train/train/images/rolled-in_scale_19.jpg,decode development image
data/NEU-CLS/train/train/images/rolled-in_scale_190.jpg,decode development image
data/NEU-CLS/train/train/images/rolled-in_scale_191.jpg,decode development image
data/NEU-CLS/train/train/images/rolled-in_scale_192.jpg,decode development image
data/NEU-CLS/train/train/images/rolled-in_scale_193.jpg,decode development image
data/NEU-CLS/train/train/images/rolled-in_scale_194.jpg,decode development image
data/NEU-CLS/train/train/images/rolled-in_scale_195.jpg,decode development image
data/NEU-CLS/train/train/images/rolled-in_scale_196.jpg,decode development image
data/NEU-CLS/train/train/images/rolled-in_scale_198.jpg,decode development image
data/NEU-CLS/train/train/images/rolled-in_scale_199.jpg,decode development image
data/NEU-CLS/train/train/images/rolled-in_scale_20.jpg,decode development image
data/NEU-CLS/train/train/images/rolled-in_scale_201.jpg,decode development image
data/NEU-CLS/train/train/images/rolled-in_scale_202.jpg,decode development image
data/NEU-CLS/train/train/images/rolled-in_scale_203.jpg,decode development image
data/NEU-CLS/train/train/images/rolled-in_scale_204.jpg,decode development image
data/NEU-CLS/train/train/images/rolled-in_scale_205.jpg,decode development image
data/NEU-CLS/train/train/images/rolled-in_scale_206.jpg,decode development image
data/NEU-CLS/train/train/images/rolled-in_scale_209.jpg,decode development image
data/NEU-CLS/train/train/images/rolled-in_scale_21.jpg,decode development image
data/NEU-CLS/train/train/images/rolled-in_scale_210.jpg,decode development image
data/NEU-CLS/train/train/images/rolled-in_scale_211.jpg,decode development image
data/NEU-CLS/train/train/images/rolled-in_scale_212.jpg,decode development image
data/NEU-CLS/train/train/images/rolled-in_scale_213.jpg,decode development image
data/NEU-CLS/train/train/images/rolled-in_scale_214.jpg,decode development image
data/NEU-CLS/train/train/images/rolled-in_scale_216.jpg,decode development image
data/NEU-CLS/train/train/images/rolled-in_scale_217.jpg,decode development image
data/NEU-CLS/train/train/images/rolled-in_scale_218.jpg,decode development image
data/NEU-CLS/train/train/images/rolled-in_scale_219.jpg,decode development image
data/NEU-CLS/train/train/images/rolled-in_scale_22.jpg,decode development image
data/NEU-CLS/train/train/images/rolled-in_scale_220.jpg,decode development image
data/NEU-CLS/train/train/images/rolled-in_scale_221.jpg,decode development image
data/NEU-CLS/train/train/images/rolled-in_scale_222.jpg,decode development image
data/NEU-CLS/train/train/images/rolled-in_scale_223.jpg,decode development image
data/NEU-CLS/train/train/images/rolled-in_scale_224.jpg,decode development image
data/NEU-CLS/train/train/images/rolled-in_scale_225.jpg,decode development image
data/NEU-CLS/train/train/images/rolled-in_scale_226.jpg,decode development image
data/NEU-CLS/train/train/images/rolled-in_scale_227.jpg,decode development image
data/NEU-CLS/train/train/images/rolled-in_scale_228.jpg,decode development image
data/NEU-CLS/train/train/images/rolled-in_scale_229.jpg,decode development image
data/NEU-CLS/train/train/images/rolled-in_scale_23.jpg,decode development image
data/NEU-CLS/train/train/images/rolled-in_scale_230.jpg,decode development image
data/NEU-CLS/train/train/images/rolled-in_scale_231.jpg,decode development image
data/NEU-CLS/train/train/images/rolled-in_scale_233.jpg,decode development image
data/NEU-CLS/train/train/images/rolled-in_scale_234.jpg,decode development image
data/NEU-CLS/train/train/images/rolled-in_scale_235.jpg,decode development image
data/NEU-CLS/train/train/images/rolled-in_scale_237.jpg,decode development image
data/NEU-CLS/train/train/images/rolled-in_scale_238.jpg,decode development image
data/NEU-CLS/train/train/images/rolled-in_scale_239.jpg,decode development image
data/NEU-CLS/train/train/images/rolled-in_scale_24.jpg,decode development image
data/NEU-CLS/train/train/images/rolled-in_scale_240.jpg,decode development image
data/NEU-CLS/train/train/images/rolled-in_scale_241.jpg,decode development image
data/NEU-CLS/train/train/images/rolled-in_scale_243.jpg,decode development image
data/NEU-CLS/train/train/images/rolled-in_scale_244.jpg,decode development image
data/NEU-CLS/train/train/images/rolled-in_scale_247.jpg,decode development image
data/NEU-CLS/train/train/images/rolled-in_scale_248.jpg,decode development image
data/NEU-CLS/train/train/images/rolled-in_scale_25.jpg,decode development image
data/NEU-CLS/train/train/images/rolled-in_scale_250.jpg,decode development image
data/NEU-CLS/train/train/images/rolled-in_scale_251.jpg,decode development image
data/NEU-CLS/train/train/images/rolled-in_scale_252.jpg,decode development image
data/NEU-CLS/train/train/images/rolled-in_scale_253.jpg,decode development image
data/NEU-CLS/train/train/images/rolled-in_scale_254.jpg,decode development image
data/NEU-CLS/train/train/images/rolled-in_scale_256.jpg,decode development image
data/NEU-CLS/train/train/images/rolled-in_scale_257.jpg,decode development image
data/NEU-CLS/train/train/images/rolled-in_scale_258.jpg,decode development image
data/NEU-CLS/train/train/images/rolled-in_scale_259.jpg,decode development image
data/NEU-CLS/train/train/images/rolled-in_scale_26.jpg,decode development image
data/NEU-CLS/train/train/images/rolled-in_scale_261.jpg,decode development image
data/NEU-CLS/train/train/images/rolled-in_scale_262.jpg,decode development image
data/NEU-CLS/train/train/images/rolled-in_scale_263.jpg,decode development image
data/NEU-CLS/train/train/images/rolled-in_scale_265.jpg,decode development image
data/NEU-CLS/train/train/images/rolled-in_scale_266.jpg,decode development image
data/NEU-CLS/train/train/images/rolled-in_scale_267.jpg,decode development image
data/NEU-CLS/train/train/images/rolled-in_scale_268.jpg,decode development image
data/NEU-CLS/train/train/images/rolled-in_scale_269.jpg,decode development image
data/NEU-CLS/train/train/images/rolled-in_scale_270.jpg,decode development image
data/NEU-CLS/train/train/images/rolled-in_scale_271.jpg,decode development image
data/NEU-CLS/train/train/images/rolled-in_scale_272.jpg,decode development image
data/NEU-CLS/train/train/images/rolled-in_scale_273.jpg,decode development image
data/NEU-CLS/train/train/images/rolled-in_scale_274.jpg,decode development image
data/NEU-CLS/train/train/images/rolled-in_scale_275.jpg,decode development image
data/NEU-CLS/train/train/images/rolled-in_scale_277.jpg,decode development image
data/NEU-CLS/train/train/images/rolled-in_scale_279.jpg,decode development image
data/NEU-CLS/train/train/images/rolled-in_scale_28.jpg,decode development image
data/NEU-CLS/train/train/images/rolled-in_scale_280.jpg,decode development image
data/NEU-CLS/train/train/images/rolled-in_scale_281.jpg,decode development image
data/NEU-CLS/train/train/images/rolled-in_scale_283.jpg,decode development image
data/NEU-CLS/train/train/images/rolled-in_scale_284.jpg,decode development image
data/NEU-CLS/train/train/images/rolled-in_scale_285.jpg,decode development image
data/NEU-CLS/train/train/images/rolled-in_scale_286.jpg,decode development image
data/NEU-CLS/train/train/images/rolled-in_scale_287.jpg,decode development image
data/NEU-CLS/train/train/images/rolled-in_scale_288.jpg,decode development image
data/NEU-CLS/train/train/images/rolled-in_scale_289.jpg,decode development image
data/NEU-CLS/train/train/images/rolled-in_scale_29.jpg,decode development image
data/NEU-CLS/train/train/images/rolled-in_scale_290.jpg,decode development image
data/NEU-CLS/train/train/images/rolled-in_scale_291.jpg,decode development image
data/NEU-CLS/train/train/images/rolled-in_scale_292.jpg,decode development image
data/NEU-CLS/train/train/images/rolled-in_scale_293.jpg,decode development image
data/NEU-CLS/train/train/images/rolled-in_scale_295.jpg,decode development image
data/NEU-CLS/train/train/images/rolled-in_scale_296.jpg,decode development image
data/NEU-CLS/train/train/images/rolled-in_scale_297.jpg,decode development image
data/NEU-CLS/train/train/images/rolled-in_scale_298.jpg,decode development image
data/NEU-CLS/train/train/images/rolled-in_scale_299.jpg,decode development image
data/NEU-CLS/train/train/images/rolled-in_scale_30.jpg,decode development image
data/NEU-CLS/train/train/images/rolled-in_scale_32.jpg,decode development image
data/NEU-CLS/train/train/images/rolled-in_scale_33.jpg,decode development image
data/NEU-CLS/train/train/images/rolled-in_scale_35.jpg,decode development image
data/NEU-CLS/train/train/images/rolled-in_scale_36.jpg,decode development image
data/NEU-CLS/train/train/images/rolled-in_scale_38.jpg,decode development image
data/NEU-CLS/train/train/images/rolled-in_scale_39.jpg,decode development image
data/NEU-CLS/train/train/images/rolled-in_scale_40.jpg,decode development image
data/NEU-CLS/train/train/images/rolled-in_scale_41.jpg,decode development image
data/NEU-CLS/train/train/images/rolled-in_scale_43.jpg,decode development image
data/NEU-CLS/train/train/images/rolled-in_scale_44.jpg,decode development image
data/NEU-CLS/train/train/images/rolled-in_scale_45.jpg,decode development image
data/NEU-CLS/train/train/images/rolled-in_scale_48.jpg,decode development image
data/NEU-CLS/train/train/images/rolled-in_scale_49.jpg,decode development image
data/NEU-CLS/train/train/images/rolled-in_scale_50.jpg,decode development image
data/NEU-CLS/train/train/images/rolled-in_scale_51.jpg,decode development image
data/NEU-CLS/train/train/images/rolled-in_scale_53.jpg,decode development image
data/NEU-CLS/train/train/images/rolled-in_scale_54.jpg,decode development image
data/NEU-CLS/train/train/images/rolled-in_scale_56.jpg,decode development image
data/NEU-CLS/train/train/images/rolled-in_scale_59.jpg,decode development image
data/NEU-CLS/train/train/images/rolled-in_scale_6.jpg,decode development image
data/NEU-CLS/train/train/images/rolled-in_scale_60.jpg,decode development image
data/NEU-CLS/train/train/images/rolled-in_scale_61.jpg,decode development image
data/NEU-CLS/train/train/images/rolled-in_scale_64.jpg,decode development image
data/NEU-CLS/train/train/images/rolled-in_scale_65.jpg,decode development image
data/NEU-CLS/train/train/images/rolled-in_scale_66.jpg,decode development image
data/NEU-CLS/train/train/images/rolled-in_scale_67.jpg,decode development image
data/NEU-CLS/train/train/images/rolled-in_scale_68.jpg,decode development image
data/NEU-CLS/train/train/images/rolled-in_scale_69.jpg,decode development image
data/NEU-CLS/train/train/images/rolled-in_scale_71.jpg,decode development image
data/NEU-CLS/train/train/images/rolled-in_scale_72.jpg,decode development image
data/NEU-CLS/train/train/images/rolled-in_scale_73.jpg,decode development image
data/NEU-CLS/train/train/images/rolled-in_scale_74.jpg,decode development image
data/NEU-CLS/train/train/images/rolled-in_scale_75.jpg,decode development image
data/NEU-CLS/train/train/images/rolled-in_scale_76.jpg,decode development image
data/NEU-CLS/train/train/images/rolled-in_scale_77.jpg,decode development image
data/NEU-CLS/train/train/images/rolled-in_scale_78.jpg,decode development image
data/NEU-CLS/train/train/images/rolled-in_scale_79.jpg,decode development image
data/NEU-CLS/train/train/images/rolled-in_scale_8.jpg,decode development image
data/NEU-CLS/train/train/images/rolled-in_scale_80.jpg,decode development image
data/NEU-CLS/train/train/images/rolled-in_scale_81.jpg,decode development image
data/NEU-CLS/train/train/images/rolled-in_scale_82.jpg,decode development image
data/NEU-CLS/train/train/images/rolled-in_scale_83.jpg,decode development image
data/NEU-CLS/train/train/images/rolled-in_scale_84.jpg,decode development image
data/NEU-CLS/train/train/images/rolled-in_scale_86.jpg,decode development image
data/NEU-CLS/train/train/images/rolled-in_scale_87.jpg,decode development image
data/NEU-CLS/train/train/images/rolled-in_scale_88.jpg,decode development image
data/NEU-CLS/train/train/images/rolled-in_scale_89.jpg,decode development image
data/NEU-CLS/train/train/images/rolled-in_scale_9.jpg,decode development image
data/NEU-CLS/train/train/images/rolled-in_scale_90.jpg,decode development image
data/NEU-CLS/train/train/images/rolled-in_scale_91.jpg,decode development image
data/NEU-CLS/train/train/images/rolled-in_scale_93.jpg,decode development image
data/NEU-CLS/train/train/images/rolled-in_scale_94.jpg,decode development image
data/NEU-CLS/train/train/images/rolled-in_scale_95.jpg,decode development image
data/NEU-CLS/train/train/images/rolled-in_scale_96.jpg,decode development image
data/NEU-CLS/train/train/images/rolled-in_scale_97.jpg,decode development image
data/NEU-CLS/train/train/images/rolled-in_scale_98.jpg,decode development image
data/NEU-CLS/train/train/images/rolled-in_scale_99.jpg,decode development image
data/NEU-CLS/train/train/images/scratches_10.jpg,decode development image
data/NEU-CLS/train/train/images/scratches_100.jpg,decode development image
data/NEU-CLS/train/train/images/scratches_102.jpg,decode development image
data/NEU-CLS/train/train/images/scratches_104.jpg,decode development image
data/NEU-CLS/train/train/images/scratches_105.jpg,decode development image
data/NEU-CLS/train/train/images/scratches_106.jpg,decode development image
data/NEU-CLS/train/train/images/scratches_108.jpg,decode development image
data/NEU-CLS/train/train/images/scratches_109.jpg,decode development image
data/NEU-CLS/train/train/images/scratches_11.jpg,decode development image
data/NEU-CLS/train/train/images/scratches_110.jpg,decode development image
data/NEU-CLS/train/train/images/scratches_111.jpg,decode development image
data/NEU-CLS/train/train/images/scratches_112.jpg,decode development image
data/NEU-CLS/train/train/images/scratches_113.jpg,decode development image
data/NEU-CLS/train/train/images/scratches_114.jpg,decode development image
data/NEU-CLS/train/train/images/scratches_115.jpg,decode development image
data/NEU-CLS/train/train/images/scratches_116.jpg,decode development image
data/NEU-CLS/train/train/images/scratches_118.jpg,decode development image
data/NEU-CLS/train/train/images/scratches_119.jpg,decode development image
data/NEU-CLS/train/train/images/scratches_12.jpg,decode development image
data/NEU-CLS/train/train/images/scratches_120.jpg,decode development image
data/NEU-CLS/train/train/images/scratches_122.jpg,decode development image
data/NEU-CLS/train/train/images/scratches_123.jpg,decode development image
data/NEU-CLS/train/train/images/scratches_126.jpg,decode development image
data/NEU-CLS/train/train/images/scratches_127.jpg,decode development image
data/NEU-CLS/train/train/images/scratches_128.jpg,decode development image
data/NEU-CLS/train/train/images/scratches_129.jpg,decode development image
data/NEU-CLS/train/train/images/scratches_13.jpg,decode development image
data/NEU-CLS/train/train/images/scratches_130.jpg,decode development image
data/NEU-CLS/train/train/images/scratches_131.jpg,decode development image
data/NEU-CLS/train/train/images/scratches_134.jpg,decode development image
data/NEU-CLS/train/train/images/scratches_136.jpg,decode development image
data/NEU-CLS/train/train/images/scratches_137.jpg,decode development image
data/NEU-CLS/train/train/images/scratches_138.jpg,decode development image
data/NEU-CLS/train/train/images/scratches_139.jpg,decode development image
data/NEU-CLS/train/train/images/scratches_14.jpg,decode development image
data/NEU-CLS/train/train/images/scratches_140.jpg,decode development image
data/NEU-CLS/train/train/images/scratches_142.jpg,decode development image
data/NEU-CLS/train/train/images/scratches_143.jpg,decode development image
data/NEU-CLS/train/train/images/scratches_144.jpg,decode development image
data/NEU-CLS/train/train/images/scratches_145.jpg,decode development image
data/NEU-CLS/train/train/images/scratches_146.jpg,decode development image
data/NEU-CLS/train/train/images/scratches_147.jpg,decode development image
data/NEU-CLS/train/train/images/scratches_149.jpg,decode development image
data/NEU-CLS/train/train/images/scratches_15.jpg,decode development image
data/NEU-CLS/train/train/images/scratches_150.jpg,decode development image
data/NEU-CLS/train/train/images/scratches_151.jpg,decode development image
data/NEU-CLS/train/train/images/scratches_152.jpg,decode development image
data/NEU-CLS/train/train/images/scratches_156.jpg,decode development image
data/NEU-CLS/train/train/images/scratches_157.jpg,decode development image
data/NEU-CLS/train/train/images/scratches_158.jpg,decode development image
data/NEU-CLS/train/train/images/scratches_159.jpg,decode development image
data/NEU-CLS/train/train/images/scratches_16.jpg,decode development image
data/NEU-CLS/train/train/images/scratches_161.jpg,decode development image
data/NEU-CLS/train/train/images/scratches_162.jpg,decode development image
data/NEU-CLS/train/train/images/scratches_163.jpg,decode development image
data/NEU-CLS/train/train/images/scratches_165.jpg,decode development image
data/NEU-CLS/train/train/images/scratches_166.jpg,decode development image
data/NEU-CLS/train/train/images/scratches_167.jpg,decode development image
data/NEU-CLS/train/train/images/scratches_168.jpg,decode development image
data/NEU-CLS/train/train/images/scratches_169.jpg,decode development image
data/NEU-CLS/train/train/images/scratches_17.jpg,decode development image
data/NEU-CLS/train/train/images/scratches_170.jpg,decode development image
data/NEU-CLS/train/train/images/scratches_171.jpg,decode development image
data/NEU-CLS/train/train/images/scratches_173.jpg,decode development image
data/NEU-CLS/train/train/images/scratches_174.jpg,decode development image
data/NEU-CLS/train/train/images/scratches_175.jpg,decode development image
data/NEU-CLS/train/train/images/scratches_176.jpg,decode development image
data/NEU-CLS/train/train/images/scratches_177.jpg,decode development image
data/NEU-CLS/train/train/images/scratches_178.jpg,decode development image
data/NEU-CLS/train/train/images/scratches_179.jpg,decode development image
data/NEU-CLS/train/train/images/scratches_181.jpg,decode development image
data/NEU-CLS/train/train/images/scratches_182.jpg,decode development image
data/NEU-CLS/train/train/images/scratches_183.jpg,decode development image
data/NEU-CLS/train/train/images/scratches_184.jpg,decode development image
data/NEU-CLS/train/train/images/scratches_185.jpg,decode development image
data/NEU-CLS/train/train/images/scratches_186.jpg,decode development image
data/NEU-CLS/train/train/images/scratches_187.jpg,decode development image
data/NEU-CLS/train/train/images/scratches_19.jpg,decode development image
data/NEU-CLS/train/train/images/scratches_190.jpg,decode development image
data/NEU-CLS/train/train/images/scratches_191.jpg,decode development image
data/NEU-CLS/train/train/images/scratches_192.jpg,decode development image
data/NEU-CLS/train/train/images/scratches_193.jpg,decode development image
data/NEU-CLS/train/train/images/scratches_195.jpg,decode development image
data/NEU-CLS/train/train/images/scratches_197.jpg,decode development image
data/NEU-CLS/train/train/images/scratches_198.jpg,decode development image
data/NEU-CLS/train/train/images/scratches_199.jpg,decode development image
data/NEU-CLS/train/train/images/scratches_20.jpg,decode development image
data/NEU-CLS/train/train/images/scratches_200.jpg,decode development image
data/NEU-CLS/train/train/images/scratches_201.jpg,decode development image
data/NEU-CLS/train/train/images/scratches_203.jpg,decode development image
data/NEU-CLS/train/train/images/scratches_204.jpg,decode development image
data/NEU-CLS/train/train/images/scratches_205.jpg,decode development image
data/NEU-CLS/train/train/images/scratches_206.jpg,decode development image
data/NEU-CLS/train/train/images/scratches_207.jpg,decode development image
data/NEU-CLS/train/train/images/scratches_209.jpg,decode development image
data/NEU-CLS/train/train/images/scratches_21.jpg,decode development image
data/NEU-CLS/train/train/images/scratches_212.jpg,decode development image
data/NEU-CLS/train/train/images/scratches_213.jpg,decode development image
data/NEU-CLS/train/train/images/scratches_214.jpg,decode development image
data/NEU-CLS/train/train/images/scratches_215.jpg,decode development image
data/NEU-CLS/train/train/images/scratches_216.jpg,decode development image
data/NEU-CLS/train/train/images/scratches_217.jpg,decode development image
data/NEU-CLS/train/train/images/scratches_218.jpg,decode development image
data/NEU-CLS/train/train/images/scratches_219.jpg,decode development image
data/NEU-CLS/train/train/images/scratches_220.jpg,decode development image
data/NEU-CLS/train/train/images/scratches_221.jpg,decode development image
data/NEU-CLS/train/train/images/scratches_222.jpg,decode development image
data/NEU-CLS/train/train/images/scratches_224.jpg,decode development image
data/NEU-CLS/train/train/images/scratches_225.jpg,decode development image
data/NEU-CLS/train/train/images/scratches_226.jpg,decode development image
data/NEU-CLS/train/train/images/scratches_227.jpg,decode development image
data/NEU-CLS/train/train/images/scratches_228.jpg,decode development image
data/NEU-CLS/train/train/images/scratches_229.jpg,decode development image
data/NEU-CLS/train/train/images/scratches_23.jpg,decode development image
data/NEU-CLS/train/train/images/scratches_232.jpg,decode development image
data/NEU-CLS/train/train/images/scratches_233.jpg,decode development image
data/NEU-CLS/train/train/images/scratches_234.jpg,decode development image
data/NEU-CLS/train/train/images/scratches_235.jpg,decode development image
data/NEU-CLS/train/train/images/scratches_236.jpg,decode development image
data/NEU-CLS/train/train/images/scratches_237.jpg,decode development image
data/NEU-CLS/train/train/images/scratches_238.jpg,decode development image
data/NEU-CLS/train/train/images/scratches_239.jpg,decode development image
data/NEU-CLS/train/train/images/scratches_24.jpg,decode development image
data/NEU-CLS/train/train/images/scratches_240.jpg,decode development image
data/NEU-CLS/train/train/images/scratches_241.jpg,decode development image
data/NEU-CLS/train/train/images/scratches_242.jpg,decode development image
data/NEU-CLS/train/train/images/scratches_243.jpg,decode development image
data/NEU-CLS/train/train/images/scratches_245.jpg,decode development image
data/NEU-CLS/train/train/images/scratches_246.jpg,decode development image
data/NEU-CLS/train/train/images/scratches_247.jpg,decode development image
data/NEU-CLS/train/train/images/scratches_248.jpg,decode development image
data/NEU-CLS/train/train/images/scratches_249.jpg,decode development image
data/NEU-CLS/train/train/images/scratches_25.jpg,decode development image
data/NEU-CLS/train/train/images/scratches_250.jpg,decode development image
data/NEU-CLS/train/train/images/scratches_251.jpg,decode development image
data/NEU-CLS/train/train/images/scratches_252.jpg,decode development image
data/NEU-CLS/train/train/images/scratches_254.jpg,decode development image
data/NEU-CLS/train/train/images/scratches_255.jpg,decode development image
data/NEU-CLS/train/train/images/scratches_256.jpg,decode development image
data/NEU-CLS/train/train/images/scratches_257.jpg,decode development image
data/NEU-CLS/train/train/images/scratches_258.jpg,decode development image
data/NEU-CLS/train/train/images/scratches_261.jpg,decode development image
data/NEU-CLS/train/train/images/scratches_262.jpg,decode development image
data/NEU-CLS/train/train/images/scratches_263.jpg,decode development image
data/NEU-CLS/train/train/images/scratches_264.jpg,decode development image
data/NEU-CLS/train/train/images/scratches_265.jpg,decode development image
data/NEU-CLS/train/train/images/scratches_266.jpg,decode development image
data/NEU-CLS/train/train/images/scratches_267.jpg,decode development image
data/NEU-CLS/train/train/images/scratches_268.jpg,decode development image
data/NEU-CLS/train/train/images/scratches_269.jpg,decode development image
data/NEU-CLS/train/train/images/scratches_27.jpg,decode development image
data/NEU-CLS/train/train/images/scratches_270.jpg,decode development image
data/NEU-CLS/train/train/images/scratches_271.jpg,decode development image
data/NEU-CLS/train/train/images/scratches_272.jpg,decode development image
data/NEU-CLS/train/train/images/scratches_273.jpg,decode development image
data/NEU-CLS/train/train/images/scratches_274.jpg,decode development image
data/NEU-CLS/train/train/images/scratches_275.jpg,decode development image
data/NEU-CLS/train/train/images/scratches_277.jpg,decode development image
data/NEU-CLS/train/train/images/scratches_28.jpg,decode development image
data/NEU-CLS/train/train/images/scratches_280.jpg,decode development image
data/NEU-CLS/train/train/images/scratches_281.jpg,decode development image
data/NEU-CLS/train/train/images/scratches_282.jpg,decode development image
data/NEU-CLS/train/train/images/scratches_283.jpg,decode development image
data/NEU-CLS/train/train/images/scratches_284.jpg,decode development image
data/NEU-CLS/train/train/images/scratches_286.jpg,decode development image
data/NEU-CLS/train/train/images/scratches_287.jpg,decode development image
data/NEU-CLS/train/train/images/scratches_288.jpg,decode development image
data/NEU-CLS/train/train/images/scratches_289.jpg,decode development image
data/NEU-CLS/train/train/images/scratches_29.jpg,decode development image
data/NEU-CLS/train/train/images/scratches_290.jpg,decode development image
data/NEU-CLS/train/train/images/scratches_291.jpg,decode development image
data/NEU-CLS/train/train/images/scratches_292.jpg,decode development image
data/NEU-CLS/train/train/images/scratches_293.jpg,decode development image
data/NEU-CLS/train/train/images/scratches_296.jpg,decode development image
data/NEU-CLS/train/train/images/scratches_298.jpg,decode development image
data/NEU-CLS/train/train/images/scratches_299.jpg,decode development image
data/NEU-CLS/train/train/images/scratches_30.jpg,decode development image
data/NEU-CLS/train/train/images/scratches_300.jpg,decode development image
data/NEU-CLS/train/train/images/scratches_31.jpg,decode development image
data/NEU-CLS/train/train/images/scratches_32.jpg,decode development image
data/NEU-CLS/train/train/images/scratches_33.jpg,decode development image
data/NEU-CLS/train/train/images/scratches_36.jpg,decode development image
data/NEU-CLS/train/train/images/scratches_37.jpg,decode development image
data/NEU-CLS/train/train/images/scratches_38.jpg,decode development image
data/NEU-CLS/train/train/images/scratches_39.jpg,decode development image
data/NEU-CLS/train/train/images/scratches_40.jpg,decode development image
data/NEU-CLS/train/train/images/scratches_41.jpg,decode development image
data/NEU-CLS/train/train/images/scratches_42.jpg,decode development image
data/NEU-CLS/train/train/images/scratches_43.jpg,decode development image
data/NEU-CLS/train/train/images/scratches_44.jpg,decode development image
data/NEU-CLS/train/train/images/scratches_45.jpg,decode development image
data/NEU-CLS/train/train/images/scratches_46.jpg,decode development image
data/NEU-CLS/train/train/images/scratches_47.jpg,decode development image
data/NEU-CLS/train/train/images/scratches_48.jpg,decode development image
data/NEU-CLS/train/train/images/scratches_50.jpg,decode development image
data/NEU-CLS/train/train/images/scratches_52.jpg,decode development image
data/NEU-CLS/train/train/images/scratches_53.jpg,decode development image
data/NEU-CLS/train/train/images/scratches_55.jpg,decode development image
data/NEU-CLS/train/train/images/scratches_56.jpg,decode development image
data/NEU-CLS/train/train/images/scratches_57.jpg,decode development image
data/NEU-CLS/train/train/images/scratches_58.jpg,decode development image
data/NEU-CLS/train/train/images/scratches_6.jpg,decode development image
data/NEU-CLS/train/train/images/scratches_61.jpg,decode development image
data/NEU-CLS/train/train/images/scratches_62.jpg,decode development image
data/NEU-CLS/train/train/images/scratches_63.jpg,decode development image
data/NEU-CLS/train/train/images/scratches_64.jpg,decode development image
data/NEU-CLS/train/train/images/scratches_65.jpg,decode development image
data/NEU-CLS/train/train/images/scratches_67.jpg,decode development image
data/NEU-CLS/train/train/images/scratches_7.jpg,decode development image
data/NEU-CLS/train/train/images/scratches_71.jpg,decode development image
data/NEU-CLS/train/train/images/scratches_72.jpg,decode development image
data/NEU-CLS/train/train/images/scratches_74.jpg,decode development image
data/NEU-CLS/train/train/images/scratches_76.jpg,decode development image
data/NEU-CLS/train/train/images/scratches_77.jpg,decode development image
data/NEU-CLS/train/train/images/scratches_78.jpg,decode development image
data/NEU-CLS/train/train/images/scratches_79.jpg,decode development image
data/NEU-CLS/train/train/images/scratches_8.jpg,decode development image
data/NEU-CLS/train/train/images/scratches_80.jpg,decode development image
data/NEU-CLS/train/train/images/scratches_81.jpg,decode development image
data/NEU-CLS/train/train/images/scratches_82.jpg,decode development image
data/NEU-CLS/train/train/images/scratches_83.jpg,decode development image
data/NEU-CLS/train/train/images/scratches_84.jpg,decode development image
data/NEU-CLS/train/train/images/scratches_85.jpg,decode development image
data/NEU-CLS/train/train/images/scratches_86.jpg,decode development image
data/NEU-CLS/train/train/images/scratches_87.jpg,decode development image
data/NEU-CLS/train/train/images/scratches_88.jpg,decode development image
data/NEU-CLS/train/train/images/scratches_89.jpg,decode development image
data/NEU-CLS/train/train/images/scratches_9.jpg,decode development image
data/NEU-CLS/train/train/images/scratches_90.jpg,decode development image
data/NEU-CLS/train/train/images/scratches_92.jpg,decode development image
data/NEU-CLS/train/train/images/scratches_93.jpg,decode development image
data/NEU-CLS/train/train/images/scratches_94.jpg,decode development image
data/NEU-CLS/train/train/images/scratches_95.jpg,decode development image
data/NEU-CLS/train/train/images/scratches_96.jpg,decode development image
data/NEU-CLS/train/train/images/scratches_97.jpg,decode development image
data/NEU-CLS/train/train/images/scratches_98.jpg,decode development image
data/NEU-CLS/train/train/images/scratches_99.jpg,decode development image
data/NEU-CLS/valid/valid/images/crazing_1.jpg,decode development image
data/NEU-CLS/valid/valid/images/crazing_2.jpg,decode development image
data/NEU-CLS/valid/valid/images/crazing_4.jpg,decode development image
data/NEU-CLS/valid/valid/images/crazing_5.jpg,decode development image
data/NEU-CLS/valid/valid/images/inclusion_1.jpg,decode development image
data/NEU-CLS/valid/valid/images/inclusion_3.jpg,decode development image
data/NEU-CLS/valid/valid/images/inclusion_4.jpg,decode development image
data/NEU-CLS/valid/valid/images/inclusion_5.jpg,decode development image
data/NEU-CLS/valid/valid/images/patches_2.jpg,decode development image
data/NEU-CLS/valid/valid/images/patches_3.jpg,decode development image
data/NEU-CLS/valid/valid/images/patches_4.jpg,decode development image
data/NEU-CLS/valid/valid/images/patches_5.jpg,decode development image
data/NEU-CLS/valid/valid/images/pitted_surface_1.jpg,decode development image
data/NEU-CLS/valid/valid/images/pitted_surface_3.jpg,decode development image
data/NEU-CLS/valid/valid/images/pitted_surface_4.jpg,decode development image
data/NEU-CLS/valid/valid/images/rolled-in_scale_1.jpg,decode development image
data/NEU-CLS/valid/valid/images/rolled-in_scale_2.jpg,decode development image
data/NEU-CLS/valid/valid/images/rolled-in_scale_3.jpg,decode development image
data/NEU-CLS/valid/valid/images/rolled-in_scale_4.jpg,decode development image
data/NEU-CLS/valid/valid/images/rolled-in_scale_5.jpg,decode development image
data/NEU-CLS/valid/valid/images/scratches_2.jpg,decode development image
data/NEU-CLS/valid/valid/images/scratches_4.jpg,decode development image
data/NEU-CLS/valid/valid/images/scratches_5.jpg,decode development image
