path,class_name,brightness,contrast,sharpness
data/NEU-CLS/train/train/images/crazing_10.jpg,crazing,136.991575,35.71735578145974,1723.509707339795
data/NEU-CLS/train/train/images/crazing_101.jpg,crazing,151.46185,24.196086348364275,2158.311945379489
data/NEU-CLS/train/train/images/crazing_103.jpg,crazing,144.80145,31.918332160335385,1925.0945557383689
data/NEU-CLS/train/train/images/crazing_104.jpg,crazing,94.367975,33.05039136529816,1018.7282939109856
data/NEU-CLS/train/train/images/crazing_105.jpg,crazing,132.171725,22.00145757726917,1741.4054863266608
data/NEU-CLS/train/train/images/crazing_106.jpg,crazing,91.28315,28.274609211755696,961.3171965991197
data/NEU-CLS/train/train/images/crazing_107.jpg,crazing,131.622075,23.308563827365575,1694.1653673014944
data/NEU-CLS/train/train/images/crazing_108.jpg,crazing,125.5746,25.063646678805544,1585.2743830234106
data/NEU-CLS/train/train/images/crazing_109.jpg,crazing,135.00905,21.85584860163293,1805.045895154067
data/NEU-CLS/train/train/images/crazing_11.jpg,crazing,162.49345,26.03688359035121,2317.604040844392
data/NEU-CLS/train/train/images/crazing_110.jpg,crazing,90.27025,30.343832403595627,986.4166255489653
data/NEU-CLS/train/train/images/crazing_113.jpg,crazing,144.515975,27.265103975583425,1968.9798243072025
data/NEU-CLS/train/train/images/crazing_114.jpg,crazing,135.77415,25.451682494041528,1799.095646194179
data/NEU-CLS/train/train/images/crazing_115.jpg,crazing,136.412275,21.399101717697754,1825.015042761707
data/NEU-CLS/train/train/images/crazing_116.jpg,crazing,89.20995,31.045292251765,957.1153197690256
data/NEU-CLS/train/train/images/crazing_117.jpg,crazing,138.1832,22.73610647758318,1957.6711172681219
data/NEU-CLS/train/train/images/crazing_12.jpg,crazing,165.210725,26.44919696275059,2394.3118917675915
data/NEU-CLS/train/train/images/crazing_120.jpg,crazing,145.153225,24.623571980916477,2050.548515392543
data/NEU-CLS/train/train/images/crazing_121.jpg,crazing,104.735625,35.12158425896211,1219.796204282459
data/NEU-CLS/train/train/images/crazing_122.jpg,crazing,151.035325,24.770576843189886,2198.3835388269777
data/NEU-CLS/train/train/images/crazing_123.jpg,crazing,95.40465,35.15077393710556,1057.1858575561594
data/NEU-CLS/train/train/images/crazing_124.jpg,crazing,137.861075,26.74228907263503,1881.8001707261672
data/NEU-CLS/train/train/images/crazing_125.jpg,crazing,96.998375,34.85265588673803,1077.6396159192875
data/NEU-CLS/train/train/images/crazing_126.jpg,crazing,151.347025,28.436323578292868,2223.640106444826
data/NEU-CLS/train/train/images/crazing_127.jpg,crazing,121.80515,29.672158389262822,1447.6171530859003
data/NEU-CLS/train/train/images/crazing_128.jpg,crazing,131.7829,24.685015041316056,1634.424727015965
data/NEU-CLS/train/train/images/crazing_129.jpg,crazing,121.9473,23.94612437765243,1398.6075324578953
data/NEU-CLS/train/train/images/crazing_13.jpg,crazing,167.731825,27.51229192868844,2466.3855658341477
data/NEU-CLS/train/train/images/crazing_131.jpg,crazing,147.5658,23.90203904188929,1959.034834312788
data/NEU-CLS/train/train/images/crazing_132.jpg,crazing,154.141725,23.087333952285938,2070.0321343594796
data/NEU-CLS/train/train/images/crazing_133.jpg,crazing,151.330725,24.36187381903073,2050.97216956481
data/NEU-CLS/train/train/images/crazing_134.jpg,crazing,152.0507,22.931574946130496,2006.5155115468367
data/NEU-CLS/train/train/images/crazing_135.jpg,crazing,148.947275,24.622914024834163,2035.0254321708826
data/NEU-CLS/train/train/images/crazing_136.jpg,crazing,124.020975,25.78116240686938,1502.1627253766128
data/NEU-CLS/train/train/images/crazing_137.jpg,crazing,133.88,22.819874013675012,1823.9141785915808
data/NEU-CLS/train/train/images/crazing_138.jpg,crazing,128.826475,28.025078306302287,1746.4768449141018
data/NEU-CLS/train/train/images/crazing_14.jpg,crazing,149.913675,32.85413251014817,2023.0658348195718
data/NEU-CLS/train/train/images/crazing_140.jpg,crazing,96.716325,33.32594039925017,1061.9288331262171
data/NEU-CLS/train/train/images/crazing_141.jpg,crazing,134.488125,21.80765482541337,1746.0928743681748
data/NEU-CLS/train/train/images/crazing_146.jpg,crazing,130.699675,23.754099222963077,1843.6102304254573
data/NEU-CLS/train/train/images/crazing_15.jpg,crazing,154.013725,25.040858344401357,2141.885513866412
data/NEU-CLS/train/train/images/crazing_150.jpg,crazing,144.66545,24.71301532184003,2046.860181729128
data/NEU-CLS/train/train/images/crazing_151.jpg,crazing,70.072775,20.751664482623436,781.8768217160043
data/NEU-CLS/train/train/images/crazing_153.jpg,crazing,119.03345,32.8089451384451,1449.4962831331143
data/NEU-CLS/train/train/images/crazing_154.jpg,crazing,128.093175,31.373201038774717,1630.6336442205293
data/NEU-CLS/train/train/images/crazing_155.jpg,crazing,147.62015,24.75308594857417,2047.49131962093
data/NEU-CLS/train/train/images/crazing_156.jpg,crazing,143.35315,26.811371376292932,1964.2641935526049
data/NEU-CLS/train/train/images/crazing_157.jpg,crazing,146.28465,25.635547085589963,2030.4263195018893
data/NEU-CLS/train/train/images/crazing_158.jpg,crazing,155.225225,24.953898466960528,2240.7958305717666
data/NEU-CLS/train/train/images/crazing_159.jpg,crazing,146.9585,24.364228445612635,2131.9408839277553
data/NEU-CLS/train/train/images/crazing_16.jpg,crazing,152.1325,31.477128105181386,2066.142651271787
data/NEU-CLS/train/train/images/crazing_160.jpg,crazing,147.415775,23.184104600984163,2085.2044096300174
data/NEU-CLS/train/train/images/crazing_161.jpg,crazing,148.514825,23.1594792734935,2071.1849137261142
data/NEU-CLS/train/train/images/crazing_162.jpg,crazing,149.30055,25.592476818344487,2073.2990788161824
data/NEU-CLS/train/train/images/crazing_163.jpg,crazing,135.479175,24.545513160644553,1903.1416869251827
data/NEU-CLS/train/train/images/crazing_165.jpg,crazing,135.957825,24.63965901284705,1864.5583358053664
data/NEU-CLS/train/train/images/crazing_166.jpg,crazing,86.632525,19.607157803322107,989.2619488778378
data/NEU-CLS/train/train/images/crazing_167.jpg,crazing,145.718975,24.507826299967427,2148.0266853206062
data/NEU-CLS/train/train/images/crazing_168.jpg,crazing,146.16835,25.41303815519703,2180.8924616603394
data/NEU-CLS/train/train/images/crazing_169.jpg,crazing,144.027375,25.31559451423914,2207.8067276397232
data/NEU-CLS/train/train/images/crazing_17.jpg,crazing,156.82035,25.220578420755935,2254.124794183769
data/NEU-CLS/train/train/images/crazing_170.jpg,crazing,143.507575,25.947043041922427,2089.9994715227635
data/NEU-CLS/train/train/images/crazing_171.jpg,crazing,68.44455,19.66264288689341,740.7998574994082
data/NEU-CLS/train/train/images/crazing_173.jpg,crazing,80.204075,23.920312046342016,973.8444973475374
data/NEU-CLS/train/train/images/crazing_174.jpg,crazing,99.22305,26.37105228650347,1237.0646107540047
data/NEU-CLS/train/train/images/crazing_175.jpg,crazing,148.56625,28.672765142858125,2188.5440057021215
data/NEU-CLS/train/train/images/crazing_176.jpg,crazing,90.5431,21.734195232168137,1152.8063244317193
data/NEU-CLS/train/train/images/crazing_177.jpg,crazing,150.41725,28.48705850798745,2239.2867272755743
data/NEU-CLS/train/train/images/crazing_178.jpg,crazing,161.9283,27.5669278141399,2412.6618613602977
data/NEU-CLS/train/train/images/crazing_180.jpg,crazing,139.286475,28.087393205393322,1967.7479547482972
data/NEU-CLS/train/train/images/crazing_181.jpg,crazing,124.946025,34.3809032996426,1699.9718386472114
data/NEU-CLS/train/train/images/crazing_183.jpg,crazing,83.800275,23.71793171683347,1133.064410664687
data/NEU-CLS/train/train/images/crazing_184.jpg,crazing,118.459775,29.755757962945175,1638.7247419937753
data/NEU-CLS/train/train/images/crazing_186.jpg,crazing,155.427225,26.59923314306965,2267.1518341949754
data/NEU-CLS/train/train/images/crazing_187.jpg,crazing,136.68235,34.25142987493369,1732.5234335835678
data/NEU-CLS/train/train/images/crazing_188.jpg,crazing,155.231575,28.620716238755712,2362.337898475005
data/NEU-CLS/train/train/images/crazing_189.jpg,crazing,162.2434,27.839765739675325,2413.990926297414
data/NEU-CLS/train/train/images/crazing_190.jpg,crazing,170.0032,29.848265272206355,2682.1723251295566
data/NEU-CLS/train/train/images/crazing_191.jpg,crazing,169.6202,29.531936136325367,2656.607555269254
data/NEU-CLS/train/train/images/crazing_193.jpg,crazing,104.27765,28.367241855307327,1365.57840621457
data/NEU-CLS/train/train/images/crazing_194.jpg,crazing,105.06165,28.835140007939966,1361.1642955814484
data/NEU-CLS/train/train/images/crazing_196.jpg,crazing,167.27255,29.65039150664793,2487.5559997251084
data/NEU-CLS/train/train/images/crazing_197.jpg,crazing,174.15915,28.47569176117588,2672.4917481615134
data/NEU-CLS/train/train/images/crazing_198.jpg,crazing,164.72555,34.41009266476189,2449.8650498220372
data/NEU-CLS/train/train/images/crazing_199.jpg,crazing,164.409625,29.91123672400349,2448.4922746217735
data/NEU-CLS/train/train/images/crazing_20.jpg,crazing,137.0305,35.52311176895965,1703.332856272092
data/NEU-CLS/train/train/images/crazing_200.jpg,crazing,156.1273,34.49017751056089,2309.527925659924
data/NEU-CLS/train/train/images/crazing_201.jpg,crazing,152.60195,35.692551130417954,2247.831651275415
data/NEU-CLS/train/train/images/crazing_202.jpg,crazing,161.5008,29.236237777114894,2453.0305779221385
data/NEU-CLS/train/train/images/crazing_203.jpg,crazing,149.25715,35.472140813284724,2189.272809908923
data/NEU-CLS/train/train/images/crazing_204.jpg,crazing,93.79845,21.852685821141073,1133.6146587757532
data/NEU-CLS/train/train/images/crazing_205.jpg,crazing,121.047125,32.25060006006671,1596.920772611657
data/NEU-CLS/train/train/images/crazing_206.jpg,crazing,159.089625,28.03770483401548,2275.0077336283125
data/NEU-CLS/train/train/images/crazing_207.jpg,crazing,159.123275,27.764256306884487,2267.365496871963
data/NEU-CLS/train/train/images/crazing_208.jpg,crazing,157.6113,30.774360469553223,2242.676997245179
data/NEU-CLS/train/train/images/crazing_209.jpg,crazing,157.6695,27.047184137170362,2276.0489781781416
data/NEU-CLS/train/train/images/crazing_210.jpg,crazing,103.71425,24.11884526542471,1266.2661567946757
data/NEU-CLS/train/train/images/crazing_211.jpg,crazing,103.47245,27.66923907514444,1229.8578214477486
data/NEU-CLS/train/train/images/crazing_212.jpg,crazing,161.61505,26.169149078590614,2421.81788153586
data/NEU-CLS/train/train/images/crazing_213.jpg,crazing,100.5329,26.46123991029143,1188.4507091195132
data/NEU-CLS/train/train/images/crazing_214.jpg,crazing,161.267175,27.154499489391718,2394.5742136039844
data/NEU-CLS/train/train/images/crazing_215.jpg,crazing,151.821975,25.75484579840025,2190.7035823077176
data/NEU-CLS/train/train/images/crazing_216.jpg,crazing,150.448825,26.269705577325663,2205.420215369076
data/NEU-CLS/train/train/images/crazing_217.jpg,crazing,149.27985,28.85096504412807,2119.4279776540766
data/NEU-CLS/train/train/images/crazing_219.jpg,crazing,93.550725,23.79576069333307,1146.9645389916568
data/NEU-CLS/train/train/images/crazing_22.jpg,crazing,148.7048,25.82322901885045,2076.5163200162574
data/NEU-CLS/train/train/images/crazing_220.jpg,crazing,156.5736,26.41585665921134,2386.6115809990715
data/NEU-CLS/train/train/images/crazing_222.jpg,crazing,156.54925,29.111061891272534,2289.440803550574
data/NEU-CLS/train/train/images/crazing_223.jpg,crazing,79.8854,24.80734401019182,930.9246036426906
data/NEU-CLS/train/train/images/crazing_224.jpg,crazing,157.20305,28.196245684443525,2512.576078858062
data/NEU-CLS/train/train/images/crazing_225.jpg,crazing,161.224875,28.761792472555932,2493.669214961527
data/NEU-CLS/train/train/images/crazing_226.jpg,crazing,158.88145,26.46842450727848,2480.385183909805
data/NEU-CLS/train/train/images/crazing_227.jpg,crazing,156.156775,28.072775007102077,2422.018400812299
data/NEU-CLS/train/train/images/crazing_228.jpg,crazing,172.3737,27.098157655272434,2502.380545631248
data/NEU-CLS/train/train/images/crazing_229.jpg,crazing,172.1142,28.852353601742788,2577.048745020162
data/NEU-CLS/train/train/images/crazing_23.jpg,crazing,125.89375,37.757353733246454,1501.6433119807305
data/NEU-CLS/train/train/images/crazing_230.jpg,crazing,78.0218,25.498071981230268,889.3899486970595
data/NEU-CLS/train/train/images/crazing_232.jpg,crazing,157.388875,28.640467894822788,2203.4200988561256
data/NEU-CLS/train/train/images/crazing_233.jpg,crazing,168.552725,28.518427727951185,2481.688228941321
data/NEU-CLS/train/train/images/crazing_234.jpg,crazing,154.031075,31.365910784550394,2158.5172947385813
data/NEU-CLS/train/train/images/crazing_236.jpg,crazing,166.31725,31.073641602449815,2520.0001005313356
data/NEU-CLS/train/train/images/crazing_238.jpg,crazing,148.9038,29.062350138280284,2011.9625526994432
data/NEU-CLS/train/train/images/crazing_239.jpg,crazing,180.345,30.503196963597112,2649.244558776587
data/NEU-CLS/train/train/images/crazing_24.jpg,crazing,149.689825,27.841874334702663,2000.0971175150937
data/NEU-CLS/train/train/images/crazing_240.jpg,crazing,183.593225,30.470879690277652,2727.2648143332126
data/NEU-CLS/train/train/images/crazing_241.jpg,crazing,180.97255,29.73650360243282,2731.2905393724
data/NEU-CLS/train/train/images/crazing_242.jpg,crazing,171.831775,31.44542932366125,2561.704056257609
data/NEU-CLS/train/train/images/crazing_243.jpg,crazing,175.13515,28.34135202275114,2558.6276071014495
data/NEU-CLS/train/train/images/crazing_244.jpg,crazing,172.8329,31.93294188749292,2536.2949031059115
data/NEU-CLS/train/train/images/crazing_247.jpg,crazing,172.068975,29.712586010803147,2526.8286384356315
data/NEU-CLS/train/train/images/crazing_248.jpg,crazing,169.9534,30.073736522753535,2576.0144320321506
data/NEU-CLS/train/train/images/crazing_249.jpg,crazing,169.0584,28.992596286638424,2598.1165212418487
data/NEU-CLS/train/train/images/crazing_25.jpg,crazing,155.282525,24.362959685234774,2218.862766963294
data/NEU-CLS/train/train/images/crazing_251.jpg,crazing,147.07545,36.5975915505037,2045.109855645767
data/NEU-CLS/train/train/images/crazing_252.jpg,crazing,172.6056,28.002696274466143,2695.8135123786324
data/NEU-CLS/train/train/images/crazing_254.jpg,crazing,171.068475,30.020653493459715,2569.720580524663
data/NEU-CLS/train/train/images/crazing_255.jpg,crazing,176.15455,28.69984258314843,2620.162381389654
data/NEU-CLS/train/train/images/crazing_256.jpg,crazing,178.2763,27.359234424778776,2644.825362601574
data/NEU-CLS/train/train/images/crazing_257.jpg,crazing,170.217175,28.291480343371482,2433.5334227516464
data/NEU-CLS/train/train/images/crazing_259.jpg,crazing,180.737075,30.47766551828363,2704.5036928551003
data/NEU-CLS/train/train/images/crazing_26.jpg,crazing,159.605625,27.005407668823942,2343.9658885424687
data/NEU-CLS/train/train/images/crazing_260.jpg,crazing,170.30515,30.530301889720974,2617.737436687875
data/NEU-CLS/train/train/images/crazing_261.jpg,crazing,169.89745,29.866352865683147,2620.047947253081
data/NEU-CLS/train/train/images/crazing_262.jpg,crazing,125.8113,33.74096904817643,1662.1691321646233
data/NEU-CLS/train/train/images/crazing_263.jpg,crazing,156.363475,30.305149082695092,2176.9020937760038
data/NEU-CLS/train/train/images/crazing_264.jpg,crazing,179.963425,28.84055542581271,2783.6314041659407
data/NEU-CLS/train/train/images/crazing_265.jpg,crazing,167.6255,29.950254585729322,2502.616408819458
data/NEU-CLS/train/train/images/crazing_266.jpg,crazing,175.024825,31.835903610850675,2597.666603453308
data/NEU-CLS/train/train/images/crazing_267.jpg,crazing,151.5541,35.562107968876084,2086.3294485889023
data/NEU-CLS/train/train/images/crazing_268.jpg,crazing,181.205275,34.43455513251732,2699.1913316263667
data/NEU-CLS/train/train/images/crazing_269.jpg,crazing,85.60435,28.26272564841367,1037.7884527355834
data/NEU-CLS/train/train/images/crazing_274.jpg,crazing,163.099275,36.055920727036984,2255.7267319198004
data/NEU-CLS/train/train/images/crazing_275.jpg,crazing,174.249175,28.542151054525917,2587.77198238883
data/NEU-CLS/train/train/images/crazing_276.jpg,crazing,109.8985,36.34656445594274,1292.017082948195
data/NEU-CLS/train/train/images/crazing_277.jpg,crazing,179.0027,31.686202718375707,2681.451151953957
data/NEU-CLS/train/train/images/crazing_278.jpg,crazing,175.70095,30.845078523120993,2619.6844219376885
data/NEU-CLS/train/train/images/crazing_279.jpg,crazing,177.515875,28.191449022431875,2744.7384976229496
data/NEU-CLS/train/train/images/crazing_28.jpg,crazing,105.918175,35.47639397781819,1214.9077341576713
data/NEU-CLS/train/train/images/crazing_280.jpg,crazing,103.0653,27.154262757622423,1279.0541768041228
data/NEU-CLS/train/train/images/crazing_281.jpg,crazing,179.33125,29.822785306498453,2667.1999741773598
data/NEU-CLS/train/train/images/crazing_283.jpg,crazing,140.895625,33.88934538847534,1994.3254750948838
data/NEU-CLS/train/train/images/crazing_284.jpg,crazing,156.465425,33.18919861294297,2184.2790212733394
data/NEU-CLS/train/train/images/crazing_285.jpg,crazing,167.30335,28.486602619082184,2482.387125766715
data/NEU-CLS/train/train/images/crazing_287.jpg,crazing,140.4839,28.097691022395416,1866.9790721153424
data/NEU-CLS/train/train/images/crazing_288.jpg,crazing,173.66825,26.195428836678737,2539.8068536090423
data/NEU-CLS/train/train/images/crazing_289.jpg,crazing,160.188475,30.755973438900856,2273.490591764872
data/NEU-CLS/train/train/images/crazing_29.jpg,crazing,102.45175,33.190942618996225,1136.3891984909453
data/NEU-CLS/train/train/images/crazing_290.jpg,crazing,165.3658,26.910583240799518,2282.71641523891
data/NEU-CLS/train/train/images/crazing_291.jpg,crazing,169.687075,27.3620705163987,2394.0815317740853
data/NEU-CLS/train/train/images/crazing_292.jpg,crazing,165.86945,28.86613858307862,2414.3371592913445
data/NEU-CLS/train/train/images/crazing_293.jpg,crazing,157.7594,28.292462982921798,2353.4184787343643
data/NEU-CLS/train/train/images/crazing_295.jpg,crazing,162.631675,29.880894593274395,2361.2754311480794
data/NEU-CLS/train/train/images/crazing_296.jpg,crazing,170.6442,32.16229712505001,2514.003144810585
data/NEU-CLS/train/train/images/crazing_298.jpg,crazing,167.4207,29.57470306714845,2491.254941494604
data/NEU-CLS/train/train/images/crazing_299.jpg,crazing,167.7538,29.046476301954424,2537.5684119715165
data/NEU-CLS/train/train/images/crazing_300.jpg,crazing,174.14785,30.42253836183792,2604.985059329858
data/NEU-CLS/train/train/images/crazing_31.jpg,crazing,157.4603,29.120002986091883,2273.5687595369827
data/NEU-CLS/train/train/images/crazing_32.jpg,crazing,125.451575,35.23997736973415,1543.719530690118
data/NEU-CLS/train/train/images/crazing_33.jpg,crazing,166.474075,27.146951539618126,2506.616271440556
data/NEU-CLS/train/train/images/crazing_34.jpg,crazing,117.802325,35.479261542404956,1444.295961370769
data/NEU-CLS/train/train/images/crazing_35.jpg,crazing,135.590775,32.58902284357994,1712.1726653616852
data/NEU-CLS/train/train/images/crazing_37.jpg,crazing,108.42245,38.34531504626739,1300.4963127182623
data/NEU-CLS/train/train/images/crazing_38.jpg,crazing,115.882525,39.71583971949195,1399.0346323945275
data/NEU-CLS/train/train/images/crazing_39.jpg,crazing,111.16885,37.676318021769326,1345.3112939297707
data/NEU-CLS/train/train/images/crazing_40.jpg,crazing,149.29145,34.541093742056,2117.727779506392
data/NEU-CLS/train/train/images/crazing_41.jpg,crazing,170.9374,28.567514439306755,2654.650885625686
data/NEU-CLS/train/train/images/crazing_42.jpg,crazing,156.745825,28.04891655785255,2380.3597721604892
data/NEU-CLS/train/train/images/crazing_43.jpg,crazing,103.036125,35.988551929528576,1177.4739547709291
data/NEU-CLS/train/train/images/crazing_45.jpg,crazing,110.408125,42.99185282102151,1334.4810346182887
data/NEU-CLS/train/train/images/crazing_46.jpg,crazing,165.53215,28.278309114540424,2589.784226188385
data/NEU-CLS/train/train/images/crazing_47.jpg,crazing,169.8585,27.276829503261553,2463.363066886464
data/NEU-CLS/train/train/images/crazing_48.jpg,crazing,180.147175,28.25961189612085,2753.432414811404
data/NEU-CLS/train/train/images/crazing_49.jpg,crazing,176.860075,30.53534339080494,2748.1389934307554
data/NEU-CLS/train/train/images/crazing_51.jpg,crazing,110.0431,22.153131661009013,1400.3292397081682
data/NEU-CLS/train/train/images/crazing_53.jpg,crazing,60.22495,23.0722863517576,670.7152112071286
data/NEU-CLS/train/train/images/crazing_54.jpg,crazing,110.226075,18.99982408061651,1397.9218484281182
data/NEU-CLS/train/train/images/crazing_55.jpg,crazing,121.558425,39.86831055511852,1403.8753656961371
data/NEU-CLS/train/train/images/crazing_56.jpg,crazing,145.13755,37.041893580073626,1879.3776138648284
data/NEU-CLS/train/train/images/crazing_57.jpg,crazing,115.8,40.56397046641268,1293.944008035048
data/NEU-CLS/train/train/images/crazing_58.jpg,crazing,164.745875,31.076971304880644,2438.6232383235433
data/NEU-CLS/train/train/images/crazing_59.jpg,crazing,103.7586,34.62060406809795,1217.6704642015688
data/NEU-CLS/train/train/images/crazing_6.jpg,crazing,173.86375,29.819392782843515,2578.308236193382
data/NEU-CLS/train/train/images/crazing_61.jpg,crazing,139.661625,38.578498251738296,1716.24870880944
data/NEU-CLS/train/train/images/crazing_62.jpg,crazing,174.5005,31.137337711339416,2526.790791314941
data/NEU-CLS/train/train/images/crazing_63.jpg,crazing,116.4257,31.71715512951942,1355.1025134801464
data/NEU-CLS/train/train/images/crazing_66.jpg,crazing,98.075475,24.44691347643655,1292.0061857917515
data/NEU-CLS/train/train/images/crazing_67.jpg,crazing,111.970475,22.543604487179397,1337.3709516553167
data/NEU-CLS/train/train/images/crazing_68.jpg,crazing,119.1422,51.54404940592075,1439.0030787832181
data/NEU-CLS/train/train/images/crazing_69.jpg,crazing,155.6989,28.262987966419967,2320.160311005118
data/NEU-CLS/train/train/images/crazing_7.jpg,crazing,172.936375,28.89855319664594,2654.261985990214
data/NEU-CLS/train/train/images/crazing_70.jpg,crazing,153.31905,26.585160467777882,2351.396625684506
data/NEU-CLS/train/train/images/crazing_72.jpg,crazing,86.1622,21.18193903210941,998.5531367603744
data/NEU-CLS/train/train/images/crazing_74.jpg,crazing,100.801525,36.26375852934132,1160.8617067718978
data/NEU-CLS/train/train/images/crazing_75.jpg,crazing,107.48725,34.566460441264454,1229.6685979337974
data/NEU-CLS/train/train/images/crazing_76.jpg,crazing,90.116175,23.323726725576574,1149.564594498472
data/NEU-CLS/train/train/images/crazing_78.jpg,crazing,151.8286,24.620181194296684,2075.1755203782286
data/NEU-CLS/train/train/images/crazing_79.jpg,crazing,152.440325,24.775094124833817,2083.3449884794704
data/NEU-CLS/train/train/images/crazing_8.jpg,crazing,120.4321,30.130775622111024,1529.5744490203274
data/NEU-CLS/train/train/images/crazing_80.jpg,crazing,105.68875,36.728495387607424,1170.6994065506008
data/NEU-CLS/train/train/images/crazing_81.jpg,crazing,170.969675,27.015771419568512,2682.753355145495
data/NEU-CLS/train/train/images/crazing_83.jpg,crazing,172.513925,28.818627762167562,2700.641599398794
data/NEU-CLS/train/train/images/crazing_84.jpg,crazing,168.943,28.539661017608463,2554.5135127513176
data/NEU-CLS/train/train/images/crazing_85.jpg,crazing,112.431425,42.05126867847598,1256.4014656191162
data/NEU-CLS/train/train/images/crazing_86.jpg,crazing,165.332875,26.44959298806647,2436.634612793676
data/NEU-CLS/train/train/images/crazing_87.jpg,crazing,115.941375,46.80933921889279,1324.780028481354
data/NEU-CLS/train/train/images/crazing_88.jpg,crazing,158.768575,26.14790464777962,2244.158307967441
data/NEU-CLS/train/train/images/crazing_89.jpg,crazing,77.17465,27.202836200982794,871.6373321359882
data/NEU-CLS/train/train/images/crazing_9.jpg,crazing,150.913625,31.994500533050594,2101.413132422729
data/NEU-CLS/train/train/images/crazing_90.jpg,crazing,97.245125,21.80890617922813,1203.8764607506541
data/NEU-CLS/train/train/images/crazing_92.jpg,crazing,157.435675,28.38980824687576,2450.6977844151156
data/NEU-CLS/train/train/images/crazing_93.jpg,crazing,150.91845,24.670140850783564,2160.5639562202637
data/NEU-CLS/train/train/images/crazing_94.jpg,crazing,97.904,36.7211340238833,1114.1295115544985
data/NEU-CLS/train/train/images/crazing_96.jpg,crazing,151.9221,24.56183282228751,2218.647127580589
data/NEU-CLS/train/train/images/crazing_97.jpg,crazing,155.954525,29.630450671975527,2289.419232317939
data/NEU-CLS/train/train/images/crazing_98.jpg,crazing,148.6297,32.054239624580084,2094.3732906582395
data/NEU-CLS/train/train/images/crazing_99.jpg,crazing,93.656825,34.00903638622204,1023.6691013966163
data/NEU-CLS/train/train/images/inclusion_10.jpg,inclusion,115.162325,14.071766967739872,34.369678385271456
data/NEU-CLS/train/train/images/inclusion_100.jpg,inclusion,94.844925,11.32659599104581,41.194801440904385
data/NEU-CLS/train/train/images/inclusion_101.jpg,inclusion,88.07675,11.229052027553351,35.334087901322846
data/NEU-CLS/train/train/images/inclusion_103.jpg,inclusion,79.646425,10.332202558959779,24.47084732321551
data/NEU-CLS/train/train/images/inclusion_105.jpg,inclusion,94.96745,11.196579410583395,37.77812388841798
data/NEU-CLS/train/train/images/inclusion_106.jpg,inclusion,80.142725,9.905332128423307,23.640240768332987
data/NEU-CLS/train/train/images/inclusion_107.jpg,inclusion,114.222825,14.084224295976508,60.840525435869765
data/NEU-CLS/train/train/images/inclusion_108.jpg,inclusion,77.9089,9.42644688045289,15.299354707396713
data/NEU-CLS/train/train/images/inclusion_109.jpg,inclusion,73.509875,10.526754128617947,14.401080059660044
data/NEU-CLS/train/train/images/inclusion_11.jpg,inclusion,82.50755,8.623890827086113,15.672518775608903
data/NEU-CLS/train/train/images/inclusion_111.jpg,inclusion,86.0028,12.27623077984444,19.882175465079225
data/NEU-CLS/train/train/images/inclusion_112.jpg,inclusion,75.104625,10.3455970639386,14.806819077746326
data/NEU-CLS/train/train/images/inclusion_113.jpg,inclusion,89.749825,12.528624723782535,22.344633569605392
data/NEU-CLS/train/train/images/inclusion_116.jpg,inclusion,105.278975,12.047389673675164,31.870675313860612
data/NEU-CLS/train/train/images/inclusion_118.jpg,inclusion,107.434425,10.355372997597671,32.68784295439662
data/NEU-CLS/train/train/images/inclusion_119.jpg,inclusion,108.556825,10.959823033214313,34.21005191089644
data/NEU-CLS/train/train/images/inclusion_12.jpg,inclusion,101.37105,10.416336779189697,25.273655641667716
data/NEU-CLS/train/train/images/inclusion_120.jpg,inclusion,111.78085,11.194640381785383,41.85085166551962
data/NEU-CLS/train/train/images/inclusion_121.jpg,inclusion,121.067125,11.509503431268223,45.14362173113232
data/NEU-CLS/train/train/images/inclusion_124.jpg,inclusion,116.208975,11.074753019791233,44.66188523609941
data/NEU-CLS/train/train/images/inclusion_125.jpg,inclusion,118.4859,8.890458435311421,39.800642285615986
data/NEU-CLS/train/train/images/inclusion_126.jpg,inclusion,109.50095,10.494631918152251,33.65877030865452
data/NEU-CLS/train/train/images/inclusion_127.jpg,inclusion,87.71665,9.923578627566771,19.9677217188056
data/NEU-CLS/train/train/images/inclusion_128.jpg,inclusion,81.448925,10.047763002000744,16.360853393509306
data/NEU-CLS/train/train/images/inclusion_129.jpg,inclusion,72.078825,9.624290187820346,12.898836267808358
data/NEU-CLS/train/train/images/inclusion_13.jpg,inclusion,97.687425,10.17786430786808,25.636449424248596
data/NEU-CLS/train/train/images/inclusion_133.jpg,inclusion,75.846225,9.346728210950342,19.678312131314183
data/NEU-CLS/train/train/images/inclusion_135.jpg,inclusion,96.002575,10.793573012185306,50.65347130358683
data/NEU-CLS/train/train/images/inclusion_136.jpg,inclusion,107.172775,9.951468424276639,40.46601683781718
data/NEU-CLS/train/train/images/inclusion_137.jpg,inclusion,122.19885,11.376120106499405,57.99920478211751
data/NEU-CLS/train/train/images/inclusion_138.jpg,inclusion,80.779525,12.538070655981128,21.654596870410696
data/NEU-CLS/train/train/images/inclusion_139.jpg,inclusion,74.87,8.72305852324745,18.976199715710873
data/NEU-CLS/train/train/images/inclusion_14.jpg,inclusion,86.981275,9.374293273328663,18.093735509972603
data/NEU-CLS/train/train/images/inclusion_141.jpg,inclusion,93.561475,13.092937822520009,28.76436075608933
data/NEU-CLS/train/train/images/inclusion_142.jpg,inclusion,101.795825,8.809023076901036,25.156438086678083
data/NEU-CLS/train/train/images/inclusion_145.jpg,inclusion,88.275675,10.990974856416287,20.955463517384377
data/NEU-CLS/train/train/images/inclusion_146.jpg,inclusion,100.089825,11.530095683444044,27.667177585793844
data/NEU-CLS/train/train/images/inclusion_147.jpg,inclusion,108.341775,12.794042162247825,27.6725376070165
data/NEU-CLS/train/train/images/inclusion_149.jpg,inclusion,106.04305,9.029016928630712,37.64186700804119
data/NEU-CLS/train/train/images/inclusion_15.jpg,inclusion,106.905825,10.138197870892785,33.80435539376746
data/NEU-CLS/train/train/images/inclusion_152.jpg,inclusion,106.86785,16.632233355069907,40.02926180369519
data/NEU-CLS/train/train/images/inclusion_154.jpg,inclusion,113.095225,13.070738586605387,37.149378865835594
data/NEU-CLS/train/train/images/inclusion_155.jpg,inclusion,98.5357,12.185313927429199,26.896763835064235
data/NEU-CLS/train/train/images/inclusion_156.jpg,inclusion,77.221075,10.684713418916532,15.850378445643347
data/NEU-CLS/train/train/images/inclusion_157.jpg,inclusion,122.336375,7.707491606182585,40.284313392057506
data/NEU-CLS/train/train/images/inclusion_159.jpg,inclusion,72.012575,9.277985604072416,15.683423843156499
data/NEU-CLS/train/train/images/inclusion_16.jpg,inclusion,113.470125,11.120135227791748,66.0973448004172
data/NEU-CLS/train/train/images/inclusion_160.jpg,inclusion,84.1453,10.667250719374698,28.461884795747796
data/NEU-CLS/train/train/images/inclusion_161.jpg,inclusion,90.3253,11.105907432983583,40.62482960969201
data/NEU-CLS/train/train/images/inclusion_162.jpg,inclusion,118.334275,14.279896190952334,50.34246142337714
data/NEU-CLS/train/train/images/inclusion_163.jpg,inclusion,113.3917,14.413733767140283,48.90927340256181
data/NEU-CLS/train/train/images/inclusion_164.jpg,inclusion,117.89765,16.4505144137653,41.63559796849458
data/NEU-CLS/train/train/images/inclusion_165.jpg,inclusion,95.7743,15.314754634338742,27.907022211007313
data/NEU-CLS/train/train/images/inclusion_166.jpg,inclusion,99.286425,12.81102984616674,28.644172248721915
data/NEU-CLS/train/train/images/inclusion_167.jpg,inclusion,79.819275,11.312511369027437,16.623201399202145
data/NEU-CLS/train/train/images/inclusion_168.jpg,inclusion,93.081275,13.209671433248255,29.938319504887385
data/NEU-CLS/train/train/images/inclusion_169.jpg,inclusion,69.242725,8.4355770149039,11.520099966374003
data/NEU-CLS/train/train/images/inclusion_17.jpg,inclusion,113.232025,7.865646152693051,40.650746287062965
data/NEU-CLS/train/train/images/inclusion_170.jpg,inclusion,85.017225,11.290145185044123,18.868938756574682
data/NEU-CLS/train/train/images/inclusion_171.jpg,inclusion,94.56105,11.095675864835815,24.57537425319412
data/NEU-CLS/train/train/images/inclusion_172.jpg,inclusion,104.517575,8.513644408793159,31.59038851501684
data/NEU-CLS/train/train/images/inclusion_173.jpg,inclusion,114.982675,10.064687021680058,36.8573346171821
data/NEU-CLS/train/train/images/inclusion_174.jpg,inclusion,106.9575,7.762196451391835,37.94244742061234
data/NEU-CLS/train/train/images/inclusion_175.jpg,inclusion,111.368725,10.020834140647924,39.949367405632884
data/NEU-CLS/train/train/images/inclusion_176.jpg,inclusion,104.57925,10.532735610348338,33.381440645896504
data/NEU-CLS/train/train/images/inclusion_177.jpg,inclusion,129.260375,7.2996424473651444,55.01611779545077
data/NEU-CLS/train/train/images/inclusion_178.jpg,inclusion,116.956525,9.074667207362207,35.85005584905042
data/NEU-CLS/train/train/images/inclusion_179.jpg,inclusion,80.706975,9.982725647305701,15.027598909660265
data/NEU-CLS/train/train/images/inclusion_18.jpg,inclusion,119.7652,8.081585176189137,52.03622028369657
data/NEU-CLS/train/train/images/inclusion_180.jpg,inclusion,126.562425,8.597671377726355,63.40259848674574
data/NEU-CLS/train/train/images/inclusion_181.jpg,inclusion,86.67095,10.053356459287615,28.093432651125624
data/NEU-CLS/train/train/images/inclusion_182.jpg,inclusion,80.2685,11.027760776785104,24.682555481231912
data/NEU-CLS/train/train/images/inclusion_183.jpg,inclusion,82.84555,11.182709653634936,28.817671080582564
data/NEU-CLS/train/train/images/inclusion_184.jpg,inclusion,79.7308,12.328768444577097,16.200206579949253
data/NEU-CLS/train/train/images/inclusion_186.jpg,inclusion,96.34095,13.17263652795066,24.371673769496503
data/NEU-CLS/train/train/images/inclusion_188.jpg,inclusion,107.18845,13.843151252424427,32.185763120648396
data/NEU-CLS/train/train/images/inclusion_19.jpg,inclusion,114.733625,11.374303027411173,74.91730723511958
data/NEU-CLS/train/train/images/inclusion_190.jpg,inclusion,96.9356,15.351666119350043,31.937683836387166
data/NEU-CLS/train/train/images/inclusion_191.jpg,inclusion,108.3802,11.475484650331769,37.113240837711786
data/NEU-CLS/train/train/images/inclusion_192.jpg,inclusion,82.909625,11.841830828017052,19.13188377898322
data/NEU-CLS/train/train/images/inclusion_194.jpg,inclusion,61.992175,9.0131938717291,9.81407480744689
data/NEU-CLS/train/train/images/inclusion_195.jpg,inclusion,80.51275,8.401049781872501,14.947145585166442
data/NEU-CLS/train/train/images/inclusion_196.jpg,inclusion,112.8692,11.79085626067929,47.65978268273256
data/NEU-CLS/train/train/images/inclusion_197.jpg,inclusion,82.03435,9.618480653278874,22.96217160206089
data/NEU-CLS/train/train/images/inclusion_198.jpg,inclusion,91.2391,10.64252936054207,34.34869494395984
data/NEU-CLS/train/train/images/inclusion_199.jpg,inclusion,99.781525,10.780718606585324,54.79593912481481
data/NEU-CLS/train/train/images/inclusion_20.jpg,inclusion,57.5774,11.172842487030772,10.479053105659892
data/NEU-CLS/train/train/images/inclusion_200.jpg,inclusion,82.586575,10.0540814980472,24.44250448999887
data/NEU-CLS/train/train/images/inclusion_201.jpg,inclusion,85.30035,9.218833433656343,24.909601318118114
data/NEU-CLS/train/train/images/inclusion_203.jpg,inclusion,74.8545,10.61865479945553,14.817634649424578
data/NEU-CLS/train/train/images/inclusion_205.jpg,inclusion,82.0379,10.885210773797631,16.286786853820058
data/NEU-CLS/train/train/images/inclusion_206.jpg,inclusion,108.246975,9.7739719842741,28.646908750953482
data/NEU-CLS/train/train/images/inclusion_207.jpg,inclusion,127.22935,5.971745856740724,48.31432418712628
data/NEU-CLS/train/train/images/inclusion_208.jpg,inclusion,108.88485,13.02900765513245,42.18801754912557
data/NEU-CLS/train/train/images/inclusion_209.jpg,inclusion,106.3484,15.379142285576267,39.3745103957646
data/NEU-CLS/train/train/images/inclusion_21.jpg,inclusion,61.50335,11.752620506827403,12.415977951022303
data/NEU-CLS/train/train/images/inclusion_210.jpg,inclusion,97.802975,12.709170159745875,24.350110828588594
data/NEU-CLS/train/train/images/inclusion_211.jpg,inclusion,104.469125,13.154328060922571,32.09668796927441
data/NEU-CLS/train/train/images/inclusion_212.jpg,inclusion,126.215275,9.090175007906888,68.94375550433007
data/NEU-CLS/train/train/images/inclusion_213.jpg,inclusion,99.808925,11.761344112998948,27.3475572056561
data/NEU-CLS/train/train/images/inclusion_216.jpg,inclusion,84.609925,9.550676232308108,22.805664729962807
data/NEU-CLS/train/train/images/inclusion_217.jpg,inclusion,72.976725,9.029719446050082,13.824045193566855
data/NEU-CLS/train/train/images/inclusion_218.jpg,inclusion,87.384,8.478543153160217,20.00846551507121
data/NEU-CLS/train/train/images/inclusion_219.jpg,inclusion,109.246225,7.361429769370553,35.729484985967204
data/NEU-CLS/train/train/images/inclusion_22.jpg,inclusion,72.861575,14.374554376375464,18.0505436749628
data/NEU-CLS/train/train/images/inclusion_220.jpg,inclusion,107.036725,12.228161197595288,38.55655602036074
data/NEU-CLS/train/train/images/inclusion_222.jpg,inclusion,122.683275,6.74215546204439,51.719532414958714
data/NEU-CLS/train/train/images/inclusion_223.jpg,inclusion,111.10225,8.822881895248287,34.657251441087084
data/NEU-CLS/train/train/images/inclusion_224.jpg,inclusion,69.234925,8.982245556895837,11.701540022922854
data/NEU-CLS/train/train/images/inclusion_225.jpg,inclusion,96.201675,12.803782729895683,45.17306501395421
data/NEU-CLS/train/train/images/inclusion_226.jpg,inclusion,87.96195,10.894427575485553,25.90299112514011
data/NEU-CLS/train/train/images/inclusion_227.jpg,inclusion,137.018325,35.566302017420576,32.83286868951287
data/NEU-CLS/train/train/images/inclusion_228.jpg,inclusion,137.298125,33.2117463630622,32.2529336311474
data/NEU-CLS/train/train/images/inclusion_229.jpg,inclusion,197.03515,22.479241857266892,71.59411654229127
data/NEU-CLS/train/train/images/inclusion_23.jpg,inclusion,79.551675,14.573157849085934,23.719390825780135
data/NEU-CLS/train/train/images/inclusion_230.jpg,inclusion,190.5771,23.373774953781002,72.89467848911323
data/NEU-CLS/train/train/images/inclusion_231.jpg,inclusion,182.047725,32.4713942928907,63.31173907007483
data/NEU-CLS/train/train/images/inclusion_233.jpg,inclusion,195.366475,24.58239656897543,78.88765515484495
data/NEU-CLS/train/train/images/inclusion_234.jpg,inclusion,215.889925,20.84643275225704,94.20576419204052
data/NEU-CLS/train/train/images/inclusion_235.jpg,inclusion,221.402775,20.69488094431507,102.00947495867696
data/NEU-CLS/train/train/images/inclusion_239.jpg,inclusion,178.0256,32.50791356946797,52.204601054792015
data/NEU-CLS/train/train/images/inclusion_240.jpg,inclusion,233.433925,18.386266181429416,143.06959865469355
data/NEU-CLS/train/train/images/inclusion_241.jpg,inclusion,196.4853,25.004199325513305,76.4385365569809
data/NEU-CLS/train/train/images/inclusion_243.jpg,inclusion,186.2989,26.395643746459378,71.21837558108845
data/NEU-CLS/train/train/images/inclusion_244.jpg,inclusion,177.89745,32.631103773815255,65.01838971502181
data/NEU-CLS/train/train/images/inclusion_246.jpg,inclusion,150.25445,36.51458208986514,40.41898748361447
data/NEU-CLS/train/train/images/inclusion_247.jpg,inclusion,161.77405,28.21351797627336,50.64646464646464
data/NEU-CLS/train/train/images/inclusion_248.jpg,inclusion,193.00125,25.153243298578815,68.57593025696099
data/NEU-CLS/train/train/images/inclusion_249.jpg,inclusion,159.9849,30.23005990715202,49.01413121630601
data/NEU-CLS/train/train/images/inclusion_25.jpg,inclusion,66.829575,10.307624863147426,14.79576016235483
data/NEU-CLS/train/train/images/inclusion_250.jpg,inclusion,178.8691,28.600298340926447,58.16026411235562
data/NEU-CLS/train/train/images/inclusion_251.jpg,inclusion,228.2341,15.704902011473996,88.36432708845001
data/NEU-CLS/train/train/images/inclusion_252.jpg,inclusion,127.47875,35.41150728841544,29.25789329676167
data/NEU-CLS/train/train/images/inclusion_254.jpg,inclusion,162.37855,27.72881172891294,50.358810726139694
data/NEU-CLS/train/train/images/inclusion_258.jpg,inclusion,102.345875,13.654116430013882,23.210615919459208
data/NEU-CLS/train/train/images/inclusion_26.jpg,inclusion,115.59545,7.559440409018381,44.93914953579185
data/NEU-CLS/train/train/images/inclusion_260.jpg,inclusion,142.9081,8.738366803356334,70.17838629425496
data/NEU-CLS/train/train/images/inclusion_261.jpg,inclusion,142.455625,9.392794092248323,71.85085446261118
data/NEU-CLS/train/train/images/inclusion_262.jpg,inclusion,103.318125,14.697291297527412,24.84592731912347
data/NEU-CLS/train/train/images/inclusion_264.jpg,inclusion,100.8343,15.071383264650926,24.589907917559433
data/NEU-CLS/train/train/images/inclusion_265.jpg,inclusion,75.265275,13.563869439594848,14.320604633653431
data/NEU-CLS/train/train/images/inclusion_266.jpg,inclusion,106.25835,16.723973967855247,24.33470959607671
data/NEU-CLS/train/train/images/inclusion_267.jpg,inclusion,119.8942,15.389124613180568,31.10549839781241
data/NEU-CLS/train/train/images/inclusion_268.jpg,inclusion,104.16965,16.155137538179613,20.888065797686373
data/NEU-CLS/train/train/images/inclusion_269.jpg,inclusion,49.893825,10.503987427133328,8.849397851964845
data/NEU-CLS/train/train/images/inclusion_270.jpg,inclusion,87.137575,15.29795078170194,18.487602462558637
data/NEU-CLS/train/train/images/inclusion_271.jpg,inclusion,59.788275,10.911697737949627,11.017752704906613
data/NEU-CLS/train/train/images/inclusion_274.jpg,inclusion,57.936575,10.615422849296912,10.188494136052054
data/NEU-CLS/train/train/images/inclusion_275.jpg,inclusion,88.577875,13.553594928445184,18.140089854214573
data/NEU-CLS/train/train/images/inclusion_276.jpg,inclusion,90.857725,12.909093028728819,18.940630725579425
data/NEU-CLS/train/train/images/inclusion_277.jpg,inclusion,137.24145,12.809420435659842,57.10353325067424
data/NEU-CLS/train/train/images/inclusion_278.jpg,inclusion,89.305025,12.730598365724017,17.93753188385094
data/NEU-CLS/train/train/images/inclusion_279.jpg,inclusion,126.0826,14.43612230621506,36.92702670865768
data/NEU-CLS/train/train/images/inclusion_28.jpg,inclusion,121.7526,7.526582440922308,81.39047224701672
data/NEU-CLS/train/train/images/inclusion_280.jpg,inclusion,122.7668,12.461583677847692,44.22129913646008
data/NEU-CLS/train/train/images/inclusion_281.jpg,inclusion,85.3056,11.5892497013396,18.18115481762203
data/NEU-CLS/train/train/images/inclusion_282.jpg,inclusion,108.032025,12.2766342862926,41.89218067853519
data/NEU-CLS/train/train/images/inclusion_283.jpg,inclusion,105.102125,16.551857765349936,57.23982711199789
data/NEU-CLS/train/train/images/inclusion_284.jpg,inclusion,82.092125,15.107105546211525,25.857363661650023
data/NEU-CLS/train/train/images/inclusion_285.jpg,inclusion,84.409975,13.590682304408965,21.75152061257781
data/NEU-CLS/train/train/images/inclusion_286.jpg,inclusion,97.108075,14.445950809634338,32.99632177513937
data/NEU-CLS/train/train/images/inclusion_287.jpg,inclusion,83.52115,10.687939589906936,19.945078495459292
data/NEU-CLS/train/train/images/inclusion_288.jpg,inclusion,68.28485,11.347894539406859,12.82259116595227
data/NEU-CLS/train/train/images/inclusion_289.jpg,inclusion,83.53005,13.908962829682881,20.921893965601626
data/NEU-CLS/train/train/images/inclusion_29.jpg,inclusion,115.234375,10.203094793217154,96.88009542377758
data/NEU-CLS/train/train/images/inclusion_290.jpg,inclusion,98.20095,16.557595510746722,37.96905386635949
data/NEU-CLS/train/train/images/inclusion_291.jpg,inclusion,118.562775,12.364946797272319,53.8971022714325
data/NEU-CLS/train/train/images/inclusion_292.jpg,inclusion,119.76545,10.440059209482483,57.90377957899284
data/NEU-CLS/train/train/images/inclusion_293.jpg,inclusion,92.917275,10.479681845093152,22.836394180421383
data/NEU-CLS/train/train/images/inclusion_294.jpg,inclusion,76.924625,10.962638533189672,16.279051658771724
data/NEU-CLS/train/train/images/inclusion_295.jpg,inclusion,94.345525,9.036724377470799,23.27723902046501
data/NEU-CLS/train/train/images/inclusion_296.jpg,inclusion,61.842025,9.041215012340707,11.145973625140291
data/NEU-CLS/train/train/images/inclusion_297.jpg,inclusion,217.085,18.686481075900833,93.27403888810657
data/NEU-CLS/train/train/images/inclusion_298.jpg,inclusion,141.570175,15.39906735712832,71.32419373936396
data/NEU-CLS/train/train/images/inclusion_300.jpg,inclusion,136.8268,11.33525040570344,41.075831349617
data/NEU-CLS/train/train/images/inclusion_32.jpg,inclusion,96.6924,10.578765629316116,25.34319732587167
data/NEU-CLS/train/train/images/inclusion_33.jpg,inclusion,92.8521,10.190545892639904,21.87597358696087
data/NEU-CLS/train/train/images/inclusion_35.jpg,inclusion,71.991,7.514101343474148,14.853037773782761
data/NEU-CLS/train/train/images/inclusion_36.jpg,inclusion,71.786275,14.63367508947684,15.126669488248242
data/NEU-CLS/train/train/images/inclusion_37.jpg,inclusion,58.152575,8.486904374939959,10.28106162118558
data/NEU-CLS/train/train/images/inclusion_38.jpg,inclusion,71.704,12.80480901848989,17.298985850461737
data/NEU-CLS/train/train/images/inclusion_39.jpg,inclusion,50.72275,9.794354620775174,8.693448021400798
data/NEU-CLS/train/train/images/inclusion_40.jpg,inclusion,115.716325,10.353115641891334,45.627774950366494
data/NEU-CLS/train/train/images/inclusion_42.jpg,inclusion,97.720425,11.099793368318844,26.210460797016008
data/NEU-CLS/train/train/images/inclusion_43.jpg,inclusion,113.259425,9.972678861237586,71.06820252342605
data/NEU-CLS/train/train/images/inclusion_44.jpg,inclusion,114.61235,10.316022851734093,51.797388912223354
data/NEU-CLS/train/train/images/inclusion_45.jpg,inclusion,102.03,10.084141014484079,27.728928079765808
data/NEU-CLS/train/train/images/inclusion_46.jpg,inclusion,69.4251,8.369694736966217,12.163860570272407
data/NEU-CLS/train/train/images/inclusion_47.jpg,inclusion,73.60555,9.49155725882218,15.633447608219818
data/NEU-CLS/train/train/images/inclusion_48.jpg,inclusion,81.956475,10.438243653717564,20.607613289873022
data/NEU-CLS/train/train/images/inclusion_49.jpg,inclusion,73.71495,9.783789986375423,16.105830693461865
data/NEU-CLS/train/train/images/inclusion_50.jpg,inclusion,85.152425,10.06632463312082,25.150775425222722
data/NEU-CLS/train/train/images/inclusion_51.jpg,inclusion,99.704825,10.474399587536032,47.404330885155346
data/NEU-CLS/train/train/images/inclusion_52.jpg,inclusion,91.345225,9.941425687464298,37.72905091756523
data/NEU-CLS/train/train/images/inclusion_53.jpg,inclusion,102.518975,10.304394205841263,55.06728354513985
data/NEU-CLS/train/train/images/inclusion_56.jpg,inclusion,99.465825,10.504838507534279,48.0698301281722
data/NEU-CLS/train/train/images/inclusion_57.jpg,inclusion,81.622825,9.449728251086112,16.53850845880049
data/NEU-CLS/train/train/images/inclusion_58.jpg,inclusion,84.8155,9.625383615731893,17.404392471919593
data/NEU-CLS/train/train/images/inclusion_59.jpg,inclusion,80.17175,10.87430466455212,16.739461402197577
data/NEU-CLS/train/train/images/inclusion_6.jpg,inclusion,123.70245,16.524574548154032,41.58029970046929
data/NEU-CLS/train/train/images/inclusion_61.jpg,inclusion,69.4987,12.674699140808038,14.642578431592694
data/NEU-CLS/train/train/images/inclusion_62.jpg,inclusion,95.219425,10.179831907717091,24.91748826335433
data/NEU-CLS/train/train/images/inclusion_64.jpg,inclusion,109.017325,13.442117572926335,41.80026716694357
data/NEU-CLS/train/train/images/inclusion_65.jpg,inclusion,119.714525,12.98620148559135,55.33386888300213
data/NEU-CLS/train/train/images/inclusion_66.jpg,inclusion,112.3932,16.659048404996007,54.63009524875603
data/NEU-CLS/train/train/images/inclusion_67.jpg,inclusion,122.663,14.291241408639069,76.32909904810035
data/NEU-CLS/train/train/images/inclusion_68.jpg,inclusion,122.026875,13.661636166081097,70.32453273658194
data/NEU-CLS/train/train/images/inclusion_69.jpg,inclusion,120.318075,13.827785552805445,71.84824511385905
data/NEU-CLS/train/train/images/inclusion_7.jpg,inclusion,102.63965,11.591388953766499,27.573981524111264
data/NEU-CLS/train/train/images/inclusion_70.jpg,inclusion,99.716075,11.515544346420405,28.697504559565054
data/NEU-CLS/train/train/images/inclusion_71.jpg,inclusion,91.40585,13.902073074815137,26.08085003653097
data/NEU-CLS/train/train/images/inclusion_72.jpg,inclusion,116.94695,14.939505871932312,68.96233678076072
data/NEU-CLS/train/train/images/inclusion_73.jpg,inclusion,74.762375,13.82239340198994,19.410682657192172
data/NEU-CLS/train/train/images/inclusion_74.jpg,inclusion,81.538575,14.343023111233384,24.096131512013045
data/NEU-CLS/train/train/images/inclusion_75.jpg,inclusion,68.059025,10.70812967092643,13.746561452509052
data/NEU-CLS/train/train/images/inclusion_76.jpg,inclusion,87.033,14.34443484421746,28.829218004845764
data/NEU-CLS/train/train/images/inclusion_77.jpg,inclusion,86.5743,14.472462800435869,25.745087383300707
data/NEU-CLS/train/train/images/inclusion_78.jpg,inclusion,88.104975,15.249906729202477,26.02186739967304
data/NEU-CLS/train/train/images/inclusion_79.jpg,inclusion,65.8183,9.864252891628439,12.992954153015896
data/NEU-CLS/train/train/images/inclusion_8.jpg,inclusion,98.92855,11.254287844972689,25.752709614627694
data/NEU-CLS/train/train/images/inclusion_80.jpg,inclusion,84.11155,14.920576617460199,22.396764865674385
data/NEU-CLS/train/train/images/inclusion_81.jpg,inclusion,76.121375,10.362890190934912,13.829096570471906
data/NEU-CLS/train/train/images/inclusion_83.jpg,inclusion,84.923575,10.412129187604952,16.753618018749634
data/NEU-CLS/train/train/images/inclusion_84.jpg,inclusion,92.172675,11.980236155617927,20.922027689871417
data/NEU-CLS/train/train/images/inclusion_85.jpg,inclusion,94.345225,12.216331065396641,23.11106915473759
data/NEU-CLS/train/train/images/inclusion_86.jpg,inclusion,92.372925,11.717410206371328,22.285259726406732
data/NEU-CLS/train/train/images/inclusion_9.jpg,inclusion,111.719525,12.884886835916527,31.337848178106633
data/NEU-CLS/train/train/images/inclusion_91.jpg,inclusion,109.485575,10.521216275667705,31.29540305593712
data/NEU-CLS/train/train/images/inclusion_92.jpg,inclusion,120.2626,10.114452097864719,53.84506287143541
data/NEU-CLS/train/train/images/inclusion_93.jpg,inclusion,126.0036,8.446682013666669,65.53135036444718
data/NEU-CLS/train/train/images/inclusion_94.jpg,inclusion,114.0676,12.220621106965062,55.29126517699673
data/NEU-CLS/train/train/images/inclusion_95.jpg,inclusion,104.473325,10.612101038172176,34.71270422711312
data/NEU-CLS/train/train/images/inclusion_96.jpg,inclusion,80.44975,9.997293380585567,15.202553440623806
data/NEU-CLS/train/train/images/inclusion_97.jpg,inclusion,106.869375,10.37063701560203,29.957204279741905
data/NEU-CLS/train/train/images/inclusion_98.jpg,inclusion,88.784225,9.837241287544746,25.698521178403603
data/NEU-CLS/train/train/images/inclusion_99.jpg,inclusion,83.361825,10.513011351148394,24.303615285550684
data/NEU-CLS/train/train/images/patches_100.jpg,patches,119.40945,55.43078116622117,1433.4410246216564
data/NEU-CLS/train/train/images/patches_102.jpg,patches,178.64635,52.36207102166128,2428.772140519171
data/NEU-CLS/train/train/images/patches_103.jpg,patches,151.885125,46.70528962263669,2015.8538530859607
data/NEU-CLS/train/train/images/patches_104.jpg,patches,163.5969,57.247914026539,2220.3488349924282
data/NEU-CLS/train/train/images/patches_106.jpg,patches,54.5613,23.02571589136807,534.5685131567432
data/NEU-CLS/train/train/images/patches_107.jpg,patches,138.64655,40.344454056257845,1886.2401952376163
data/NEU-CLS/train/train/images/patches_108.jpg,patches,143.19605,70.56512498676312,1972.8528960941655
data/NEU-CLS/train/train/images/patches_109.jpg,patches,125.373725,43.577790841486845,1650.1696358252361
data/NEU-CLS/train/train/images/patches_11.jpg,patches,161.816025,56.00515358607076,2087.3485909310616
data/NEU-CLS/train/train/images/patches_111.jpg,patches,146.13315,72.10528219955525,1924.0797551459743
data/NEU-CLS/train/train/images/patches_113.jpg,patches,180.323125,60.05182399589853,2344.009082852504
data/NEU-CLS/train/train/images/patches_115.jpg,patches,115.587625,56.53501191172931,1490.1191561235769
data/NEU-CLS/train/train/images/patches_116.jpg,patches,125.3522,64.40331633666081,1686.639732115377
data/NEU-CLS/train/train/images/patches_119.jpg,patches,99.752775,60.14143791762361,1248.9367537419553
data/NEU-CLS/train/train/images/patches_12.jpg,patches,122.064825,43.02153556905396,1535.6632171852086
data/NEU-CLS/train/train/images/patches_120.jpg,patches,116.9925,61.01656163493646,1596.7755307665705
data/NEU-CLS/train/train/images/patches_121.jpg,patches,151.54845,52.751890985987416,2116.5712658253697
data/NEU-CLS/train/train/images/patches_122.jpg,patches,44.2074,25.3146733188481,456.51957365250763
data/NEU-CLS/train/train/images/patches_123.jpg,patches,83.66005,39.199779131998945,924.47514001945
data/NEU-CLS/train/train/images/patches_124.jpg,patches,111.2553,62.502180937228104,1449.1573230847584
data/NEU-CLS/train/train/images/patches_125.jpg,patches,160.93865,54.48169037555186,2281.3247045205558
data/NEU-CLS/train/train/images/patches_126.jpg,patches,176.662625,59.36807056919885,2109.7731275997075
data/NEU-CLS/train/train/images/patches_127.jpg,patches,91.195475,59.71381971138988,1115.27980351165
data/NEU-CLS/train/train/images/patches_128.jpg,patches,126.021375,54.43768059083134,1660.6296564020706
data/NEU-CLS/train/train/images/patches_129.jpg,patches,209.952525,44.54442188562306,2350.1426755665993
data/NEU-CLS/train/train/images/patches_13.jpg,patches,166.51165,48.16939603397057,2228.3548971539035
data/NEU-CLS/train/train/images/patches_130.jpg,patches,119.110875,64.66504296553413,1410.3068501730245
data/NEU-CLS/train/train/images/patches_131.jpg,patches,77.0334,36.19170878032702,925.82443237246
data/NEU-CLS/train/train/images/patches_132.jpg,patches,105.859925,59.575423657699446,1290.7570675490053
data/NEU-CLS/train/train/images/patches_133.jpg,patches,62.990725,27.010883713317764,667.9923872237404
data/NEU-CLS/train/train/images/patches_134.jpg,patches,49.778325,26.689794588838165,489.875418991174
data/NEU-CLS/train/train/images/patches_136.jpg,patches,105.9242,50.52688001806563,1349.522995230716
data/NEU-CLS/train/train/images/patches_137.jpg,patches,84.03055,48.31561773068311,981.1095396856791
data/NEU-CLS/train/train/images/patches_138.jpg,patches,100.49665,55.711827638101234,1272.5948609362586
data/NEU-CLS/train/train/images/patches_139.jpg,patches,109.800975,49.72123906389879,1357.9198077939914
data/NEU-CLS/train/train/images/patches_140.jpg,patches,84.887825,58.894636358240426,1030.8675070673053
data/NEU-CLS/train/train/images/patches_141.jpg,patches,158.5207,60.77655363304174,2078.6985507934805
data/NEU-CLS/train/train/images/patches_143.jpg,patches,51.569475,35.25964227306305,588.270720213459
data/NEU-CLS/train/train/images/patches_144.jpg,patches,36.348375,26.02541469140069,400.58165164237465
data/NEU-CLS/train/train/images/patches_145.jpg,patches,117.065525,64.32040641564988,1607.2454438364782
data/NEU-CLS/train/train/images/patches_146.jpg,patches,164.288525,61.897295403954246,2292.1676947647065
data/NEU-CLS/train/train/images/patches_147.jpg,patches,123.010225,68.99596234888948,1577.457037888904
data/NEU-CLS/train/train/images/patches_148.jpg,patches,140.912525,61.62136255491576,2032.29660501804
data/NEU-CLS/train/train/images/patches_15.jpg,patches,174.270825,64.96922755289134,2165.3310059345345
data/NEU-CLS/train/train/images/patches_150.jpg,patches,91.890675,54.80361824774323,1123.5949963970804
data/NEU-CLS/train/train/images/patches_151.jpg,patches,121.6582,66.75665938885798,1532.0523515362872
data/NEU-CLS/train/train/images/patches_153.jpg,patches,54.87335,29.903155515388338,626.0619784871893
data/NEU-CLS/train/train/images/patches_154.jpg,patches,162.731125,66.28361736684543,1873.2930771152178
data/NEU-CLS/train/train/images/patches_155.jpg,patches,151.73525,73.52894265143149,1674.757477498267
data/NEU-CLS/train/train/images/patches_156.jpg,patches,175.14965,56.21422333251167,2025.4277269614101
data/NEU-CLS/train/train/images/patches_157.jpg,patches,140.24445,63.08784347398079,1563.061752877258
data/NEU-CLS/train/train/images/patches_158.jpg,patches,137.091375,66.44698244171346,1559.9588833395217
data/NEU-CLS/train/train/images/patches_159.jpg,patches,141.07725,48.789694941017004,1964.5577111521625
data/NEU-CLS/train/train/images/patches_16.jpg,patches,177.20635,71.98433732193067,2056.1600091300347
data/NEU-CLS/train/train/images/patches_160.jpg,patches,139.6312,54.78152367870028,1757.215047995957
data/NEU-CLS/train/train/images/patches_161.jpg,patches,200.688775,63.00175246768438,1400.495920670647
data/NEU-CLS/train/train/images/patches_162.jpg,patches,42.446825,22.991028085306997,484.590833967627
data/NEU-CLS/train/train/images/patches_164.jpg,patches,38.767,24.787706852389555,427.81683221076463
data/NEU-CLS/train/train/images/patches_165.jpg,patches,120.513025,62.145862938327404,1615.8967054338223
data/NEU-CLS/train/train/images/patches_166.jpg,patches,171.435475,64.29237852595263,1964.4530149750467
data/NEU-CLS/train/train/images/patches_168.jpg,patches,143.198325,64.86075617963743,1738.2477806721263
data/NEU-CLS/train/train/images/patches_169.jpg,patches,59.648925,43.000143271207534,677.5021898956252
data/NEU-CLS/train/train/images/patches_17.jpg,patches,111.819125,55.80000590711774,1421.7921368077252
data/NEU-CLS/train/train/images/patches_170.jpg,patches,81.720125,45.522721194853624,985.3649546545586
data/NEU-CLS/train/train/images/patches_171.jpg,patches,150.88605,59.125275182425156,2072.123928707423
data/NEU-CLS/train/train/images/patches_173.jpg,patches,126.41585,60.698592807226596,1726.6051475706993
data/NEU-CLS/train/train/images/patches_174.jpg,patches,109.1772,63.9621587359276,1508.0318358260722
data/NEU-CLS/train/train/images/patches_175.jpg,patches,131.5095,65.90063777953898,1559.9065034660096
data/NEU-CLS/train/train/images/patches_176.jpg,patches,136.778,58.68351187514258,1814.8245314613323
data/NEU-CLS/train/train/images/patches_177.jpg,patches,146.612075,60.226203094619656,1921.9241109349134
data/NEU-CLS/train/train/images/patches_178.jpg,patches,75.464775,46.872978454535776,880.6547516961631
data/NEU-CLS/train/train/images/patches_179.jpg,patches,155.012325,62.550045348459776,1971.718741733973
data/NEU-CLS/train/train/images/patches_18.jpg,patches,156.3882,57.143747258645895,1917.2625222562347
data/NEU-CLS/train/train/images/patches_180.jpg,patches,58.29575,40.819172969788355,646.0864125440205
data/NEU-CLS/train/train/images/patches_181.jpg,patches,157.472125,60.52828903070344,1939.1603615414506
data/NEU-CLS/train/train/images/patches_183.jpg,patches,141.482675,61.8253883921838,1822.6873586554611
data/NEU-CLS/train/train/images/patches_184.jpg,patches,168.28025,61.2446496433566,2194.719816970716
data/NEU-CLS/train/train/images/patches_185.jpg,patches,138.33625,64.66131715281942,1722.2874707963863
data/NEU-CLS/train/train/images/patches_186.jpg,patches,137.7661,62.345276010215876,1727.1793567308277
data/NEU-CLS/train/train/images/patches_187.jpg,patches,150.16065,59.35745733753679,1855.6488136587982
data/NEU-CLS/train/train/images/patches_188.jpg,patches,106.044375,54.61785702368205,1366.221351238878
data/NEU-CLS/train/train/images/patches_189.jpg,patches,144.58205,56.21146518102423,2015.4744731893068
data/NEU-CLS/train/train/images/patches_19.jpg,patches,112.9676,60.81955812269602,1459.1972400577638
data/NEU-CLS/train/train/images/patches_190.jpg,patches,134.68295,59.40375644096507,1971.6818341790479
data/NEU-CLS/train/train/images/patches_191.jpg,patches,132.759175,64.12066108766639,1726.285455047851
data/NEU-CLS/train/train/images/patches_193.jpg,patches,139.6012,53.40359406032519,1977.7209740362134
data/NEU-CLS/train/train/images/patches_194.jpg,patches,118.909425,51.338115676068355,1594.0306956686973
data/NEU-CLS/train/train/images/patches_195.jpg,patches,141.06255,60.14630277496282,1951.8608405128343
data/NEU-CLS/train/train/images/patches_196.jpg,patches,84.8543,46.74360727960562,1012.9850776466114
data/NEU-CLS/train/train/images/patches_197.jpg,patches,95.451425,47.937517045309875,1125.8490203200772
data/NEU-CLS/train/train/images/patches_198.jpg,patches,133.324975,60.07560250425605,1856.5615340443687
data/NEU-CLS/train/train/images/patches_199.jpg,patches,137.01985,56.09505821351378,1901.1921663952155
data/NEU-CLS/train/train/images/patches_20.jpg,patches,162.47355,64.34716000257899,1842.146735514756
data/NEU-CLS/train/train/images/patches_200.jpg,patches,127.1021,65.53454833589684,1579.701536587556
data/NEU-CLS/train/train/images/patches_201.jpg,patches,138.041,57.2886212000254,1924.3402969084786
data/NEU-CLS/train/train/images/patches_202.jpg,patches,140.07875,61.849626906211,1876.4474265617653
data/NEU-CLS/train/train/images/patches_203.jpg,patches,73.144225,50.999728177210656,858.5725596152279
data/NEU-CLS/train/train/images/patches_204.jpg,patches,136.14615,58.002297714638,1888.8881045704895
data/NEU-CLS/train/train/images/patches_205.jpg,patches,63.96695,38.395227017137174,720.7185256396183
data/NEU-CLS/train/train/images/patches_208.jpg,patches,65.60735,46.018619883450434,814.1817000123443
data/NEU-CLS/train/train/images/patches_209.jpg,patches,92.705775,45.58887755417296,1190.9181903352899
data/NEU-CLS/train/train/images/patches_21.jpg,patches,114.84705,57.7423748758007,1479.1423594627204
data/NEU-CLS/train/train/images/patches_210.jpg,patches,108.6837,45.34607760666847,1461.8724496731982
data/NEU-CLS/train/train/images/patches_211.jpg,patches,130.4382,50.7301185762462,1957.6883494153542
data/NEU-CLS/train/train/images/patches_212.jpg,patches,146.604975,63.244614239074735,2126.577375282352
data/NEU-CLS/train/train/images/patches_213.jpg,patches,62.46895,34.22399137881933,704.1279602988358
data/NEU-CLS/train/train/images/patches_215.jpg,patches,105.6985,45.68000982650945,1468.3200362053087
data/NEU-CLS/train/train/images/patches_216.jpg,patches,138.259325,57.040078239290445,1803.8855593537965
data/NEU-CLS/train/train/images/patches_217.jpg,patches,153.917125,59.96668205540786,1994.7222444499587
data/NEU-CLS/train/train/images/patches_218.jpg,patches,35.567475,27.740331597231766,363.2892003807876
data/NEU-CLS/train/train/images/patches_219.jpg,patches,44.127225,28.511143239080663,440.6301769590944
data/NEU-CLS/train/train/images/patches_220.jpg,patches,125.033675,61.043198564577,1651.0229006078216
data/NEU-CLS/train/train/images/patches_222.jpg,patches,153.4919,60.88616619881728,2067.3108000957395
data/NEU-CLS/train/train/images/patches_223.jpg,patches,175.67575,67.37017895135429,1982.0194114771514
data/NEU-CLS/train/train/images/patches_224.jpg,patches,152.19135,67.89782459827045,1901.6273928379892
data/NEU-CLS/train/train/images/patches_225.jpg,patches,88.134625,40.60284227870476,1056.4060558161957
data/NEU-CLS/train/train/images/patches_226.jpg,patches,68.616325,30.236317045803958,787.8293576583771
data/NEU-CLS/train/train/images/patches_227.jpg,patches,162.77235,63.454333386125015,2058.886870654918
data/NEU-CLS/train/train/images/patches_229.jpg,patches,175.189275,65.80144755227178,2157.49403844078
data/NEU-CLS/train/train/images/patches_231.jpg,patches,153.19285,59.445355233840594,2082.5804573454348
data/NEU-CLS/train/train/images/patches_232.jpg,patches,73.83225,35.95173027738025,934.9443055593161
data/NEU-CLS/train/train/images/patches_236.jpg,patches,174.7186,72.00461800495854,1806.3393647053301
data/NEU-CLS/train/train/images/patches_237.jpg,patches,162.79905,71.23535827871927,1872.2761784634106
data/NEU-CLS/train/train/images/patches_238.jpg,patches,139.7533,63.24427396302372,1757.024701671283
data/NEU-CLS/train/train/images/patches_239.jpg,patches,117.35745,50.29575309603685,1660.933572763721
data/NEU-CLS/train/train/images/patches_24.jpg,patches,121.585625,45.7266669281654,1580.060250725875
data/NEU-CLS/train/train/images/patches_240.jpg,patches,99.666025,36.001987246530916,1263.0761516976058
data/NEU-CLS/train/train/images/patches_241.jpg,patches,213.553525,56.197887283014246,1990.1386180719978
data/NEU-CLS/train/train/images/patches_242.jpg,patches,174.019375,62.34937288866164,2077.5185580226384
data/NEU-CLS/train/train/images/patches_243.jpg,patches,172.14405,63.777685357791874,2016.716830092679
data/NEU-CLS/train/train/images/patches_246.jpg,patches,157.049275,62.204268719874634,2072.5312830702887
data/NEU-CLS/train/train/images/patches_247.jpg,patches,173.189925,68.70602268720243,2031.6558205228234
data/NEU-CLS/train/train/images/patches_248.jpg,patches,179.805475,65.60068433350658,1982.021219952678
data/NEU-CLS/train/train/images/patches_25.jpg,patches,138.584425,54.860913430413966,1901.7989048818506
data/NEU-CLS/train/train/images/patches_250.jpg,patches,130.038425,62.896123080197675,1736.2413842077847
data/NEU-CLS/train/train/images/patches_252.jpg,patches,115.5574,45.26962121820769,1543.1297317296528
data/NEU-CLS/train/train/images/patches_253.jpg,patches,64.874425,32.224368200468646,784.4201318896536
data/NEU-CLS/train/train/images/patches_254.jpg,patches,161.54305,66.73105234220048,1792.8518555129901
data/NEU-CLS/train/train/images/patches_255.jpg,patches,97.3171,41.642998182047364,1286.4451131926678
data/NEU-CLS/train/train/images/patches_256.jpg,patches,189.51155,67.00920247695461,1736.1077237525428
data/NEU-CLS/train/train/images/patches_258.jpg,patches,106.4377,43.73741211720236,1373.040539057491
data/NEU-CLS/train/train/images/patches_259.jpg,patches,170.231875,56.97247940000834,2111.807742281274
data/NEU-CLS/train/train/images/patches_26.jpg,patches,127.82025,68.42460843832063,1456.1624702635136
data/NEU-CLS/train/train/images/patches_260.jpg,patches,165.419325,68.25737353242047,1909.938269684256
data/NEU-CLS/train/train/images/patches_261.jpg,patches,48.39385,23.512598371458225,507.98114243351375
data/NEU-CLS/train/train/images/patches_262.jpg,patches,109.9983,56.28692074638654,1521.426919925344
data/NEU-CLS/train/train/images/patches_263.jpg,patches,116.188875,60.22631776253945,1572.5775297951477
data/NEU-CLS/train/train/images/patches_264.jpg,patches,38.291925,24.396447585547676,394.7104627469772
data/NEU-CLS/train/train/images/patches_266.jpg,patches,96.10145,43.08774370859421,1264.5855581629992
data/NEU-CLS/train/train/images/patches_267.jpg,patches,167.700675,73.00561779441617,1658.1335414249743
data/NEU-CLS/train/train/images/patches_269.jpg,patches,129.44515,65.14262000777602,1827.6014736589163
data/NEU-CLS/train/train/images/patches_27.jpg,patches,166.57005,70.45508777226453,1792.7772618689098
data/NEU-CLS/train/train/images/patches_270.jpg,patches,214.335525,58.76299641759579,1738.0621453211115
data/NEU-CLS/train/train/images/patches_271.jpg,patches,117.3905,47.68633252568287,1567.1366262597737
data/NEU-CLS/train/train/images/patches_274.jpg,patches,195.386875,48.810448192312016,2473.56915110703
data/NEU-CLS/train/train/images/patches_275.jpg,patches,54.092575,27.397127675531518,575.2970671926902
data/NEU-CLS/train/train/images/patches_276.jpg,patches,178.803175,64.00232132445959,2284.6338317935288
data/NEU-CLS/train/train/images/patches_277.jpg,patches,154.585975,56.96993161571615,2115.786185471325
data/NEU-CLS/train/train/images/patches_278.jpg,patches,43.27425,28.549958615337783,451.91944914165845
data/NEU-CLS/train/train/images/patches_279.jpg,patches,116.2606,43.20016883809599,1523.773896458304
data/NEU-CLS/train/train/images/patches_28.jpg,patches,162.592575,72.42352677044508,1736.4261097408419
data/NEU-CLS/train/train/images/patches_280.jpg,patches,148.100975,64.17439192582486,2016.3146964560055
data/NEU-CLS/train/train/images/patches_282.jpg,patches,149.50565,66.27380491625254,2088.3821657504077
data/NEU-CLS/train/train/images/patches_285.jpg,patches,131.554675,62.83822173362623,1850.0511329907301
data/NEU-CLS/train/train/images/patches_286.jpg,patches,121.55365,63.89746334305846,1579.903950373347
data/NEU-CLS/train/train/images/patches_287.jpg,patches,141.484975,66.36109194587877,1831.4097343761348
data/NEU-CLS/train/train/images/patches_288.jpg,patches,113.39085,40.40067618589446,1401.9144212716437
data/NEU-CLS/train/train/images/patches_289.jpg,patches,63.751,37.38161980171539,704.0029479328151
data/NEU-CLS/train/train/images/patches_29.jpg,patches,85.83795,62.067813235182534,1054.2325075625445
data/NEU-CLS/train/train/images/patches_290.jpg,patches,148.2036,68.35344868432024,1928.1857541464021
data/NEU-CLS/train/train/images/patches_291.jpg,patches,149.343075,70.08666188758296,1771.4378595248384
data/NEU-CLS/train/train/images/patches_292.jpg,patches,186.6326,60.82684783251553,1927.9145775671864
data/NEU-CLS/train/train/images/patches_294.jpg,patches,135.14175,68.35835945177078,1654.7735887977506
data/NEU-CLS/train/train/images/patches_296.jpg,patches,138.453125,58.90852826827687,1938.715541570384
data/NEU-CLS/train/train/images/patches_298.jpg,patches,95.168875,43.57686262495701,1206.7229322709761
data/NEU-CLS/train/train/images/patches_299.jpg,patches,52.24355,38.15571232983994,607.7617321276402
data/NEU-CLS/train/train/images/patches_300.jpg,patches,92.032875,44.92716933253613,1219.7392904198093
data/NEU-CLS/train/train/images/patches_31.jpg,patches,102.2418,57.32134404181396,1261.2289274414902
data/NEU-CLS/train/train/images/patches_32.jpg,patches,48.5205,32.98740562320717,557.975661298031
data/NEU-CLS/train/train/images/patches_34.jpg,patches,187.90635,54.516794473606936,2137.329225515808
data/NEU-CLS/train/train/images/patches_35.jpg,patches,197.1596,61.63261699652222,1973.0748470961012
data/NEU-CLS/train/train/images/patches_37.jpg,patches,195.06775,51.454204978189104,2150.326735389912
data/NEU-CLS/train/train/images/patches_39.jpg,patches,207.2313,44.63369915557078,2331.6958375014488
data/NEU-CLS/train/train/images/patches_40.jpg,patches,200.214725,61.734820953610736,1838.4396448513253
data/NEU-CLS/train/train/images/patches_41.jpg,patches,177.775775,70.74319082533226,1730.3793468416552
data/NEU-CLS/train/train/images/patches_43.jpg,patches,198.379825,62.30224039285726,1579.8122068785972
data/NEU-CLS/train/train/images/patches_44.jpg,patches,191.06385,58.00928221567217,1824.094369054141
data/NEU-CLS/train/train/images/patches_45.jpg,patches,150.28675,55.93976603845872,2125.5210090523647
data/NEU-CLS/train/train/images/patches_46.jpg,patches,140.794875,71.88469133782502,1417.5380314892989
data/NEU-CLS/train/train/images/patches_47.jpg,patches,184.302825,72.67059840141249,1571.3105458317227
data/NEU-CLS/train/train/images/patches_48.jpg,patches,205.381775,54.15925242144111,1744.6348988498034
data/NEU-CLS/train/train/images/patches_49.jpg,patches,147.13085,65.47985780587416,1905.4460591470445
data/NEU-CLS/train/train/images/patches_50.jpg,patches,223.66975,52.836550180130985,1385.1184848632413
data/NEU-CLS/train/train/images/patches_52.jpg,patches,158.197525,71.84534925013848,1634.0466506537696
data/NEU-CLS/train/train/images/patches_53.jpg,patches,195.364325,66.26888177941721,1630.207094662901
data/NEU-CLS/train/train/images/patches_54.jpg,patches,150.4989,57.838545527960854,1930.2425172133499
data/NEU-CLS/train/train/images/patches_55.jpg,patches,208.418,62.91486967323385,1694.5409935721834
data/NEU-CLS/train/train/images/patches_56.jpg,patches,161.12865,55.92022844353821,1905.1157946018325
data/NEU-CLS/train/train/images/patches_57.jpg,patches,214.950325,52.82387440726376,2007.5842169852444
data/NEU-CLS/train/train/images/patches_58.jpg,patches,182.059675,68.015478120016,1900.5728553775689
data/NEU-CLS/train/train/images/patches_59.jpg,patches,209.640275,56.572187715558385,2042.7376033051344
data/NEU-CLS/train/train/images/patches_6.jpg,patches,96.00385,55.05793389855362,1236.0600531141858
data/NEU-CLS/train/train/images/patches_61.jpg,patches,194.299125,44.15906474592023,2661.779591018575
data/NEU-CLS/train/train/images/patches_62.jpg,patches,189.91315,40.62577023365218,2568.2400002941927
data/NEU-CLS/train/train/images/patches_63.jpg,patches,193.92985,39.93970554445163,2747.4962501945797
data/NEU-CLS/train/train/images/patches_64.jpg,patches,149.53395,46.520577676953884,1896.9100031864589
data/NEU-CLS/train/train/images/patches_65.jpg,patches,66.186425,26.257108955849937,655.6925149288305
data/NEU-CLS/train/train/images/patches_66.jpg,patches,156.02915,47.44293151015755,2128.3207747760684
data/NEU-CLS/train/train/images/patches_67.jpg,patches,160.495025,49.11226400044469,2255.047046398309
data/NEU-CLS/train/train/images/patches_68.jpg,patches,151.003175,42.51001840648125,1986.5211419906639
data/NEU-CLS/train/train/images/patches_69.jpg,patches,168.90045,50.12167983814489,2341.9371342381487
data/NEU-CLS/train/train/images/patches_7.jpg,patches,85.5038,63.10847158314009,1092.4248937405798
data/NEU-CLS/train/train/images/patches_70.jpg,patches,102.13675,47.72493634817651,1272.188731421027
data/NEU-CLS/train/train/images/patches_71.jpg,patches,110.45395,55.586711356200055,1405.9673193280023
data/NEU-CLS/train/train/images/patches_72.jpg,patches,87.5263,26.212542003972068,939.0243102664981
data/NEU-CLS/train/train/images/patches_74.jpg,patches,127.8232,54.5142668643723,1631.5167667799028
data/NEU-CLS/train/train/images/patches_75.jpg,patches,169.15615,54.68024156107487,2327.2146401345917
data/NEU-CLS/train/train/images/patches_76.jpg,patches,155.64525,56.07520086845432,2015.3858746560898
data/NEU-CLS/train/train/images/patches_77.jpg,patches,135.556575,43.648274298869765,1719.3152206117065
data/NEU-CLS/train/train/images/patches_78.jpg,patches,161.92565,54.48605116979482,2228.8043002021213
data/NEU-CLS/train/train/images/patches_8.jpg,patches,143.309775,46.57991750153037,1986.5712547593237
data/NEU-CLS/train/train/images/patches_80.jpg,patches,154.5212,56.05427548867258,1889.6321820970293
data/NEU-CLS/train/train/images/patches_83.jpg,patches,133.9357,53.81548351088188,1649.6301523747477
data/NEU-CLS/train/train/images/patches_84.jpg,patches,136.589925,66.62167825486218,1561.593766714558
data/NEU-CLS/train/train/images/patches_86.jpg,patches,141.291075,50.89141971240707,1863.3409080440329
data/NEU-CLS/train/train/images/patches_88.jpg,patches,113.611,51.52159769455912,1346.535017360602
data/NEU-CLS/train/train/images/patches_89.jpg,patches,124.28965,59.525924208511874,1544.9788850849745
data/NEU-CLS/train/train/images/patches_9.jpg,patches,152.358775,48.98294249531539,1973.6961418066633
data/NEU-CLS/train/train/images/patches_90.jpg,patches,128.02435,57.243478292968014,1612.0877267541432
data/NEU-CLS/train/train/images/patches_93.jpg,patches,95.62235,54.171707841616914,1097.49124114296
data/NEU-CLS/train/train/images/patches_94.jpg,patches,167.278175,33.584065323742074,2314.8008580962924
data/NEU-CLS/train/train/images/patches_95.jpg,patches,128.19755,48.185046684604345,1648.5881434381556
data/NEU-CLS/train/train/images/patches_96.jpg,patches,72.176475,31.48862781345632,736.2036523735925
data/NEU-CLS/train/train/images/patches_98.jpg,patches,100.718025,47.91556756524308,1190.8593547789928
data/NEU-CLS/train/train/images/patches_99.jpg,patches,92.597425,51.943534808187394,1102.2354709571146
data/NEU-CLS/train/train/images/pitted_surface_100.jpg,pitted_surface,243.1873,13.805966779258886,158.3091881694106
data/NEU-CLS/train/train/images/pitted_surface_101.jpg,pitted_surface,237.2791,23.17625192281962,193.74834010605562
data/NEU-CLS/train/train/images/pitted_surface_105.jpg,pitted_surface,168.547825,17.809298491781618,322.4161054675576
data/NEU-CLS/train/train/images/pitted_surface_106.jpg,pitted_surface,112.013675,27.31411426340556,87.42963296037426
data/NEU-CLS/train/train/images/pitted_surface_107.jpg,pitted_surface,87.415275,31.492780469091247,58.17202763716976
data/NEU-CLS/train/train/images/pitted_surface_109.jpg,pitted_surface,156.8379,28.29394941661556,114.94445391447648
data/NEU-CLS/train/train/images/pitted_surface_11.jpg,pitted_surface,177.635275,30.531926743564267,133.37026892488862
data/NEU-CLS/train/train/images/pitted_surface_111.jpg,pitted_surface,167.336525,37.07602427343545,96.46690553282124
data/NEU-CLS/train/train/images/pitted_surface_112.jpg,pitted_surface,145.776875,35.243856063637175,63.20700465953425
data/NEU-CLS/train/train/images/pitted_surface_113.jpg,pitted_surface,202.811775,26.19734139849643,236.5807277003732
data/NEU-CLS/train/train/images/pitted_surface_114.jpg,pitted_surface,231.493725,26.08232276129515,223.49977032163082
data/NEU-CLS/train/train/images/pitted_surface_115.jpg,pitted_surface,242.402575,12.329154811639564,206.64338192688828
data/NEU-CLS/train/train/images/pitted_surface_116.jpg,pitted_surface,215.6013,22.244672133119874,209.45552647764487
data/NEU-CLS/train/train/images/pitted_surface_118.jpg,pitted_surface,100.086425,29.265694177985512,47.952440339617894
data/NEU-CLS/train/train/images/pitted_surface_119.jpg,pitted_surface,214.5702,28.51354716551415,338.25633346374195
data/NEU-CLS/train/train/images/pitted_surface_12.jpg,pitted_surface,203.536325,21.926895140315125,202.2462364277362
data/NEU-CLS/train/train/images/pitted_surface_120.jpg,pitted_surface,229.502475,26.4839497408218,278.59586346813995
data/NEU-CLS/train/train/images/pitted_surface_121.jpg,pitted_surface,243.32765,11.583798836197907,190.7064741887435
data/NEU-CLS/train/train/images/pitted_surface_123.jpg,pitted_surface,151.1236,23.576855664825196,84.9723718005814
data/NEU-CLS/train/train/images/pitted_surface_124.jpg,pitted_surface,157.965,32.90166447157347,82.04933167677324
data/NEU-CLS/train/train/images/pitted_surface_125.jpg,pitted_surface,185.028275,35.91818864481302,81.21730457934655
data/NEU-CLS/train/train/images/pitted_surface_126.jpg,pitted_surface,61.250425,20.97074658469209,21.05771984403204
data/NEU-CLS/train/train/images/pitted_surface_128.jpg,pitted_surface,107.12975,22.168651626508545,67.3076976468755
data/NEU-CLS/train/train/images/pitted_surface_129.jpg,pitted_surface,61.75755,22.47396088804775,18.651718702225303
data/NEU-CLS/train/train/images/pitted_surface_13.jpg,pitted_surface,162.432275,27.879897118253055,103.0969371056153
data/NEU-CLS/train/train/images/pitted_surface_130.jpg,pitted_surface,170.5618,34.91983792574072,89.74355495188867
data/NEU-CLS/train/train/images/pitted_surface_132.jpg,pitted_surface,239.973775,16.482117195596413,173.54645756336217
data/NEU-CLS/train/train/images/pitted_surface_134.jpg,pitted_surface,241.42955,11.81512322396597,199.66658730968499
data/NEU-CLS/train/train/images/pitted_surface_136.jpg,pitted_surface,184.88365,24.900459085677518,252.98372219191288
data/NEU-CLS/train/train/images/pitted_surface_137.jpg,pitted_surface,150.377025,28.450094501589533,91.69915918659709
data/NEU-CLS/train/train/images/pitted_surface_138.jpg,pitted_surface,205.90155,20.029313707601165,373.4774684800898
data/NEU-CLS/train/train/images/pitted_surface_139.jpg,pitted_surface,195.514975,24.297645477481456,181.8647796297582
data/NEU-CLS/train/train/images/pitted_surface_14.jpg,pitted_surface,211.63545,15.788731845765827,250.1920172111427
data/NEU-CLS/train/train/images/pitted_surface_140.jpg,pitted_surface,221.93275,20.04624971004552,413.0438847153862
data/NEU-CLS/train/train/images/pitted_surface_142.jpg,pitted_surface,176.4319,26.41284275480396,144.38390459989003
data/NEU-CLS/train/train/images/pitted_surface_143.jpg,pitted_surface,206.243875,23.33565726488918,272.78822367466944
data/NEU-CLS/train/train/images/pitted_surface_144.jpg,pitted_surface,171.1268,27.615014426213868,171.65285337472412
data/NEU-CLS/train/train/images/pitted_surface_145.jpg,pitted_surface,143.418325,29.123720215562695,69.4233022182499
data/NEU-CLS/train/train/images/pitted_surface_146.jpg,pitted_surface,217.67995,13.000275689288285,357.8918654022673
data/NEU-CLS/train/train/images/pitted_surface_147.jpg,pitted_surface,215.25195,13.986174287398967,333.79352982373933
data/NEU-CLS/train/train/images/pitted_surface_148.jpg,pitted_surface,238.06435,17.472520112379325,105.38062880031637
data/NEU-CLS/train/train/images/pitted_surface_149.jpg,pitted_surface,213.76935,27.99087620238959,108.59662228349251
data/NEU-CLS/train/train/images/pitted_surface_15.jpg,pitted_surface,224.056575,15.242423503805915,328.7505985027723
data/NEU-CLS/train/train/images/pitted_surface_150.jpg,pitted_surface,89.304825,27.873468688331116,30.93087440057137
data/NEU-CLS/train/train/images/pitted_surface_151.jpg,pitted_surface,127.3843,28.47560558636111,80.60587487957086
data/NEU-CLS/train/train/images/pitted_surface_152.jpg,pitted_surface,116.2107,25.972767575096803,74.07064531933149
data/NEU-CLS/train/train/images/pitted_surface_153.jpg,pitted_surface,164.8799,34.3726021125838,62.63456346492632
data/NEU-CLS/train/train/images/pitted_surface_154.jpg,pitted_surface,163.564375,37.517197468086216,69.96262421168605
data/NEU-CLS/train/train/images/pitted_surface_157.jpg,pitted_surface,192.35675,47.553593233713684,131.71870870760227
data/NEU-CLS/train/train/images/pitted_surface_159.jpg,pitted_surface,201.2924,42.42493019723191,204.05927836081162
data/NEU-CLS/train/train/images/pitted_surface_16.jpg,pitted_surface,230.062625,14.114133098046617,384.94594156965115
data/NEU-CLS/train/train/images/pitted_surface_160.jpg,pitted_surface,218.6556,33.34669007023036,304.88613385714564
data/NEU-CLS/train/train/images/pitted_surface_161.jpg,pitted_surface,180.05805,45.34555799852396,258.70839477760785
data/NEU-CLS/train/train/images/pitted_surface_163.jpg,pitted_surface,231.684125,23.56146425807138,402.4385502340364
data/NEU-CLS/train/train/images/pitted_surface_164.jpg,pitted_surface,205.902775,29.88757638717758,453.3527964815302
data/NEU-CLS/train/train/images/pitted_surface_165.jpg,pitted_surface,179.349325,40.738459679329736,351.71715735824785
data/NEU-CLS/train/train/images/pitted_surface_166.jpg,pitted_surface,153.059,35.85116482068609,218.2769718113601
data/NEU-CLS/train/train/images/pitted_surface_168.jpg,pitted_surface,240.527475,20.057726569189615,341.99083248586464
data/NEU-CLS/train/train/images/pitted_surface_169.jpg,pitted_surface,205.888475,31.40128878206076,477.17286844653876
data/NEU-CLS/train/train/images/pitted_surface_17.jpg,pitted_surface,227.234325,18.043863688090056,520.6469183075204
data/NEU-CLS/train/train/images/pitted_surface_170.jpg,pitted_surface,158.461575,41.98616585876085,260.8693922640799
data/NEU-CLS/train/train/images/pitted_surface_171.jpg,pitted_surface,111.4333,29.43524929586974,99.88607398220924
data/NEU-CLS/train/train/images/pitted_surface_172.jpg,pitted_surface,231.930325,32.40554150750107,377.71682336053004
data/NEU-CLS/train/train/images/pitted_surface_173.jpg,pitted_surface,212.435325,36.118873420199236,461.506411050989
data/NEU-CLS/train/train/images/pitted_surface_174.jpg,pitted_surface,188.363075,42.40724527182089,385.40816887736185
data/NEU-CLS/train/train/images/pitted_surface_176.jpg,pitted_surface,213.159625,33.327118760243515,263.76234158519975
data/NEU-CLS/train/train/images/pitted_surface_177.jpg,pitted_surface,220.880175,29.66725580449555,175.92743169420407
data/NEU-CLS/train/train/images/pitted_surface_178.jpg,pitted_surface,209.622175,33.32082266795607,169.62934896728854
data/NEU-CLS/train/train/images/pitted_surface_179.jpg,pitted_surface,241.369675,16.33199667506625,207.62505313498022
data/NEU-CLS/train/train/images/pitted_surface_18.jpg,pitted_surface,209.908625,27.077844737153193,594.2055594285416
data/NEU-CLS/train/train/images/pitted_surface_181.jpg,pitted_surface,235.018875,17.63617075031808,361.36940840705245
data/NEU-CLS/train/train/images/pitted_surface_182.jpg,pitted_surface,239.59035,19.820340231123684,363.9062392960335
data/NEU-CLS/train/train/images/pitted_surface_183.jpg,pitted_surface,226.364875,16.799227399924526,256.4026616168227
data/NEU-CLS/train/train/images/pitted_surface_186.jpg,pitted_surface,215.8615,19.67545978497072,227.71260763603942
data/NEU-CLS/train/train/images/pitted_surface_187.jpg,pitted_surface,217.7641,18.551912332425463,485.2766066942907
data/NEU-CLS/train/train/images/pitted_surface_188.jpg,pitted_surface,232.467575,21.88533981046159,467.2554091339605
data/NEU-CLS/train/train/images/pitted_surface_189.jpg,pitted_surface,200.4429,20.555190088880227,297.82232821006613
data/NEU-CLS/train/train/images/pitted_surface_19.jpg,pitted_surface,186.223625,25.77640232575863,474.68594834940035
data/NEU-CLS/train/train/images/pitted_surface_191.jpg,pitted_surface,198.14755,29.345098040345682,242.53344046460802
data/NEU-CLS/train/train/images/pitted_surface_192.jpg,pitted_surface,138.0811,26.385494552689362,92.57030702740478
data/NEU-CLS/train/train/images/pitted_surface_193.jpg,pitted_surface,107.93245,29.451239990830608,49.74081716725016
data/NEU-CLS/train/train/images/pitted_surface_194.jpg,pitted_surface,86.739975,33.96240071018795,29.921050506835858
data/NEU-CLS/train/train/images/pitted_surface_195.jpg,pitted_surface,52.6823,21.043189318874646,12.212934954310294
data/NEU-CLS/train/train/images/pitted_surface_196.jpg,pitted_surface,221.87405,24.224093101651917,264.0837350780533
data/NEU-CLS/train/train/images/pitted_surface_197.jpg,pitted_surface,229.62795,21.42775370395833,172.3776153638979
data/NEU-CLS/train/train/images/pitted_surface_198.jpg,pitted_surface,78.8429,22.986046193071136,25.622290802431085
data/NEU-CLS/train/train/images/pitted_surface_199.jpg,pitted_surface,55.27705,22.108235870315387,15.138123316663577
data/NEU-CLS/train/train/images/pitted_surface_20.jpg,pitted_surface,181.95,23.365788024374442,471.76622590281215
data/NEU-CLS/train/train/images/pitted_surface_202.jpg,pitted_surface,211.4906,31.668962118137056,211.3667265460274
data/NEU-CLS/train/train/images/pitted_surface_203.jpg,pitted_surface,197.140725,36.574386139406016,184.04683158115552
data/NEU-CLS/train/train/images/pitted_surface_204.jpg,pitted_surface,220.728575,25.699737420241767,220.60156339552148
data/NEU-CLS/train/train/images/pitted_surface_205.jpg,pitted_surface,240.858325,19.791421201984836,269.1217451880474
data/NEU-CLS/train/train/images/pitted_surface_207.jpg,pitted_surface,226.501,35.755134582322576,357.2514161670055
data/NEU-CLS/train/train/images/pitted_surface_208.jpg,pitted_surface,220.6402,42.1755544594259,378.45038004777365
data/NEU-CLS/train/train/images/pitted_surface_209.jpg,pitted_surface,245.6474,15.094176799017559,174.1398753383069
data/NEU-CLS/train/train/images/pitted_surface_21.jpg,pitted_surface,168.942675,28.003883460055587,154.4399926302005
data/NEU-CLS/train/train/images/pitted_surface_210.jpg,pitted_surface,227.1106,32.008372617801115,246.63341732688963
data/NEU-CLS/train/train/images/pitted_surface_211.jpg,pitted_surface,173.329825,42.60189362539387,73.37327697727996
data/NEU-CLS/train/train/images/pitted_surface_212.jpg,pitted_surface,133.6102,23.02219268358251,69.41235587164265
data/NEU-CLS/train/train/images/pitted_surface_213.jpg,pitted_surface,158.827825,17.948173466104425,155.08221461121832
data/NEU-CLS/train/train/images/pitted_surface_214.jpg,pitted_surface,186.490775,42.50341180304677,161.15031502876533
data/NEU-CLS/train/train/images/pitted_surface_215.jpg,pitted_surface,175.766425,42.98641550210223,140.2467674593766
data/NEU-CLS/train/train/images/pitted_surface_216.jpg,pitted_surface,153.285,42.86724769564755,86.14756840651462
data/NEU-CLS/train/train/images/pitted_surface_218.jpg,pitted_surface,76.13015,22.960120012262568,36.648521548486336
data/NEU-CLS/train/train/images/pitted_surface_219.jpg,pitted_surface,59.5134,22.226143849979916,24.16734014112238
data/NEU-CLS/train/train/images/pitted_surface_221.jpg,pitted_surface,97.331525,26.387901890343137,61.65454053038905
data/NEU-CLS/train/train/images/pitted_surface_222.jpg,pitted_surface,79.507125,29.07045577961197,39.319781658264425
data/NEU-CLS/train/train/images/pitted_surface_227.jpg,pitted_surface,84.60705,19.99778463474142,41.75206580079382
data/NEU-CLS/train/train/images/pitted_surface_229.jpg,pitted_surface,189.733725,34.99492495526137,264.87241423946784
data/NEU-CLS/train/train/images/pitted_surface_23.jpg,pitted_surface,225.348625,16.09873863410966,490.0717661631761
data/NEU-CLS/train/train/images/pitted_surface_230.jpg,pitted_surface,229.115875,26.883637179228092,281.49588768331444
data/NEU-CLS/train/train/images/pitted_surface_231.jpg,pitted_surface,213.289375,32.17656192183023,339.1346799856841
data/NEU-CLS/train/train/images/pitted_surface_232.jpg,pitted_surface,222.5987,22.535237036916207,137.80019486547732
data/NEU-CLS/train/train/images/pitted_surface_233.jpg,pitted_surface,205.472925,44.14426765667741,57.204594636901525
data/NEU-CLS/train/train/images/pitted_surface_234.jpg,pitted_surface,186.70425,42.28501841004093,63.35406809244919
data/NEU-CLS/train/train/images/pitted_surface_238.jpg,pitted_surface,166.5513,36.652202775685936,236.75902016486097
data/NEU-CLS/train/train/images/pitted_surface_239.jpg,pitted_surface,198.27595,30.20485890709473,382.9399797235
data/NEU-CLS/train/train/images/pitted_surface_24.jpg,pitted_surface,227.77115,16.533046533458375,758.5485848071294
data/NEU-CLS/train/train/images/pitted_surface_240.jpg,pitted_surface,215.549725,24.292675386304715,413.16950926643966
data/NEU-CLS/train/train/images/pitted_surface_241.jpg,pitted_surface,231.20785,18.714649298811345,509.96930502748495
data/NEU-CLS/train/train/images/pitted_surface_242.jpg,pitted_surface,199.284425,27.413105030612183,430.40437381358157
data/NEU-CLS/train/train/images/pitted_surface_243.jpg,pitted_surface,173.601675,19.98008288757519,296.20044878439586
data/NEU-CLS/train/train/images/pitted_surface_244.jpg,pitted_surface,70.0789,29.818254891760517,30.580791280691454
data/NEU-CLS/train/train/images/pitted_surface_246.jpg,pitted_surface,144.3333,25.48244221243325,136.38681903852589
data/NEU-CLS/train/train/images/pitted_surface_247.jpg,pitted_surface,227.877475,25.044900930616098,621.0469866879835
data/NEU-CLS/train/train/images/pitted_surface_248.jpg,pitted_surface,224.283075,22.609198206579002,733.7768850058778
data/NEU-CLS/train/train/images/pitted_surface_249.jpg,pitted_surface,214.746675,25.052550797161853,718.4818948394342
data/NEU-CLS/train/train/images/pitted_surface_25.jpg,pitted_surface,215.848075,21.226038108756306,785.3019670620952
data/NEU-CLS/train/train/images/pitted_surface_250.jpg,pitted_surface,191.2581,20.3415875582512,534.2121362255866
data/NEU-CLS/train/train/images/pitted_surface_252.jpg,pitted_surface,110.736725,34.74300593320007,84.68777992321662
data/NEU-CLS/train/train/images/pitted_surface_253.jpg,pitted_surface,222.8455,26.17331904344575,785.7102174071074
data/NEU-CLS/train/train/images/pitted_surface_254.jpg,pitted_surface,224.431375,23.518047125758017,769.9184779633583
data/NEU-CLS/train/train/images/pitted_surface_257.jpg,pitted_surface,120.976825,31.37252839538718,95.02305132935125
data/NEU-CLS/train/train/images/pitted_surface_258.jpg,pitted_surface,227.55305,22.553175734195396,741.1992120307423
data/NEU-CLS/train/train/images/pitted_surface_259.jpg,pitted_surface,197.81215,26.645157390743634,585.3625649793195
data/NEU-CLS/train/train/images/pitted_surface_26.jpg,pitted_surface,204.905425,24.755711069758732,732.2653664442141
data/NEU-CLS/train/train/images/pitted_surface_261.jpg,pitted_surface,211.33665,35.74934078801314,469.16740396608037
data/NEU-CLS/train/train/images/pitted_surface_262.jpg,pitted_surface,207.539825,25.172470358893563,446.0934322659481
data/NEU-CLS/train/train/images/pitted_surface_263.jpg,pitted_surface,166.3505,35.30104743134402,267.9374774020506
data/NEU-CLS/train/train/images/pitted_surface_264.jpg,pitted_surface,136.6544,32.6012716107823,151.61128580668893
data/NEU-CLS/train/train/images/pitted_surface_265.jpg,pitted_surface,133.101225,23.77001216868378,108.09622666452675
data/NEU-CLS/train/train/images/pitted_surface_266.jpg,pitted_surface,153.313875,36.574716779277665,124.33310329060704
data/NEU-CLS/train/train/images/pitted_surface_267.jpg,pitted_surface,138.270625,37.7587312698583,118.47711562103514
data/NEU-CLS/train/train/images/pitted_surface_268.jpg,pitted_surface,176.461625,36.139583940042456,260.10067809554505
data/NEU-CLS/train/train/images/pitted_surface_269.jpg,pitted_surface,205.8552,26.39414296695386,639.2017534685315
data/NEU-CLS/train/train/images/pitted_surface_27.jpg,pitted_surface,177.63235,17.62101113663742,326.9141017896535
data/NEU-CLS/train/train/images/pitted_surface_270.jpg,pitted_surface,217.413325,24.671510643744032,761.9495969851051
data/NEU-CLS/train/train/images/pitted_surface_271.jpg,pitted_surface,211.768875,26.133473864650583,473.0166493111656
data/NEU-CLS/train/train/images/pitted_surface_272.jpg,pitted_surface,148.50065,27.9150308897823,168.204569142313
data/NEU-CLS/train/train/images/pitted_surface_273.jpg,pitted_surface,128.9248,33.504147429236276,119.21742635335326
data/NEU-CLS/train/train/images/pitted_surface_274.jpg,pitted_surface,121.46205,29.31364033683807,116.91125188191755
data/NEU-CLS/train/train/images/pitted_surface_276.jpg,pitted_surface,210.12185,41.269767416081955,343.4238062126398
data/NEU-CLS/train/train/images/pitted_surface_277.jpg,pitted_surface,203.816625,30.70354048980956,236.52749197604933
data/NEU-CLS/train/train/images/pitted_surface_278.jpg,pitted_surface,220.0674,21.76503749686639,266.12352747800816
data/NEU-CLS/train/train/images/pitted_surface_28.jpg,pitted_surface,140.9312,29.869760905638334,105.40233320548042
data/NEU-CLS/train/train/images/pitted_surface_280.jpg,pitted_surface,44.465675,18.109114329375,10.492475204925116
data/NEU-CLS/train/train/images/pitted_surface_281.jpg,pitted_surface,169.08265,37.46157256412896,103.03703469474124
data/NEU-CLS/train/train/images/pitted_surface_282.jpg,pitted_surface,95.5065,20.11541095155652,38.016870080352504
data/NEU-CLS/train/train/images/pitted_surface_284.jpg,pitted_surface,240.159075,14.074104594764634,246.0106569071633
data/NEU-CLS/train/train/images/pitted_surface_285.jpg,pitted_surface,76.95505,30.30314966298883,24.638294625021395
data/NEU-CLS/train/train/images/pitted_surface_286.jpg,pitted_surface,224.187975,22.82141297990497,395.52882140068436
data/NEU-CLS/train/train/images/pitted_surface_287.jpg,pitted_surface,147.238675,25.630868288928,103.68286441508329
data/NEU-CLS/train/train/images/pitted_surface_288.jpg,pitted_surface,191.752925,25.718775805710017,261.7376677599098
data/NEU-CLS/train/train/images/pitted_surface_289.jpg,pitted_surface,195.304575,35.13250359808386,153.04768227891662
data/NEU-CLS/train/train/images/pitted_surface_29.jpg,pitted_surface,172.24795,28.34773396230288,167.0395061206584
data/NEU-CLS/train/train/images/pitted_surface_290.jpg,pitted_surface,237.145275,20.878061935303645,194.97472076411708
data/NEU-CLS/train/train/images/pitted_surface_292.jpg,pitted_surface,112.529075,29.51175875213768,103.94576688123033
data/NEU-CLS/train/train/images/pitted_surface_293.jpg,pitted_surface,222.143875,25.792419913307377,470.04977136278126
data/NEU-CLS/train/train/images/pitted_surface_294.jpg,pitted_surface,116.654475,34.489474299768254,71.2095836677481
data/NEU-CLS/train/train/images/pitted_surface_295.jpg,pitted_surface,100.129325,26.755789094032995,69.86622500389107
data/NEU-CLS/train/train/images/pitted_surface_296.jpg,pitted_surface,157.243425,39.236132827654856,255.44154934341236
data/NEU-CLS/train/train/images/pitted_surface_297.jpg,pitted_surface,65.555875,26.920085029293187,27.760645312148448
data/NEU-CLS/train/train/images/pitted_surface_298.jpg,pitted_surface,189.4569,33.04209122301432,85.49841801862159
data/NEU-CLS/train/train/images/pitted_surface_30.jpg,pitted_surface,200.992725,23.603231178683462,276.4583715296715
data/NEU-CLS/train/train/images/pitted_surface_300.jpg,pitted_surface,221.6194,16.671013575664798,250.80244344016688
data/NEU-CLS/train/train/images/pitted_surface_32.jpg,pitted_surface,226.415075,16.3656878176377,870.324006552843
data/NEU-CLS/train/train/images/pitted_surface_34.jpg,pitted_surface,182.578375,20.005358216222348,499.2901488179979
data/NEU-CLS/train/train/images/pitted_surface_35.jpg,pitted_surface,138.1122,30.113556102858393,89.47315529657467
data/NEU-CLS/train/train/images/pitted_surface_36.jpg,pitted_surface,180.436325,28.78849067760196,170.33151924605642
data/NEU-CLS/train/train/images/pitted_surface_38.jpg,pitted_surface,222.0688,14.285200963234645,394.10492995645484
data/NEU-CLS/train/train/images/pitted_surface_39.jpg,pitted_surface,223.62835,15.560796132508774,719.7048426756165
data/NEU-CLS/train/train/images/pitted_surface_40.jpg,pitted_surface,192.7676,23.365824193466835,595.5543056830936
data/NEU-CLS/train/train/images/pitted_surface_41.jpg,pitted_surface,171.2747,16.732799822803116,332.8163865239249
data/NEU-CLS/train/train/images/pitted_surface_42.jpg,pitted_surface,129.500875,32.940708845353875,69.54663298309974
data/NEU-CLS/train/train/images/pitted_surface_43.jpg,pitted_surface,155.815475,36.887799819511805,117.16788087312064
data/NEU-CLS/train/train/images/pitted_surface_44.jpg,pitted_surface,164.023,33.381889865614255,147.67109623430562
data/NEU-CLS/train/train/images/pitted_surface_45.jpg,pitted_surface,160.907675,31.416841042574205,190.49409639698587
data/NEU-CLS/train/train/images/pitted_surface_46.jpg,pitted_surface,135.51835,25.228219581997855,118.7576021858294
data/NEU-CLS/train/train/images/pitted_surface_47.jpg,pitted_surface,155.456775,33.86786576682054,104.75423749352758
data/NEU-CLS/train/train/images/pitted_surface_48.jpg,pitted_surface,195.92945,28.69293593722155,181.5650474516337
data/NEU-CLS/train/train/images/pitted_surface_49.jpg,pitted_surface,181.55735,35.34188465514396,111.25303864407577
data/NEU-CLS/train/train/images/pitted_surface_50.jpg,pitted_surface,186.724975,30.058565106294992,268.9420809450114
data/NEU-CLS/train/train/images/pitted_surface_52.jpg,pitted_surface,240.9301,10.372167757513374,194.42859550486264
data/NEU-CLS/train/train/images/pitted_surface_53.jpg,pitted_surface,225.154225,18.77594976690593,162.61814362002193
data/NEU-CLS/train/train/images/pitted_surface_54.jpg,pitted_surface,167.444675,29.243171666978515,85.15434613545293
data/NEU-CLS/train/train/images/pitted_surface_57.jpg,pitted_surface,240.491275,10.411415555743368,285.12494252916997
data/NEU-CLS/train/train/images/pitted_surface_58.jpg,pitted_surface,180.8842,28.6222350692604,108.23555799682637
data/NEU-CLS/train/train/images/pitted_surface_59.jpg,pitted_surface,193.951425,27.57966126458726,590.5642510059978
data/NEU-CLS/train/train/images/pitted_surface_6.jpg,pitted_surface,181.108275,30.825910392466515,284.5972497533068
data/NEU-CLS/train/train/images/pitted_surface_60.jpg,pitted_surface,227.41895,21.906709723221788,600.631654052467
data/NEU-CLS/train/train/images/pitted_surface_62.jpg,pitted_surface,150.9818,30.670265221546423,89.66106405321734
data/NEU-CLS/train/train/images/pitted_surface_63.jpg,pitted_surface,164.48115,31.505332797440815,111.97406375600082
data/NEU-CLS/train/train/images/pitted_surface_64.jpg,pitted_surface,191.48965,28.06734834068762,172.83052924806026
data/NEU-CLS/train/train/images/pitted_surface_65.jpg,pitted_surface,204.196025,27.71227434187557,228.49815245693142
data/NEU-CLS/train/train/images/pitted_surface_66.jpg,pitted_surface,173.240525,34.63608411360001,246.99405924036682
data/NEU-CLS/train/train/images/pitted_surface_67.jpg,pitted_surface,138.6026,23.656342135672624,95.68355828052523
data/NEU-CLS/train/train/images/pitted_surface_68.jpg,pitted_surface,125.61815,26.669143979091267,60.887119900565686
data/NEU-CLS/train/train/images/pitted_surface_69.jpg,pitted_surface,148.205,31.97758238203758,66.23876142466489
data/NEU-CLS/train/train/images/pitted_surface_7.jpg,pitted_surface,175.73395,30.137784712840126,299.52186230973416
data/NEU-CLS/train/train/images/pitted_surface_70.jpg,pitted_surface,153.545875,33.35125628045179,86.21943106642199
data/NEU-CLS/train/train/images/pitted_surface_71.jpg,pitted_surface,133.5673,35.15912642131485,51.62684611556943
data/NEU-CLS/train/train/images/pitted_surface_72.jpg,pitted_surface,205.040325,24.196660903818422,183.82178405831607
data/NEU-CLS/train/train/images/pitted_surface_73.jpg,pitted_surface,200.52435,25.242717901951448,141.16559302268496
data/NEU-CLS/train/train/images/pitted_surface_74.jpg,pitted_surface,150.3839,32.75956456960318,106.7077341617055
data/NEU-CLS/train/train/images/pitted_surface_75.jpg,pitted_surface,229.395075,23.716807136382734,280.8420252885498
data/NEU-CLS/train/train/images/pitted_surface_76.jpg,pitted_surface,237.605125,12.079890261685948,267.4473316961831
data/NEU-CLS/train/train/images/pitted_surface_77.jpg,pitted_surface,223.248925,17.928565512733442,212.36238806571765
data/NEU-CLS/train/train/images/pitted_surface_78.jpg,pitted_surface,229.637925,24.620825061203266,358.98686253131535
data/NEU-CLS/train/train/images/pitted_surface_79.jpg,pitted_surface,239.110075,12.191928005626304,343.5811673551507
data/NEU-CLS/train/train/images/pitted_surface_8.jpg,pitted_surface,187.91915,29.511167602748284,325.0792539278557
data/NEU-CLS/train/train/images/pitted_surface_80.jpg,pitted_surface,218.076875,19.50380258396744,230.01974855173512
data/NEU-CLS/train/train/images/pitted_surface_81.jpg,pitted_surface,112.6048,29.6478357888059,68.1369213441507
data/NEU-CLS/train/train/images/pitted_surface_84.jpg,pitted_surface,189.12385,31.374815715434888,176.70648654565514
data/NEU-CLS/train/train/images/pitted_surface_85.jpg,pitted_surface,176.4128,35.70571097401647,92.05204915630974
data/NEU-CLS/train/train/images/pitted_surface_86.jpg,pitted_surface,161.273075,38.07989633710122,65.5296554967733
data/NEU-CLS/train/train/images/pitted_surface_87.jpg,pitted_surface,106.22125,19.709949224630186,26.783916203102905
data/NEU-CLS/train/train/images/pitted_surface_88.jpg,pitted_surface,142.069375,26.640254542878807,99.23867462438763
data/NEU-CLS/train/train/images/pitted_surface_89.jpg,pitted_surface,124.3022,29.184221338935874,42.63778679186893
data/NEU-CLS/train/train/images/pitted_surface_9.jpg,pitted_surface,148.1044,38.72409134686055,82.68253948139969
data/NEU-CLS/train/train/images/pitted_surface_90.jpg,pitted_surface,156.833575,32.676481262819216,89.63187858233972
data/NEU-CLS/train/train/images/pitted_surface_91.jpg,pitted_surface,164.42105,21.736014282694516,112.50474716928608
data/NEU-CLS/train/train/images/pitted_surface_92.jpg,pitted_surface,203.933275,30.08403850506735,229.4583588422359
data/NEU-CLS/train/train/images/pitted_surface_94.jpg,pitted_surface,205.042125,25.23980686305612,234.84533847116438
data/NEU-CLS/train/train/images/pitted_surface_95.jpg,pitted_surface,212.959,27.53992953876244,132.8505112069693
data/NEU-CLS/train/train/images/pitted_surface_96.jpg,pitted_surface,209.833575,26.439646890973698,138.75870911383444
data/NEU-CLS/train/train/images/pitted_surface_98.jpg,pitted_surface,230.2797,18.978097057134047,170.76336217227782
data/NEU-CLS/train/train/images/pitted_surface_99.jpg,pitted_surface,153.9999,25.176479102328823,165.40733240709588
data/NEU-CLS/train/train/images/rolled-in_scale_10.jpg,rolled_in_scale,125.422525,16.83159076333473,559.6324885317814
data/NEU-CLS/train/train/images/rolled-in_scale_101.jpg,rolled_in_scale,127.3743,17.671898582495317,744.2673368537103
data/NEU-CLS/train/train/images/rolled-in_scale_102.jpg,rolled_in_scale,112.93105,15.517750993539625,483.58467173611825
data/NEU-CLS/train/train/images/rolled-in_scale_103.jpg,rolled_in_scale,111.71955,15.977465312041833,480.05887963765326
data/NEU-CLS/train/train/images/rolled-in_scale_104.jpg,rolled_in_scale,112.2566,15.486042310416178,505.9417535753402
data/NEU-CLS/train/train/images/rolled-in_scale_107.jpg,rolled_in_scale,113.313125,14.54019352465348,545.2632810045714
data/NEU-CLS/train/train/images/rolled-in_scale_108.jpg,rolled_in_scale,111.90335,13.921706388855497,527.6511102908912
data/NEU-CLS/train/train/images/rolled-in_scale_11.jpg,rolled_in_scale,159.78695,22.08116413818574,1100.8176592754116
data/NEU-CLS/train/train/images/rolled-in_scale_110.jpg,rolled_in_scale,117.657075,15.691163992654433,615.7290656213272
data/NEU-CLS/train/train/images/rolled-in_scale_111.jpg,rolled_in_scale,116.23075,15.016194738931032,634.407275808771
data/NEU-CLS/train/train/images/rolled-in_scale_112.jpg,rolled_in_scale,113.8151,15.232122701383416,578.8135372869965
data/NEU-CLS/train/train/images/rolled-in_scale_113.jpg,rolled_in_scale,114.38475,15.123272378605762,614.4888021630446
data/NEU-CLS/train/train/images/rolled-in_scale_114.jpg,rolled_in_scale,113.560075,14.213978717951388,615.1592833983092
data/NEU-CLS/train/train/images/rolled-in_scale_115.jpg,rolled_in_scale,113.141875,14.960113518432104,603.3051453200134
data/NEU-CLS/train/train/images/rolled-in_scale_116.jpg,rolled_in_scale,113.09495,13.59348316280636,586.3201533825597
data/NEU-CLS/train/train/images/rolled-in_scale_118.jpg,rolled_in_scale,121.329425,17.64372563177559,619.0804863137782
data/NEU-CLS/train/train/images/rolled-in_scale_119.jpg,rolled_in_scale,119.74925,16.035526946050137,615.1599556319987
data/NEU-CLS/train/train/images/rolled-in_scale_12.jpg,rolled_in_scale,153.10965,23.53546317533394,1007.3888120791537
data/NEU-CLS/train/train/images/rolled-in_scale_121.jpg,rolled_in_scale,127.303675,19.762044592965957,841.475572729971
data/NEU-CLS/train/train/images/rolled-in_scale_122.jpg,rolled_in_scale,127.7551,14.529371080332417,685.7908822845048
data/NEU-CLS/train/train/images/rolled-in_scale_123.jpg,rolled_in_scale,138.9656,20.339722629377228,941.3213884653758
data/NEU-CLS/train/train/images/rolled-in_scale_124.jpg,rolled_in_scale,128.266325,16.5466687280061,685.5996795416629
data/NEU-CLS/train/train/images/rolled-in_scale_125.jpg,rolled_in_scale,123.789375,14.089590558613654,652.9718647560019
data/NEU-CLS/train/train/images/rolled-in_scale_126.jpg,rolled_in_scale,137.9692,16.117537074875926,808.0408270356027
data/NEU-CLS/train/train/images/rolled-in_scale_127.jpg,rolled_in_scale,131.36045,16.111254631390445,748.456986165157
data/NEU-CLS/train/train/images/rolled-in_scale_128.jpg,rolled_in_scale,137.775,22.466447761050254,973.4281613837591
data/NEU-CLS/train/train/images/rolled-in_scale_129.jpg,rolled_in_scale,140.35405,14.80478802946871,814.1158864900968
data/NEU-CLS/train/train/images/rolled-in_scale_13.jpg,rolled_in_scale,149.248425,22.820664101190722,931.616288060446
data/NEU-CLS/train/train/images/rolled-in_scale_130.jpg,rolled_in_scale,136.9238,16.497928462688883,795.377016043274
data/NEU-CLS/train/train/images/rolled-in_scale_132.jpg,rolled_in_scale,134.639275,17.250720346535534,795.2383683874295
data/NEU-CLS/train/train/images/rolled-in_scale_133.jpg,rolled_in_scale,137.24425,19.080909096201363,832.6673049865157
data/NEU-CLS/train/train/images/rolled-in_scale_134.jpg,rolled_in_scale,139.264675,20.01960969011072,854.1414826477105
data/NEU-CLS/train/train/images/rolled-in_scale_135.jpg,rolled_in_scale,136.3008,18.533095244993483,836.8749132426649
data/NEU-CLS/train/train/images/rolled-in_scale_136.jpg,rolled_in_scale,140.736525,20.787163248610305,839.0229102112344
data/NEU-CLS/train/train/images/rolled-in_scale_137.jpg,rolled_in_scale,132.126725,18.61003535123926,776.9542357269161
data/NEU-CLS/train/train/images/rolled-in_scale_138.jpg,rolled_in_scale,135.0232,18.188771584689274,846.5243321097075
data/NEU-CLS/train/train/images/rolled-in_scale_139.jpg,rolled_in_scale,146.099375,20.731833001675827,1086.2342371222217
data/NEU-CLS/train/train/images/rolled-in_scale_14.jpg,rolled_in_scale,132.8215,17.922046137369474,595.887825363625
data/NEU-CLS/train/train/images/rolled-in_scale_140.jpg,rolled_in_scale,137.453325,18.206296203357095,839.6228726391181
data/NEU-CLS/train/train/images/rolled-in_scale_141.jpg,rolled_in_scale,137.18285,17.049644156917175,865.2668327519651
data/NEU-CLS/train/train/images/rolled-in_scale_142.jpg,rolled_in_scale,146.731125,21.62491343877184,1051.1612166258112
data/NEU-CLS/train/train/images/rolled-in_scale_143.jpg,rolled_in_scale,137.24185,17.315610257149473,867.9191148492018
data/NEU-CLS/train/train/images/rolled-in_scale_144.jpg,rolled_in_scale,137.32865,18.043666178953213,894.0144856525066
data/NEU-CLS/train/train/images/rolled-in_scale_146.jpg,rolled_in_scale,131.01425,15.883052192116603,792.7918718296572
data/NEU-CLS/train/train/images/rolled-in_scale_15.jpg,rolled_in_scale,139.6953,14.308562398438216,653.4398731490411
data/NEU-CLS/train/train/images/rolled-in_scale_150.jpg,rolled_in_scale,136.813875,18.58017982917213,894.3789638548207
data/NEU-CLS/train/train/images/rolled-in_scale_151.jpg,rolled_in_scale,136.608625,18.438377114306316,811.4974090929235
data/NEU-CLS/train/train/images/rolled-in_scale_153.jpg,rolled_in_scale,136.1621,17.89189128040968,837.9727891983437
data/NEU-CLS/train/train/images/rolled-in_scale_154.jpg,rolled_in_scale,132.9873,21.707839337667856,917.6600522647133
data/NEU-CLS/train/train/images/rolled-in_scale_155.jpg,rolled_in_scale,147.1195,19.81757476963314,906.7057406805958
data/NEU-CLS/train/train/images/rolled-in_scale_156.jpg,rolled_in_scale,140.787325,17.74150485005077,883.4997137246073
data/NEU-CLS/train/train/images/rolled-in_scale_157.jpg,rolled_in_scale,138.56885,17.69027726400861,805.6188696139545
data/NEU-CLS/train/train/images/rolled-in_scale_158.jpg,rolled_in_scale,142.992425,18.41318325600913,972.1619650927711
data/NEU-CLS/train/train/images/rolled-in_scale_159.jpg,rolled_in_scale,137.7024,18.62564990114439,860.6483241085656
data/NEU-CLS/train/train/images/rolled-in_scale_160.jpg,rolled_in_scale,134.02,17.625248934412244,829.0715479308258
data/NEU-CLS/train/train/images/rolled-in_scale_161.jpg,rolled_in_scale,136.597175,16.01028753706113,845.8658712176776
data/NEU-CLS/train/train/images/rolled-in_scale_162.jpg,rolled_in_scale,135.46795,16.45995360860716,857.3899249305648
data/NEU-CLS/train/train/images/rolled-in_scale_163.jpg,rolled_in_scale,138.447325,18.023442383306662,937.6606895780257
data/NEU-CLS/train/train/images/rolled-in_scale_164.jpg,rolled_in_scale,137.774675,18.37527968887481,928.2250575003691
data/NEU-CLS/train/train/images/rolled-in_scale_165.jpg,rolled_in_scale,132.791925,17.605424726327254,816.9370454807531
data/NEU-CLS/train/train/images/rolled-in_scale_166.jpg,rolled_in_scale,130.158125,15.740629640658439,738.9001375061666
data/NEU-CLS/train/train/images/rolled-in_scale_167.jpg,rolled_in_scale,131.174925,15.319602679063678,759.7469640098755
data/NEU-CLS/train/train/images/rolled-in_scale_168.jpg,rolled_in_scale,136.2284,19.626109737795723,894.2099099495532
data/NEU-CLS/train/train/images/rolled-in_scale_169.jpg,rolled_in_scale,133.790675,17.48858507839828,818.6593203285063
data/NEU-CLS/train/train/images/rolled-in_scale_170.jpg,rolled_in_scale,138.776,17.857238700314223,915.4141351367886
data/NEU-CLS/train/train/images/rolled-in_scale_171.jpg,rolled_in_scale,135.8644,19.861023705740852,893.9213366163158
data/NEU-CLS/train/train/images/rolled-in_scale_174.jpg,rolled_in_scale,134.130875,18.693895975274256,909.2234659728339
data/NEU-CLS/train/train/images/rolled-in_scale_175.jpg,rolled_in_scale,133.21985,19.19021797628938,894.290059113274
data/NEU-CLS/train/train/images/rolled-in_scale_18.jpg,rolled_in_scale,144.4115,17.080720644925965,801.7931696020684
data/NEU-CLS/train/train/images/rolled-in_scale_180.jpg,rolled_in_scale,140.039325,16.992638951745402,952.4609629618126
data/NEU-CLS/train/train/images/rolled-in_scale_181.jpg,rolled_in_scale,139.1012,17.658401925429153,899.8205674985054
data/NEU-CLS/train/train/images/rolled-in_scale_183.jpg,rolled_in_scale,134.187275,16.571882906730153,874.8383924964199
data/NEU-CLS/train/train/images/rolled-in_scale_184.jpg,rolled_in_scale,133.0217,17.575069818069004,916.8548331435136
data/NEU-CLS/train/train/images/rolled-in_scale_185.jpg,rolled_in_scale,126.980575,18.90515664228612,799.0985776652092
data/NEU-CLS/train/train/images/rolled-in_scale_188.jpg,rolled_in_scale,126.7923,15.716763684359448,829.9743556470477
data/NEU-CLS/train/train/images/rolled-in_scale_19.jpg,rolled_in_scale,143.225475,17.651588767710827,781.5386062262272
data/NEU-CLS/train/train/images/rolled-in_scale_190.jpg,rolled_in_scale,116.68405,12.844591297409972,688.3928961061113
data/NEU-CLS/train/train/images/rolled-in_scale_191.jpg,rolled_in_scale,116.966425,11.91381121721236,665.2760123399846
data/NEU-CLS/train/train/images/rolled-in_scale_192.jpg,rolled_in_scale,115.589975,15.33576716370508,680.6558511288216
data/NEU-CLS/train/train/images/rolled-in_scale_193.jpg,rolled_in_scale,115.268275,14.01309221850677,701.7913335720341
data/NEU-CLS/train/train/images/rolled-in_scale_194.jpg,rolled_in_scale,115.262175,12.845181558443421,643.2307402619755
data/NEU-CLS/train/train/images/rolled-in_scale_195.jpg,rolled_in_scale,114.412675,16.835255398846048,624.1074594635
data/NEU-CLS/train/train/images/rolled-in_scale_196.jpg,rolled_in_scale,127.7396,18.808803572795373,805.8959893217755
data/NEU-CLS/train/train/images/rolled-in_scale_198.jpg,rolled_in_scale,118.1573,15.847823406070626,693.6710397244675
data/NEU-CLS/train/train/images/rolled-in_scale_199.jpg,rolled_in_scale,120.8042,14.373282936058832,720.125841752143
data/NEU-CLS/train/train/images/rolled-in_scale_20.jpg,rolled_in_scale,136.345875,15.497812603215172,667.5244880643165
data/NEU-CLS/train/train/images/rolled-in_scale_201.jpg,rolled_in_scale,122.477625,13.114892274028598,741.7277825643894
data/NEU-CLS/train/train/images/rolled-in_scale_202.jpg,rolled_in_scale,124.310375,14.359277222735656,796.3492809011356
data/NEU-CLS/train/train/images/rolled-in_scale_203.jpg,rolled_in_scale,117.733325,14.027214956803613,671.0223065547606
data/NEU-CLS/train/train/images/rolled-in_scale_204.jpg,rolled_in_scale,116.756875,14.325381853003954,692.3030633365581
data/NEU-CLS/train/train/images/rolled-in_scale_205.jpg,rolled_in_scale,120.5845,17.495415392324926,752.3143130377982
data/NEU-CLS/train/train/images/rolled-in_scale_206.jpg,rolled_in_scale,123.3131,17.607388176274185,720.0985287248903
data/NEU-CLS/train/train/images/rolled-in_scale_209.jpg,rolled_in_scale,112.1141,12.91618485428263,653.8686427164112
data/NEU-CLS/train/train/images/rolled-in_scale_21.jpg,rolled_in_scale,137.5318,15.212507642068747,661.5247150327796
data/NEU-CLS/train/train/images/rolled-in_scale_210.jpg,rolled_in_scale,112.516675,12.728400211510284,655.7489105351113
data/NEU-CLS/train/train/images/rolled-in_scale_211.jpg,rolled_in_scale,110.567325,13.68604644681491,636.4112512605585
data/NEU-CLS/train/train/images/rolled-in_scale_212.jpg,rolled_in_scale,116.852875,16.27706912298326,734.768711070198
data/NEU-CLS/train/train/images/rolled-in_scale_213.jpg,rolled_in_scale,113.565325,13.958002458961491,680.5002520310281
data/NEU-CLS/train/train/images/rolled-in_scale_214.jpg,rolled_in_scale,117.303725,14.721362916672321,707.0650863389492
data/NEU-CLS/train/train/images/rolled-in_scale_216.jpg,rolled_in_scale,116.8659,15.614180003765808,706.7266540384651
data/NEU-CLS/train/train/images/rolled-in_scale_217.jpg,rolled_in_scale,83.818475,13.065761503807384,437.30692405488963
data/NEU-CLS/train/train/images/rolled-in_scale_218.jpg,rolled_in_scale,87.87865,12.510818285687792,519.7545091477895
data/NEU-CLS/train/train/images/rolled-in_scale_219.jpg,rolled_in_scale,84.87055,11.6355400690084,474.45383322225126
data/NEU-CLS/train/train/images/rolled-in_scale_22.jpg,rolled_in_scale,127.5846,15.927242160524841,573.9047104646
data/NEU-CLS/train/train/images/rolled-in_scale_220.jpg,rolled_in_scale,75.793425,11.300929243623065,370.53761698101886
data/NEU-CLS/train/train/images/rolled-in_scale_221.jpg,rolled_in_scale,68.8102,8.932377956624988,325.1946136284701
data/NEU-CLS/train/train/images/rolled-in_scale_222.jpg,rolled_in_scale,71.1104,9.50182676331241,351.92608297685933
data/NEU-CLS/train/train/images/rolled-in_scale_223.jpg,rolled_in_scale,79.499625,11.703080784963205,431.34454203854125
data/NEU-CLS/train/train/images/rolled-in_scale_224.jpg,rolled_in_scale,85.39695,17.369259647362636,542.5338231000981
data/NEU-CLS/train/train/images/rolled-in_scale_225.jpg,rolled_in_scale,83.905175,17.43410402685997,519.8494896693095
data/NEU-CLS/train/train/images/rolled-in_scale_226.jpg,rolled_in_scale,83.319325,14.930165991856052,471.79321629378296
data/NEU-CLS/train/train/images/rolled-in_scale_227.jpg,rolled_in_scale,80.287475,13.335898287118683,425.94368066017154
data/NEU-CLS/train/train/images/rolled-in_scale_228.jpg,rolled_in_scale,80.9536,14.39960058612738,448.8041475072075
data/NEU-CLS/train/train/images/rolled-in_scale_229.jpg,rolled_in_scale,75.734575,13.934361290327411,417.7020019919716
data/NEU-CLS/train/train/images/rolled-in_scale_23.jpg,rolled_in_scale,135.408825,13.882027485903311,610.7366794392576
data/NEU-CLS/train/train/images/rolled-in_scale_230.jpg,rolled_in_scale,87.40885,14.459733458037876,538.4137247841317
data/NEU-CLS/train/train/images/rolled-in_scale_231.jpg,rolled_in_scale,80.243025,11.272138832066211,416.13553565236543
data/NEU-CLS/train/train/images/rolled-in_scale_233.jpg,rolled_in_scale,75.200325,10.628136943715724,373.6017239390782
data/NEU-CLS/train/train/images/rolled-in_scale_234.jpg,rolled_in_scale,85.2911,11.93862683854387,438.8231184167369
data/NEU-CLS/train/train/images/rolled-in_scale_235.jpg,rolled_in_scale,87.39195,15.443816730248386,486.1731693768955
data/NEU-CLS/train/train/images/rolled-in_scale_237.jpg,rolled_in_scale,71.37255,9.198138751807345,358.6075855863694
data/NEU-CLS/train/train/images/rolled-in_scale_238.jpg,rolled_in_scale,77.383275,12.218143282609473,415.50897240544964
data/NEU-CLS/train/train/images/rolled-in_scale_239.jpg,rolled_in_scale,74.83315,10.391232413794814,366.9961737661184
data/NEU-CLS/train/train/images/rolled-in_scale_24.jpg,rolled_in_scale,132.7827,14.63346782926043,621.9238989102973
data/NEU-CLS/train/train/images/rolled-in_scale_240.jpg,rolled_in_scale,72.656075,10.370069459476875,382.57373989808156
data/NEU-CLS/train/train/images/rolled-in_scale_241.jpg,rolled_in_scale,71.65095,9.800309387845875,330.71108858759465
data/NEU-CLS/train/train/images/rolled-in_scale_243.jpg,rolled_in_scale,74.25495,10.84108391709519,378.3101915620855
data/NEU-CLS/train/train/images/rolled-in_scale_244.jpg,rolled_in_scale,74.2563,11.111049019332063,355.30450142875355
data/NEU-CLS/train/train/images/rolled-in_scale_247.jpg,rolled_in_scale,80.788625,12.209393744546656,424.19631497844756
data/NEU-CLS/train/train/images/rolled-in_scale_248.jpg,rolled_in_scale,73.6223,11.11056221394759,374.6768696134809
data/NEU-CLS/train/train/images/rolled-in_scale_25.jpg,rolled_in_scale,134.61145,17.624210021941412,643.7722779026274
data/NEU-CLS/train/train/images/rolled-in_scale_250.jpg,rolled_in_scale,71.02595,9.896920056133625,298.2418264592573
data/NEU-CLS/train/train/images/rolled-in_scale_251.jpg,rolled_in_scale,82.37075,11.271328423815003,375.99791209509084
data/NEU-CLS/train/train/images/rolled-in_scale_252.jpg,rolled_in_scale,69.5258,9.58699037028827,325.87990072694555
data/NEU-CLS/train/train/images/rolled-in_scale_253.jpg,rolled_in_scale,75.289275,12.810555997862663,386.3594062138568
data/NEU-CLS/train/train/images/rolled-in_scale_254.jpg,rolled_in_scale,72.134025,9.293102942471638,334.1555794322683
data/NEU-CLS/train/train/images/rolled-in_scale_256.jpg,rolled_in_scale,74.666175,11.089129175430099,369.29627922095995
data/NEU-CLS/train/train/images/rolled-in_scale_257.jpg,rolled_in_scale,85.580275,14.70187593215148,446.71722234719675
data/NEU-CLS/train/train/images/rolled-in_scale_258.jpg,rolled_in_scale,74.376275,11.539653033101775,359.01469595618556
data/NEU-CLS/train/train/images/rolled-in_scale_259.jpg,rolled_in_scale,76.68425,11.84986716961418,390.7307937365886
data/NEU-CLS/train/train/images/rolled-in_scale_26.jpg,rolled_in_scale,133.1108,17.98383505707278,640.3139472414631
data/NEU-CLS/train/train/images/rolled-in_scale_261.jpg,rolled_in_scale,79.6676,12.12710642486492,379.6433498146635
data/NEU-CLS/train/train/images/rolled-in_scale_262.jpg,rolled_in_scale,78.885275,11.172084101651535,384.2142729094565
data/NEU-CLS/train/train/images/rolled-in_scale_263.jpg,rolled_in_scale,74.615225,11.07646934719611,372.30044441367187
data/NEU-CLS/train/train/images/rolled-in_scale_265.jpg,rolled_in_scale,81.580575,13.799402438851292,457.2037991464018
data/NEU-CLS/train/train/images/rolled-in_scale_266.jpg,rolled_in_scale,86.4645,11.916309820997437,445.70085151288004
data/NEU-CLS/train/train/images/rolled-in_scale_267.jpg,rolled_in_scale,73.878,10.823124133077288,343.67155975122154
data/NEU-CLS/train/train/images/rolled-in_scale_268.jpg,rolled_in_scale,75.156875,10.720702646486144,385.809633991583
data/NEU-CLS/train/train/images/rolled-in_scale_269.jpg,rolled_in_scale,90.90195,12.630844635158015,445.7786359220875
data/NEU-CLS/train/train/images/rolled-in_scale_270.jpg,rolled_in_scale,82.922275,12.239876789591266,417.0173758269098
data/NEU-CLS/train/train/images/rolled-in_scale_271.jpg,rolled_in_scale,83.478875,11.985270282074367,431.6470169598144
data/NEU-CLS/train/train/images/rolled-in_scale_272.jpg,rolled_in_scale,89.02315,15.512382604793501,490.33107634394605
data/NEU-CLS/train/train/images/rolled-in_scale_273.jpg,rolled_in_scale,91.736175,16.11938030351586,538.8373174978105
data/NEU-CLS/train/train/images/rolled-in_scale_274.jpg,rolled_in_scale,86.513375,13.891652929344838,504.4872293992508
data/NEU-CLS/train/train/images/rolled-in_scale_275.jpg,rolled_in_scale,84.815925,12.562155125390507,423.28820245346947
data/NEU-CLS/train/train/images/rolled-in_scale_277.jpg,rolled_in_scale,93.06965,12.049881695581082,477.69819355173047
data/NEU-CLS/train/train/images/rolled-in_scale_279.jpg,rolled_in_scale,84.419725,12.768804013077146,412.19917313887237
data/NEU-CLS/train/train/images/rolled-in_scale_28.jpg,rolled_in_scale,160.96275,22.28798022337376,1088.7116442738504
data/NEU-CLS/train/train/images/rolled-in_scale_280.jpg,rolled_in_scale,83.154375,12.736920481787385,409.14783374178285
data/NEU-CLS/train/train/images/rolled-in_scale_281.jpg,rolled_in_scale,88.770175,11.334974877315565,459.3241981526396
data/NEU-CLS/train/train/images/rolled-in_scale_283.jpg,rolled_in_scale,87.636525,13.868028371919888,491.0297384901693
data/NEU-CLS/train/train/images/rolled-in_scale_284.jpg,rolled_in_scale,87.704025,13.228137578638007,487.93360622536835
data/NEU-CLS/train/train/images/rolled-in_scale_285.jpg,rolled_in_scale,87.72405,13.696397394844382,523.4607659363481
data/NEU-CLS/train/train/images/rolled-in_scale_286.jpg,rolled_in_scale,87.345675,12.39135318657228,481.690131762571
data/NEU-CLS/train/train/images/rolled-in_scale_287.jpg,rolled_in_scale,98.04695,14.640032298376257,599.8014611053818
data/NEU-CLS/train/train/images/rolled-in_scale_288.jpg,rolled_in_scale,91.941875,13.228159225091561,544.9995901190554
data/NEU-CLS/train/train/images/rolled-in_scale_289.jpg,rolled_in_scale,91.126275,13.282815199511548,542.9540670692563
data/NEU-CLS/train/train/images/rolled-in_scale_29.jpg,rolled_in_scale,157.305475,23.221326620681584,1013.0786364674523
data/NEU-CLS/train/train/images/rolled-in_scale_290.jpg,rolled_in_scale,93.4902,13.58497898268525,542.3955416823718
data/NEU-CLS/train/train/images/rolled-in_scale_291.jpg,rolled_in_scale,87.9154,13.537898390813842,525.0328508775245
data/NEU-CLS/train/train/images/rolled-in_scale_292.jpg,rolled_in_scale,89.31045,13.788147837817085,572.624262297191
data/NEU-CLS/train/train/images/rolled-in_scale_293.jpg,rolled_in_scale,95.12865,14.220441244121083,578.3054581570406
data/NEU-CLS/train/train/images/rolled-in_scale_295.jpg,rolled_in_scale,93.3622,13.850068994773997,558.5252354499162
data/NEU-CLS/train/train/images/rolled-in_scale_296.jpg,rolled_in_scale,98.998175,15.369320794016076,614.4715830695569
data/NEU-CLS/train/train/images/rolled-in_scale_297.jpg,rolled_in_scale,95.282575,14.402103192567917,608.2418931678417
data/NEU-CLS/train/train/images/rolled-in_scale_298.jpg,rolled_in_scale,95.8266,14.72304426536849,623.4120976907868
data/NEU-CLS/train/train/images/rolled-in_scale_299.jpg,rolled_in_scale,98.31755,16.0903623948468,635.066466523086
data/NEU-CLS/train/train/images/rolled-in_scale_30.jpg,rolled_in_scale,133.952075,12.334278584269734,620.1316905916307
data/NEU-CLS/train/train/images/rolled-in_scale_32.jpg,rolled_in_scale,130.0818,12.039437643013066,589.8689633916707
data/NEU-CLS/train/train/images/rolled-in_scale_33.jpg,rolled_in_scale,158.43045,21.063423577317625,974.1999970850129
data/NEU-CLS/train/train/images/rolled-in_scale_35.jpg,rolled_in_scale,130.1376,17.26011199963662,591.9250199311155
data/NEU-CLS/train/train/images/rolled-in_scale_36.jpg,rolled_in_scale,133.654275,16.51634793846312,617.8728849888727
data/NEU-CLS/train/train/images/rolled-in_scale_38.jpg,rolled_in_scale,127.983725,17.55509926273204,583.8036087947888
data/NEU-CLS/train/train/images/rolled-in_scale_39.jpg,rolled_in_scale,132.78385,16.843230960166164,628.394932462295
data/NEU-CLS/train/train/images/rolled-in_scale_40.jpg,rolled_in_scale,137.5519,14.602042884130974,682.3783401255226
data/NEU-CLS/train/train/images/rolled-in_scale_41.jpg,rolled_in_scale,126.572675,18.29673518265964,570.8383182775244
data/NEU-CLS/train/train/images/rolled-in_scale_43.jpg,rolled_in_scale,136.253725,15.509864558543862,660.862593620392
data/NEU-CLS/train/train/images/rolled-in_scale_44.jpg,rolled_in_scale,140.776375,17.501998938960515,660.4744047675932
data/NEU-CLS/train/train/images/rolled-in_scale_45.jpg,rolled_in_scale,129.926775,14.348657188021985,599.2398551186988
data/NEU-CLS/train/train/images/rolled-in_scale_48.jpg,rolled_in_scale,124.63005,14.31211678954235,591.6088495984905
data/NEU-CLS/train/train/images/rolled-in_scale_49.jpg,rolled_in_scale,130.41395,15.933481898113168,675.9860999006231
data/NEU-CLS/train/train/images/rolled-in_scale_50.jpg,rolled_in_scale,130.953825,15.508025111837258,657.6349007965117
data/NEU-CLS/train/train/images/rolled-in_scale_51.jpg,rolled_in_scale,131.5559,14.44875860376939,620.4692063699858
data/NEU-CLS/train/train/images/rolled-in_scale_53.jpg,rolled_in_scale,122.294925,19.921440566494557,582.7837127408794
data/NEU-CLS/train/train/images/rolled-in_scale_54.jpg,rolled_in_scale,128.24205,19.44318034163907,647.0289856736964
data/NEU-CLS/train/train/images/rolled-in_scale_56.jpg,rolled_in_scale,129.945225,18.804368500414338,622.7501543104474
data/NEU-CLS/train/train/images/rolled-in_scale_59.jpg,rolled_in_scale,157.5091,20.036263803164502,1140.4156469690106
data/NEU-CLS/train/train/images/rolled-in_scale_6.jpg,rolled_in_scale,144.723425,19.857697028340798,864.0201765126008
data/NEU-CLS/train/train/images/rolled-in_scale_60.jpg,rolled_in_scale,153.79325,20.49856957052126,1140.2138687027236
data/NEU-CLS/train/train/images/rolled-in_scale_61.jpg,rolled_in_scale,135.830075,20.073756511783614,706.1169843417057
data/NEU-CLS/train/train/images/rolled-in_scale_64.jpg,rolled_in_scale,123.061325,15.24095680212942,565.7234956523242
data/NEU-CLS/train/train/images/rolled-in_scale_65.jpg,rolled_in_scale,127.502475,14.106485879707073,625.7323447261404
data/NEU-CLS/train/train/images/rolled-in_scale_66.jpg,rolled_in_scale,132.199575,15.87274692103969,680.7780689479181
data/NEU-CLS/train/train/images/rolled-in_scale_67.jpg,rolled_in_scale,128.4555,14.100048572611371,642.381133799291
data/NEU-CLS/train/train/images/rolled-in_scale_68.jpg,rolled_in_scale,123.34495,17.23461515373929,583.675379155359
data/NEU-CLS/train/train/images/rolled-in_scale_69.jpg,rolled_in_scale,125.660075,16.493535885139213,625.3892173900191
data/NEU-CLS/train/train/images/rolled-in_scale_71.jpg,rolled_in_scale,129.267475,19.72801135756909,652.7989491076484
data/NEU-CLS/train/train/images/rolled-in_scale_72.jpg,rolled_in_scale,132.8522,17.68001287216726,703.9594592079089
data/NEU-CLS/train/train/images/rolled-in_scale_73.jpg,rolled_in_scale,151.269275,21.00936257896405,974.9914327069711
data/NEU-CLS/train/train/images/rolled-in_scale_74.jpg,rolled_in_scale,153.27665,21.27119565933001,982.8454447534871
data/NEU-CLS/train/train/images/rolled-in_scale_75.jpg,rolled_in_scale,127.22535,16.318811763651787,649.2186745627853
data/NEU-CLS/train/train/images/rolled-in_scale_76.jpg,rolled_in_scale,123.600275,17.087615249775933,591.1126602658645
data/NEU-CLS/train/train/images/rolled-in_scale_77.jpg,rolled_in_scale,153.125425,24.580849122220634,1131.6440502756202
data/NEU-CLS/train/train/images/rolled-in_scale_78.jpg,rolled_in_scale,151.068525,24.558907331645987,1107.6633750923816
data/NEU-CLS/train/train/images/rolled-in_scale_79.jpg,rolled_in_scale,128.4273,16.405761631512263,662.7518401225453
data/NEU-CLS/train/train/images/rolled-in_scale_8.jpg,rolled_in_scale,130.949325,16.61927516603462,572.6701760555928
data/NEU-CLS/train/train/images/rolled-in_scale_80.jpg,rolled_in_scale,150.218825,25.342414853746178,1097.9388593097271
data/NEU-CLS/train/train/images/rolled-in_scale_81.jpg,rolled_in_scale,151.8518,24.160477784182994,1136.631979207367
data/NEU-CLS/train/train/images/rolled-in_scale_82.jpg,rolled_in_scale,149.9577,24.607192255720683,1124.2664626796388
data/NEU-CLS/train/train/images/rolled-in_scale_83.jpg,rolled_in_scale,150.4969,24.778231179606024,1070.92713349067
data/NEU-CLS/train/train/images/rolled-in_scale_84.jpg,rolled_in_scale,129.0929,18.10984178809964,615.6019256491343
data/NEU-CLS/train/train/images/rolled-in_scale_86.jpg,rolled_in_scale,119.6833,16.47946907852313,585.6292563379479
data/NEU-CLS/train/train/images/rolled-in_scale_87.jpg,rolled_in_scale,113.907525,17.619292646822544,521.074095365543
data/NEU-CLS/train/train/images/rolled-in_scale_88.jpg,rolled_in_scale,118.128225,16.88694712934742,595.5059047318706
data/NEU-CLS/train/train/images/rolled-in_scale_89.jpg,rolled_in_scale,120.2041,18.525405344823092,621.1532823200046
data/NEU-CLS/train/train/images/rolled-in_scale_9.jpg,rolled_in_scale,127.46625,17.140993580813802,552.3759909505299
data/NEU-CLS/train/train/images/rolled-in_scale_90.jpg,rolled_in_scale,116.1144,16.63813128449226,539.1234764257192
data/NEU-CLS/train/train/images/rolled-in_scale_91.jpg,rolled_in_scale,124.482375,18.50637293905467,641.8652154633403
data/NEU-CLS/train/train/images/rolled-in_scale_93.jpg,rolled_in_scale,146.1599,25.224774171238877,1027.3696009782511
data/NEU-CLS/train/train/images/rolled-in_scale_94.jpg,rolled_in_scale,152.03775,27.183188277637704,1115.6366694126702
data/NEU-CLS/train/train/images/rolled-in_scale_95.jpg,rolled_in_scale,121.627775,12.774279766365499,547.4725710206469
data/NEU-CLS/train/train/images/rolled-in_scale_96.jpg,rolled_in_scale,115.543475,14.57018050417959,527.5949252921371
data/NEU-CLS/train/train/images/rolled-in_scale_97.jpg,rolled_in_scale,106.964525,14.779411914023338,467.523691405922
data/NEU-CLS/train/train/images/rolled-in_scale_98.jpg,rolled_in_scale,125.6135,20.660065773128604,730.7507503928472
data/NEU-CLS/train/train/images/rolled-in_scale_99.jpg,rolled_in_scale,126.175925,18.189870131322408,709.6465332932987
data/NEU-CLS/train/train/images/scratches_10.jpg,scratches,124.0125,24.48937205707815,182.42885566105466
data/NEU-CLS/train/train/images/scratches_100.jpg,scratches,119.92885,28.427253431830167,213.94992565800374
data/NEU-CLS/train/train/images/scratches_102.jpg,scratches,72.32805,29.390666600087517,40.70275101587712
data/NEU-CLS/train/train/images/scratches_104.jpg,scratches,103.458975,27.094525590040785,128.85111213141516
data/NEU-CLS/train/train/images/scratches_105.jpg,scratches,117.03795,29.778231307408102,207.37781259886765
data/NEU-CLS/train/train/images/scratches_106.jpg,scratches,99.588375,24.834863395222754,87.19813170991623
data/NEU-CLS/train/train/images/scratches_108.jpg,scratches,81.963325,27.700497828457433,46.43062960138153
data/NEU-CLS/train/train/images/scratches_109.jpg,scratches,86.0573,25.687526480959587,48.54626895324601
data/NEU-CLS/train/train/images/scratches_11.jpg,scratches,136.43105,19.089474741267765,192.23690110892716
data/NEU-CLS/train/train/images/scratches_110.jpg,scratches,100.484075,37.74872840764805,70.42577271375508
data/NEU-CLS/train/train/images/scratches_111.jpg,scratches,110.1743,37.77569350137731,78.5098764483469
data/NEU-CLS/train/train/images/scratches_112.jpg,scratches,109.1384,42.36925648911012,69.90358456399896
data/NEU-CLS/train/train/images/scratches_113.jpg,scratches,123.07235,40.164846140343926,91.23758067660513
data/NEU-CLS/train/train/images/scratches_114.jpg,scratches,135.61245,36.12470283611341,108.66091548725048
data/NEU-CLS/train/train/images/scratches_115.jpg,scratches,125.64665,41.83205223004843,98.64113536852501
data/NEU-CLS/train/train/images/scratches_116.jpg,scratches,134.51145,35.97290742902914,118.14232826334039
data/NEU-CLS/train/train/images/scratches_118.jpg,scratches,128.063775,38.10581199435822,101.39856582568463
data/NEU-CLS/train/train/images/scratches_119.jpg,scratches,133.37165,35.187696376396964,111.21882603384954
data/NEU-CLS/train/train/images/scratches_12.jpg,scratches,135.886375,11.031970103266913,89.07255672639636
data/NEU-CLS/train/train/images/scratches_120.jpg,scratches,133.0087,32.20321916066777,100.55569449208413
data/NEU-CLS/train/train/images/scratches_122.jpg,scratches,113.60595,38.87414532304858,78.2440894188963
data/NEU-CLS/train/train/images/scratches_123.jpg,scratches,120.6814,33.650052660285695,85.69270750653544
data/NEU-CLS/train/train/images/scratches_126.jpg,scratches,38.126925,12.126815948317804,10.01644912295128
data/NEU-CLS/train/train/images/scratches_127.jpg,scratches,74.236625,21.60998342455114,27.968906087664266
data/NEU-CLS/train/train/images/scratches_128.jpg,scratches,53.2432,21.86205968704687,21.19458265486133
data/NEU-CLS/train/train/images/scratches_129.jpg,scratches,68.39665,23.98820374220421,25.452956945969408
data/NEU-CLS/train/train/images/scratches_13.jpg,scratches,112.4842,16.356871655668147,101.70834086381433
data/NEU-CLS/train/train/images/scratches_130.jpg,scratches,62.757525,22.956483416986472,23.86329325568925
data/NEU-CLS/train/train/images/scratches_131.jpg,scratches,90.55625,21.78112912448526,37.26173308993341
data/NEU-CLS/train/train/images/scratches_134.jpg,scratches,92.06665,30.949245673804395,54.86468061310706
data/NEU-CLS/train/train/images/scratches_136.jpg,scratches,114.278125,38.476435275170374,87.1996222272462
data/NEU-CLS/train/train/images/scratches_137.jpg,scratches,123.170625,38.720774942004645,96.51662268707008
data/NEU-CLS/train/train/images/scratches_138.jpg,scratches,128.720425,37.90145462669441,101.5131336657072
data/NEU-CLS/train/train/images/scratches_139.jpg,scratches,128.147425,49.02108669612879,96.95266891385484
data/NEU-CLS/train/train/images/scratches_14.jpg,scratches,127.29085,14.048117535011585,119.52743680977812
data/NEU-CLS/train/train/images/scratches_140.jpg,scratches,138.158875,46.64452576384902,105.353176942589
data/NEU-CLS/train/train/images/scratches_142.jpg,scratches,137.60435,42.412501235809,109.44942174689545
data/NEU-CLS/train/train/images/scratches_143.jpg,scratches,126.78225,47.27840717428518,101.96203918231973
data/NEU-CLS/train/train/images/scratches_144.jpg,scratches,140.98935,38.27893332601498,124.12399174120554
data/NEU-CLS/train/train/images/scratches_145.jpg,scratches,124.24455,38.35424872549976,107.33799926984915
data/NEU-CLS/train/train/images/scratches_146.jpg,scratches,106.667425,34.1771644357658,76.29494410649801
data/NEU-CLS/train/train/images/scratches_147.jpg,scratches,105.4541,31.713999955697798,69.89234749879401
data/NEU-CLS/train/train/images/scratches_149.jpg,scratches,76.7265,21.973576125656013,25.868551314173168
data/NEU-CLS/train/train/images/scratches_15.jpg,scratches,138.691225,14.451416297352138,129.90027748176362
data/NEU-CLS/train/train/images/scratches_150.jpg,scratches,51.48345,12.788837949458113,13.815451796301966
data/NEU-CLS/train/train/images/scratches_151.jpg,scratches,68.706925,17.594566833098646,49.75181739251655
data/NEU-CLS/train/train/images/scratches_152.jpg,scratches,72.4113,20.623762564333408,63.87889978522292
data/NEU-CLS/train/train/images/scratches_156.jpg,scratches,83.677575,24.171790730505986,110.77970286385012
data/NEU-CLS/train/train/images/scratches_157.jpg,scratches,96.3267,26.65546786514917,137.9524616304361
data/NEU-CLS/train/train/images/scratches_158.jpg,scratches,100.670925,23.17215321553815,161.64644703760533
data/NEU-CLS/train/train/images/scratches_159.jpg,scratches,97.50655,29.20351018452234,218.54738090352362
data/NEU-CLS/train/train/images/scratches_16.jpg,scratches,144.35495,8.651613173131356,72.4439567023342
data/NEU-CLS/train/train/images/scratches_161.jpg,scratches,79.750275,17.3405857001537,73.11887818740783
data/NEU-CLS/train/train/images/scratches_162.jpg,scratches,102.61525,29.612341471715812,245.306900735383
data/NEU-CLS/train/train/images/scratches_163.jpg,scratches,104.283775,28.569310400311995,222.76644935783148
data/NEU-CLS/train/train/images/scratches_165.jpg,scratches,90.9133,23.60055789827859,111.77940428554872
data/NEU-CLS/train/train/images/scratches_166.jpg,scratches,92.351,27.34146391472117,132.4968355583738
data/NEU-CLS/train/train/images/scratches_167.jpg,scratches,67.59235,17.62795568060857,31.85195344242581
data/NEU-CLS/train/train/images/scratches_168.jpg,scratches,64.212375,15.731934778004101,25.44171043025153
data/NEU-CLS/train/train/images/scratches_169.jpg,scratches,42.326425,11.749317925708496,14.591061761749353
data/NEU-CLS/train/train/images/scratches_17.jpg,scratches,115.98475,16.20261452474569,66.39960132928306
data/NEU-CLS/train/train/images/scratches_170.jpg,scratches,37.543675,11.809284165197102,13.181433998461019
data/NEU-CLS/train/train/images/scratches_171.jpg,scratches,38.269325,9.721604242324155,11.947674998670877
data/NEU-CLS/train/train/images/scratches_173.jpg,scratches,34.903975,10.325790729981652,11.433552073441362
data/NEU-CLS/train/train/images/scratches_174.jpg,scratches,77.624925,21.047516331965987,55.94593036762145
data/NEU-CLS/train/train/images/scratches_175.jpg,scratches,66.578175,17.584161585625143,41.303742014814326
data/NEU-CLS/train/train/images/scratches_176.jpg,scratches,75.729525,22.879395059187537,71.10786981810907
data/NEU-CLS/train/train/images/scratches_177.jpg,scratches,80.217,27.81691411713384,105.52841066350047
data/NEU-CLS/train/train/images/scratches_178.jpg,scratches,94.193725,34.27812853153414,148.10575438732045
data/NEU-CLS/train/train/images/scratches_179.jpg,scratches,92.979575,36.01825728459631,148.93023652250542
data/NEU-CLS/train/train/images/scratches_181.jpg,scratches,91.401325,34.83773691335841,146.8960752632108
data/NEU-CLS/train/train/images/scratches_182.jpg,scratches,80.299925,34.67909629725629,119.30510512621743
data/NEU-CLS/train/train/images/scratches_183.jpg,scratches,69.65135,31.177808505048908,71.42325830280619
data/NEU-CLS/train/train/images/scratches_184.jpg,scratches,66.840675,25.325388260486257,48.695616700380626
data/NEU-CLS/train/train/images/scratches_185.jpg,scratches,93.312775,33.85138692578747,144.3004328973842
data/NEU-CLS/train/train/images/scratches_186.jpg,scratches,93.49165,39.35082756788604,167.85166837396608
data/NEU-CLS/train/train/images/scratches_187.jpg,scratches,83.4388,20.93574466218004,145.43510571108868
data/NEU-CLS/train/train/images/scratches_19.jpg,scratches,121.743225,15.827534286785639,47.18334032274401
data/NEU-CLS/train/train/images/scratches_190.jpg,scratches,81.84035,21.271244953634003,158.52376080229087
data/NEU-CLS/train/train/images/scratches_191.jpg,scratches,77.472175,21.31239253977308,125.56404859715687
data/NEU-CLS/train/train/images/scratches_192.jpg,scratches,75.566,18.608710164866345,101.5945549855813
data/NEU-CLS/train/train/images/scratches_193.jpg,scratches,66.022425,11.703256902220637,53.595678865952195
data/NEU-CLS/train/train/images/scratches_195.jpg,scratches,60.64335,11.058191569036051,28.510218429389475
data/NEU-CLS/train/train/images/scratches_197.jpg,scratches,66.3151,12.302376274118751,40.92957195072567
data/NEU-CLS/train/train/images/scratches_198.jpg,scratches,62.897075,11.023122581391128,35.89036045704583
data/NEU-CLS/train/train/images/scratches_199.jpg,scratches,57.745775,13.206530378921444,35.19956666018216
data/NEU-CLS/train/train/images/scratches_20.jpg,scratches,64.3643,15.015674660500608,18.16977540589618
data/NEU-CLS/train/train/images/scratches_200.jpg,scratches,51.9489,12.887992038715728,30.142481897775106
data/NEU-CLS/train/train/images/scratches_201.jpg,scratches,49.2878,11.856425311197299,24.526757285692867
data/NEU-CLS/train/train/images/scratches_203.jpg,scratches,70.880125,11.005589715429837,40.93895139903819
data/NEU-CLS/train/train/images/scratches_204.jpg,scratches,64.417425,9.117328631204153,29.260361658175114
data/NEU-CLS/train/train/images/scratches_205.jpg,scratches,67.264325,7.601822629762879,33.6021284242842
data/NEU-CLS/train/train/images/scratches_206.jpg,scratches,83.918675,18.044507786148532,191.7627507029464
data/NEU-CLS/train/train/images/scratches_207.jpg,scratches,82.078225,15.840255864391047,165.73326063666974
data/NEU-CLS/train/train/images/scratches_209.jpg,scratches,66.84485,13.60703231705944,45.52601737852315
data/NEU-CLS/train/train/images/scratches_21.jpg,scratches,81.597125,16.081157195126693,37.20099128547807
data/NEU-CLS/train/train/images/scratches_212.jpg,scratches,83.65835,16.025408739795065,133.61196192403506
data/NEU-CLS/train/train/images/scratches_213.jpg,scratches,83.4103,17.007943847214456,134.77726907797586
data/NEU-CLS/train/train/images/scratches_214.jpg,scratches,87.14785,19.276353139987346,195.5269763352442
data/NEU-CLS/train/train/images/scratches_215.jpg,scratches,84.770175,17.76658254897027,152.28763788275572
data/NEU-CLS/train/train/images/scratches_216.jpg,scratches,90.1498,20.929216659015214,262.8962810547173
data/NEU-CLS/train/train/images/scratches_217.jpg,scratches,87.48965,17.47748960455992,153.43293825140395
data/NEU-CLS/train/train/images/scratches_218.jpg,scratches,80.853625,15.633900644412929,118.668859477149
data/NEU-CLS/train/train/images/scratches_219.jpg,scratches,76.043025,14.492191823508788,95.2524990363795
data/NEU-CLS/train/train/images/scratches_220.jpg,scratches,61.9326,12.856247790082453,46.485876582888366
data/NEU-CLS/train/train/images/scratches_221.jpg,scratches,58.3552,14.014028077608522,41.481413666162325
data/NEU-CLS/train/train/images/scratches_222.jpg,scratches,57.599025,9.81327132251906,31.63686104629979
data/NEU-CLS/train/train/images/scratches_224.jpg,scratches,65.00145,10.768637234929033,45.07633883728083
data/NEU-CLS/train/train/images/scratches_225.jpg,scratches,78.187425,13.503077311093756,68.67347160332261
data/NEU-CLS/train/train/images/scratches_226.jpg,scratches,64.097875,15.273102025599613,46.99535635693511
data/NEU-CLS/train/train/images/scratches_227.jpg,scratches,81.38355,15.673887182109612,105.37710874678733
data/NEU-CLS/train/train/images/scratches_228.jpg,scratches,59.7438,17.740314584583896,41.04672440485673
data/NEU-CLS/train/train/images/scratches_229.jpg,scratches,42.659125,8.138923714741097,15.200744311856967
data/NEU-CLS/train/train/images/scratches_23.jpg,scratches,102.822725,21.822191653781598,127.26854358628869
data/NEU-CLS/train/train/images/scratches_232.jpg,scratches,39.73925,7.373317397040493,13.11669686913961
data/NEU-CLS/train/train/images/scratches_233.jpg,scratches,62.348725,14.332706160190929,41.242030462811314
data/NEU-CLS/train/train/images/scratches_234.jpg,scratches,59.116325,12.937093703547754,35.74907560450412
data/NEU-CLS/train/train/images/scratches_235.jpg,scratches,70.774725,11.120632903498569,44.51156941290544
data/NEU-CLS/train/train/images/scratches_236.jpg,scratches,84.687375,18.0744236591205,186.2852936135712
data/NEU-CLS/train/train/images/scratches_237.jpg,scratches,80.942325,12.284622444111784,82.8040250936239
data/NEU-CLS/train/train/images/scratches_238.jpg,scratches,89.810175,19.888502745791975,238.34360458149308
data/NEU-CLS/train/train/images/scratches_239.jpg,scratches,82.70135,16.106553268080045,131.29461555006353
data/NEU-CLS/train/train/images/scratches_24.jpg,scratches,89.684925,24.352692925924536,75.41039937538362
data/NEU-CLS/train/train/images/scratches_240.jpg,scratches,60.57595,13.747660950048921,45.1815826301423
data/NEU-CLS/train/train/images/scratches_241.jpg,scratches,84.55705,17.703643559942684,148.18214468939445
data/NEU-CLS/train/train/images/scratches_242.jpg,scratches,73.349275,11.970124559685042,52.816657459232005
data/NEU-CLS/train/train/images/scratches_243.jpg,scratches,57.767175,13.930713101610232,37.224253619245204
data/NEU-CLS/train/train/images/scratches_245.jpg,scratches,58.465775,14.570857169342338,29.273697146498666
data/NEU-CLS/train/train/images/scratches_246.jpg,scratches,66.041225,8.460013327375732,31.396238317578483
data/NEU-CLS/train/train/images/scratches_247.jpg,scratches,39.808875,7.354049648620479,13.582491207724257
data/NEU-CLS/train/train/images/scratches_248.jpg,scratches,70.9742,11.47185400709057,66.83974833694654
data/NEU-CLS/train/train/images/scratches_249.jpg,scratches,71.6257,15.542652589246147,81.730901288956
data/NEU-CLS/train/train/images/scratches_25.jpg,scratches,111.484775,25.854094805260054,162.45930427284932
data/NEU-CLS/train/train/images/scratches_250.jpg,scratches,76.011175,19.787672933404142,106.61078603688972
data/NEU-CLS/train/train/images/scratches_251.jpg,scratches,84.497925,19.132788497612548,149.47222112850022
data/NEU-CLS/train/train/images/scratches_252.jpg,scratches,84.0755,20.419472318108518,152.17163691425287
data/NEU-CLS/train/train/images/scratches_254.jpg,scratches,75.902875,17.92651504711317,101.019385774359
data/NEU-CLS/train/train/images/scratches_255.jpg,scratches,60.5319,22.314453441435663,34.51516083488625
data/NEU-CLS/train/train/images/scratches_256.jpg,scratches,64.71045,27.089504624438963,49.8047398250176
data/NEU-CLS/train/train/images/scratches_257.jpg,scratches,73.3247,32.23603759629896,82.52600472166753
data/NEU-CLS/train/train/images/scratches_258.jpg,scratches,93.578675,34.16370676967555,151.1900522884745
data/NEU-CLS/train/train/images/scratches_261.jpg,scratches,82.86585,22.916039225343894,80.38302585899248
data/NEU-CLS/train/train/images/scratches_262.jpg,scratches,69.63985,19.502093271684966,49.03975198364087
data/NEU-CLS/train/train/images/scratches_263.jpg,scratches,65.51065,19.809875985919245,43.62310738985893
data/NEU-CLS/train/train/images/scratches_264.jpg,scratches,91.6112,25.906505641633725,182.98735039769738
data/NEU-CLS/train/train/images/scratches_265.jpg,scratches,105.78715,27.0355293064053,223.43630405239242
data/NEU-CLS/train/train/images/scratches_266.jpg,scratches,100.762375,18.428258446184625,129.62302011331488
data/NEU-CLS/train/train/images/scratches_267.jpg,scratches,95.339,15.168379247632227,97.768083053848
data/NEU-CLS/train/train/images/scratches_268.jpg,scratches,82.1663,14.360899843324582,73.78412915422686
data/NEU-CLS/train/train/images/scratches_269.jpg,scratches,93.472275,19.52623315758508,122.52371225430657
data/NEU-CLS/train/train/images/scratches_27.jpg,scratches,114.049525,25.703087796495872,169.53201455104943
data/NEU-CLS/train/train/images/scratches_270.jpg,scratches,99.82535,18.912149464762063,133.70563961638777
data/NEU-CLS/train/train/images/scratches_271.jpg,scratches,103.2741,27.11924536542269,197.5656428573704
data/NEU-CLS/train/train/images/scratches_272.jpg,scratches,84.97365,22.544348641677363,136.7185590296955
data/NEU-CLS/train/train/images/scratches_273.jpg,scratches,98.066975,26.907062072054153,185.6450922719323
data/NEU-CLS/train/train/images/scratches_274.jpg,scratches,103.28575,25.50063130468538,175.3245094541617
data/NEU-CLS/train/train/images/scratches_275.jpg,scratches,98.54535,25.84563489987236,193.07163504145723
data/NEU-CLS/train/train/images/scratches_277.jpg,scratches,73.2737,21.653818100048777,70.78167406387105
data/NEU-CLS/train/train/images/scratches_28.jpg,scratches,86.2995,18.854575034988194,28.20715608115008
data/NEU-CLS/train/train/images/scratches_280.jpg,scratches,94.0745,26.854094655191787,133.79862619549607
data/NEU-CLS/train/train/images/scratches_281.jpg,scratches,69.092175,18.129474034548686,38.33204237635236
data/NEU-CLS/train/train/images/scratches_282.jpg,scratches,47.75265,14.148479352124737,18.80236626217092
data/NEU-CLS/train/train/images/scratches_283.jpg,scratches,48.25555,16.05001072265997,22.68232789401239
data/NEU-CLS/train/train/images/scratches_284.jpg,scratches,42.778075,13.377222218920302,15.68850691132373
data/NEU-CLS/train/train/images/scratches_286.jpg,scratches,36.5294,10.614154965893423,11.132519364201816
data/NEU-CLS/train/train/images/scratches_287.jpg,scratches,83.400175,32.323770432444526,69.3740119740868
data/NEU-CLS/train/train/images/scratches_288.jpg,scratches,67.708425,23.502498995199957,28.85848373448896
data/NEU-CLS/train/train/images/scratches_289.jpg,scratches,89.367575,21.294663970567253,70.16142930041423
data/NEU-CLS/train/train/images/scratches_29.jpg,scratches,106.14835,19.025752081783782,74.67228781938726
data/NEU-CLS/train/train/images/scratches_290.jpg,scratches,133.544075,22.28795991997417,72.46443328970312
data/NEU-CLS/train/train/images/scratches_291.jpg,scratches,144.2709,18.220093665785587,69.73445675669629
data/NEU-CLS/train/train/images/scratches_292.jpg,scratches,120.79985,31.350991849979803,240.7338653296093
data/NEU-CLS/train/train/images/scratches_293.jpg,scratches,128.3945,17.43846093409622,144.55868005518263
data/NEU-CLS/train/train/images/scratches_296.jpg,scratches,116.7819,24.56908387364087,136.71599294640004
data/NEU-CLS/train/train/images/scratches_298.jpg,scratches,89.5647,25.8222552057329,82.60500677790135
data/NEU-CLS/train/train/images/scratches_299.jpg,scratches,112.54245,29.633011119315903,208.22101738169826
data/NEU-CLS/train/train/images/scratches_30.jpg,scratches,111.8635,20.123637040803533,115.64386069214986
data/NEU-CLS/train/train/images/scratches_300.jpg,scratches,88.758775,25.68678425765621,66.4919862383147
data/NEU-CLS/train/train/images/scratches_31.jpg,scratches,109.9718,13.618966728794076,43.188511221148005
data/NEU-CLS/train/train/images/scratches_32.jpg,scratches,88.377875,15.946985153450635,25.259128623566735
data/NEU-CLS/train/train/images/scratches_33.jpg,scratches,70.67845,13.257714946305793,14.285785537980738
data/NEU-CLS/train/train/images/scratches_36.jpg,scratches,113.48015,21.867209606566174,44.070999614994236
data/NEU-CLS/train/train/images/scratches_37.jpg,scratches,149.195575,15.91634459979348,74.79087365249414
data/NEU-CLS/train/train/images/scratches_38.jpg,scratches,143.162975,19.616972604083816,71.29397463026628
data/NEU-CLS/train/train/images/scratches_39.jpg,scratches,128.20135,23.137732347347697,64.12076268149396
data/NEU-CLS/train/train/images/scratches_40.jpg,scratches,152.62875,15.971769577523338,79.07725101510154
data/NEU-CLS/train/train/images/scratches_41.jpg,scratches,132.495675,24.133221527478984,86.0971837500137
data/NEU-CLS/train/train/images/scratches_42.jpg,scratches,116.29015,18.606192866287827,48.80670189854317
data/NEU-CLS/train/train/images/scratches_43.jpg,scratches,77.362675,13.58645067132601,15.4237272336786
data/NEU-CLS/train/train/images/scratches_44.jpg,scratches,76.36615,13.641031272506488,14.63151215358473
data/NEU-CLS/train/train/images/scratches_45.jpg,scratches,141.606425,21.991869491231867,90.23980971459584
data/NEU-CLS/train/train/images/scratches_46.jpg,scratches,157.083725,14.036014930327447,83.73284778361197
data/NEU-CLS/train/train/images/scratches_47.jpg,scratches,105.636525,22.919486489107364,42.11411834304829
data/NEU-CLS/train/train/images/scratches_48.jpg,scratches,126.7642,20.21322335403238,58.272806793669695
data/NEU-CLS/train/train/images/scratches_50.jpg,scratches,139.30905,28.868387348404138,92.49091920025778
data/NEU-CLS/train/train/images/scratches_52.jpg,scratches,156.2539,23.35704036880529,106.01142610083816
data/NEU-CLS/train/train/images/scratches_53.jpg,scratches,164.30675,19.366219415195626,124.75219991284368
data/NEU-CLS/train/train/images/scratches_55.jpg,scratches,142.2191,26.138264004902847,102.86784328499864
data/NEU-CLS/train/train/images/scratches_56.jpg,scratches,130.56625,22.034372261026636,70.25439311631119
data/NEU-CLS/train/train/images/scratches_57.jpg,scratches,107.009725,19.831803509120775,37.30512191592384
data/NEU-CLS/train/train/images/scratches_58.jpg,scratches,104.503575,22.595898681384085,41.23961603471057
data/NEU-CLS/train/train/images/scratches_6.jpg,scratches,119.48665,30.516191960621494,220.0497766505141
data/NEU-CLS/train/train/images/scratches_61.jpg,scratches,145.39335,28.27689738598455,102.64239877164907
data/NEU-CLS/train/train/images/scratches_62.jpg,scratches,109.393825,24.212011004238683,48.0668548757297
data/NEU-CLS/train/train/images/scratches_63.jpg,scratches,127.473675,21.43753500275568,61.016362333084224
data/NEU-CLS/train/train/images/scratches_64.jpg,scratches,118.37525,27.06867354410814,64.62406812932733
data/NEU-CLS/train/train/images/scratches_65.jpg,scratches,162.6914,20.315627384848344,120.6712258901377
data/NEU-CLS/train/train/images/scratches_67.jpg,scratches,140.589825,20.367998955944962,72.32685236221207
data/NEU-CLS/train/train/images/scratches_7.jpg,scratches,132.1522,26.22920576685463,227.24198769249
data/NEU-CLS/train/train/images/scratches_71.jpg,scratches,113.943375,17.764562156421842,154.17002324616672
data/NEU-CLS/train/train/images/scratches_72.jpg,scratches,129.1749,15.027729701787957,247.77506048041985
data/NEU-CLS/train/train/images/scratches_74.jpg,scratches,80.131875,19.93366333578389,98.16123844039286
data/NEU-CLS/train/train/images/scratches_76.jpg,scratches,90.16365,18.87332558606193,69.73283337393832
data/NEU-CLS/train/train/images/scratches_77.jpg,scratches,103.718225,24.29238415325624,262.9425624637718
data/NEU-CLS/train/train/images/scratches_78.jpg,scratches,112.382375,24.94273069171407,414.00726648083827
data/NEU-CLS/train/train/images/scratches_79.jpg,scratches,122.664375,26.15666704416629,520.7731843379196
data/NEU-CLS/train/train/images/scratches_8.jpg,scratches,107.56135,25.893622500096427,166.89320534185853
data/NEU-CLS/train/train/images/scratches_80.jpg,scratches,103.96945,19.27339401085081,79.39083394888867
data/NEU-CLS/train/train/images/scratches_81.jpg,scratches,118.6774,19.120100136767068,151.42869540117601
data/NEU-CLS/train/train/images/scratches_82.jpg,scratches,128.445125,18.14993357382817,191.18793347111657
data/NEU-CLS/train/train/images/scratches_83.jpg,scratches,133.4969,16.928683953278824,193.69637896151056
data/NEU-CLS/train/train/images/scratches_84.jpg,scratches,86.9421,20.06317267009383,126.10663926438234
data/NEU-CLS/train/train/images/scratches_85.jpg,scratches,79.706775,18.69022054710364,127.03274941772868
data/NEU-CLS/train/train/images/scratches_86.jpg,scratches,63.656925,16.778022068896412,74.76624615326062
data/NEU-CLS/train/train/images/scratches_87.jpg,scratches,95.31815,21.023533969756368,131.74642874778857
data/NEU-CLS/train/train/images/scratches_88.jpg,scratches,79.9072,16.95351993422015,97.6422204767434
data/NEU-CLS/train/train/images/scratches_89.jpg,scratches,53.763475,13.293986645260894,34.279787250912065
data/NEU-CLS/train/train/images/scratches_9.jpg,scratches,113.13825,28.46605587252122,193.5618222638672
data/NEU-CLS/train/train/images/scratches_90.jpg,scratches,135.6169,16.741207674179304,54.74107171429433
data/NEU-CLS/train/train/images/scratches_92.jpg,scratches,129.923825,22.48135833016713,64.63519676900907
data/NEU-CLS/train/train/images/scratches_93.jpg,scratches,137.918175,20.880374270337565,77.20072085766834
data/NEU-CLS/train/train/images/scratches_94.jpg,scratches,148.35705,22.670637734688896,89.01065385176855
data/NEU-CLS/train/train/images/scratches_95.jpg,scratches,128.063525,17.623540778582917,53.91262620055542
data/NEU-CLS/train/train/images/scratches_96.jpg,scratches,90.773725,17.07305112229138,32.64099058926968
data/NEU-CLS/train/train/images/scratches_97.jpg,scratches,142.443525,22.631238600093788,80.98971855244329
data/NEU-CLS/train/train/images/scratches_98.jpg,scratches,82.77945,16.92379708273235,60.6366877860288
data/NEU-CLS/train/train/images/scratches_99.jpg,scratches,113.3386,26.15448718747894,154.49586126221783
data/NEU-CLS/valid/valid/images/crazing_1.jpg,crazing,160.6365,28.498493254030116,2298.3878385013018
data/NEU-CLS/valid/valid/images/crazing_2.jpg,crazing,168.985175,28.200701324955997,2550.140808257157
data/NEU-CLS/valid/valid/images/crazing_4.jpg,crazing,163.094775,29.038516537512294,2327.4496828250412
data/NEU-CLS/valid/valid/images/crazing_5.jpg,crazing,167.08315,29.68048914821823,2416.4153556205956
data/NEU-CLS/valid/valid/images/inclusion_1.jpg,inclusion,114.498,14.053711111304374,35.372355151152455
data/NEU-CLS/valid/valid/images/inclusion_3.jpg,inclusion,95.60995,11.609666704841272,24.213677175147748
data/NEU-CLS/valid/valid/images/inclusion_4.jpg,inclusion,108.98685,12.227202340580613,30.851188144118982
data/NEU-CLS/valid/valid/images/inclusion_5.jpg,inclusion,119.09215,15.187723936702959,37.708647366232555
data/NEU-CLS/valid/valid/images/patches_2.jpg,patches,142.005625,60.62931876047573,2030.7941959180114
data/NEU-CLS/valid/valid/images/patches_3.jpg,patches,144.79655,62.05705365304979,2080.5025280626296
data/NEU-CLS/valid/valid/images/patches_4.jpg,patches,91.426275,47.777214387450165,1194.7824471516126
data/NEU-CLS/valid/valid/images/patches_5.jpg,patches,136.9147,60.49724682917397,1960.455964830496
data/NEU-CLS/valid/valid/images/pitted_surface_1.jpg,pitted_surface,100.17005,23.6460341917519,44.08276526348991
data/NEU-CLS/valid/valid/images/pitted_surface_3.jpg,pitted_surface,147.994075,34.54504218979006,175.08240456555194
data/NEU-CLS/valid/valid/images/pitted_surface_4.jpg,pitted_surface,107.7257,26.2619441304333,49.33960846024647
data/NEU-CLS/valid/valid/images/rolled-in_scale_1.jpg,rolled_in_scale,138.449125,18.69755630381615,678.7961762373706
data/NEU-CLS/valid/valid/images/rolled-in_scale_2.jpg,rolled_in_scale,141.3626,18.931392480216555,824.2279729403363
data/NEU-CLS/valid/valid/images/rolled-in_scale_3.jpg,rolled_in_scale,137.83155,15.229071691915435,706.7554283167125
data/NEU-CLS/valid/valid/images/rolled-in_scale_4.jpg,rolled_in_scale,139.1557,17.98066204315069,756.5494588946658
data/NEU-CLS/valid/valid/images/rolled-in_scale_5.jpg,rolled_in_scale,142.827825,18.667499317513716,816.6414355675649
data/NEU-CLS/valid/valid/images/scratches_2.jpg,scratches,97.3953,13.424587066647526,35.03134821669205
data/NEU-CLS/valid/valid/images/scratches_4.jpg,scratches,104.315725,26.73586622356521,153.7829570798186
data/NEU-CLS/valid/valid/images/scratches_5.jpg,scratches,108.2714,28.719527190397827,177.76252364664725
